employee_id,hire_date,department,job_level,site,salary,bonus_pct,performance_score,tenure_years,training_hours,attrition,remote
E20000,2024-01-16,Engineering,Lead,Berlin,139963.0,9.06,2.88,1.6,45,no,no
E20001,2023-02-07,Sales,Principal,Pune,176476.0,9.44,3.89,1.3,74,no,yes
E20002,2019-11-24,Operations,Senior,Berlin,134358.0,0.02,4.25,9.7,110,no,yes
E20003,2015-10-15,Engineering,Lead,Pune,143480.0,15.38,2.21,0.5,107,no,no
E20004,2015-12-20,Support,Lead,Bengaluru,141007.0,0.87,4.02,0.9,109,yes,yes
E20005,2019-03-21,Support,Lead,Pune,173096.0,8.84,1.38,4.2,10,no,no
E20006,2023-12-07,Engineering,Mid,Berlin,90497.0,20.14,2.94,2.1,74,no,yes
E20007,2020-11-07,Operations,Lead,Toronto,141396.0,12.56,3.35,5.6,94,no,yes
E20008,2020-03-12,Operations,Lead,Pune,130296.0,18.59,4.88,1.2,17,yes,yes
E20009,2024-08-29,Operations,Principal,Bengaluru,187619.0,2.29,2.08,1.3,115,no,no
E20010,2020-10-25,Operations,Principal,Bengaluru,205194.0,21.83,1.14,7.0,8,no,no
E20011,2022-01-16,Support,Junior,Berlin,53299.0,5.86,3.05,4.8,45,yes,no
E20012,2020-08-02,Operations,Junior,Bengaluru,47161.0,4.59,1.27,1.3,106,yes,no
E20013,2017-08-11,Finance,Junior,Pune,63498.0,18.95,2.15,5.2,68,no,no
E20014,2022-06-05,Support,Senior,Berlin,123837.0,7.77,1.37,0.9,26,no,no
E20015,2020-02-20,Sales,Junior,Bengaluru,63044.0,1.24,3.26,1.8,75,yes,yes
E20016,2024-10-08,Sales,Principal,Bengaluru,168016.0,20.4,1.82,8.4,3,no,yes
E20017,2016-11-21,Sales,Junior,Toronto,59140.0,18.12,4.12,9.8,102,no,no
E20018,2024-01-15,Sales,Senior,Austin,121048.0,10.93,4.35,8.2,31,no,yes
E20019,2021-01-11,Marketing,Junior,Pune,60504.0,9.62,1.36,2.9,103,no,yes
E20020,2023-12-26,Marketing,Junior,Pune,61098.0,6.36,4.32,1.5,90,yes,yes
E20021,2015-04-09,Marketing,Lead,Pune,138184.0,9.72,3.86,4.9,17,no,no
E20022,2021-03-24,Operations,Senior,Bengaluru,112043.0,12.94,2.51,4.5,31,no,yes
E20023,2024-03-05,Operations,Senior,Pune,108674.0,11.97,4.01,1.1,17,no,no
E20024,2023-06-20,Sales,Mid,Toronto,87097.0,10.37,3.25,2.6,110,yes,yes
E20025,2021-09-11,Operations,Senior,Toronto,103365.0,10.55,1.29,2.6,45,no,no
E20026,2020-11-06,Support,Junior,Pune,67775.0,21.22,2.91,7.1,85,no,yes
E20027,2022-10-16,Marketing,Junior,Austin,47785.0,4.06,3.07,1.5,20,yes,no
E20028,2022-07-16,Engineering,Lead,Toronto,169650.0,16.93,3.91,10.4,102,no,yes
E20029,2021-02-09,Sales,Senior,Berlin,141444.0,19.16,2.47,4.3,58,no,no
E20030,2016-12-24,Sales,Senior,Toronto,141117.0,3.63,4.39,8.5,6,no,no
E20031,2015-06-06,Finance,Senior,Berlin,137384.0,5.31,4.75,5.3,2,no,no
E20032,2022-03-30,Operations,Lead,Pune,130918.0,7.63,3.74,10.7,23,no,no
E20033,2015-07-30,Operations,Senior,Pune,133995.0,17.45,1.61,8.6,34,no,no
E20034,2016-06-15,Support,Lead,Berlin,147548.0,3.92,4.84,4.2,47,no,no
E20035,2024-11-13,Finance,Principal,Bengaluru,198838.0,3.26,4.58,2.8,99,no,no
E20036,2018-10-06,Marketing,Senior,Austin,101565.0,10.32,2.11,4.8,37,no,no
E20037,2023-04-09,Support,Junior,Austin,58110.0,0.08,3.56,5.5,49,no,no
E20038,2017-05-24,Operations,Junior,Toronto,60078.0,4.52,3.93,7.6,7,no,no
E20039,2022-10-31,Operations,Lead,Pune,176783.0,8.56,4.57,7.0,25,no,no
E20040,2015-01-16,Sales,Senior,Bengaluru,101740.0,8.66,1.62,3.5,11,no,no
E20041,2021-11-08,Engineering,Mid,Pune,96931.0,3.32,4.99,5.7,32,yes,no
E20042,2022-03-06,Finance,Senior,Berlin,104509.0,8.77,3.79,4.4,107,no,no
E20043,2017-03-27,Support,Lead,Berlin,138255.0,18.92,1.98,8.4,104,yes,yes
E20044,2023-05-09,Support,Principal,Toronto,159415.0,18.21,2.89,7.0,83,no,no
E20045,2020-12-27,Engineering,Principal,Berlin,197171.0,0.39,3.11,0.6,6,no,no
E20046,2022-04-13,Operations,Principal,Pune,229617.0,3.8,4.0,6.1,107,no,yes
E20047,2020-09-24,Marketing,Junior,Pune,57361.0,14.77,1.5,3.7,49,no,no
E20048,2020-06-06,Marketing,Mid,Toronto,79725.0,16.1,2.65,2.6,106,no,no
E20049,2020-08-21,Support,Junior,Pune,62806.0,10.98,3.63,5.1,14,no,yes
E20050,2022-04-05,Support,Principal,Austin,162010.0,20.76,3.0,10.7,33,no,no
E20051,2024-03-29,Engineering,Junior,Toronto,49696.0,20.28,1.78,9.2,72,no,yes
E20052,2022-12-20,Finance,Lead,Berlin,154420.0,11.22,2.28,1.3,57,no,no
E20053,2019-01-07,Engineering,Senior,Toronto,128693.0,4.97,4.92,3.0,64,no,no
E20054,2023-02-25,Operations,Lead,Berlin,140333.0,13.28,2.65,0.7,91,no,yes
E20055,2017-07-11,Operations,Principal,Toronto,164347.0,4.23,3.48,6.7,87,yes,no
E20056,2024-07-18,Engineering,Mid,Bengaluru,99086.0,19.52,1.23,4.7,68,yes,no
E20057,2017-10-24,Sales,Senior,Pune,119842.0,10.54,3.87,10.4,86,no,no
E20058,2020-08-30,Support,Principal,Pune,196007.0,7.34,3.49,10.0,102,no,no
E20059,2018-10-25,Sales,Junior,Bengaluru,54770.0,2.81,2.92,2.2,64,no,yes
E20060,2023-02-10,Engineering,Principal,Austin,180414.0,12.29,4.81,7.6,5,yes,no
E20061,2018-08-01,Support,Senior,Toronto,134582.0,19.88,4.21,3.3,27,no,no
E20062,2018-02-03,Marketing,Mid,Austin,88172.0,18.85,3.28,0.7,58,no,no
E20063,2023-08-11,Marketing,Lead,Austin,166211.0,11.48,2.54,1.6,118,no,no
E20064,2020-01-09,Operations,Lead,Austin,128674.0,5.54,3.77,0.8,21,no,no
E20065,2018-05-15,Marketing,Junior,Pune,53061.0,7.96,1.46,2.3,113,no,no
E20066,2016-07-23,Operations,Senior,Toronto,134719.0,8.2,1.2,10.1,3,yes,yes
E20067,2021-09-11,Operations,Lead,Berlin,163915.0,0.55,4.13,7.1,12,yes,yes
E20068,2019-10-17,Marketing,Lead,Austin,175797.0,2.17,4.4,1.7,104,yes,no
E20069,2024-02-16,Marketing,Mid,Berlin,71068.0,14.08,4.11,0.9,57,no,no
E20070,2024-11-09,Engineering,Senior,Toronto,110759.0,3.27,3.37,2.7,22,no,no
E20071,2020-02-26,Operations,Lead,Berlin,132243.0,3.74,4.86,0.8,15,no,no
E20072,2019-04-18,Marketing,Principal,Berlin,200956.0,13.71,2.84,5.2,95,no,no
E20073,2021-01-31,Sales,Mid,Bengaluru,71007.0,8.58,1.23,6.8,58,yes,yes
E20074,2023-01-07,Finance,Senior,Berlin,147293.0,21.03,1.65,4.5,91,no,no
E20075,2022-04-09,Sales,Lead,Toronto,179819.0,8.71,3.21,2.9,1,no,yes
E20076,2017-08-06,Marketing,Principal,Pune,219275.0,6.77,1.62,3.4,109,no,no
E20077,2021-06-15,Marketing,Lead,Austin,167858.0,17.19,3.36,0.3,98,no,yes
E20078,2015-10-22,Finance,Principal,Pune,185331.0,4.8,3.36,3.4,111,no,yes
E20079,2022-10-07,Sales,Senior,Berlin,102933.0,7.15,3.84,4.9,33,no,yes
E20080,2022-08-24,Operations,Lead,Pune,175976.0,16.23,1.17,8.4,81,yes,yes
E20081,2018-12-07,Support,Lead,Pune,166319.0,13.2,2.12,7.2,112,no,no
E20082,2023-02-01,Marketing,Senior,Austin,109084.0,14.39,2.28,10.5,118,no,no
E20083,2017-12-04,Marketing,Principal,Bengaluru,180960.0,0.19,1.18,10.3,37,yes,yes
E20084,2024-04-13,Engineering,Mid,Berlin,93618.0,0.51,2.06,2.7,104,no,no
E20085,2019-01-22,Operations,Mid,Austin,73627.0,6.51,3.88,7.3,61,no,no
E20086,2016-05-02,Finance,Lead,Berlin,128290.0,7.88,1.8,10.2,3,no,yes
E20087,2021-04-19,Operations,Principal,Toronto,164317.0,0.54,4.36,3.2,74,yes,no
E20088,2016-01-03,Operations,Lead,Berlin,159814.0,9.6,1.3,9.2,23,no,yes
E20089,2024-09-24,Support,Junior,Pune,51824.0,13.37,4.92,4.9,61,yes,no
E20090,2019-01-30,Sales,Mid,Austin,75817.0,2.04,4.86,5.5,56,no,no
E20091,2016-08-12,Sales,Principal,Bengaluru,200211.0,2.87,2.07,1.9,39,no,yes
E20092,2024-01-25,Marketing,Lead,Pune,142302.0,18.15,2.99,2.1,71,no,yes
E20093,2021-01-09,Support,Principal,Berlin,179245.0,20.17,1.91,1.3,45,no,no
E20094,2023-07-09,Marketing,Lead,Austin,127167.0,11.17,3.9,5.9,2,no,yes
E20095,2018-01-26,Finance,Principal,Pune,230564.0,16.2,2.13,9.1,13,yes,no
E20096,2021-08-12,Sales,Senior,Pune,133843.0,13.4,4.71,2.1,7,no,no
E20097,2024-07-24,Engineering,Junior,Berlin,58453.0,12.45,3.15,1.5,101,yes,no
E20098,2018-01-07,Finance,Senior,Toronto,136414.0,9.17,1.89,3.9,34,no,no
E20099,2017-02-27,Engineering,Senior,Pune,109574.0,7.74,2.98,9.6,36,no,no
E20100,2024-07-08,Sales,Lead,Bengaluru,146604.0,16.14,2.86,2.0,22,yes,no
E20101,2016-11-15,Operations,Senior,Bengaluru,132745.0,4.35,4.08,10.9,67,no,no
E20102,2022-09-04,Operations,Mid,Austin,101118.0,2.7,2.71,1.5,84,no,no
E20103,2018-04-13,Finance,Principal,Berlin,207166.0,7.53,1.97,6.2,46,yes,no
E20104,2017-01-04,Marketing,Junior,Toronto,67744.0,21.02,4.2,2.1,108,no,yes
E20105,2023-01-24,Support,Mid,Berlin,94814.0,16.05,1.51,6.4,40,yes,no
E20106,2020-06-28,Marketing,Principal,Austin,197824.0,6.13,3.95,0.6,23,no,yes
E20107,2019-07-15,Sales,Principal,Bengaluru,219227.0,21.42,1.97,3.6,106,no,no
E20108,2023-06-26,Engineering,Principal,Bengaluru,172779.0,8.92,1.02,6.3,79,no,no
E20109,2015-06-20,Support,Mid,Bengaluru,99391.0,15.06,1.29,3.3,10,yes,no
E20110,2020-08-22,Engineering,Mid,Bengaluru,81948.0,20.99,3.86,6.0,7,no,yes
E20111,2018-11-27,Support,Lead,Austin,146533.0,2.77,1.1,9.3,80,yes,no
E20112,2024-07-11,Sales,Senior,Berlin,112535.0,3.77,4.4,4.1,109,no,no
E20113,2023-10-24,Engineering,Junior,Berlin,54808.0,20.23,1.49,0.5,120,yes,no
E20114,2016-11-22,Operations,Senior,Pune,123680.0,6.79,3.41,10.5,97,no,no
E20115,2017-02-09,Operations,Lead,Pune,177829.0,9.51,2.4,0.8,32,no,no
E20116,2015-11-29,Marketing,Lead,Bengaluru,172102.0,10.6,2.54,10.9,95,no,yes
E20117,2015-12-02,Finance,Junior,Berlin,55011.0,5.34,1.24,2.9,95,no,yes
E20118,2019-11-26,Engineering,Principal,Toronto,194038.0,9.14,2.55,2.4,93,no,no
E20119,2023-08-22,Operations,Lead,Pune,184855.0,6.03,3.45,6.9,39,yes,yes
E20120,2018-02-01,Engineering,Lead,Austin,139984.0,0.1,4.59,2.1,2,no,yes
E20121,2023-01-02,Marketing,Junior,Bengaluru,66839.0,4.16,4.71,6.1,88,no,no
E20122,2022-12-10,Support,Lead,Pune,134308.0,9.08,4.55,8.6,49,yes,yes
E20123,2022-02-15,Support,Senior,Austin,111235.0,10.24,4.77,1.3,100,yes,no
E20124,2019-09-01,Operations,Mid,Berlin,98727.0,10.07,3.78,5.2,9,no,yes
E20125,2023-11-29,Support,Mid,Bengaluru,85294.0,2.16,3.34,1.3,79,no,yes
E20126,2018-03-30,Finance,Junior,Bengaluru,63118.0,19.96,3.45,0.8,87,no,no
E20127,2020-03-26,Engineering,Mid,Berlin,76059.0,3.08,4.96,1.4,36,yes,no
E20128,2020-01-20,Sales,Senior,Berlin,101680.0,20.55,2.9,9.8,105,no,no
E20129,2016-07-09,Engineering,Mid,Pune,80822.0,19.31,2.5,2.3,81,no,no
E20130,2018-02-28,Sales,Junior,Berlin,57516.0,17.92,3.75,8.6,39,no,yes
E20131,2024-03-08,Sales,Senior,Bengaluru,145418.0,8.18,2.85,2.1,12,yes,no
E20132,2022-08-17,Support,Senior,Toronto,129812.0,14.64,2.46,5.1,65,yes,no
E20133,2020-06-24,Finance,Senior,Berlin,123165.0,5.08,1.76,1.9,19,yes,no
E20134,2024-03-05,Finance,Junior,Pune,62016.0,9.08,4.71,4.2,40,no,no
E20135,2022-02-17,Engineering,Junior,Bengaluru,55630.0,18.71,4.72,10.2,57,yes,no
E20136,2023-11-29,Finance,Senior,Austin,119254.0,8.36,2.78,8.4,105,yes,yes
E20137,2022-04-11,Support,Lead,Austin,169678.0,1.4,4.92,10.4,52,no,yes
E20138,2023-09-26,Operations,Junior,Austin,53042.0,11.95,2.07,6.8,50,no,no
E20139,2019-11-22,Finance,Lead,Bengaluru,171033.0,21.42,4.91,0.7,31,no,no
E20140,2020-05-31,Finance,Junior,Bengaluru,57198.0,2.26,2.07,9.1,107,yes,no
E20141,2020-09-27,Engineering,Mid,Berlin,94272.0,17.74,3.94,10.3,86,no,no
E20142,2024-08-17,Engineering,Principal,Bengaluru,211666.0,7.17,4.48,4.0,108,no,no
E20143,2016-06-06,Finance,Junior,Toronto,59197.0,11.99,4.82,6.2,118,no,no
E20144,2020-11-24,Finance,Junior,Bengaluru,62173.0,8.13,2.3,8.2,51,no,no
E20145,2017-06-01,Support,Principal,Austin,223083.0,18.68,2.3,9.4,27,no,yes
E20146,2021-03-26,Support,Senior,Toronto,103953.0,17.52,3.68,8.9,116,no,no
E20147,2018-07-25,Sales,Mid,Bengaluru,89027.0,20.32,4.13,2.9,51,yes,yes
E20148,2020-09-30,Marketing,Principal,Bengaluru,172878.0,16.22,4.38,1.2,56,no,no
E20149,2018-05-31,Engineering,Junior,Austin,57121.0,13.42,3.66,0.3,88,no,no
E20150,2015-12-03,Operations,Lead,Toronto,131071.0,12.94,1.61,2.7,111,no,yes
E20151,2021-04-15,Operations,Principal,Pune,231589.0,10.9,1.94,10.7,54,yes,yes
E20152,2020-12-07,Operations,Senior,Bengaluru,101878.0,14.34,4.84,1.8,9,no,no
E20153,2021-07-29,Marketing,Lead,Pune,182977.0,18.98,2.18,10.9,91,yes,no
E20154,2023-11-04,Operations,Principal,Austin,179222.0,16.3,4.63,2.9,75,no,no
E20155,2019-09-26,Sales,Junior,Austin,63889.0,1.11,2.97,1.3,49,no,no
E20156,2016-04-17,Engineering,Mid,Berlin,101771.0,20.85,1.77,2.6,38,no,no
E20157,2018-12-07,Engineering,Mid,Bengaluru,99748.0,7.26,1.83,4.6,106,no,no
E20158,2016-12-18,Engineering,Principal,Pune,175524.0,5.4,4.52,1.4,119,no,no
E20159,2020-11-08,Support,Junior,Berlin,62786.0,4.84,4.54,9.2,38,no,yes
E20160,2020-11-22,Finance,Principal,Toronto,185735.0,4.76,4.25,3.4,86,no,yes
E20161,2021-11-16,Engineering,Lead,Berlin,127442.0,18.28,2.09,7.3,8,no,no
E20162,2023-01-21,Sales,Senior,Austin,131347.0,16.64,1.7,1.3,38,no,yes
E20163,2023-01-12,Sales,Mid,Bengaluru,97153.0,14.55,4.52,7.1,44,no,yes
E20164,2024-10-16,Sales,Mid,Berlin,99633.0,5.29,2.76,9.6,101,no,no
E20165,2023-10-24,Support,Principal,Toronto,200597.0,7.3,1.2,4.9,76,no,no
E20166,2016-11-30,Sales,Lead,Toronto,129748.0,17.55,1.82,6.6,45,no,yes
E20167,2015-01-23,Marketing,Principal,Austin,208057.0,12.5,4.15,1.1,104,yes,no
E20168,2022-10-04,Marketing,Lead,Berlin,139260.0,16.51,3.3,4.0,21,no,no
E20169,2019-05-20,Sales,Senior,Bengaluru,146377.0,6.6,1.75,1.1,81,no,yes
E20170,2019-06-13,Sales,Lead,Pune,159272.0,14.8,3.41,7.1,10,no,yes
E20171,2020-09-14,Engineering,Mid,Bengaluru,93635.0,1.27,2.27,3.0,34,yes,no
E20172,2023-05-14,Operations,Junior,Bengaluru,68030.0,21.65,1.96,4.2,101,yes,yes
E20173,2016-04-21,Marketing,Lead,Berlin,171709.0,19.56,1.21,2.2,114,no,yes
E20174,2016-03-02,Marketing,Senior,Bengaluru,145112.0,16.23,2.46,7.3,69,no,yes
E20175,2015-11-04,Operations,Lead,Toronto,141140.0,15.23,3.17,10.9,23,no,no
E20176,2017-11-21,Finance,Principal,Bengaluru,193494.0,18.99,3.56,1.7,106,no,yes
E20177,2019-08-18,Operations,Mid,Berlin,72623.0,19.65,2.64,1.6,6,yes,no
E20178,2016-07-29,Engineering,Lead,Berlin,131477.0,11.73,2.54,0.8,22,no,no
E20179,2018-02-08,Sales,Lead,Berlin,171546.0,2.17,3.13,1.2,69,no,yes
E20180,2020-08-27,Operations,Junior,Pune,54502.0,14.76,4.1,4.7,62,yes,yes
E20181,2021-05-07,Finance,Senior,Bengaluru,110139.0,5.49,2.78,9.2,0,yes,yes
E20182,2020-06-15,Finance,Lead,Berlin,132270.0,7.26,2.52,8.8,23,no,no
E20183,2019-04-13,Sales,Principal,Bengaluru,201208.0,13.03,3.16,5.0,61,no,no
E20184,2015-02-03,Support,Mid,Pune,90212.0,17.52,2.95,10.9,43,no,yes
E20185,2021-10-12,Support,Principal,Bengaluru,195438.0,8.24,4.06,4.5,17,no,no
E20186,2016-04-16,Engineering,Mid,Berlin,93122.0,18.79,1.31,5.5,83,no,yes
E20187,2016-02-03,Sales,Senior,Toronto,146771.0,17.64,4.63,8.8,101,yes,no
E20188,2021-08-09,Marketing,Senior,Bengaluru,100470.0,4.81,3.92,10.7,36,no,yes
E20189,2016-04-09,Marketing,Mid,Toronto,98708.0,14.29,4.6,9.1,14,yes,no
E20190,2017-03-11,Finance,Junior,Toronto,68664.0,16.39,1.7,3.4,2,yes,no
E20191,2016-06-21,Support,Junior,Bengaluru,67815.0,12.69,4.16,3.4,105,no,no
E20192,2016-02-02,Engineering,Mid,Austin,83994.0,10.23,1.64,7.1,71,no,yes
E20193,2021-03-23,Engineering,Junior,Pune,62292.0,5.77,1.69,3.0,22,yes,no
E20194,2015-01-30,Operations,Principal,Toronto,202214.0,10.62,2.16,2.1,69,yes,yes
E20195,2022-12-02,Engineering,Mid,Pune,78203.0,14.27,2.86,4.7,2,yes,yes
E20196,2021-02-14,Marketing,Junior,Toronto,56445.0,11.58,1.21,9.0,98,no,yes
E20197,2016-11-15,Finance,Junior,Toronto,65119.0,3.29,1.89,4.3,67,no,no
E20198,2018-05-20,Sales,Lead,Toronto,162145.0,4.47,2.27,8.3,62,no,yes
E20199,2019-10-12,Support,Lead,Austin,130575.0,13.14,2.49,5.1,30,no,no
E20200,2023-12-27,Support,Lead,Austin,130765.0,5.83,1.93,8.7,49,no,no
E20201,2019-01-04,Operations,Junior,Berlin,61086.0,7.82,3.91,3.4,108,no,yes
E20202,2019-03-21,Operations,Senior,Berlin,128101.0,13.93,2.78,5.3,27,no,no
E20203,2018-10-22,Marketing,Lead,Bengaluru,167818.0,5.81,3.42,6.7,35,no,yes
E20204,2015-04-30,Engineering,Lead,Berlin,152142.0,9.61,3.04,1.0,13,no,yes
E20205,2023-08-07,Support,Mid,Pune,100383.0,12.38,4.2,2.8,21,no,yes
E20206,2018-06-05,Marketing,Principal,Pune,161123.0,10.92,1.25,10.9,76,no,no
E20207,2022-08-30,Support,Senior,Toronto,134858.0,8.44,3.55,5.1,23,no,no
E20208,2023-05-09,Engineering,Junior,Toronto,63277.0,3.27,3.31,8.3,10,no,yes
E20209,2016-06-06,Engineering,Principal,Berlin,177167.0,14.55,4.97,2.6,119,no,yes
E20210,2016-12-20,Support,Lead,Berlin,173601.0,14.71,2.71,1.8,105,no,no
E20211,2018-07-11,Engineering,Mid,Austin,84502.0,21.3,3.08,5.2,53,no,no
E20212,2020-03-18,Support,Lead,Berlin,135125.0,15.57,1.0,4.5,103,no,no
E20213,2019-06-27,Operations,Senior,Austin,132165.0,11.17,1.47,3.7,80,no,no
E20214,2016-07-22,Finance,Senior,Berlin,102799.0,0.37,2.18,3.7,56,no,no
E20215,2023-11-16,Operations,Senior,Toronto,106959.0,14.62,3.43,4.6,107,no,no
E20216,2020-04-22,Support,Junior,Toronto,57828.0,3.23,1.45,3.0,63,no,yes
E20217,2016-06-07,Operations,Lead,Toronto,130620.0,16.13,4.97,3.4,39,yes,no
E20218,2017-04-11,Marketing,Principal,Berlin,161370.0,3.71,4.02,0.4,117,no,yes
E20219,2022-08-18,Sales,Principal,Berlin,163526.0,21.75,1.39,11.0,8,no,no
E20220,2023-05-13,Sales,Mid,Toronto,70324.0,20.62,2.85,5.5,25,no,no
E20221,2022-02-10,Engineering,Principal,Toronto,198717.0,10.3,2.15,8.4,85,no,no
E20222,2024-04-14,Sales,Mid,Bengaluru,72779.0,20.39,4.83,9.4,64,no,no
E20223,2018-07-30,Engineering,Senior,Toronto,119413.0,20.4,3.65,0.6,114,no,yes
E20224,2017-09-27,Sales,Senior,Austin,142335.0,9.1,1.96,1.4,61,yes,no
E20225,2017-02-10,Marketing,Senior,Toronto,126336.0,9.48,3.27,6.0,107,no,no
E20226,2017-09-08,Support,Principal,Pune,227696.0,10.49,2.95,8.2,118,no,no
E20227,2021-10-24,Marketing,Senior,Pune,134125.0,10.74,1.09,2.8,13,no,no
E20228,2015-12-22,Marketing,Lead,Bengaluru,162607.0,12.83,3.93,6.1,90,yes,no
E20229,2017-03-21,Marketing,Mid,Austin,74872.0,17.1,4.58,10.0,79,no,no
E20230,2017-05-23,Engineering,Mid,Toronto,90402.0,4.88,1.09,4.1,116,no,no
E20231,2022-07-17,Operations,Senior,Austin,109535.0,21.95,2.76,9.2,64,no,no
E20232,2020-07-17,Operations,Mid,Berlin,98660.0,13.27,4.67,2.5,64,yes,no
E20233,2021-09-21,Operations,Senior,Berlin,135422.0,15.03,3.56,2.3,64,no,no
E20234,2020-01-30,Support,Principal,Austin,177714.0,3.38,4.55,2.5,26,no,no
E20235,2022-03-02,Marketing,Principal,Berlin,192810.0,13.28,2.14,1.8,68,no,yes
E20236,2022-07-10,Sales,Lead,Toronto,158753.0,16.07,3.72,10.9,77,no,yes
E20237,2022-02-11,Support,Principal,Bengaluru,169874.0,17.69,1.79,5.2,8,no,no
E20238,2023-06-12,Marketing,Senior,Berlin,107088.0,6.08,2.7,8.2,92,no,yes
E20239,2023-08-10,Sales,Senior,Berlin,135482.0,9.94,2.6,2.3,57,no,no
E20240,2021-08-15,Support,Lead,Pune,172556.0,12.62,1.7,4.4,40,no,no
E20241,2015-06-15,Engineering,Principal,Bengaluru,208756.0,0.89,4.27,1.7,107,no,yes
E20242,2016-11-25,Engineering,Senior,Toronto,110798.0,3.16,1.23,6.8,106,no,yes
E20243,2016-08-09,Finance,Mid,Austin,100845.0,7.24,4.15,8.2,65,no,no
E20244,2015-02-09,Marketing,Junior,Toronto,56572.0,1.33,3.31,9.2,22,no,yes
E20245,2016-06-06,Sales,Mid,Pune,86679.0,14.94,1.78,7.8,78,no,yes
E20246,2022-05-24,Sales,Senior,Pune,115919.0,20.2,3.59,1.6,95,no,no
E20247,2020-03-13,Finance,Senior,Pune,103014.0,20.31,2.64,2.4,42,no,no
E20248,2020-12-05,Engineering,Senior,Pune,104230.0,21.39,3.14,7.7,68,no,no
E20249,2015-10-07,Engineering,Junior,Pune,56840.0,0.7,2.53,1.1,47,no,no
E20250,2022-08-16,Support,Junior,Austin,65679.0,11.51,1.13,1.2,43,no,yes
E20251,2022-06-05,Marketing,Junior,Bengaluru,59959.0,4.4,1.28,10.3,64,no,no
E20252,2022-03-03,Support,Lead,Austin,180147.0,0.12,4.08,0.5,46,no,no
E20253,2017-12-23,Finance,Lead,Toronto,133441.0,12.67,4.7,6.3,46,no,yes
E20254,2024-01-26,Marketing,Principal,Berlin,183079.0,3.81,3.32,10.6,107,no,no
E20255,2017-03-21,Support,Senior,Berlin,105116.0,4.55,2.66,7.0,0,no,yes
E20256,2018-10-12,Finance,Principal,Austin,166517.0,4.61,3.86,4.4,90,no,yes
E20257,2017-04-14,Sales,Lead,Berlin,161165.0,10.03,2.43,4.1,80,no,no
E20258,2018-09-29,Marketing,Junior,Pune,58865.0,16.56,3.88,4.0,45,no,no
E20259,2021-01-17,Marketing,Mid,Bengaluru,70455.0,5.82,3.57,5.2,24,yes,no
E20260,2018-07-08,Finance,Lead,Austin,135933.0,3.61,2.84,7.7,117,no,no
E20261,2020-11-24,Support,Senior,Austin,138148.0,5.02,2.9,1.2,70,no,yes
E20262,2023-05-31,Engineering,Senior,Bengaluru,129940.0,14.94,2.9,5.7,67,no,no
E20263,2022-11-01,Finance,Lead,Toronto,155686.0,8.6,2.61,5.0,92,yes,no
E20264,2024-04-08,Sales,Mid,Bengaluru,82000.0,20.8,3.12,2.9,29,yes,no
E20265,2019-05-05,Finance,Senior,Toronto,126037.0,21.5,2.33,10.0,58,no,no
E20266,2023-09-10,Support,Principal,Berlin,218169.0,10.27,4.84,9.7,32,no,no
E20267,2020-02-16,Sales,Principal,Pune,226941.0,17.58,3.51,5.2,88,no,yes
E20268,2020-10-31,Marketing,Mid,Pune,97749.0,16.86,1.63,1.4,69,yes,yes
E20269,2015-01-16,Marketing,Mid,Berlin,92763.0,0.68,4.93,3.1,47,no,no
E20270,2023-06-30,Engineering,Senior,Austin,144944.0,13.98,4.67,5.8,97,no,yes
E20271,2016-11-08,Finance,Principal,Toronto,202012.0,2.41,2.64,8.7,22,no,yes
E20272,2022-07-10,Engineering,Junior,Berlin,61588.0,2.93,2.42,2.6,47,no,no
E20273,2018-09-28,Support,Mid,Austin,83907.0,15.67,4.28,1.5,55,no,yes
E20274,2019-06-25,Sales,Junior,Austin,47149.0,16.7,4.62,4.2,99,no,no
E20275,2022-10-07,Engineering,Mid,Toronto,85169.0,1.84,2.49,9.5,54,no,yes
E20276,2015-11-21,Support,Junior,Bengaluru,54070.0,1.27,3.95,7.5,40,no,no
E20277,2022-08-28,Engineering,Mid,Toronto,77103.0,1.91,3.67,7.5,46,yes,yes
E20278,2020-07-28,Finance,Senior,Toronto,116269.0,19.59,4.91,9.5,80,yes,no
E20279,2020-06-30,Marketing,Junior,Austin,48826.0,6.08,1.15,2.5,3,yes,yes
E20280,2022-10-11,Finance,Principal,Toronto,163930.0,14.74,2.06,7.0,19,no,no
E20281,2015-08-25,Engineering,Principal,Berlin,206608.0,4.27,4.76,6.5,41,no,no
E20282,2019-10-17,Support,Junior,Berlin,50578.0,0.51,2.42,4.2,58,no,yes
E20283,2016-10-28,Sales,Principal,Berlin,207682.0,17.28,4.59,8.0,86,no,no
E20284,2017-06-15,Support,Junior,Berlin,52118.0,0.58,4.23,8.5,70,no,no
E20285,2022-08-20,Engineering,Mid,Berlin,80120.0,2.96,1.63,9.7,25,no,no
E20286,2021-06-13,Marketing,Mid,Berlin,81333.0,10.92,4.9,5.7,88,no,no
E20287,2016-10-08,Marketing,Lead,Pune,183029.0,5.25,4.95,8.8,14,yes,yes
E20288,2017-05-01,Engineering,Junior,Berlin,64996.0,10.91,4.57,2.9,19,no,yes
E20289,2021-12-25,Engineering,Senior,Toronto,109258.0,12.84,1.04,1.3,93,no,yes
E20290,2017-03-31,Marketing,Principal,Berlin,211707.0,8.82,1.31,5.6,1,no,yes
E20291,2024-04-25,Finance,Senior,Pune,109253.0,19.87,2.77,9.7,73,yes,no
E20292,2021-06-09,Support,Mid,Bengaluru,100755.0,4.48,2.06,9.6,79,no,no
E20293,2018-11-06,Marketing,Lead,Bengaluru,134947.0,17.89,3.7,2.8,51,no,yes
E20294,2017-05-16,Support,Lead,Pune,164086.0,7.3,1.35,4.3,117,no,no
E20295,2020-11-09,Finance,Junior,Austin,55895.0,7.28,2.65,4.0,100,no,no
E20296,2021-11-06,Sales,Lead,Austin,132392.0,15.57,3.05,5.8,31,no,no
E20297,2015-05-10,Support,Junior,Pune,60384.0,21.21,4.33,2.0,43,no,no
E20298,2016-08-22,Sales,Principal,Austin,194059.0,8.77,3.46,2.5,27,yes,no
E20299,2016-05-23,Sales,Mid,Berlin,84467.0,17.47,2.07,4.5,77,no,no
E20300,2016-11-26,Support,Mid,Pune,90792.0,12.0,2.39,3.7,113,yes,yes
E20301,2023-03-30,Operations,Junior,Bengaluru,52634.0,4.51,1.41,2.0,97,no,no
E20302,2016-03-21,Support,Principal,Austin,231198.0,21.91,2.63,8.5,39,no,no
E20303,2016-02-11,Support,Lead,Berlin,164790.0,11.8,1.73,10.5,74,no,no
E20304,2020-03-01,Finance,Junior,Pune,63474.0,9.45,1.74,3.9,51,no,yes
E20305,2019-03-02,Support,Junior,Austin,53131.0,10.26,2.62,9.0,106,no,no
E20306,2023-08-19,Support,Senior,Bengaluru,106479.0,15.4,2.79,4.9,96,no,yes
E20307,2019-05-18,Engineering,Mid,Austin,76673.0,18.42,4.38,5.7,118,no,no
E20308,2018-09-05,Operations,Lead,Pune,172979.0,13.93,3.12,6.7,12,no,yes
E20309,2022-08-24,Engineering,Lead,Bengaluru,183663.0,8.84,1.23,4.0,116,no,no
E20310,2016-09-25,Sales,Lead,Toronto,168832.0,17.68,3.76,2.5,120,yes,no
E20311,2021-10-02,Marketing,Lead,Berlin,144031.0,13.46,1.91,6.0,105,no,no
E20312,2023-02-15,Sales,Junior,Berlin,65578.0,9.01,5.0,1.4,60,no,no
E20313,2021-08-23,Marketing,Mid,Bengaluru,89196.0,5.93,2.8,2.3,0,no,no
E20314,2020-07-18,Engineering,Junior,Bengaluru,58941.0,20.12,3.47,3.6,48,no,yes
E20315,2019-07-07,Marketing,Principal,Toronto,181289.0,6.75,1.28,7.1,4,no,yes
E20316,2020-11-03,Marketing,Junior,Toronto,51202.0,21.82,3.2,9.2,28,no,yes
E20317,2019-12-04,Operations,Junior,Berlin,52721.0,14.91,1.12,10.2,113,no,no
E20318,2017-08-17,Marketing,Senior,Pune,144978.0,9.01,2.51,5.4,19,yes,yes
E20319,2018-11-19,Engineering,Senior,Toronto,141486.0,11.24,2.88,8.2,21,no,no
E20320,2016-12-10,Finance,Principal,Bengaluru,187550.0,21.61,4.39,3.1,109,yes,yes
E20321,2023-06-01,Marketing,Junior,Pune,63639.0,1.5,4.16,5.5,21,no,no
E20322,2017-05-10,Finance,Junior,Bengaluru,61546.0,6.25,2.89,9.7,38,no,yes
E20323,2016-04-23,Sales,Senior,Pune,100541.0,11.96,4.37,1.0,108,no,no
E20324,2019-09-16,Finance,Junior,Austin,49476.0,9.74,2.32,2.6,68,no,no
E20325,2017-09-18,Support,Lead,Toronto,174356.0,21.26,3.07,6.3,51,no,no
E20326,2022-12-28,Finance,Senior,Bengaluru,116770.0,17.98,3.04,1.9,79,no,yes
E20327,2015-11-17,Finance,Mid,Bengaluru,88877.0,11.39,3.71,9.8,6,no,no
E20328,2018-06-30,Marketing,Principal,Bengaluru,218880.0,20.04,1.78,9.8,20,no,no
E20329,2020-06-09,Marketing,Lead,Austin,156247.0,10.9,3.53,6.9,39,yes,no
E20330,2023-02-19,Marketing,Mid,Austin,78477.0,7.25,2.5,0.5,81,no,yes
E20331,2018-12-29,Sales,Senior,Pune,100895.0,13.95,4.11,5.8,16,no,no
E20332,2015-04-07,Support,Mid,Pune,86829.0,4.67,4.6,1.0,80,no,no
E20333,2023-08-23,Support,Principal,Bengaluru,210969.0,6.53,1.4,8.7,94,no,yes
E20334,2023-01-14,Support,Lead,Austin,177892.0,18.61,2.2,7.4,113,no,yes
E20335,2018-03-05,Operations,Mid,Berlin,73584.0,5.67,3.41,0.7,82,no,no
E20336,2018-10-14,Engineering,Senior,Toronto,115059.0,1.69,3.23,3.9,26,no,yes
E20337,2021-06-20,Support,Senior,Bengaluru,120511.0,13.19,2.27,7.9,100,no,no
E20338,2019-04-22,Sales,Junior,Berlin,55624.0,16.46,3.62,2.9,52,no,no
E20339,2018-11-22,Marketing,Senior,Austin,107406.0,8.19,4.49,8.3,91,no,yes
E20340,2017-10-19,Sales,Senior,Berlin,102141.0,17.02,1.23,8.6,12,no,no
E20341,2018-08-25,Marketing,Junior,Berlin,59129.0,14.67,4.04,2.1,92,no,yes
E20342,2017-05-07,Engineering,Lead,Pune,167753.0,18.49,1.8,10.5,58,no,no
E20343,2017-12-11,Marketing,Senior,Bengaluru,127078.0,15.92,4.31,2.7,61,no,no
E20344,2020-10-15,Marketing,Principal,Toronto,191591.0,15.72,4.42,6.3,81,no,no
E20345,2017-11-18,Operations,Junior,Pune,56935.0,10.49,2.29,4.0,69,yes,no
E20346,2021-06-27,Sales,Mid,Bengaluru,71322.0,7.75,1.8,10.3,115,no,yes
E20347,2016-10-02,Marketing,Mid,Austin,72258.0,11.37,4.42,8.7,16,yes,no
E20348,2022-05-25,Marketing,Principal,Austin,213044.0,7.15,4.44,6.9,1,no,no
E20349,2023-05-15,Engineering,Lead,Austin,167070.0,6.59,1.83,5.3,67,no,no
E20350,2020-03-29,Finance,Mid,Berlin,79036.0,6.23,3.44,3.6,7,yes,no
E20351,2016-02-15,Finance,Principal,Austin,169146.0,9.4,3.47,7.6,80,no,yes
E20352,2024-01-19,Operations,Principal,Austin,168403.0,17.69,3.67,1.1,8,no,yes
E20353,2015-12-21,Finance,Lead,Austin,136967.0,12.85,4.54,6.3,21,no,no
E20354,2019-11-24,Marketing,Junior,Berlin,55276.0,8.11,3.89,1.2,103,no,no
E20355,2020-05-24,Marketing,Junior,Austin,68208.0,0.25,3.54,10.3,103,no,no
E20356,2019-05-12,Sales,Junior,Pune,57710.0,4.44,1.48,2.8,55,no,no
E20357,2019-09-18,Sales,Lead,Bengaluru,128523.0,1.78,3.28,8.6,72,no,yes
E20358,2020-06-21,Finance,Senior,Pune,128187.0,12.61,1.05,8.5,49,no,no
E20359,2024-04-22,Engineering,Senior,Austin,105251.0,20.94,2.6,3.1,98,no,no
E20360,2024-03-07,Engineering,Mid,Austin,84053.0,7.1,1.51,2.3,83,no,no
E20361,2017-10-19,Operations,Principal,Berlin,166737.0,19.92,1.44,3.6,113,no,no
E20362,2015-02-18,Marketing,Senior,Pune,147366.0,11.91,4.57,2.1,91,no,no
E20363,2018-03-13,Finance,Mid,Toronto,78401.0,17.62,3.66,10.8,20,yes,no
E20364,2024-10-22,Finance,Lead,Berlin,181913.0,19.08,4.97,1.4,106,no,no
E20365,2021-08-21,Support,Mid,Berlin,87171.0,8.45,1.61,6.8,42,no,no
E20366,2022-01-06,Engineering,Lead,Toronto,126993.0,6.52,1.63,1.2,33,no,yes
E20367,2024-11-20,Finance,Lead,Toronto,154123.0,21.86,1.69,9.2,0,no,yes
E20368,2020-11-25,Finance,Principal,Pune,179715.0,15.41,1.58,4.7,117,no,yes
E20369,2018-06-15,Finance,Senior,Bengaluru,146022.0,12.24,1.24,7.1,44,yes,yes
E20370,2017-12-13,Finance,Senior,Berlin,115369.0,0.75,4.53,7.9,10,no,yes
E20371,2016-02-20,Engineering,Junior,Toronto,58133.0,11.3,1.58,0.7,115,no,yes
E20372,2024-03-21,Finance,Mid,Pune,86397.0,8.78,2.67,4.4,70,no,no
E20373,2024-06-15,Marketing,Mid,Bengaluru,88588.0,0.07,2.16,1.8,72,no,no
E20374,2017-03-29,Marketing,Mid,Bengaluru,91493.0,8.3,2.81,9.5,64,no,no
E20375,2020-04-17,Marketing,Lead,Toronto,144430.0,8.36,1.16,7.1,28,yes,yes
E20376,2022-03-21,Marketing,Senior,Pune,135921.0,17.41,1.3,1.2,98,no,yes
E20377,2015-11-21,Marketing,Senior,Berlin,100740.0,18.76,3.7,3.9,7,no,no
E20378,2017-10-29,Marketing,Mid,Bengaluru,73409.0,8.72,4.65,2.6,48,no,no
E20379,2022-01-16,Operations,Mid,Pune,85615.0,2.11,1.71,8.2,17,no,yes
E20380,2020-12-16,Sales,Senior,Berlin,121948.0,4.81,2.58,3.6,76,no,yes
E20381,2019-10-15,Marketing,Mid,Berlin,96654.0,0.09,2.76,11.0,50,yes,yes
E20382,2020-04-12,Support,Senior,Berlin,114057.0,16.22,2.78,4.4,6,no,yes
E20383,2020-03-15,Marketing,Senior,Toronto,129532.0,9.47,4.78,7.4,50,no,no
E20384,2023-08-18,Engineering,Junior,Pune,65393.0,8.03,2.37,2.9,10,no,no
E20385,2021-01-20,Marketing,Principal,Bengaluru,199178.0,8.54,2.66,9.7,84,no,yes
E20386,2017-11-28,Engineering,Senior,Austin,133886.0,4.43,2.31,1.0,11,no,yes
E20387,2017-06-01,Sales,Mid,Toronto,100557.0,15.7,4.76,0.8,96,no,no
E20388,2019-01-27,Operations,Lead,Toronto,133955.0,20.58,4.37,3.6,82,no,no
E20389,2018-12-28,Engineering,Senior,Berlin,137074.0,4.45,3.82,8.4,91,no,yes
E20390,2023-08-29,Operations,Lead,Pune,142482.0,2.28,2.25,10.8,17,yes,no
E20391,2020-12-24,Finance,Junior,Toronto,54489.0,16.3,3.1,4.5,96,no,yes
E20392,2023-05-12,Marketing,Principal,Pune,195347.0,19.43,1.2,5.7,90,no,yes
E20393,2023-01-30,Sales,Principal,Bengaluru,194967.0,1.13,2.74,4.0,63,no,no
E20394,2018-08-24,Finance,Mid,Toronto,100308.0,21.23,2.3,9.8,113,no,no
E20395,2018-07-06,Engineering,Mid,Pune,91585.0,15.2,1.3,8.9,29,no,yes
E20396,2024-12-09,Support,Lead,Austin,143348.0,12.11,3.67,0.3,1,no,yes
E20397,2022-03-21,Sales,Junior,Austin,67533.0,5.08,3.07,5.8,102,no,no
E20398,2020-06-21,Engineering,Lead,Toronto,133036.0,12.45,1.55,2.1,54,no,yes
E20399,2022-12-15,Operations,Mid,Berlin,79651.0,8.2,3.84,10.9,106,no,no
E20400,2024-07-19,Support,Lead,Pune,157008.0,10.17,3.34,8.1,19,no,no
E20401,2018-09-25,Finance,Senior,Pune,111158.0,19.08,2.68,2.1,46,no,no
E20402,2017-07-07,Finance,Mid,Berlin,78231.0,5.16,3.44,8.2,12,yes,no
E20403,2023-11-07,Sales,Lead,Pune,154229.0,7.77,4.84,7.4,55,yes,yes
E20404,2024-05-18,Finance,Mid,Toronto,101190.0,1.39,1.61,7.9,77,yes,yes
E20405,2021-07-28,Operations,Principal,Toronto,187745.0,6.95,4.5,6.3,27,no,no
E20406,2020-04-21,Finance,Senior,Toronto,118703.0,6.88,2.15,5.1,33,no,no
E20407,2022-06-11,Finance,Junior,Austin,49391.0,11.83,1.67,9.0,30,no,yes
E20408,2019-06-04,Marketing,Senior,Bengaluru,133493.0,11.16,4.12,4.5,112,no,no
E20409,2024-06-06,Finance,Lead,Austin,144263.0,19.17,2.38,1.9,113,no,yes
E20410,2024-12-16,Finance,Principal,Toronto,231086.0,12.6,2.47,3.9,13,no,yes
E20411,2015-10-03,Operations,Lead,Bengaluru,179699.0,5.3,1.63,3.5,69,no,no
E20412,2022-05-28,Sales,Junior,Austin,66628.0,9.39,1.26,2.8,80,yes,yes
E20413,2015-12-17,Finance,Senior,Austin,117240.0,11.62,2.58,5.4,6,no,no
E20414,2017-02-05,Operations,Senior,Bengaluru,114963.0,4.86,2.21,10.2,77,no,yes
E20415,2015-10-10,Finance,Mid,Pune,75319.0,4.81,4.39,0.6,47,yes,yes
E20416,2017-01-01,Sales,Principal,Toronto,202278.0,21.85,1.23,10.8,93,no,no
E20417,2017-04-09,Marketing,Senior,Pune,115802.0,8.99,3.42,4.2,9,no,no
E20418,2017-04-18,Operations,Mid,Berlin,90145.0,9.86,3.5,1.8,25,no,no
E20419,2023-05-11,Finance,Lead,Pune,141159.0,13.9,3.89,0.8,97,no,no
E20420,2024-09-27,Sales,Junior,Pune,50691.0,14.76,2.43,1.3,118,no,no
E20421,2023-08-06,Engineering,Mid,Toronto,81184.0,13.75,1.38,5.3,18,yes,no
E20422,2023-04-23,Sales,Junior,Berlin,47131.0,11.41,1.29,3.8,26,no,yes
E20423,2024-09-21,Sales,Senior,Pune,119438.0,6.67,4.44,5.6,119,no,no
E20424,2015-12-22,Support,Lead,Toronto,174805.0,17.16,3.56,7.6,39,yes,yes
E20425,2018-10-06,Support,Lead,Berlin,174546.0,21.76,3.86,3.9,34,no,yes
E20426,2022-08-16,Finance,Principal,Toronto,212957.0,13.74,3.63,10.0,94,no,yes
E20427,2018-03-02,Engineering,Senior,Toronto,134687.0,8.09,2.9,1.7,24,no,no
E20428,2020-01-06,Operations,Senior,Bengaluru,136571.0,9.02,4.94,4.3,39,no,yes
E20429,2018-04-15,Marketing,Junior,Toronto,59356.0,18.4,2.44,0.6,31,yes,no
E20430,2023-05-12,Operations,Junior,Austin,66871.0,11.63,1.23,3.1,81,yes,yes
E20431,2019-02-08,Support,Principal,Toronto,168970.0,5.82,3.82,5.2,83,yes,no
E20432,2019-03-11,Support,Junior,Austin,61706.0,17.59,3.26,2.1,98,no,no
E20433,2020-10-31,Engineering,Senior,Pune,141868.0,19.95,3.42,8.9,99,no,no
E20434,2015-09-29,Finance,Senior,Bengaluru,118826.0,0.14,3.69,2.8,83,no,no
E20435,2019-05-20,Marketing,Mid,Austin,82844.0,16.94,2.06,8.7,111,no,no
E20436,2015-08-16,Finance,Lead,Bengaluru,140147.0,19.15,3.0,2.0,39,yes,no
E20437,2021-06-01,Engineering,Mid,Toronto,98535.0,9.84,4.8,6.5,48,no,yes
E20438,2018-11-18,Engineering,Lead,Berlin,161151.0,7.0,2.01,4.4,86,no,no
E20439,2018-02-17,Operations,Mid,Pune,71367.0,18.13,3.34,10.1,79,no,yes
E20440,2020-05-31,Support,Principal,Pune,215952.0,2.87,4.02,1.8,113,no,no
E20441,2016-10-14,Finance,Principal,Berlin,204175.0,3.53,1.42,6.4,68,no,yes
E20442,2020-09-24,Support,Senior,Pune,137941.0,2.51,3.2,6.2,118,no,yes
E20443,2023-10-09,Marketing,Senior,Berlin,124612.0,0.29,2.05,5.9,68,no,no
E20444,2019-01-02,Finance,Principal,Bengaluru,231786.0,21.01,4.76,7.9,96,yes,yes
E20445,2015-10-21,Marketing,Principal,Berlin,227196.0,18.16,2.17,4.3,54,no,no
E20446,2023-05-31,Support,Mid,Austin,98622.0,15.05,3.54,8.6,58,no,yes
E20447,2016-02-21,Engineering,Lead,Toronto,155585.0,21.67,1.68,9.3,40,yes,yes
E20448,2017-01-29,Sales,Junior,Toronto,58594.0,16.82,1.27,8.1,94,no,no
E20449,2023-05-10,Operations,Lead,Toronto,147045.0,18.19,1.7,0.5,79,no,no
E20450,2024-03-28,Marketing,Principal,Toronto,197077.0,11.67,3.39,5.8,102,no,no
E20451,2024-08-27,Operations,Senior,Austin,131083.0,12.22,2.59,0.3,95,yes,yes
E20452,2020-04-08,Operations,Principal,Bengaluru,194664.0,13.3,1.73,8.3,98,yes,no
E20453,2015-02-25,Finance,Mid,Bengaluru,89484.0,5.9,4.3,10.2,32,yes,yes
E20454,2024-02-04,Finance,Lead,Berlin,177361.0,8.73,2.17,7.1,24,no,no
E20455,2020-11-02,Marketing,Junior,Austin,57519.0,1.74,2.16,3.3,69,no,no
E20456,2017-12-31,Operations,Lead,Bengaluru,138807.0,8.32,4.6,1.0,40,no,no
E20457,2018-03-17,Support,Principal,Austin,178594.0,17.09,2.59,9.4,38,no,yes
E20458,2023-02-27,Sales,Principal,Pune,183288.0,0.92,2.71,9.5,63,yes,yes
E20459,2022-11-25,Operations,Lead,Austin,148151.0,7.03,3.97,6.9,43,no,yes
E20460,2016-08-03,Operations,Principal,Pune,227750.0,1.53,1.42,2.6,37,no,yes
E20461,2024-12-08,Support,Junior,Berlin,67884.0,15.68,1.8,2.7,27,no,no
E20462,2019-06-13,Support,Junior,Pune,49349.0,6.61,3.03,8.1,23,no,yes
E20463,2023-09-24,Engineering,Mid,Toronto,89644.0,0.32,2.25,2.9,29,no,yes
E20464,2015-05-06,Sales,Principal,Pune,185499.0,4.01,1.33,2.1,110,yes,yes
E20465,2022-03-18,Engineering,Senior,Bengaluru,131041.0,13.71,1.97,4.7,8,yes,yes
E20466,2015-02-14,Operations,Mid,Toronto,72116.0,18.27,3.39,0.8,45,yes,no
E20467,2017-03-25,Operations,Mid,Berlin,84118.0,6.84,4.26,5.1,46,no,no
E20468,2018-09-09,Operations,Mid,Pune,72303.0,11.29,3.42,3.6,49,no,no
E20469,2015-11-25,Finance,Principal,Berlin,171164.0,5.04,4.84,8.5,38,no,no
E20470,2017-06-24,Finance,Junior,Austin,59778.0,10.13,4.49,3.0,79,no,no
E20471,2017-04-20,Engineering,Principal,Bengaluru,179626.0,7.6,4.39,6.5,93,no,no
E20472,2023-06-23,Finance,Senior,Berlin,108774.0,11.15,1.97,5.3,104,no,no
E20473,2019-05-03,Sales,Principal,Berlin,158304.0,21.19,1.7,5.0,54,yes,no
E20474,2020-12-16,Marketing,Junior,Berlin,48629.0,2.23,1.12,0.3,75,no,no
E20475,2021-10-10,Operations,Senior,Pune,121683.0,18.43,3.06,4.4,71,no,no
E20476,2017-11-26,Support,Senior,Bengaluru,143378.0,1.2,4.48,2.2,7,no,no
E20477,2022-06-30,Finance,Mid,Austin,82551.0,21.25,3.52,2.8,119,no,no
E20478,2020-11-20,Support,Lead,Austin,164698.0,3.83,2.86,0.9,119,no,no
E20479,2023-10-21,Marketing,Mid,Pune,71985.0,5.25,2.59,2.2,17,yes,no
E20480,2016-04-17,Operations,Principal,Berlin,227392.0,8.16,4.05,3.1,34,no,no
E20481,2022-09-16,Marketing,Junior,Toronto,68137.0,14.19,1.19,5.0,87,no,yes
E20482,2018-07-02,Sales,Junior,Austin,65629.0,10.55,2.87,3.6,113,yes,yes
E20483,2024-05-13,Engineering,Principal,Bengaluru,176300.0,14.42,3.43,6.7,39,no,yes
E20484,2017-04-17,Finance,Lead,Austin,151089.0,2.24,3.48,0.7,46,no,yes
E20485,2018-06-26,Finance,Mid,Bengaluru,87245.0,7.65,2.37,6.8,59,no,yes
E20486,2023-01-13,Engineering,Principal,Berlin,213654.0,8.56,1.14,1.5,96,no,no
E20487,2019-10-21,Operations,Principal,Pune,209639.0,8.21,1.73,7.9,61,no,yes
E20488,2019-06-11,Engineering,Lead,Pune,131371.0,21.14,4.97,2.0,118,no,no
E20489,2020-08-17,Marketing,Junior,Toronto,62342.0,12.36,2.56,5.2,26,no,no
E20490,2016-06-12,Support,Mid,Berlin,91114.0,15.75,1.96,6.6,114,no,no
E20491,2016-04-16,Sales,Junior,Austin,50314.0,15.88,1.29,10.4,17,no,yes
E20492,2022-03-01,Sales,Senior,Pune,122997.0,0.61,4.07,5.6,65,yes,yes
E20493,2021-03-07,Finance,Senior,Bengaluru,110525.0,21.07,2.46,3.1,28,no,yes
E20494,2021-12-28,Sales,Principal,Toronto,178450.0,6.8,4.33,2.8,19,yes,no
E20495,2017-08-05,Marketing,Lead,Bengaluru,142326.0,1.75,4.06,8.9,73,no,no
E20496,2021-06-08,Marketing,Lead,Austin,178684.0,2.83,4.31,8.8,50,no,yes
E20497,2015-02-03,Marketing,Senior,Berlin,121093.0,1.63,4.99,7.3,12,yes,no
E20498,2018-10-09,Finance,Junior,Berlin,63698.0,12.66,2.37,2.2,102,no,no
E20499,2017-05-12,Support,Junior,Austin,61475.0,7.35,2.46,10.5,81,no,yes
E20500,2022-12-11,Operations,Principal,Pune,161169.0,20.23,2.68,6.7,84,no,no
E20501,2020-07-01,Support,Senior,Berlin,127175.0,15.52,4.67,3.1,99,no,yes
E20502,2016-05-15,Support,Senior,Pune,112508.0,5.85,4.46,10.4,19,no,yes
E20503,2023-09-14,Finance,Mid,Toronto,98476.0,8.22,2.61,9.0,70,no,no
E20504,2024-10-30,Marketing,Lead,Toronto,132719.0,4.96,4.38,7.8,45,yes,no
E20505,2018-06-21,Sales,Principal,Austin,179505.0,9.48,1.82,4.8,103,yes,yes
E20506,2021-07-12,Marketing,Lead,Bengaluru,153293.0,18.58,4.9,3.1,79,no,no
E20507,2020-04-04,Sales,Lead,Pune,158402.0,7.85,2.64,5.7,52,no,yes
E20508,2017-10-07,Operations,Lead,Bengaluru,145552.0,18.41,2.25,7.7,42,no,no
E20509,2016-09-28,Marketing,Lead,Bengaluru,152592.0,21.52,1.15,5.6,57,no,no
E20510,2021-11-05,Marketing,Lead,Pune,134549.0,6.02,1.12,3.8,90,yes,no
E20511,2022-01-24,Sales,Mid,Pune,95327.0,19.06,1.02,7.7,102,yes,no
E20512,2024-04-18,Engineering,Junior,Bengaluru,60826.0,6.42,1.13,6.7,81,no,no
E20513,2020-05-24,Marketing,Mid,Berlin,98288.0,15.29,3.71,4.3,117,no,yes
E20514,2020-03-13,Engineering,Mid,Austin,70611.0,7.81,2.06,1.5,76,yes,no
E20515,2024-10-30,Marketing,Senior,Pune,108092.0,14.61,4.37,3.4,33,no,no
E20516,2019-10-20,Sales,Mid,Toronto,92405.0,20.48,4.27,7.9,39,yes,yes
E20517,2016-12-15,Operations,Mid,Pune,83999.0,14.07,1.03,3.2,25,no,no
E20518,2019-10-05,Sales,Mid,Bengaluru,80266.0,11.32,1.81,1.2,105,yes,no
E20519,2016-02-08,Operations,Lead,Berlin,167229.0,15.73,3.59,7.0,90,no,yes
E20520,2022-09-03,Finance,Lead,Toronto,175791.0,2.83,3.54,2.2,49,no,yes
E20521,2017-02-21,Sales,Lead,Toronto,136945.0,16.57,2.87,2.7,31,no,yes
E20522,2019-08-15,Sales,Senior,Pune,147370.0,4.43,4.51,2.8,42,no,no
E20523,2020-11-04,Marketing,Lead,Pune,142489.0,5.69,2.01,9.0,96,no,yes
E20524,2022-01-14,Operations,Senior,Austin,129726.0,14.16,2.69,9.5,106,no,no
E20525,2024-12-06,Finance,Mid,Berlin,73946.0,16.68,4.43,8.5,16,no,no
E20526,2016-06-22,Finance,Principal,Austin,175916.0,14.79,2.43,4.7,26,no,no
E20527,2016-06-17,Support,Principal,Bengaluru,213642.0,8.04,1.09,7.9,42,no,no
E20528,2017-03-28,Finance,Principal,Bengaluru,221962.0,13.53,3.91,3.2,32,no,yes
E20529,2023-04-14,Sales,Principal,Pune,215881.0,13.48,3.83,10.7,111,no,no
E20530,2016-05-05,Operations,Senior,Toronto,106737.0,15.35,3.63,2.0,93,no,yes
E20531,2020-12-06,Operations,Senior,Berlin,143477.0,19.61,2.62,9.5,85,no,no
E20532,2023-11-13,Operations,Lead,Pune,155924.0,13.82,1.6,10.4,9,yes,no
E20533,2021-08-23,Support,Principal,Toronto,221009.0,20.83,1.03,2.6,35,no,yes
E20534,2020-08-28,Support,Lead,Pune,172097.0,14.27,1.4,9.9,73,no,no
E20535,2021-03-16,Sales,Lead,Pune,169944.0,20.97,4.22,0.2,73,no,yes
E20536,2015-07-30,Support,Mid,Toronto,90980.0,12.85,4.01,5.3,44,no,no
E20537,2017-08-01,Sales,Senior,Toronto,108647.0,14.87,1.74,7.9,41,yes,yes
E20538,2024-11-11,Marketing,Senior,Austin,103021.0,9.55,4.36,7.5,113,no,no
E20539,2019-10-01,Engineering,Senior,Austin,120725.0,3.45,2.66,8.5,107,no,no
E20540,2021-04-07,Sales,Junior,Bengaluru,60423.0,9.37,1.14,9.7,35,yes,no
E20541,2021-10-05,Marketing,Junior,Berlin,63888.0,21.66,3.94,0.5,99,no,yes
E20542,2017-06-13,Marketing,Senior,Pune,145003.0,3.34,3.44,5.2,96,yes,no
E20543,2022-06-13,Finance,Lead,Toronto,151726.0,20.1,2.2,4.8,106,no,no
E20544,2024-03-17,Support,Principal,Berlin,168035.0,10.66,2.31,2.7,104,no,yes
E20545,2021-05-26,Operations,Lead,Austin,128167.0,4.34,3.86,9.4,47,no,yes
E20546,2017-02-12,Marketing,Lead,Berlin,170779.0,14.91,1.36,4.1,89,no,no
E20547,2017-02-17,Operations,Principal,Bengaluru,190080.0,6.24,2.33,6.0,56,no,yes
E20548,2023-04-13,Engineering,Junior,Pune,49504.0,2.01,4.13,2.2,88,no,yes
E20549,2019-10-13,Support,Senior,Bengaluru,133506.0,2.28,3.48,2.8,23,yes,no
E20550,2018-02-17,Finance,Senior,Bengaluru,107935.0,15.37,2.75,5.5,66,no,yes
E20551,2023-05-26,Marketing,Principal,Austin,174797.0,14.12,1.08,8.9,22,no,yes
E20552,2019-08-08,Marketing,Senior,Austin,125579.0,16.15,2.28,1.9,46,yes,no
E20553,2021-12-26,Engineering,Principal,Austin,173031.0,6.44,3.54,7.7,51,no,yes
E20554,2016-04-12,Support,Junior,Austin,63783.0,10.01,1.19,8.1,2,no,no
E20555,2019-03-29,Sales,Lead,Toronto,131327.0,20.55,4.34,8.1,72,no,no
E20556,2020-07-03,Marketing,Mid,Pune,95698.0,15.82,1.91,10.2,120,no,no
E20557,2019-10-07,Engineering,Principal,Berlin,180964.0,2.25,4.99,1.9,0,yes,yes
E20558,2015-09-27,Marketing,Principal,Austin,207986.0,6.31,3.98,5.8,71,no,no
E20559,2018-08-04,Finance,Junior,Bengaluru,52049.0,12.62,1.52,6.7,77,no,no
E20560,2023-03-21,Sales,Principal,Bengaluru,192310.0,4.84,3.33,7.7,47,no,yes
E20561,2022-02-13,Engineering,Principal,Berlin,222412.0,14.47,2.63,1.0,117,no,no
E20562,2023-06-08,Operations,Mid,Pune,89137.0,20.09,4.23,8.1,91,yes,no
E20563,2015-04-27,Marketing,Lead,Berlin,168330.0,18.2,1.23,1.7,70,no,no
E20564,2022-12-29,Marketing,Senior,Toronto,141952.0,5.89,4.17,10.9,60,no,no
E20565,2022-10-23,Support,Junior,Bengaluru,59146.0,16.69,3.06,8.7,70,no,no
E20566,2019-04-06,Sales,Senior,Austin,132521.0,20.2,1.32,3.5,82,no,no
E20567,2015-05-20,Support,Junior,Berlin,66865.0,9.96,4.05,4.1,8,no,yes
E20568,2020-09-26,Engineering,Senior,Austin,138423.0,1.61,4.97,4.2,113,no,yes
E20569,2023-09-11,Sales,Lead,Bengaluru,176284.0,13.99,2.93,9.7,25,no,no
E20570,2016-10-06,Sales,Lead,Toronto,133446.0,13.7,1.73,8.6,16,no,yes
E20571,2024-07-04,Marketing,Junior,Berlin,56759.0,14.1,3.88,0.9,99,no,no
E20572,2019-09-13,Sales,Junior,Austin,64733.0,6.34,1.97,4.6,70,no,no
E20573,2018-05-12,Finance,Senior,Bengaluru,140925.0,2.35,1.76,8.1,56,no,no
E20574,2017-02-21,Engineering,Mid,Austin,75855.0,1.28,4.71,6.9,80,no,no
E20575,2019-11-19,Engineering,Lead,Pune,129941.0,3.87,3.88,6.2,57,no,no
E20576,2024-07-08,Finance,Principal,Berlin,171268.0,1.63,2.76,0.9,2,no,no
E20577,2020-11-13,Marketing,Principal,Toronto,205388.0,10.46,4.89,2.7,68,no,yes
E20578,2017-08-10,Marketing,Lead,Toronto,128983.0,1.09,2.74,9.1,64,no,yes
E20579,2022-12-25,Marketing,Senior,Austin,141799.0,7.82,4.95,5.1,24,no,no
E20580,2019-09-23,Sales,Junior,Pune,54514.0,21.21,4.01,6.9,13,no,no
E20581,2018-03-31,Finance,Senior,Pune,129810.0,3.49,2.91,8.1,27,yes,no
E20582,2022-10-14,Engineering,Mid,Austin,84298.0,20.3,1.42,6.5,13,no,no
E20583,2017-03-07,Engineering,Lead,Toronto,127173.0,6.19,1.86,10.4,58,no,no
E20584,2022-12-01,Support,Junior,Berlin,56230.0,15.71,4.91,9.5,80,no,yes
E20585,2024-07-24,Engineering,Senior,Berlin,114979.0,19.5,4.79,1.7,44,no,no
E20586,2017-08-06,Finance,Principal,Toronto,222572.0,2.39,1.03,9.2,34,no,no
E20587,2018-04-07,Support,Junior,Toronto,50814.0,5.99,4.1,2.4,114,no,yes
E20588,2018-05-08,Support,Mid,Berlin,97576.0,0.58,3.28,8.6,50,no,no
E20589,2020-04-17,Operations,Senior,Toronto,144220.0,2.56,1.03,0.6,110,yes,yes
E20590,2021-05-10,Operations,Principal,Toronto,189373.0,12.86,4.99,9.1,110,no,no
E20591,2023-11-08,Sales,Junior,Bengaluru,56720.0,18.95,1.8,1.7,85,no,yes
E20592,2018-07-24,Support,Mid,Toronto,100398.0,17.68,1.54,9.4,112,no,no
E20593,2017-02-14,Marketing,Lead,Austin,156898.0,16.22,2.16,1.2,63,no,no
E20594,2023-07-20,Marketing,Senior,Berlin,105902.0,9.24,3.75,4.6,64,no,yes
E20595,2020-02-12,Sales,Lead,Berlin,167165.0,5.06,2.7,9.1,105,no,no
E20596,2020-09-25,Marketing,Mid,Austin,74853.0,18.96,3.97,2.8,45,no,no
E20597,2024-12-02,Finance,Principal,Bengaluru,187893.0,20.27,2.77,1.9,72,no,yes
E20598,2017-04-01,Marketing,Principal,Pune,218776.0,16.76,3.64,9.9,65,no,no
E20599,2021-09-15,Operations,Senior,Bengaluru,116706.0,11.41,3.47,10.0,32,no,yes
E20600,2023-06-20,Support,Senior,Pune,140355.0,14.85,2.28,0.3,39,no,yes
E20601,2016-07-29,Finance,Lead,Austin,148992.0,3.17,3.27,9.8,99,no,no
E20602,2024-10-29,Support,Lead,Toronto,154392.0,0.86,2.16,10.3,18,no,no
E20603,2018-05-02,Engineering,Mid,Austin,100991.0,8.26,2.75,9.9,74,no,no
E20604,2021-05-23,Finance,Junior,Berlin,51912.0,13.74,2.15,6.0,53,no,yes
E20605,2023-06-16,Operations,Mid,Bengaluru,80677.0,1.92,2.57,3.3,29,no,no
E20606,2017-06-08,Sales,Mid,Berlin,95241.0,0.28,3.1,2.3,46,no,no
E20607,2024-12-28,Operations,Lead,Austin,155247.0,20.34,1.44,0.3,47,no,no
E20608,2018-04-23,Operations,Senior,Bengaluru,106599.0,1.93,1.95,4.2,37,no,no
E20609,2020-02-21,Support,Mid,Pune,83422.0,11.76,3.51,9.5,103,no,yes
E20610,2020-08-26,Operations,Junior,Pune,61125.0,19.59,2.17,10.0,34,no,yes
E20611,2021-08-12,Marketing,Lead,Austin,133845.0,14.57,1.63,0.7,0,no,no
E20612,2017-07-23,Sales,Senior,Toronto,113753.0,5.58,3.69,10.8,24,no,no
E20613,2022-08-01,Marketing,Principal,Pune,183185.0,9.88,3.68,5.7,15,no,no
E20614,2024-09-04,Marketing,Mid,Berlin,86861.0,17.81,2.17,5.2,27,no,no
E20615,2017-10-27,Sales,Principal,Berlin,188274.0,12.62,2.88,5.6,63,no,yes
E20616,2019-09-24,Engineering,Principal,Pune,165349.0,2.95,3.01,1.2,6,no,no
E20617,2020-09-09,Operations,Lead,Austin,163014.0,18.28,1.45,9.9,108,no,no
E20618,2023-09-30,Engineering,Mid,Toronto,101847.0,2.93,3.65,2.4,79,no,no
E20619,2019-06-05,Sales,Principal,Pune,178285.0,15.52,2.88,0.4,57,no,no
E20620,2024-07-12,Engineering,Senior,Berlin,135393.0,13.65,3.16,0.7,90,no,no
E20621,2018-10-03,Marketing,Mid,Austin,85824.0,18.77,3.98,2.3,88,no,no
E20622,2018-02-23,Operations,Mid,Berlin,94475.0,12.44,3.95,4.2,111,no,yes
E20623,2022-08-25,Support,Junior,Pune,55702.0,0.68,4.99,10.9,28,no,no
E20624,2022-12-21,Engineering,Senior,Pune,138009.0,13.82,2.67,8.5,65,yes,no
E20625,2022-08-06,Finance,Lead,Toronto,133463.0,21.58,3.31,9.8,56,no,no
E20626,2017-04-04,Sales,Principal,Toronto,188301.0,13.58,4.24,6.5,4,yes,no
E20627,2021-10-11,Support,Mid,Bengaluru,90257.0,5.84,2.06,0.7,40,no,no
E20628,2017-07-01,Finance,Principal,Pune,223832.0,1.43,3.24,0.8,46,no,no
E20629,2022-06-25,Engineering,Principal,Pune,215319.0,9.02,1.79,8.1,40,no,no
E20630,2017-05-10,Engineering,Principal,Berlin,205413.0,3.31,4.07,7.0,63,no,no
E20631,2015-04-16,Finance,Senior,Austin,137190.0,19.42,2.19,7.3,62,no,no
E20632,2019-01-02,Operations,Principal,Pune,173799.0,21.99,4.59,7.9,7,no,no
E20633,2020-07-15,Operations,Senior,Pune,146510.0,21.72,3.91,0.5,82,yes,yes
E20634,2021-12-20,Operations,Senior,Toronto,133120.0,8.27,3.9,6.9,6,yes,no
E20635,2021-09-18,Sales,Senior,Berlin,127139.0,16.83,1.17,10.3,100,yes,no
E20636,2022-03-13,Operations,Senior,Pune,135809.0,11.4,3.85,6.4,105,no,yes
E20637,2017-11-13,Operations,Mid,Pune,70826.0,10.5,3.65,5.1,17,no,yes
E20638,2023-06-04,Marketing,Junior,Austin,49536.0,21.42,4.23,6.9,65,no,no
E20639,2021-04-07,Finance,Lead,Berlin,152099.0,8.05,3.97,1.3,41,no,no
E20640,2021-05-25,Engineering,Principal,Pune,198935.0,8.75,2.72,2.3,32,no,no
E20641,2020-11-30,Engineering,Junior,Berlin,51999.0,12.23,4.54,0.5,75,no,no
E20642,2024-09-05,Support,Junior,Bengaluru,65255.0,8.94,1.68,3.1,99,no,no
E20643,2017-02-23,Marketing,Junior,Bengaluru,64878.0,18.53,2.2,2.4,68,no,yes
E20644,2015-10-19,Marketing,Lead,Pune,180595.0,11.44,4.91,5.7,49,no,yes
E20645,2021-10-05,Support,Lead,Berlin,149663.0,20.13,1.44,2.5,8,no,no
E20646,2017-12-29,Finance,Principal,Austin,214197.0,2.55,2.37,6.5,71,yes,no
E20647,2024-05-20,Finance,Principal,Austin,194300.0,12.71,2.37,6.7,112,no,no
E20648,2020-03-07,Operations,Principal,Bengaluru,159527.0,17.96,3.95,9.0,32,no,no
E20649,2024-06-13,Engineering,Mid,Bengaluru,76092.0,9.4,1.43,10.9,104,yes,no
E20650,2015-12-24,Support,Lead,Berlin,163527.0,0.66,3.82,6.6,51,no,no
E20651,2018-12-06,Sales,Junior,Austin,64284.0,2.55,1.67,8.3,117,no,yes
E20652,2015-02-17,Sales,Principal,Toronto,205041.0,17.18,1.91,6.6,70,no,no
E20653,2019-08-22,Finance,Lead,Bengaluru,181993.0,21.87,2.4,5.0,64,no,no
E20654,2020-03-01,Sales,Mid,Bengaluru,100339.0,1.52,1.21,9.5,88,no,no
E20655,2020-04-07,Marketing,Mid,Bengaluru,87240.0,12.63,4.19,0.7,84,no,no
E20656,2023-05-24,Finance,Lead,Austin,136424.0,6.38,2.58,0.7,104,no,yes
E20657,2022-07-04,Sales,Mid,Austin,101335.0,18.66,4.11,0.4,89,no,no
E20658,2023-04-28,Marketing,Lead,Pune,138889.0,18.42,3.66,4.8,67,no,yes
E20659,2016-12-12,Marketing,Junior,Toronto,49931.0,4.51,2.21,3.5,13,yes,no
E20660,2020-03-06,Engineering,Principal,Toronto,185429.0,18.13,1.02,3.9,106,no,no
E20661,2021-01-24,Operations,Senior,Berlin,126951.0,1.22,3.28,5.3,83,no,yes
E20662,2019-05-01,Finance,Senior,Berlin,134744.0,21.34,3.55,2.4,102,no,no
E20663,2021-11-12,Engineering,Mid,Pune,80368.0,3.71,4.44,10.4,72,no,no
E20664,2021-09-06,Marketing,Mid,Pune,81754.0,21.79,4.56,10.9,61,no,yes
E20665,2015-10-23,Engineering,Junior,Pune,68272.0,10.54,2.32,6.7,22,yes,no
E20666,2021-01-10,Support,Principal,Berlin,230040.0,3.35,3.25,4.5,6,no,no
E20667,2015-07-04,Sales,Lead,Toronto,126840.0,17.2,3.0,2.9,111,no,no
E20668,2019-05-03,Marketing,Principal,Austin,208280.0,2.08,1.55,9.0,67,no,no
E20669,2024-07-15,Operations,Junior,Austin,62663.0,3.01,4.6,1.9,111,no,no
E20670,2017-12-25,Marketing,Junior,Bengaluru,62421.0,9.25,3.85,9.5,40,no,no
E20671,2018-08-03,Support,Mid,Pune,78662.0,4.81,4.21,6.2,38,no,yes
E20672,2023-12-17,Engineering,Junior,Pune,64560.0,7.84,4.19,0.4,1,no,yes
E20673,2021-10-10,Sales,Senior,Berlin,118568.0,5.03,4.76,9.8,12,yes,no
E20674,2015-04-19,Sales,Principal,Pune,165152.0,16.46,4.22,10.9,73,no,no
E20675,2018-08-05,Support,Mid,Toronto,97894.0,9.9,4.04,2.8,104,yes,yes
E20676,2024-04-12,Engineering,Senior,Berlin,108922.0,10.84,1.49,3.4,75,no,yes
E20677,2020-09-27,Support,Lead,Austin,182130.0,7.7,4.6,4.2,10,yes,yes
E20678,2018-08-30,Engineering,Principal,Toronto,205466.0,15.39,3.96,1.2,6,no,no
E20679,2024-09-05,Operations,Principal,Pune,214995.0,15.79,3.27,6.8,33,yes,no
E20680,2021-10-08,Support,Principal,Toronto,208869.0,10.18,1.28,1.0,12,no,yes
E20681,2023-11-25,Marketing,Principal,Toronto,167832.0,6.14,4.37,6.3,31,no,no
E20682,2019-06-10,Sales,Mid,Austin,96197.0,4.81,3.77,2.9,87,yes,no
E20683,2015-12-25,Operations,Senior,Austin,143902.0,14.65,3.29,9.1,35,no,no
E20684,2017-11-22,Operations,Mid,Pune,71900.0,5.19,2.82,0.6,49,no,no
E20685,2017-02-09,Finance,Mid,Berlin,84559.0,12.65,1.45,8.1,71,no,yes
E20686,2020-07-27,Sales,Lead,Pune,155100.0,7.33,3.17,8.1,52,no,no
E20687,2023-09-02,Support,Mid,Berlin,88781.0,7.25,2.41,1.0,120,no,no
E20688,2024-03-05,Finance,Mid,Bengaluru,89190.0,2.25,4.64,6.0,58,no,no
E20689,2019-09-22,Support,Senior,Pune,127566.0,15.55,2.16,1.7,16,yes,yes
E20690,2020-02-13,Marketing,Principal,Toronto,161535.0,6.86,4.51,6.0,64,no,no
E20691,2019-06-02,Finance,Lead,Toronto,145449.0,1.79,1.04,7.3,106,no,no
E20692,2016-10-31,Operations,Senior,Pune,145837.0,10.17,4.06,4.1,78,no,yes
E20693,2020-07-31,Operations,Senior,Bengaluru,113571.0,5.26,2.99,8.3,36,yes,yes
E20694,2017-07-08,Sales,Lead,Pune,157965.0,19.21,1.84,1.0,7,yes,yes
E20695,2019-05-07,Engineering,Principal,Berlin,171279.0,8.39,2.2,3.7,70,no,yes
E20696,2020-11-30,Engineering,Mid,Bengaluru,80629.0,9.96,4.11,10.5,97,no,no
E20697,2017-01-14,Support,Lead,Pune,137977.0,14.89,2.2,10.8,65,no,no
E20698,2015-07-22,Support,Lead,Toronto,126168.0,13.69,2.62,3.0,51,no,no
E20699,2023-09-02,Marketing,Principal,Austin,204022.0,7.18,4.99,5.0,89,no,yes
E20700,2015-11-23,Sales,Senior,Berlin,131985.0,5.61,3.23,9.7,7,no,no
E20701,2015-08-22,Support,Junior,Berlin,52090.0,21.52,1.77,3.9,6,no,no
E20702,2020-01-17,Marketing,Senior,Austin,123117.0,10.22,2.88,10.8,66,no,no
E20703,2016-12-31,Finance,Lead,Berlin,147267.0,16.26,3.81,7.9,81,yes,yes
E20704,2024-01-25,Sales,Lead,Berlin,165981.0,19.34,2.34,7.2,117,no,yes
E20705,2017-08-23,Engineering,Junior,Bengaluru,49170.0,21.21,2.76,9.2,111,no,no
E20706,2024-06-05,Operations,Principal,Bengaluru,228168.0,14.12,1.89,5.1,26,no,yes
E20707,2023-07-10,Support,Lead,Pune,181832.0,8.98,1.79,8.7,18,no,yes
E20708,2015-10-25,Sales,Junior,Berlin,49832.0,11.29,4.29,6.5,9,yes,yes
E20709,2020-03-27,Engineering,Junior,Toronto,47979.0,15.23,1.11,10.3,109,no,no
E20710,2018-08-24,Finance,Mid,Toronto,77973.0,16.5,3.86,4.4,57,no,yes
E20711,2021-11-29,Engineering,Mid,Toronto,86339.0,5.36,3.28,2.0,52,no,no
E20712,2017-03-01,Finance,Junior,Berlin,53847.0,2.53,4.25,3.6,92,no,yes
E20713,2019-01-29,Operations,Junior,Berlin,66211.0,5.87,4.09,3.5,65,no,yes
E20714,2019-06-14,Sales,Principal,Pune,196637.0,13.92,3.92,8.3,56,no,no
E20715,2018-09-13,Support,Lead,Pune,171731.0,18.32,3.27,0.3,29,no,no
E20716,2021-08-17,Engineering,Junior,Pune,64753.0,15.65,1.16,2.7,101,no,no
E20717,2020-02-26,Engineering,Senior,Pune,147054.0,4.74,4.29,0.2,44,no,yes
E20718,2019-05-27,Marketing,Senior,Bengaluru,122259.0,5.99,4.72,1.3,99,no,yes
E20719,2021-07-19,Operations,Principal,Toronto,206918.0,4.03,1.71,0.5,55,no,yes
E20720,2021-05-18,Support,Mid,Toronto,72787.0,11.35,3.87,1.9,101,no,no
E20721,2024-12-22,Finance,Senior,Austin,124486.0,20.08,1.83,0.3,14,no,no
E20722,2023-12-28,Support,Mid,Pune,80769.0,12.61,1.94,10.8,36,no,no
E20723,2024-07-02,Support,Principal,Bengaluru,170459.0,0.35,1.29,9.3,20,no,no
E20724,2019-12-01,Engineering,Principal,Pune,185602.0,20.62,3.26,4.3,108,yes,no
E20725,2016-11-19,Operations,Lead,Austin,156800.0,13.17,1.01,4.2,35,no,yes
E20726,2016-12-22,Sales,Principal,Pune,227263.0,16.77,4.38,7.4,61,no,yes
E20727,2015-12-05,Support,Principal,Berlin,217522.0,18.66,2.72,8.6,65,no,yes
E20728,2023-07-23,Support,Principal,Berlin,220069.0,12.56,3.5,0.3,100,no,no
E20729,2020-02-24,Finance,Lead,Pune,144652.0,12.11,3.73,10.3,63,no,yes
E20730,2017-08-06,Finance,Junior,Austin,55483.0,14.27,4.59,4.8,92,no,no
E20731,2019-04-28,Operations,Principal,Berlin,209981.0,13.56,3.31,2.8,44,no,yes
E20732,2019-11-05,Sales,Junior,Berlin,55121.0,4.7,4.63,9.3,86,no,yes
E20733,2017-10-23,Sales,Lead,Bengaluru,132026.0,8.64,1.91,7.4,108,no,no
E20734,2016-01-05,Engineering,Senior,Bengaluru,106125.0,11.54,1.47,8.3,15,no,no
E20735,2023-07-05,Engineering,Mid,Berlin,72231.0,6.19,2.37,5.7,7,no,yes
E20736,2022-04-24,Support,Mid,Bengaluru,96945.0,17.46,3.64,3.1,95,no,no
E20737,2020-10-27,Support,Principal,Bengaluru,173169.0,12.27,4.37,3.2,22,no,no
E20738,2016-02-22,Engineering,Senior,Toronto,109461.0,3.82,2.76,4.9,39,no,no
E20739,2020-05-26,Finance,Junior,Bengaluru,58892.0,6.02,2.46,2.9,39,no,no
E20740,2019-07-20,Sales,Senior,Toronto,122677.0,18.09,3.37,1.3,19,no,no
E20741,2019-09-16,Sales,Senior,Pune,104031.0,12.0,4.91,1.8,75,yes,no
E20742,2020-02-13,Marketing,Senior,Austin,109266.0,1.24,1.13,5.0,31,no,no
E20743,2015-09-28,Operations,Principal,Berlin,174056.0,4.73,4.41,4.8,101,yes,yes
E20744,2017-09-22,Operations,Senior,Austin,112519.0,0.64,3.67,3.8,55,no,no
E20745,2018-07-06,Finance,Mid,Pune,71944.0,10.6,4.07,9.1,43,no,yes
E20746,2023-12-17,Finance,Mid,Berlin,92137.0,17.28,1.2,8.1,117,no,no
E20747,2019-10-19,Support,Junior,Bengaluru,60452.0,20.45,4.18,3.1,114,no,yes
E20748,2016-07-14,Support,Principal,Bengaluru,222532.0,13.02,1.59,5.4,92,no,yes
E20749,2020-03-14,Operations,Mid,Austin,101159.0,11.62,2.43,2.0,60,no,yes
E20750,2021-10-12,Sales,Principal,Toronto,180078.0,15.82,2.19,9.9,108,no,no
E20751,2020-04-16,Finance,Mid,Austin,74828.0,14.0,2.27,1.5,44,no,yes
E20752,2024-04-27,Support,Junior,Bengaluru,47028.0,11.36,2.84,10.0,100,no,yes
E20753,2015-09-08,Engineering,Junior,Berlin,57067.0,11.03,2.32,4.1,27,no,no
E20754,2023-10-22,Engineering,Mid,Berlin,89015.0,10.49,2.1,3.1,93,no,yes
E20755,2016-03-26,Marketing,Mid,Bengaluru,96663.0,20.8,2.9,6.6,112,no,yes
E20756,2017-05-20,Sales,Mid,Pune,81387.0,9.17,2.22,6.1,61,no,no
E20757,2015-05-19,Marketing,Lead,Austin,155464.0,14.18,3.38,3.8,60,no,no
E20758,2023-07-16,Support,Mid,Bengaluru,99044.0,13.28,2.18,6.5,4,no,no
E20759,2016-06-17,Marketing,Junior,Berlin,47786.0,4.02,3.87,9.5,21,no,yes
E20760,2024-09-08,Engineering,Principal,Toronto,224910.0,16.43,4.67,6.5,5,no,no
E20761,2018-02-22,Engineering,Principal,Austin,172616.0,13.17,2.4,0.4,27,no,yes
E20762,2021-09-24,Support,Principal,Toronto,232462.0,4.61,2.6,5.4,41,yes,no
E20763,2015-09-11,Sales,Principal,Austin,169707.0,15.75,2.66,3.1,63,no,no
E20764,2015-07-08,Marketing,Principal,Toronto,213028.0,18.44,2.93,8.4,101,no,yes
E20765,2022-04-27,Engineering,Mid,Berlin,69823.0,2.46,1.55,6.4,104,no,yes
E20766,2015-11-05,Operations,Mid,Bengaluru,94924.0,13.56,2.3,6.0,11,no,no
E20767,2016-05-29,Support,Mid,Toronto,94029.0,13.73,1.06,9.5,15,no,yes
E20768,2016-10-10,Operations,Lead,Austin,139345.0,14.29,1.65,7.0,89,no,no
E20769,2021-10-12,Sales,Mid,Austin,91550.0,14.8,4.45,5.1,94,yes,no
E20770,2020-03-28,Operations,Lead,Austin,158484.0,5.42,1.38,3.7,35,no,no
E20771,2015-06-12,Finance,Principal,Austin,215569.0,2.09,2.26,7.2,76,yes,yes
E20772,2022-01-25,Support,Mid,Pune,96667.0,12.33,1.74,6.1,29,no,yes
E20773,2020-04-03,Operations,Senior,Pune,144485.0,8.12,4.0,4.1,116,yes,yes
E20774,2017-06-20,Support,Principal,Austin,221310.0,8.41,3.7,7.4,25,no,no
E20775,2015-09-26,Support,Principal,Toronto,207695.0,9.66,3.97,3.5,53,no,no
E20776,2024-11-22,Marketing,Junior,Bengaluru,62503.0,8.38,4.77,9.6,20,no,yes
E20777,2015-09-01,Sales,Mid,Bengaluru,94466.0,3.9,1.53,4.6,65,no,no
E20778,2022-05-18,Support,Mid,Bengaluru,90366.0,6.35,1.56,6.0,42,yes,no
E20779,2021-12-20,Operations,Senior,Toronto,123811.0,9.56,4.59,6.4,85,no,yes
E20780,2019-01-08,Operations,Junior,Bengaluru,54979.0,14.04,1.54,7.1,11,no,no
E20781,2018-09-27,Support,Principal,Austin,192187.0,7.59,3.48,6.5,111,no,yes
E20782,2020-06-04,Engineering,Junior,Austin,63096.0,9.12,3.2,11.0,13,no,no
E20783,2021-01-30,Sales,Mid,Berlin,70315.0,10.09,2.09,5.8,32,yes,yes
E20784,2019-03-03,Sales,Junior,Austin,61378.0,14.4,4.73,1.7,99,no,yes
E20785,2023-12-11,Support,Principal,Toronto,163569.0,1.61,2.56,0.3,56,no,no
E20786,2020-09-05,Support,Lead,Austin,178606.0,4.63,2.59,8.4,64,no,yes
E20787,2019-12-04,Sales,Senior,Austin,106098.0,10.99,3.37,1.0,78,yes,no
E20788,2016-09-20,Sales,Senior,Toronto,135766.0,15.46,4.39,5.2,67,no,no
E20789,2019-08-20,Marketing,Senior,Pune,106679.0,19.14,1.93,4.4,12,yes,yes
E20790,2018-04-17,Sales,Junior,Pune,64142.0,14.65,2.97,1.6,54,no,yes
E20791,2019-08-25,Support,Senior,Toronto,101841.0,1.95,4.56,1.0,76,no,yes
E20792,2017-08-03,Marketing,Junior,Austin,60449.0,21.15,1.77,5.5,41,no,yes
E20793,2019-07-15,Finance,Junior,Pune,51875.0,6.48,2.45,0.7,113,yes,no
E20794,2015-12-08,Finance,Principal,Berlin,179039.0,7.53,3.62,6.7,94,no,no
E20795,2017-06-29,Marketing,Junior,Bengaluru,56190.0,21.13,4.86,8.9,58,no,no
E20796,2016-10-11,Marketing,Senior,Bengaluru,102487.0,4.75,4.41,9.8,63,no,no
E20797,2020-12-30,Sales,Junior,Toronto,60353.0,8.81,3.18,7.9,50,no,no
E20798,2021-05-09,Sales,Junior,Berlin,67370.0,0.2,2.73,1.0,107,yes,yes
E20799,2015-08-26,Marketing,Junior,Toronto,48508.0,6.35,4.76,6.0,4,no,no
E20800,2022-08-25,Sales,Principal,Toronto,200243.0,3.38,2.09,4.7,113,no,yes
E20801,2016-06-22,Finance,Lead,Toronto,152467.0,17.8,2.07,7.0,57,no,no
E20802,2023-04-27,Operations,Mid,Pune,72493.0,14.64,1.8,9.2,111,no,no
E20803,2019-03-07,Marketing,Principal,Bengaluru,216711.0,11.88,3.73,10.7,82,yes,no
E20804,2019-09-13,Sales,Junior,Berlin,58110.0,6.3,3.26,10.9,48,no,yes
E20805,2020-08-18,Engineering,Principal,Toronto,179048.0,15.3,3.11,5.7,33,no,yes
E20806,2023-04-21,Sales,Senior,Bengaluru,134500.0,4.94,2.52,3.1,12,no,yes
E20807,2023-02-19,Engineering,Mid,Bengaluru,97697.0,4.25,3.39,4.2,116,no,yes
E20808,2019-08-10,Sales,Senior,Toronto,130888.0,13.23,2.61,3.5,33,no,no
E20809,2016-01-11,Operations,Senior,Austin,122375.0,17.19,3.09,10.9,74,no,no
E20810,2021-07-19,Engineering,Senior,Berlin,119004.0,19.76,4.03,5.2,62,no,no
E20811,2015-02-17,Operations,Principal,Bengaluru,218796.0,8.28,4.42,4.3,94,no,no
E20812,2015-04-05,Marketing,Senior,Pune,100810.0,18.03,3.16,6.7,13,no,no
E20813,2022-01-27,Engineering,Principal,Bengaluru,204527.0,5.74,4.01,1.0,110,no,yes
E20814,2021-05-21,Sales,Senior,Berlin,118238.0,9.88,4.6,1.3,88,no,no
E20815,2017-09-18,Operations,Principal,Pune,214536.0,12.99,4.73,10.8,55,no,no
E20816,2017-02-23,Finance,Senior,Berlin,106278.0,6.59,1.48,8.6,80,no,no
E20817,2015-05-08,Engineering,Senior,Berlin,124501.0,0.99,2.45,0.5,110,no,no
E20818,2018-10-10,Finance,Junior,Austin,64736.0,16.51,4.91,8.1,46,no,no
E20819,2017-10-29,Support,Junior,Pune,67842.0,11.58,2.53,9.8,45,no,no
E20820,2019-10-24,Support,Junior,Bengaluru,60111.0,8.14,4.38,3.7,30,no,yes
E20821,2020-05-18,Operations,Principal,Bengaluru,184585.0,5.58,3.75,4.0,69,no,yes
E20822,2016-12-19,Finance,Principal,Berlin,174503.0,15.63,4.24,2.4,28,no,no
E20823,2017-06-06,Operations,Principal,Bengaluru,168970.0,12.63,1.54,3.9,88,no,no
E20824,2017-04-18,Operations,Mid,Pune,93523.0,17.55,3.55,1.5,30,no,no
E20825,2015-07-07,Sales,Mid,Austin,70974.0,3.7,2.36,5.9,76,no,yes
E20826,2020-08-05,Engineering,Junior,Pune,60587.0,18.64,1.15,9.0,91,no,yes
E20827,2024-08-11,Support,Junior,Toronto,63162.0,11.7,1.45,9.1,91,no,no
E20828,2022-09-10,Sales,Lead,Toronto,150071.0,6.06,2.18,1.6,116,no,no
E20829,2023-08-11,Finance,Senior,Austin,119254.0,3.99,2.47,3.7,11,no,yes
E20830,2024-09-14,Marketing,Mid,Berlin,87722.0,19.14,3.42,6.9,114,no,no
E20831,2018-01-31,Sales,Junior,Austin,66776.0,11.33,2.56,2.8,15,no,yes
E20832,2017-04-30,Support,Mid,Pune,80028.0,17.9,4.24,0.7,27,no,no
E20833,2015-09-24,Marketing,Mid,Toronto,87626.0,21.6,3.11,1.2,26,yes,yes
E20834,2020-06-14,Support,Lead,Berlin,134110.0,11.42,4.6,3.1,69,no,yes
E20835,2021-02-13,Engineering,Senior,Toronto,126793.0,12.92,3.93,2.3,14,no,no
E20836,2019-05-09,Support,Lead,Bengaluru,145380.0,15.74,1.28,3.5,15,no,no
E20837,2022-03-16,Finance,Junior,Toronto,48341.0,3.51,4.67,10.9,99,no,no
E20838,2023-09-20,Marketing,Principal,Berlin,199192.0,20.19,1.02,4.1,32,no,no
E20839,2022-05-27,Support,Junior,Bengaluru,66198.0,12.71,4.68,5.2,113,no,no
E20840,2022-08-05,Operations,Lead,Pune,170148.0,10.76,4.53,9.2,9,no,yes
E20841,2023-06-14,Finance,Principal,Bengaluru,178333.0,0.1,3.42,2.6,83,no,no
E20842,2019-01-13,Marketing,Principal,Toronto,163019.0,17.63,1.19,3.7,13,no,yes
E20843,2016-12-07,Engineering,Senior,Toronto,113786.0,15.55,2.04,6.3,67,yes,no
E20844,2018-01-04,Finance,Mid,Pune,78323.0,6.93,2.73,9.7,32,no,no
E20845,2017-02-05,Marketing,Junior,Bengaluru,52359.0,3.27,3.06,4.9,83,no,no
E20846,2019-11-19,Support,Junior,Bengaluru,59740.0,16.3,1.19,1.6,92,no,no
E20847,2021-07-08,Engineering,Principal,Bengaluru,198173.0,18.35,2.23,1.9,59,yes,no
E20848,2015-11-26,Support,Principal,Berlin,189969.0,4.31,1.2,1.9,49,no,no
E20849,2020-02-02,Support,Lead,Berlin,170997.0,3.63,2.04,5.4,78,no,no
E20850,2021-11-05,Finance,Lead,Toronto,170585.0,6.25,4.1,1.9,101,no,no
E20851,2021-07-18,Marketing,Senior,Berlin,107768.0,17.1,1.97,2.4,111,no,yes
E20852,2022-10-13,Finance,Junior,Bengaluru,55790.0,7.22,4.06,2.3,18,no,yes
E20853,2020-08-29,Operations,Senior,Berlin,127270.0,8.9,3.47,6.6,39,no,no
E20854,2023-05-09,Support,Lead,Bengaluru,153610.0,20.45,3.05,5.3,61,yes,no
E20855,2015-08-04,Operations,Senior,Bengaluru,126262.0,13.19,4.27,10.1,44,no,no
E20856,2017-11-01,Engineering,Mid,Austin,70305.0,2.95,3.17,9.0,59,no,no
E20857,2022-12-29,Finance,Mid,Berlin,84645.0,19.61,3.16,9.4,83,no,yes
E20858,2017-10-24,Sales,Lead,Berlin,169047.0,17.72,2.31,0.5,102,no,yes
E20859,2016-05-21,Finance,Senior,Pune,123035.0,10.19,3.95,1.2,59,no,no
E20860,2023-09-30,Finance,Junior,Toronto,56434.0,11.28,3.53,5.8,29,no,yes
E20861,2015-06-20,Support,Principal,Toronto,180935.0,4.07,4.61,7.8,5,no,no
E20862,2015-09-11,Operations,Senior,Bengaluru,106217.0,20.49,1.8,9.3,8,yes,no
E20863,2017-05-15,Sales,Senior,Berlin,119690.0,7.53,1.4,1.6,32,no,no
E20864,2023-04-09,Engineering,Mid,Bengaluru,75963.0,12.74,3.68,1.9,37,no,no
E20865,2023-06-15,Support,Mid,Pune,70245.0,21.06,4.01,5.5,119,no,yes
E20866,2021-12-06,Engineering,Principal,Toronto,206093.0,0.67,3.94,5.5,106,no,no
E20867,2018-07-23,Marketing,Mid,Toronto,71554.0,1.79,2.2,7.9,21,no,yes
E20868,2017-05-20,Support,Mid,Berlin,72420.0,3.35,1.58,4.6,38,no,no
E20869,2019-08-28,Marketing,Lead,Pune,173657.0,4.31,1.79,2.5,18,no,yes
E20870,2021-03-05,Operations,Principal,Bengaluru,190715.0,8.22,3.98,2.6,71,no,no
E20871,2019-11-23,Engineering,Mid,Austin,81250.0,1.11,1.39,2.5,94,yes,no
E20872,2024-07-22,Sales,Senior,Berlin,141539.0,17.77,3.59,5.6,112,no,no
E20873,2023-06-03,Sales,Mid,Pune,75221.0,13.12,4.08,2.5,91,no,no
E20874,2018-03-06,Operations,Mid,Toronto,92702.0,8.11,3.2,8.4,12,no,no
E20875,2018-08-20,Engineering,Mid,Bengaluru,73333.0,20.9,3.59,5.4,79,yes,no
E20876,2020-01-22,Finance,Junior,Berlin,46884.0,2.06,4.64,4.5,38,no,no
E20877,2015-05-23,Engineering,Mid,Toronto,82799.0,7.68,1.8,7.0,115,yes,no
E20878,2015-01-01,Support,Principal,Bengaluru,158630.0,20.4,3.43,10.0,81,no,no
E20879,2017-09-17,Operations,Senior,Bengaluru,106496.0,0.47,1.2,4.5,84,yes,yes
E20880,2024-05-31,Finance,Principal,Toronto,212839.0,2.41,4.49,0.7,4,no,no
E20881,2018-06-30,Support,Senior,Austin,106378.0,10.15,2.33,7.0,94,no,yes
E20882,2020-12-17,Engineering,Lead,Bengaluru,164058.0,16.13,1.97,4.8,25,no,no
E20883,2016-06-16,Engineering,Principal,Pune,205525.0,17.82,4.0,9.1,47,no,yes
E20884,2015-10-15,Sales,Mid,Berlin,100713.0,19.57,3.14,2.5,81,no,no
E20885,2020-11-19,Marketing,Junior,Pune,50538.0,7.9,3.17,0.6,117,no,no
E20886,2021-04-10,Finance,Senior,Berlin,127011.0,5.03,1.69,4.2,83,no,no
E20887,2016-11-14,Sales,Lead,Pune,158978.0,7.43,2.56,9.8,60,yes,no
E20888,2018-01-06,Marketing,Principal,Bengaluru,163077.0,17.43,3.25,10.6,26,no,no
E20889,2017-11-18,Engineering,Junior,Pune,52983.0,3.65,3.96,9.0,66,yes,yes
E20890,2022-04-22,Sales,Senior,Toronto,103382.0,19.12,3.15,6.5,67,yes,no
E20891,2018-04-17,Finance,Mid,Pune,89560.0,20.01,3.38,8.9,38,yes,no
E20892,2022-06-21,Support,Lead,Berlin,183989.0,9.04,2.6,3.3,107,no,no
E20893,2019-07-15,Support,Mid,Toronto,87429.0,15.21,3.71,3.1,48,yes,no
E20894,2020-11-08,Finance,Senior,Austin,135242.0,10.78,4.11,9.6,23,no,no
E20895,2024-01-03,Finance,Principal,Pune,170836.0,21.79,1.32,2.2,61,no,yes
E20896,2020-05-06,Operations,Mid,Toronto,80324.0,21.14,4.99,10.3,103,no,no
E20897,2019-03-30,Operations,Junior,Berlin,61821.0,4.38,2.84,3.3,86,yes,yes
E20898,2017-12-28,Operations,Principal,Austin,214809.0,0.17,4.94,7.3,120,no,no
E20899,2018-05-13,Support,Junior,Austin,55270.0,2.62,1.23,1.8,65,no,yes
E20900,2022-09-12,Marketing,Junior,Austin,66062.0,7.29,3.18,3.1,56,no,no
E20901,2017-09-07,Finance,Lead,Toronto,149619.0,18.51,2.87,1.4,38,no,no
E20902,2022-02-24,Finance,Senior,Pune,109540.0,7.34,3.92,8.1,20,no,no
E20903,2017-02-22,Engineering,Junior,Berlin,56188.0,0.44,2.22,4.9,76,yes,yes
E20904,2020-07-24,Engineering,Principal,Austin,167382.0,6.75,4.86,6.8,66,no,no
E20905,2017-01-23,Support,Junior,Toronto,55465.0,8.82,4.02,9.1,62,no,no
E20906,2020-12-22,Support,Principal,Bengaluru,192370.0,19.04,4.75,8.3,84,no,no
E20907,2024-07-09,Engineering,Mid,Pune,100938.0,5.61,2.84,1.0,78,no,yes
E20908,2019-08-18,Operations,Mid,Pune,92868.0,0.72,2.04,7.3,18,no,no
E20909,2017-11-18,Support,Principal,Berlin,214837.0,10.74,3.62,6.6,75,yes,no
E20910,2024-10-15,Marketing,Junior,Berlin,60438.0,6.04,3.32,1.3,32,no,no
E20911,2022-10-01,Finance,Mid,Toronto,77475.0,20.9,2.03,9.6,106,no,yes
E20912,2022-01-16,Support,Principal,Austin,210981.0,6.28,4.01,2.9,71,no,yes
E20913,2021-08-24,Engineering,Junior,Pune,61714.0,4.26,2.15,6.6,100,no,no
E20914,2018-07-05,Operations,Principal,Bengaluru,209830.0,18.17,1.83,5.2,77,no,yes
E20915,2018-05-25,Support,Mid,Bengaluru,74700.0,17.48,2.1,1.0,24,yes,yes
E20916,2020-06-27,Operations,Principal,Berlin,225710.0,6.32,2.19,10.1,9,no,no
E20917,2023-07-15,Marketing,Lead,Toronto,176159.0,13.31,1.12,4.9,30,no,no
E20918,2017-09-04,Finance,Mid,Bengaluru,78052.0,21.04,3.6,2.5,118,no,no
E20919,2019-06-19,Marketing,Senior,Pune,145380.0,16.13,2.76,7.7,100,no,yes
E20920,2023-06-07,Finance,Junior,Toronto,57775.0,13.13,3.22,9.5,33,yes,no
E20921,2020-12-29,Engineering,Principal,Berlin,173223.0,16.06,4.56,4.2,28,yes,no
E20922,2020-12-21,Finance,Mid,Pune,70455.0,13.31,1.8,1.4,57,no,no
E20923,2024-03-30,Engineering,Lead,Pune,178812.0,3.11,1.16,3.5,22,no,yes
E20924,2022-03-17,Operations,Lead,Bengaluru,128633.0,20.53,4.53,4.5,5,no,no
E20925,2017-02-23,Sales,Lead,Bengaluru,137572.0,9.84,2.92,3.4,92,no,no
E20926,2018-02-24,Support,Junior,Austin,46766.0,8.22,4.5,7.1,105,no,no
E20927,2015-01-31,Finance,Mid,Toronto,79469.0,2.99,4.94,0.7,54,no,no
E20928,2017-02-09,Sales,Senior,Austin,137422.0,1.85,3.2,7.2,35,yes,yes
E20929,2021-01-10,Support,Mid,Pune,100869.0,0.23,4.61,8.7,39,no,yes
E20930,2015-02-02,Marketing,Lead,Bengaluru,148308.0,14.9,3.2,3.2,66,no,no
E20931,2016-06-06,Marketing,Principal,Austin,230476.0,3.67,2.48,4.9,84,no,no
E20932,2019-11-10,Marketing,Junior,Austin,66530.0,0.47,2.68,1.5,53,yes,no
E20933,2022-03-16,Marketing,Lead,Bengaluru,166519.0,4.53,3.71,5.8,0,no,no
E20934,2023-05-18,Engineering,Mid,Berlin,88038.0,20.87,4.95,4.2,101,no,no
E20935,2019-08-13,Support,Junior,Toronto,56289.0,5.91,4.61,3.8,56,no,no
E20936,2021-01-19,Operations,Senior,Pune,130065.0,1.02,3.51,1.1,94,no,yes
E20937,2015-09-25,Operations,Senior,Berlin,134480.0,6.9,2.83,8.8,10,no,no
E20938,2021-08-29,Sales,Junior,Austin,48205.0,5.35,3.95,6.6,102,yes,no
E20939,2024-04-19,Finance,Principal,Bengaluru,171912.0,7.83,2.01,2.8,68,no,no
E20940,2017-11-28,Operations,Senior,Toronto,129386.0,6.25,3.21,10.9,78,yes,no
E20941,2020-04-23,Operations,Junior,Pune,61557.0,8.33,3.59,4.9,0,no,yes
E20942,2024-10-01,Engineering,Principal,Bengaluru,159191.0,8.74,4.45,2.7,28,no,no
E20943,2020-02-13,Engineering,Principal,Pune,176384.0,15.59,3.31,8.2,5,no,no
E20944,2021-10-18,Support,Principal,Pune,206761.0,19.79,1.35,8.6,10,no,no
E20945,2022-10-21,Operations,Principal,Austin,180782.0,19.95,4.55,5.5,25,no,no
E20946,2020-10-04,Marketing,Lead,Berlin,181420.0,1.26,2.32,1.2,80,no,yes
E20947,2020-06-02,Sales,Senior,Toronto,136549.0,19.97,1.54,9.3,105,no,yes
E20948,2017-07-31,Sales,Mid,Bengaluru,86287.0,9.47,4.93,6.5,98,no,yes
E20949,2021-08-27,Marketing,Principal,Pune,193034.0,19.69,1.69,3.7,4,yes,yes
E20950,2023-09-15,Marketing,Principal,Toronto,217059.0,5.13,1.73,6.9,64,no,no
E20951,2023-11-06,Operations,Mid,Bengaluru,82108.0,10.46,1.19,5.5,97,yes,yes
E20952,2019-01-31,Engineering,Senior,Pune,142051.0,9.77,3.9,1.5,11,no,yes
E20953,2024-10-31,Engineering,Senior,Berlin,127354.0,8.95,3.07,1.6,95,no,no
E20954,2024-06-26,Sales,Senior,Austin,144563.0,13.43,2.45,2.8,72,no,no
E20955,2015-09-09,Operations,Senior,Pune,108447.0,7.05,2.34,6.7,90,no,no
E20956,2021-11-07,Engineering,Lead,Pune,165694.0,8.62,4.65,9.3,5,no,no
E20957,2016-09-10,Engineering,Mid,Austin,77962.0,18.87,3.38,0.7,14,no,yes
E20958,2021-06-11,Marketing,Senior,Austin,139012.0,17.2,4.2,10.1,14,no,yes
E20959,2020-10-01,Sales,Senior,Pune,125763.0,5.88,3.83,9.5,54,no,yes
E20960,2019-12-17,Finance,Mid,Austin,88339.0,3.02,2.99,9.8,59,no,no
E20961,2019-09-10,Operations,Principal,Austin,231173.0,13.09,1.59,3.5,6,no,no
E20962,2024-10-28,Finance,Principal,Pune,168231.0,12.35,2.92,4.4,113,no,yes
E20963,2015-04-30,Operations,Lead,Austin,144424.0,9.01,2.39,7.0,3,no,yes
E20964,2022-09-24,Sales,Senior,Bengaluru,132112.0,7.09,2.51,9.6,73,no,no
E20965,2021-11-28,Finance,Mid,Pune,83111.0,13.54,2.9,8.3,56,no,no
E20966,2015-11-03,Support,Mid,Pune,86843.0,8.47,1.91,4.3,14,no,no
E20967,2017-02-06,Engineering,Principal,Berlin,195190.0,12.79,1.78,3.1,119,no,no
E20968,2017-12-02,Finance,Mid,Austin,75233.0,8.64,1.98,4.6,7,no,no
E20969,2023-12-10,Marketing,Lead,Bengaluru,132854.0,2.3,3.41,10.0,19,no,no
E20970,2023-11-17,Finance,Junior,Toronto,53171.0,18.75,4.03,2.5,27,no,no
E20971,2019-08-25,Support,Junior,Berlin,59236.0,10.26,3.24,6.8,0,no,no
E20972,2016-06-07,Sales,Senior,Pune,147465.0,7.6,2.53,2.4,72,no,yes
E20973,2021-06-04,Engineering,Lead,Austin,129709.0,9.49,3.06,10.3,56,no,no
E20974,2024-01-17,Finance,Principal,Pune,199039.0,3.5,4.36,5.8,42,yes,yes
E20975,2023-01-07,Sales,Lead,Pune,149128.0,1.78,4.02,7.5,4,no,no
E20976,2015-01-12,Operations,Junior,Austin,66871.0,0.31,3.68,6.1,63,no,yes
E20977,2019-06-02,Sales,Mid,Pune,86130.0,17.48,2.24,1.1,6,no,yes
E20978,2021-06-15,Finance,Mid,Toronto,93286.0,21.39,2.55,4.6,69,no,no
E20979,2019-11-29,Finance,Senior,Pune,138433.0,5.29,4.22,7.0,110,no,no
E20980,2023-04-20,Marketing,Senior,Toronto,109981.0,8.21,2.46,10.1,72,no,yes
E20981,2022-01-10,Finance,Lead,Bengaluru,149962.0,18.8,3.23,6.7,101,no,no
E20982,2019-04-18,Operations,Principal,Austin,200161.0,3.1,2.56,10.8,5,no,yes
E20983,2024-11-09,Finance,Mid,Toronto,99669.0,13.21,3.04,3.1,69,no,no
E20984,2023-11-13,Support,Senior,Berlin,126055.0,7.22,2.15,7.7,111,no,no
E20985,2019-07-16,Marketing,Principal,Bengaluru,174130.0,16.29,1.73,10.8,15,no,no
E20986,2020-05-07,Marketing,Lead,Bengaluru,127294.0,7.97,1.19,6.5,94,no,no
E20987,2015-04-16,Engineering,Principal,Toronto,186209.0,14.47,4.56,5.4,85,no,no
E20988,2024-04-11,Operations,Senior,Pune,131033.0,2.97,2.48,1.9,54,no,yes
E20989,2017-04-16,Support,Principal,Bengaluru,173613.0,9.21,4.82,5.3,33,no,no
E20990,2016-01-28,Support,Senior,Toronto,111223.0,13.43,4.91,10.8,5,no,no
E20991,2020-06-16,Engineering,Junior,Pune,59190.0,15.05,3.47,6.7,117,yes,yes
E20992,2018-02-15,Operations,Mid,Bengaluru,84413.0,16.76,1.14,6.4,38,no,no
E20993,2015-11-21,Sales,Principal,Pune,204819.0,6.07,4.46,9.7,114,no,no
E20994,2019-03-14,Finance,Senior,Toronto,138571.0,20.48,2.48,10.6,114,no,yes
E20995,2020-03-25,Sales,Lead,Pune,127160.0,1.11,1.18,4.3,22,no,yes
E20996,2018-05-19,Sales,Lead,Berlin,144177.0,19.29,4.34,6.4,54,no,yes
E20997,2022-08-05,Marketing,Junior,Pune,55422.0,14.84,4.27,0.4,56,no,no
E20998,2015-11-15,Engineering,Mid,Bengaluru,87813.0,21.04,2.52,6.3,21,no,yes
E20999,2017-06-06,Sales,Junior,Pune,60856.0,3.78,4.25,3.0,86,no,no
E21000,2017-12-07,Marketing,Junior,Pune,60830.0,6.08,2.91,8.3,29,no,yes
E21001,2015-02-24,Support,Senior,Austin,132756.0,0.72,3.47,6.3,115,no,no
E21002,2022-04-16,Support,Mid,Austin,72486.0,8.56,3.78,6.5,119,no,no
E21003,2018-12-27,Support,Senior,Berlin,103657.0,3.46,1.06,3.2,72,no,no
E21004,2016-01-08,Engineering,Mid,Berlin,88780.0,6.83,4.14,5.6,92,yes,yes
E21005,2021-11-07,Support,Junior,Pune,63174.0,16.02,4.46,5.9,57,no,no
E21006,2019-09-29,Sales,Mid,Pune,95500.0,14.73,2.01,10.7,0,yes,no
E21007,2015-06-24,Support,Lead,Toronto,146006.0,12.69,2.14,4.9,14,no,yes
E21008,2021-03-14,Engineering,Senior,Austin,146290.0,13.06,1.48,10.9,46,no,yes
E21009,2024-03-26,Support,Senior,Berlin,135497.0,19.12,1.75,9.1,15,no,no
E21010,2021-02-27,Operations,Lead,Toronto,147295.0,21.2,2.53,10.8,104,no,no
E21011,2015-12-29,Finance,Lead,Bengaluru,135224.0,12.08,2.18,4.2,11,no,no
E21012,2020-09-06,Operations,Mid,Bengaluru,73588.0,17.69,3.2,5.3,83,no,no
E21013,2015-04-25,Support,Mid,Pune,76431.0,2.07,3.21,4.7,51,no,no
E21014,2015-03-25,Finance,Junior,Pune,54357.0,18.22,1.91,8.0,27,no,no
E21015,2015-09-16,Support,Mid,Berlin,90298.0,0.34,3.95,1.0,95,no,no
E21016,2018-09-03,Operations,Lead,Pune,154924.0,12.53,2.46,1.1,4,no,no
E21017,2016-04-07,Marketing,Lead,Berlin,170919.0,21.79,3.54,1.7,13,no,yes
E21018,2019-04-26,Support,Junior,Pune,54089.0,13.89,1.12,8.6,26,no,yes
E21019,2017-08-14,Marketing,Senior,Berlin,145953.0,17.62,1.75,0.9,26,no,no
E21020,2019-12-06,Finance,Mid,Toronto,87555.0,11.85,4.64,3.3,42,no,no
E21021,2020-05-11,Support,Principal,Toronto,176703.0,9.18,1.34,10.8,81,yes,no
E21022,2023-09-18,Operations,Senior,Toronto,145406.0,20.07,2.59,1.3,107,yes,yes
E21023,2018-12-23,Sales,Principal,Austin,220938.0,19.09,3.48,3.3,25,no,yes
E21024,2022-01-05,Finance,Lead,Toronto,166005.0,15.75,1.58,9.1,88,no,yes
E21025,2015-04-07,Engineering,Junior,Bengaluru,67873.0,3.43,1.93,2.2,18,no,yes
E21026,2018-08-31,Marketing,Lead,Berlin,130079.0,18.42,2.36,6.4,56,no,yes
E21027,2020-11-02,Operations,Principal,Austin,210611.0,10.11,4.99,9.3,33,no,yes
E21028,2018-10-04,Support,Lead,Bengaluru,126315.0,15.32,1.51,9.4,104,no,no
E21029,2021-12-12,Operations,Principal,Pune,215857.0,19.78,3.38,1.5,65,no,no
E21030,2023-04-28,Engineering,Junior,Austin,48585.0,8.53,1.95,5.4,72,no,yes
E21031,2015-02-28,Engineering,Principal,Berlin,176197.0,13.27,3.78,1.3,75,no,no
E21032,2018-07-01,Engineering,Lead,Bengaluru,154727.0,3.46,2.31,2.8,50,no,yes
E21033,2019-04-23,Finance,Lead,Pune,155576.0,13.99,4.89,9.0,101,yes,no
E21034,2016-06-23,Finance,Principal,Berlin,199480.0,11.39,1.21,4.7,100,no,no
E21035,2021-12-09,Engineering,Mid,Austin,101416.0,14.45,2.37,4.7,66,no,yes
E21036,2021-12-11,Finance,Lead,Toronto,138500.0,9.93,2.46,10.1,57,no,no
E21037,2016-11-09,Marketing,Junior,Toronto,56866.0,6.03,4.86,2.8,87,no,no
E21038,2019-05-16,Engineering,Senior,Pune,121722.0,6.63,4.41,7.5,115,no,no
E21039,2021-07-07,Support,Lead,Berlin,139276.0,15.13,3.67,7.2,105,yes,no
E21040,2019-05-09,Support,Senior,Berlin,131630.0,15.63,2.41,6.1,103,yes,no
E21041,2024-03-19,Support,Principal,Berlin,197057.0,2.66,4.47,8.7,65,no,no
E21042,2020-08-20,Marketing,Junior,Austin,54155.0,1.36,4.17,8.2,105,yes,no
E21043,2016-06-10,Sales,Senior,Bengaluru,143421.0,20.46,2.13,3.7,72,no,no
E21044,2023-01-12,Engineering,Junior,Toronto,65294.0,0.63,4.82,6.4,74,no,no
E21045,2024-08-08,Marketing,Principal,Berlin,195646.0,5.47,4.77,1.2,1,no,yes
E21046,2024-03-03,Sales,Senior,Pune,137500.0,17.86,3.96,6.1,57,no,yes
E21047,2021-12-16,Operations,Lead,Austin,179771.0,21.78,1.44,1.4,41,no,no
E21048,2018-03-03,Finance,Mid,Austin,75914.0,14.66,2.33,3.9,99,yes,no
E21049,2017-02-02,Finance,Junior,Pune,67075.0,18.8,1.7,5.0,92,no,no
E21050,2024-12-01,Operations,Principal,Toronto,192876.0,16.85,4.54,3.2,99,no,no
E21051,2017-08-14,Support,Lead,Toronto,146890.0,17.33,4.29,8.2,6,no,no
E21052,2020-12-19,Marketing,Senior,Pune,121593.0,12.85,2.98,7.0,46,no,no
E21053,2023-11-18,Engineering,Lead,Pune,174356.0,16.88,1.93,7.5,9,no,yes
E21054,2018-09-26,Marketing,Junior,Berlin,47159.0,20.42,4.5,7.2,24,no,no
E21055,2018-09-07,Marketing,Senior,Bengaluru,120579.0,14.85,1.49,5.4,64,no,no
E21056,2019-06-16,Marketing,Junior,Bengaluru,51206.0,10.23,4.89,4.0,18,yes,no
E21057,2016-11-05,Sales,Lead,Berlin,138695.0,0.72,4.16,6.6,79,yes,no
E21058,2020-02-04,Sales,Lead,Austin,171310.0,15.01,3.98,4.3,10,no,yes
E21059,2019-02-08,Finance,Senior,Bengaluru,116431.0,11.46,1.09,8.8,111,no,yes
E21060,2017-03-16,Marketing,Lead,Toronto,136339.0,17.74,3.6,3.5,70,no,yes
E21061,2023-01-14,Marketing,Junior,Bengaluru,49883.0,8.11,4.94,4.5,89,no,yes
E21062,2019-08-22,Operations,Junior,Pune,63377.0,6.31,2.65,7.9,9,no,no
E21063,2015-06-21,Finance,Junior,Pune,47959.0,0.49,3.46,7.8,116,yes,yes
E21064,2022-12-19,Finance,Senior,Austin,111882.0,14.71,1.97,4.9,94,no,yes
E21065,2019-02-02,Sales,Mid,Austin,94590.0,3.18,4.2,1.1,35,no,no
E21066,2021-06-12,Operations,Mid,Toronto,74320.0,9.34,3.22,10.5,64,no,yes
E21067,2021-04-08,Sales,Lead,Pune,138502.0,4.55,1.31,6.9,110,no,no
E21068,2020-03-23,Support,Senior,Pune,144531.0,15.37,4.23,10.9,29,no,no
E21069,2022-02-28,Support,Junior,Toronto,57442.0,16.74,1.36,8.4,33,yes,yes
E21070,2016-06-17,Sales,Junior,Berlin,64062.0,18.61,4.98,2.7,101,no,no
E21071,2016-02-24,Sales,Lead,Toronto,174827.0,5.48,4.94,3.1,58,no,yes
E21072,2022-10-21,Operations,Lead,Toronto,161441.0,19.78,1.29,1.7,58,no,no
E21073,2019-05-05,Marketing,Principal,Bengaluru,160608.0,6.62,4.4,2.1,13,no,no
E21074,2015-04-27,Finance,Mid,Toronto,74333.0,2.37,3.49,10.3,10,yes,no
E21075,2022-03-17,Support,Senior,Austin,113246.0,5.43,1.59,4.5,8,no,no
E21076,2017-11-05,Sales,Principal,Pune,183048.0,11.57,3.29,6.0,115,no,no
E21077,2018-09-10,Marketing,Principal,Berlin,203002.0,8.91,1.79,10.4,43,no,no
E21078,2018-08-06,Engineering,Mid,Toronto,92103.0,15.82,3.78,9.0,5,no,no
E21079,2019-08-20,Support,Mid,Austin,86535.0,7.09,2.77,10.3,79,no,no
E21080,2018-05-02,Finance,Mid,Pune,79183.0,20.44,4.38,1.1,27,no,yes
E21081,2020-03-27,Engineering,Mid,Toronto,71494.0,2.62,1.43,9.4,7,yes,yes
E21082,2017-07-29,Operations,Mid,Berlin,89069.0,6.31,2.81,1.5,16,no,yes
E21083,2019-03-21,Finance,Mid,Austin,80225.0,2.96,2.85,6.2,45,yes,no
E21084,2020-05-30,Sales,Junior,Austin,52968.0,7.66,2.23,5.4,78,no,yes
E21085,2019-07-10,Marketing,Junior,Austin,67037.0,15.45,4.02,8.7,91,no,no
E21086,2017-02-23,Support,Junior,Toronto,59721.0,20.16,3.62,8.2,102,no,yes
E21087,2015-04-20,Finance,Senior,Berlin,128628.0,9.35,3.23,1.9,103,no,yes
E21088,2021-08-25,Sales,Senior,Berlin,124860.0,1.55,3.99,2.4,109,no,no
E21089,2023-01-29,Support,Principal,Berlin,212148.0,11.72,1.67,2.0,48,no,yes
E21090,2022-08-12,Sales,Lead,Berlin,154310.0,17.03,2.38,7.7,53,no,no
E21091,2019-05-09,Support,Lead,Berlin,141062.0,12.26,2.98,9.8,8,no,yes
E21092,2021-08-09,Finance,Junior,Austin,49703.0,12.24,2.81,0.5,18,no,no
E21093,2023-09-25,Sales,Senior,Pune,107239.0,12.53,4.67,10.1,18,no,no
E21094,2024-02-11,Finance,Principal,Pune,225450.0,12.71,2.87,4.5,98,no,no
E21095,2021-12-01,Marketing,Senior,Pune,108255.0,5.02,1.02,6.8,25,no,yes
E21096,2015-03-30,Finance,Junior,Austin,52282.0,11.6,4.16,3.9,115,no,no
E21097,2022-12-10,Operations,Mid,Bengaluru,77825.0,18.54,1.79,8.2,62,no,no
E21098,2021-06-04,Operations,Junior,Toronto,51072.0,15.31,3.77,8.6,59,yes,yes
E21099,2018-06-16,Marketing,Mid,Toronto,71164.0,5.32,3.89,0.9,50,no,yes
E21100,2024-03-14,Finance,Senior,Pune,132820.0,3.05,1.66,0.6,106,no,no
E21101,2015-05-28,Finance,Senior,Toronto,128433.0,12.77,3.54,6.7,44,yes,no
E21102,2023-03-13,Finance,Junior,Pune,58795.0,20.27,3.93,4.9,6,no,no
E21103,2023-11-19,Engineering,Mid,Bengaluru,69972.0,8.34,2.0,9.4,39,yes,no
E21104,2021-07-06,Operations,Principal,Pune,189392.0,6.65,1.69,4.7,73,no,no
E21105,2021-01-25,Finance,Lead,Toronto,127701.0,21.46,2.46,0.7,100,no,no
E21106,2022-08-27,Marketing,Lead,Bengaluru,168751.0,13.15,4.8,8.9,68,no,yes
E21107,2021-11-26,Operations,Lead,Bengaluru,170530.0,8.99,3.46,9.6,21,no,yes
E21108,2019-03-28,Finance,Principal,Pune,189435.0,13.62,3.5,9.5,9,yes,no
E21109,2020-01-03,Engineering,Senior,Austin,142933.0,2.24,2.61,5.4,89,no,no
E21110,2020-11-19,Marketing,Principal,Bengaluru,195385.0,4.86,2.59,4.1,117,yes,no
E21111,2019-08-28,Finance,Principal,Toronto,207669.0,10.77,4.05,1.1,69,yes,yes
E21112,2020-09-23,Engineering,Mid,Bengaluru,72961.0,21.83,2.33,0.2,23,no,yes
E21113,2019-06-21,Engineering,Principal,Pune,228960.0,3.81,1.13,1.9,2,no,no
E21114,2024-09-16,Marketing,Junior,Austin,67512.0,7.27,4.26,4.6,106,no,no
E21115,2024-03-20,Engineering,Principal,Bengaluru,179184.0,19.64,2.49,3.8,27,no,yes
E21116,2016-09-05,Finance,Principal,Berlin,209854.0,21.13,2.14,5.9,26,no,yes
E21117,2020-05-01,Marketing,Lead,Berlin,184424.0,6.45,1.33,9.5,57,yes,no
E21118,2018-11-29,Marketing,Senior,Pune,123367.0,6.79,3.8,2.0,24,no,no
E21119,2021-05-26,Sales,Lead,Berlin,131565.0,20.76,1.76,3.5,3,no,no
E21120,2018-10-05,Finance,Senior,Berlin,103284.0,13.01,3.29,3.8,92,no,yes
E21121,2021-11-11,Finance,Junior,Toronto,59989.0,12.27,1.13,10.1,86,no,yes
E21122,2019-07-12,Marketing,Senior,Pune,127379.0,12.87,1.46,5.5,58,yes,yes
E21123,2017-02-19,Marketing,Mid,Austin,69927.0,18.23,4.28,8.1,8,no,yes
E21124,2021-02-22,Support,Principal,Austin,222594.0,9.94,1.19,4.7,19,no,no
E21125,2017-03-17,Operations,Mid,Toronto,85777.0,11.65,4.69,1.9,120,no,no
E21126,2021-11-04,Finance,Senior,Austin,114268.0,6.72,3.36,0.7,83,no,no
E21127,2021-03-06,Finance,Lead,Pune,165557.0,8.42,3.98,9.0,98,no,yes
E21128,2018-11-03,Sales,Junior,Toronto,67704.0,14.09,2.43,8.5,115,no,no
E21129,2017-05-19,Marketing,Mid,Toronto,99350.0,9.35,3.08,10.4,14,yes,no
E21130,2023-07-18,Operations,Senior,Berlin,134516.0,10.65,4.92,6.9,17,no,yes
E21131,2017-01-30,Engineering,Junior,Pune,48826.0,4.03,3.8,10.2,43,no,no
E21132,2019-05-10,Finance,Principal,Pune,197577.0,2.74,3.19,4.9,0,no,yes
E21133,2019-04-11,Marketing,Mid,Bengaluru,85330.0,8.99,3.77,5.6,60,no,no
E21134,2015-04-24,Finance,Lead,Pune,132586.0,3.5,4.91,8.1,73,no,no
E21135,2015-11-14,Marketing,Lead,Berlin,126260.0,16.16,2.83,4.3,91,no,no
E21136,2024-08-25,Sales,Mid,Berlin,101507.0,10.0,4.99,7.6,33,no,no
E21137,2015-02-22,Sales,Mid,Pune,97411.0,9.86,2.79,5.0,118,no,no
E21138,2022-12-14,Support,Mid,Pune,100740.0,10.37,1.55,1.2,70,no,no
E21139,2016-10-26,Support,Mid,Austin,91415.0,2.56,3.28,6.5,30,no,no
E21140,2020-05-08,Operations,Mid,Toronto,75118.0,2.2,1.25,7.6,119,yes,no
E21141,2021-05-03,Sales,Mid,Austin,90759.0,7.49,3.92,4.7,96,yes,no
E21142,2016-03-06,Sales,Mid,Bengaluru,91424.0,17.94,2.79,9.8,32,yes,no
E21143,2022-04-21,Engineering,Principal,Pune,166624.0,14.33,4.48,4.3,90,no,no
E21144,2023-09-26,Engineering,Senior,Bengaluru,144447.0,15.34,4.04,4.5,70,no,yes
E21145,2021-11-21,Sales,Lead,Austin,153942.0,8.99,1.26,1.7,95,no,yes
E21146,2020-05-06,Engineering,Lead,Bengaluru,183615.0,8.07,4.24,9.3,108,no,no
E21147,2022-03-09,Support,Principal,Pune,199948.0,17.48,2.85,6.3,63,no,no
E21148,2017-06-22,Marketing,Junior,Berlin,50320.0,20.09,3.67,8.1,88,no,yes
E21149,2022-03-05,Support,Mid,Toronto,76412.0,6.06,2.0,0.6,68,no,yes
E21150,2020-08-05,Support,Junior,Pune,63318.0,9.95,2.45,6.2,54,no,no
E21151,2022-09-04,Engineering,Mid,Toronto,93183.0,0.81,3.96,2.6,44,no,no
E21152,2017-12-04,Support,Senior,Toronto,100930.0,15.75,3.26,8.3,85,no,yes
E21153,2015-12-20,Finance,Principal,Toronto,225244.0,12.52,2.12,0.7,108,no,no
E21154,2024-11-07,Marketing,Junior,Toronto,68008.0,16.78,4.96,4.7,106,no,yes
E21155,2016-04-25,Marketing,Mid,Berlin,86518.0,10.12,1.71,5.6,61,no,yes
E21156,2018-05-01,Engineering,Senior,Bengaluru,109259.0,3.51,1.62,8.7,107,no,no
E21157,2023-11-20,Sales,Mid,Toronto,102305.0,16.91,2.87,7.4,9,no,yes
E21158,2018-04-28,Operations,Senior,Pune,101479.0,13.37,3.47,7.2,92,yes,no
E21159,2024-07-24,Finance,Principal,Pune,216653.0,18.29,3.56,3.4,53,yes,yes
E21160,2017-04-14,Sales,Lead,Bengaluru,131628.0,19.49,3.37,4.2,51,no,yes
E21161,2015-01-09,Support,Principal,Pune,197737.0,0.74,4.97,8.3,44,no,yes
E21162,2021-09-16,Marketing,Mid,Austin,96408.0,5.46,4.36,4.8,58,no,yes
E21163,2019-09-19,Engineering,Junior,Austin,49447.0,2.23,4.83,0.7,80,no,no
E21164,2018-12-12,Operations,Principal,Berlin,193387.0,6.35,4.59,2.8,16,no,no
E21165,2021-10-02,Engineering,Principal,Pune,173237.0,6.47,3.16,3.9,114,no,yes
E21166,2023-10-30,Finance,Principal,Berlin,201900.0,3.21,1.61,1.6,1,yes,no
E21167,2020-02-23,Sales,Senior,Bengaluru,124594.0,20.31,1.44,5.2,38,no,no
E21168,2021-02-28,Sales,Lead,Toronto,141799.0,15.79,3.38,9.8,74,no,no
E21169,2024-06-21,Operations,Lead,Austin,177050.0,19.55,1.11,9.3,23,yes,no
E21170,2020-10-03,Support,Lead,Berlin,161825.0,13.03,1.46,5.3,50,no,no
E21171,2016-01-10,Support,Principal,Pune,208292.0,7.26,1.74,9.1,27,no,yes
E21172,2017-03-14,Operations,Principal,Pune,166370.0,2.35,1.21,8.5,5,no,yes
E21173,2015-04-04,Engineering,Principal,Toronto,163988.0,7.0,4.39,1.2,88,no,yes
E21174,2021-01-09,Operations,Mid,Toronto,82248.0,9.31,4.94,6.2,78,no,yes
E21175,2015-10-08,Operations,Mid,Berlin,82710.0,13.16,1.47,7.2,120,no,no
E21176,2019-11-17,Finance,Principal,Pune,164237.0,19.38,4.77,6.7,100,no,yes
E21177,2017-04-24,Marketing,Mid,Austin,78196.0,20.8,2.14,2.4,35,no,no
E21178,2018-10-10,Engineering,Lead,Pune,154861.0,14.33,4.71,8.9,8,no,yes
E21179,2022-05-12,Sales,Principal,Berlin,180780.0,18.3,2.84,10.3,47,no,yes
E21180,2024-11-14,Support,Senior,Toronto,135981.0,17.9,2.65,10.9,77,no,yes
E21181,2016-08-25,Sales,Junior,Berlin,63142.0,3.52,2.37,4.8,84,no,no
E21182,2018-12-13,Operations,Senior,Bengaluru,121042.0,7.46,3.53,6.7,61,yes,no
E21183,2016-11-06,Marketing,Mid,Toronto,96954.0,19.81,3.35,10.5,58,yes,yes
E21184,2018-12-16,Finance,Mid,Austin,70878.0,13.77,4.81,2.5,49,no,no
E21185,2016-06-19,Support,Mid,Pune,81452.0,10.09,2.38,9.0,41,no,no
E21186,2019-04-05,Marketing,Senior,Bengaluru,108473.0,12.41,1.56,5.1,32,no,no
E21187,2015-06-02,Support,Principal,Berlin,209448.0,20.36,4.68,4.7,1,no,no
E21188,2022-07-08,Engineering,Lead,Austin,140964.0,9.32,4.47,7.8,81,no,no
E21189,2023-08-30,Finance,Mid,Berlin,81447.0,15.31,3.79,10.9,55,yes,no
E21190,2015-04-03,Sales,Junior,Berlin,56060.0,10.35,1.36,2.6,100,no,no
E21191,2022-12-29,Engineering,Senior,Berlin,110424.0,16.54,2.25,1.6,60,yes,yes
E21192,2024-11-20,Operations,Senior,Pune,131228.0,14.13,3.57,10.4,52,no,yes
E21193,2016-09-18,Support,Lead,Austin,153713.0,11.34,2.17,4.1,30,no,no
E21194,2023-06-19,Finance,Senior,Pune,141130.0,18.93,4.18,3.9,101,no,yes
E21195,2017-08-21,Marketing,Junior,Austin,58308.0,13.4,3.54,0.4,50,no,yes
E21196,2019-01-30,Operations,Senior,Bengaluru,102973.0,4.38,4.25,11.0,46,no,no
E21197,2018-07-22,Operations,Principal,Pune,166737.0,16.06,4.55,3.2,97,no,no
E21198,2024-10-31,Support,Senior,Toronto,109189.0,5.58,3.08,6.8,45,yes,yes
E21199,2019-01-13,Finance,Mid,Berlin,98503.0,10.38,1.33,3.8,17,no,no
E21200,2024-06-23,Sales,Junior,Toronto,68482.0,18.53,3.99,7.7,21,no,no
E21201,2021-01-11,Sales,Mid,Toronto,81845.0,9.5,2.68,1.9,61,yes,no
E21202,2021-10-26,Marketing,Senior,Austin,127791.0,19.76,4.92,2.5,36,no,no
E21203,2022-04-07,Operations,Senior,Bengaluru,144350.0,21.44,4.82,8.7,5,no,yes
E21204,2019-04-09,Operations,Senior,Austin,125160.0,19.95,1.3,0.3,26,no,no
E21205,2023-03-16,Support,Junior,Toronto,55903.0,13.32,2.25,5.3,35,no,no
E21206,2024-11-16,Operations,Junior,Bengaluru,57756.0,10.34,4.81,2.4,4,yes,no
E21207,2017-12-28,Sales,Principal,Berlin,169533.0,19.47,3.14,5.5,5,no,no
E21208,2024-07-07,Operations,Junior,Toronto,51236.0,21.97,3.5,6.3,112,no,yes
E21209,2016-08-29,Finance,Senior,Berlin,121699.0,15.86,4.85,3.0,31,yes,no
E21210,2020-03-27,Engineering,Lead,Bengaluru,133143.0,4.11,4.06,4.3,34,yes,no
E21211,2019-10-18,Operations,Principal,Pune,177861.0,18.92,3.02,8.8,104,yes,no
E21212,2023-03-10,Support,Principal,Berlin,168604.0,5.28,2.82,1.2,110,no,yes
E21213,2015-08-19,Sales,Junior,Bengaluru,57082.0,2.52,1.23,2.5,16,yes,no
E21214,2017-01-13,Support,Lead,Pune,181859.0,3.79,2.84,1.4,30,no,yes
E21215,2016-05-09,Engineering,Senior,Toronto,139735.0,5.62,4.46,6.4,55,no,no
E21216,2016-12-11,Finance,Senior,Berlin,140252.0,19.49,3.13,6.0,28,no,no
E21217,2019-09-01,Finance,Mid,Pune,74339.0,1.46,3.73,3.5,16,no,no
E21218,2015-06-26,Support,Senior,Bengaluru,117717.0,12.96,3.44,8.1,116,no,no
E21219,2017-01-18,Marketing,Junior,Pune,58015.0,12.41,4.69,6.8,40,yes,no
E21220,2019-09-29,Operations,Principal,Pune,203617.0,1.57,4.36,6.3,35,no,yes
E21221,2019-09-22,Marketing,Senior,Toronto,126195.0,17.91,2.25,4.4,65,no,yes
E21222,2015-11-19,Sales,Junior,Berlin,50711.0,20.32,4.34,4.8,33,no,no
E21223,2017-07-28,Finance,Principal,Pune,208170.0,21.91,3.44,7.3,40,no,yes
E21224,2022-11-09,Operations,Lead,Bengaluru,177899.0,5.64,4.53,8.6,33,no,yes
E21225,2019-10-21,Finance,Senior,Pune,146156.0,5.05,4.5,10.8,105,no,no
E21226,2016-07-08,Sales,Senior,Austin,105460.0,20.65,2.63,2.3,114,no,yes
E21227,2023-10-17,Support,Mid,Berlin,75785.0,17.79,1.28,8.5,22,no,no
E21228,2019-08-23,Operations,Lead,Pune,179095.0,9.76,4.27,6.3,30,no,no
E21229,2023-05-08,Sales,Principal,Berlin,196948.0,8.11,3.52,9.9,113,no,yes
E21230,2017-08-21,Support,Mid,Berlin,95000.0,6.52,2.43,10.4,40,no,no
E21231,2024-08-26,Sales,Junior,Austin,57821.0,16.02,3.52,3.1,73,no,no
E21232,2017-09-24,Sales,Senior,Berlin,107310.0,5.87,3.52,7.4,1,no,yes
E21233,2024-07-06,Engineering,Junior,Berlin,61774.0,6.07,1.64,0.7,51,no,yes
E21234,2020-09-19,Sales,Mid,Pune,76992.0,18.01,3.34,7.2,100,no,no
E21235,2017-03-10,Engineering,Principal,Berlin,179353.0,7.03,1.67,10.8,7,no,no
E21236,2019-06-18,Support,Junior,Berlin,57522.0,11.6,4.54,6.1,36,yes,no
E21237,2021-06-11,Sales,Junior,Toronto,63853.0,6.88,2.08,5.9,22,no,yes
E21238,2015-03-12,Engineering,Lead,Bengaluru,167767.0,16.04,2.3,5.4,77,no,yes
E21239,2022-01-17,Support,Mid,Toronto,73480.0,14.4,2.58,1.6,97,no,yes
E21240,2021-12-07,Engineering,Mid,Toronto,94212.0,0.9,1.4,10.8,77,no,yes
E21241,2022-10-13,Engineering,Junior,Toronto,61324.0,14.66,3.29,10.4,23,no,yes
E21242,2023-10-27,Support,Principal,Toronto,173061.0,21.94,1.23,8.8,15,no,yes
E21243,2021-05-30,Sales,Lead,Bengaluru,183939.0,6.98,3.8,10.2,80,no,no
E21244,2022-06-15,Operations,Mid,Bengaluru,101664.0,6.81,2.35,10.1,120,no,no
E21245,2023-05-28,Engineering,Senior,Berlin,120758.0,5.82,1.22,9.5,45,no,no
E21246,2015-11-28,Finance,Principal,Toronto,204186.0,20.69,2.35,9.6,82,no,no
E21247,2015-11-05,Finance,Junior,Austin,54828.0,10.45,3.02,3.1,9,no,yes
E21248,2019-11-14,Sales,Senior,Austin,121642.0,6.94,3.79,6.3,60,no,no
E21249,2022-08-28,Finance,Junior,Berlin,48694.0,12.53,4.94,4.4,42,no,no
E21250,2024-01-16,Engineering,Lead,Toronto,179956.0,10.5,2.76,6.4,55,no,yes
E21251,2017-03-09,Sales,Junior,Pune,52126.0,2.02,1.65,7.1,36,yes,no
E21252,2022-04-30,Finance,Senior,Toronto,133592.0,4.82,2.85,9.7,35,no,no
E21253,2019-11-16,Sales,Junior,Toronto,53987.0,5.79,3.15,0.6,13,no,no
E21254,2015-04-02,Operations,Mid,Bengaluru,94836.0,13.45,1.25,0.8,117,no,yes
E21255,2024-04-15,Marketing,Principal,Bengaluru,220221.0,12.49,2.22,8.2,30,yes,no
E21256,2022-11-03,Support,Lead,Toronto,127249.0,3.17,1.89,8.7,43,yes,no
E21257,2024-10-21,Marketing,Lead,Pune,181520.0,2.39,1.66,0.9,36,no,yes
E21258,2020-11-03,Engineering,Mid,Berlin,91134.0,17.09,4.2,5.3,117,no,no
E21259,2024-07-24,Support,Mid,Bengaluru,85053.0,18.69,3.7,7.0,75,no,no
E21260,2017-11-30,Marketing,Senior,Pune,127685.0,14.54,1.38,0.5,75,yes,yes
E21261,2015-02-18,Engineering,Lead,Berlin,139262.0,8.12,1.93,8.7,4,no,no
E21262,2021-01-26,Support,Senior,Austin,143566.0,10.81,2.5,10.1,50,yes,no
E21263,2023-07-07,Support,Senior,Bengaluru,130172.0,17.54,3.68,6.3,115,no,yes
E21264,2022-09-09,Sales,Junior,Berlin,61423.0,19.76,2.7,4.2,55,no,no
E21265,2024-04-02,Sales,Lead,Toronto,155429.0,2.95,2.91,3.3,95,no,yes
E21266,2021-07-18,Support,Lead,Toronto,151268.0,16.87,1.5,3.5,16,no,no
E21267,2023-06-25,Marketing,Principal,Toronto,195675.0,13.97,2.61,9.4,66,yes,no
E21268,2024-08-07,Engineering,Lead,Pune,168540.0,1.66,4.37,6.5,9,yes,no
E21269,2019-07-03,Finance,Junior,Toronto,61381.0,18.26,4.96,0.8,70,no,no
E21270,2015-04-26,Support,Junior,Toronto,65570.0,10.56,3.31,11.0,27,no,no
E21271,2020-08-23,Finance,Senior,Berlin,108996.0,5.45,4.18,5.5,6,no,yes
E21272,2018-03-03,Finance,Senior,Bengaluru,128263.0,14.23,4.63,4.4,45,no,no
E21273,2020-05-25,Marketing,Mid,Toronto,89673.0,0.23,4.88,7.5,24,no,no
E21274,2020-07-30,Finance,Junior,Berlin,66646.0,16.14,2.03,1.6,39,yes,yes
E21275,2022-10-28,Sales,Principal,Toronto,204743.0,6.02,1.89,4.4,71,no,yes
E21276,2016-01-31,Sales,Junior,Austin,49964.0,3.65,4.37,3.9,55,no,no
E21277,2021-07-24,Marketing,Mid,Pune,91267.0,6.12,4.66,7.0,89,no,no
E21278,2024-08-31,Operations,Junior,Pune,49329.0,3.89,3.07,2.8,3,yes,no
E21279,2020-08-11,Engineering,Lead,Berlin,180740.0,14.47,1.01,3.9,108,yes,yes
E21280,2017-04-11,Engineering,Mid,Pune,95481.0,1.18,3.11,8.3,98,no,no
E21281,2016-06-11,Support,Lead,Bengaluru,142664.0,20.34,2.79,3.6,7,no,no
E21282,2019-07-29,Operations,Mid,Austin,101911.0,20.27,3.63,3.8,85,no,yes
E21283,2021-03-08,Finance,Principal,Pune,209595.0,8.43,4.37,2.6,110,no,no
E21284,2023-06-29,Sales,Junior,Austin,51054.0,0.72,4.12,6.2,67,yes,no
E21285,2023-06-18,Marketing,Senior,Bengaluru,111917.0,2.0,1.8,7.7,102,yes,yes
E21286,2018-07-08,Sales,Mid,Berlin,72104.0,4.71,4.11,6.5,17,no,no
E21287,2023-12-16,Support,Lead,Austin,179993.0,3.35,4.77,6.1,113,no,no
E21288,2022-02-22,Marketing,Principal,Bengaluru,169685.0,10.05,1.16,0.9,7,no,no
E21289,2020-04-21,Finance,Lead,Berlin,173439.0,6.48,3.81,1.6,12,yes,no
E21290,2019-01-14,Engineering,Principal,Toronto,213129.0,2.8,4.37,4.6,92,yes,yes
E21291,2016-09-08,Support,Principal,Austin,158605.0,5.11,4.97,4.8,58,no,yes
E21292,2024-05-04,Operations,Principal,Pune,221401.0,8.78,4.51,1.2,23,yes,no
E21293,2015-08-13,Finance,Junior,Austin,63212.0,20.39,2.99,10.1,76,no,no
E21294,2021-04-02,Engineering,Mid,Pune,76999.0,10.94,2.99,9.3,67,no,yes
E21295,2016-03-31,Operations,Junior,Austin,66209.0,13.0,4.14,6.6,62,no,yes
E21296,2018-01-24,Engineering,Mid,Berlin,93329.0,7.44,4.39,4.2,20,no,yes
E21297,2020-07-17,Engineering,Senior,Bengaluru,140063.0,19.46,2.15,6.6,7,yes,no
E21298,2017-07-26,Marketing,Senior,Austin,136600.0,7.34,2.8,10.4,93,no,no
E21299,2024-01-11,Engineering,Principal,Berlin,219145.0,12.09,4.15,7.5,90,no,no
E21300,2017-07-08,Finance,Principal,Toronto,219749.0,14.91,4.51,4.9,17,no,no
E21301,2022-01-02,Sales,Junior,Toronto,53464.0,17.25,2.24,1.9,17,no,yes
E21302,2015-12-25,Marketing,Junior,Toronto,63801.0,8.17,1.09,8.9,5,no,no
E21303,2015-04-28,Support,Principal,Berlin,180578.0,11.47,2.06,9.5,61,no,no
E21304,2017-09-25,Operations,Principal,Bengaluru,220339.0,2.18,3.94,9.4,48,no,yes
E21305,2016-09-21,Sales,Principal,Berlin,177712.0,2.46,1.23,6.1,9,no,yes
E21306,2019-01-20,Finance,Lead,Bengaluru,142675.0,19.55,4.86,0.3,17,no,no
E21307,2017-10-06,Support,Junior,Toronto,61593.0,20.77,1.91,7.0,40,no,no
E21308,2019-09-12,Sales,Lead,Austin,170646.0,4.88,4.2,7.6,52,no,no
E21309,2024-02-10,Support,Senior,Bengaluru,125901.0,18.69,4.47,10.1,49,yes,no
E21310,2021-02-25,Engineering,Mid,Pune,93494.0,7.71,4.99,9.9,86,no,no
E21311,2017-11-14,Marketing,Junior,Austin,64993.0,15.85,2.72,0.6,36,no,no
E21312,2022-07-16,Engineering,Principal,Pune,162120.0,0.05,4.73,6.2,53,no,no
E21313,2020-05-11,Support,Principal,Berlin,198712.0,8.09,3.49,5.0,91,no,no
E21314,2023-12-29,Sales,Principal,Austin,230575.0,4.19,3.49,1.0,52,no,yes
E21315,2018-09-14,Sales,Mid,Pune,93896.0,7.99,2.62,4.9,110,no,yes
E21316,2023-04-21,Finance,Lead,Toronto,183102.0,6.67,2.66,2.5,67,yes,yes
E21317,2020-12-24,Marketing,Junior,Pune,49905.0,17.94,1.74,5.0,5,yes,no
E21318,2023-07-21,Engineering,Principal,Toronto,211593.0,7.75,1.46,8.5,4,no,yes
E21319,2018-08-14,Sales,Principal,Pune,180795.0,0.37,2.34,0.8,80,no,no
E21320,2018-07-08,Operations,Junior,Austin,62376.0,16.79,4.74,8.4,50,no,no
E21321,2016-11-26,Engineering,Mid,Austin,82570.0,18.02,1.98,0.8,45,no,no
E21322,2016-08-05,Marketing,Principal,Berlin,209477.0,17.46,3.35,3.4,72,no,no
E21323,2022-08-03,Engineering,Senior,Berlin,138827.0,12.18,3.67,1.0,55,no,no
E21324,2016-12-02,Marketing,Junior,Pune,61982.0,10.7,2.76,8.6,32,no,no
E21325,2022-09-13,Support,Senior,Toronto,101649.0,18.57,4.59,4.3,112,yes,yes
E21326,2018-04-13,Marketing,Senior,Berlin,110655.0,11.75,3.06,2.0,32,no,yes
E21327,2021-05-27,Finance,Junior,Toronto,48636.0,16.06,3.37,5.5,65,no,yes
E21328,2021-05-30,Marketing,Junior,Bengaluru,52301.0,13.47,4.81,8.2,60,no,no
E21329,2020-12-11,Operations,Lead,Berlin,128266.0,10.41,4.37,4.2,43,no,yes
E21330,2020-07-25,Marketing,Principal,Toronto,207763.0,15.62,3.79,4.2,102,yes,yes
E21331,2016-08-06,Operations,Senior,Austin,124002.0,10.5,3.46,7.2,61,no,no
E21332,2020-09-05,Support,Principal,Austin,190850.0,15.17,2.84,10.5,96,no,no
E21333,2020-02-09,Support,Mid,Berlin,93382.0,16.96,1.65,7.9,54,no,no
E21334,2016-03-30,Support,Principal,Pune,207220.0,11.79,3.0,6.2,33,yes,no
E21335,2024-03-19,Marketing,Lead,Pune,151260.0,18.6,2.26,9.5,52,no,no
E21336,2023-04-22,Operations,Mid,Pune,92974.0,15.83,3.96,10.4,65,no,no
E21337,2018-01-26,Sales,Principal,Berlin,191588.0,21.24,2.88,9.3,115,no,no
E21338,2020-10-27,Sales,Junior,Austin,54634.0,12.65,4.45,2.0,19,no,yes
E21339,2015-12-29,Sales,Senior,Bengaluru,112933.0,5.97,1.44,3.9,71,yes,yes
E21340,2018-07-02,Engineering,Lead,Austin,126107.0,1.38,1.1,3.8,76,yes,no
E21341,2021-08-05,Finance,Senior,Pune,143976.0,8.59,1.76,0.9,93,no,no
E21342,2022-11-29,Operations,Mid,Toronto,83624.0,12.6,1.93,6.8,60,no,no
E21343,2023-12-16,Engineering,Lead,Toronto,182620.0,0.94,3.38,5.3,113,no,yes
E21344,2015-12-27,Engineering,Lead,Toronto,141454.0,17.08,2.93,7.7,101,no,yes
E21345,2015-08-29,Support,Principal,Berlin,163674.0,18.98,1.01,8.3,48,no,no
E21346,2016-02-25,Marketing,Senior,Bengaluru,135747.0,5.63,3.76,0.3,50,no,no
E21347,2023-05-18,Finance,Mid,Austin,92550.0,0.83,2.22,0.5,18,yes,yes
E21348,2022-01-26,Engineering,Mid,Berlin,77008.0,9.25,3.33,4.1,101,no,no
E21349,2021-11-18,Engineering,Mid,Toronto,70206.0,14.39,2.13,5.3,52,yes,no
E21350,2018-05-01,Sales,Senior,Bengaluru,139760.0,10.12,4.31,6.7,108,no,no
E21351,2019-02-05,Support,Mid,Berlin,93084.0,10.25,1.35,10.5,21,no,yes
E21352,2015-02-22,Operations,Senior,Pune,141282.0,11.79,4.0,2.2,97,yes,yes
E21353,2017-12-22,Engineering,Mid,Toronto,77570.0,19.26,3.31,3.2,108,no,yes
E21354,2016-02-27,Operations,Mid,Toronto,101954.0,4.59,2.14,9.8,115,no,yes
E21355,2021-12-06,Operations,Senior,Toronto,122742.0,14.92,3.54,2.6,97,yes,no
E21356,2020-11-17,Sales,Senior,Bengaluru,101185.0,12.1,2.67,3.7,49,yes,yes
E21357,2019-01-20,Operations,Principal,Toronto,168930.0,10.89,1.13,8.1,20,yes,no
E21358,2023-02-16,Support,Principal,Toronto,182227.0,4.24,3.74,9.9,55,no,yes
E21359,2018-03-16,Support,Junior,Toronto,62222.0,15.22,2.19,9.7,27,no,no
E21360,2021-04-26,Finance,Senior,Berlin,125807.0,13.21,4.15,0.9,52,no,yes
E21361,2017-11-01,Marketing,Senior,Bengaluru,139795.0,11.46,1.41,7.1,96,no,no
E21362,2017-07-25,Engineering,Lead,Austin,150681.0,18.77,3.16,1.7,56,no,no
E21363,2018-07-12,Marketing,Mid,Berlin,97046.0,8.0,4.03,2.5,25,no,no
E21364,2019-08-05,Engineering,Junior,Bengaluru,47450.0,18.02,1.28,0.4,46,no,yes
E21365,2017-12-26,Finance,Junior,Austin,63959.0,9.81,1.43,1.4,71,no,yes
E21366,2019-04-17,Support,Junior,Bengaluru,51992.0,10.74,1.84,2.3,23,no,yes
E21367,2023-06-26,Sales,Principal,Toronto,167151.0,10.95,4.65,5.6,35,no,no
E21368,2024-03-19,Sales,Junior,Austin,63777.0,17.79,2.97,9.8,70,no,no
E21369,2016-01-27,Engineering,Mid,Bengaluru,74428.0,19.29,2.0,3.9,8,no,yes
E21370,2023-12-20,Support,Senior,Austin,113872.0,13.88,2.02,2.9,52,no,yes
E21371,2016-11-10,Engineering,Principal,Austin,161555.0,12.17,4.24,3.0,29,no,no
E21372,2021-10-15,Operations,Junior,Berlin,68160.0,12.26,2.91,3.8,48,no,no
E21373,2015-01-09,Sales,Principal,Pune,194992.0,11.08,3.87,9.3,98,no,no
E21374,2023-04-06,Engineering,Senior,Austin,103344.0,15.47,4.38,4.2,9,yes,yes
E21375,2016-02-27,Sales,Mid,Bengaluru,94239.0,6.65,3.25,10.1,113,no,no
E21376,2019-05-09,Finance,Principal,Toronto,232187.0,5.78,3.05,8.8,22,no,no
E21377,2015-09-02,Engineering,Mid,Austin,78073.0,12.04,4.04,1.6,119,no,yes
E21378,2016-01-24,Finance,Senior,Pune,106881.0,1.85,4.59,1.3,112,no,yes
E21379,2024-01-25,Operations,Senior,Bengaluru,134813.0,15.72,1.5,2.7,47,no,no
E21380,2016-06-15,Engineering,Lead,Toronto,157868.0,16.71,2.69,9.8,1,no,no
E21381,2020-06-30,Engineering,Senior,Berlin,145607.0,13.31,1.17,0.2,87,no,no
E21382,2018-08-16,Support,Junior,Pune,47222.0,14.44,4.63,3.5,93,no,no
E21383,2024-08-25,Operations,Lead,Bengaluru,151911.0,5.93,4.49,5.4,1,no,yes
E21384,2018-03-15,Operations,Mid,Bengaluru,86535.0,5.62,4.77,3.7,112,yes,no
E21385,2024-01-02,Engineering,Junior,Toronto,57885.0,13.04,1.16,4.2,29,no,yes
E21386,2019-06-16,Support,Mid,Bengaluru,74936.0,6.0,3.22,6.9,22,no,no
E21387,2019-09-02,Sales,Principal,Toronto,189225.0,8.28,4.61,1.1,14,no,no
E21388,2023-01-10,Marketing,Lead,Bengaluru,157419.0,20.54,3.95,2.6,64,no,yes
E21389,2019-10-06,Finance,Mid,Berlin,95004.0,1.12,2.91,3.3,9,no,no
E21390,2015-12-18,Operations,Principal,Bengaluru,210961.0,18.04,3.79,0.4,33,no,no
E21391,2017-03-12,Marketing,Junior,Pune,65937.0,1.1,2.79,3.6,78,no,yes
E21392,2016-04-05,Operations,Lead,Berlin,182581.0,11.76,2.84,10.6,111,no,no
E21393,2021-06-01,Operations,Senior,Berlin,118591.0,2.68,4.18,2.2,89,no,no
E21394,2021-07-03,Sales,Lead,Bengaluru,159717.0,15.29,3.67,6.5,20,no,no
E21395,2018-06-17,Support,Senior,Berlin,130216.0,20.12,2.3,4.3,112,yes,yes
E21396,2022-10-23,Support,Mid,Bengaluru,101013.0,12.56,3.79,6.2,47,yes,no
E21397,2024-01-12,Marketing,Junior,Austin,65584.0,19.44,4.66,2.5,70,no,no
E21398,2015-07-24,Operations,Senior,Toronto,101782.0,21.6,2.27,1.3,39,no,yes
E21399,2018-10-01,Marketing,Principal,Bengaluru,226272.0,6.22,4.57,3.3,53,no,no
E21400,2020-01-31,Support,Mid,Toronto,94111.0,19.37,1.51,5.5,36,no,yes
E21401,2022-12-29,Marketing,Lead,Austin,166095.0,7.15,2.53,10.0,101,no,no
E21402,2017-09-14,Engineering,Principal,Toronto,231867.0,6.92,3.88,6.7,119,no,no
E21403,2019-01-15,Operations,Lead,Toronto,168312.0,5.67,1.89,3.0,105,no,no
E21404,2018-07-10,Marketing,Lead,Pune,145271.0,17.84,2.93,7.8,68,no,no
E21405,2016-01-17,Marketing,Principal,Toronto,167218.0,15.02,1.44,5.7,107,no,yes
E21406,2015-02-06,Operations,Principal,Toronto,202669.0,11.8,1.93,3.9,65,no,no
E21407,2020-03-27,Support,Mid,Toronto,77630.0,20.88,4.39,8.6,47,no,yes
E21408,2015-08-09,Engineering,Mid,Pune,74995.0,5.25,1.93,9.0,70,yes,no
E21409,2021-05-18,Support,Senior,Bengaluru,104802.0,15.47,2.61,0.6,33,no,no
E21410,2021-11-21,Sales,Mid,Toronto,69835.0,4.51,2.95,3.2,12,no,no
E21411,2020-06-30,Finance,Junior,Bengaluru,54609.0,15.62,4.95,8.9,16,no,no
E21412,2016-02-19,Engineering,Mid,Pune,73135.0,19.17,1.68,7.5,118,yes,no
E21413,2020-06-23,Marketing,Principal,Pune,179229.0,0.02,1.91,4.7,25,no,no
E21414,2023-09-05,Sales,Principal,Toronto,231350.0,20.21,2.05,9.0,54,no,no
E21415,2023-09-05,Operations,Mid,Toronto,99178.0,6.08,4.28,7.5,93,no,no
E21416,2015-04-19,Finance,Mid,Austin,72747.0,13.68,4.7,9.4,22,no,no
E21417,2016-01-13,Marketing,Lead,Berlin,143104.0,1.14,1.53,5.3,56,yes,no
E21418,2023-03-10,Operations,Lead,Toronto,165116.0,9.19,1.83,10.3,118,no,no
E21419,2018-04-29,Finance,Senior,Austin,143336.0,1.56,1.5,6.3,52,no,no
E21420,2023-01-19,Support,Junior,Pune,60788.0,18.85,3.96,10.0,116,yes,no
E21421,2018-11-04,Finance,Lead,Austin,174034.0,7.29,4.58,7.0,24,no,no
E21422,2022-07-03,Operations,Junior,Berlin,67149.0,5.16,3.27,5.0,53,yes,no
E21423,2018-12-28,Engineering,Junior,Bengaluru,54071.0,9.69,3.78,3.0,64,no,yes
E21424,2019-03-06,Sales,Principal,Bengaluru,184868.0,17.17,3.76,10.4,13,no,no
E21425,2021-05-29,Engineering,Lead,Berlin,181084.0,13.23,2.0,6.0,54,no,yes
E21426,2016-09-05,Support,Lead,Austin,155479.0,0.55,1.76,10.8,22,yes,yes
E21427,2022-09-13,Marketing,Senior,Pune,118171.0,11.5,1.13,1.8,114,no,no
E21428,2023-11-21,Finance,Lead,Toronto,167018.0,18.07,4.63,6.0,54,no,yes
E21429,2017-04-05,Finance,Mid,Bengaluru,79293.0,14.2,3.98,9.8,83,yes,no
E21430,2016-06-09,Engineering,Junior,Pune,53380.0,5.14,3.85,10.4,62,no,yes
E21431,2017-01-19,Engineering,Junior,Austin,67109.0,18.03,4.9,1.4,61,yes,yes
E21432,2020-01-24,Support,Senior,Austin,144108.0,15.87,4.24,5.9,44,no,no
E21433,2017-08-06,Sales,Senior,Berlin,117888.0,8.23,1.87,4.5,114,no,no
E21434,2020-05-15,Support,Mid,Pune,90741.0,9.6,2.21,7.8,87,no,no
E21435,2022-01-06,Operations,Lead,Austin,130172.0,17.0,2.56,10.3,53,no,no
E21436,2017-02-25,Engineering,Junior,Pune,65264.0,0.9,3.67,2.4,102,yes,no
E21437,2022-05-14,Finance,Mid,Austin,102020.0,5.92,2.86,4.6,8,no,no
E21438,2018-12-05,Finance,Lead,Berlin,160990.0,9.63,1.47,5.2,10,no,no
E21439,2024-09-13,Marketing,Principal,Toronto,231601.0,21.15,4.8,4.0,1,no,yes
E21440,2016-04-01,Support,Senior,Toronto,139030.0,6.06,1.92,1.7,106,no,no
E21441,2024-06-04,Finance,Principal,Berlin,201850.0,19.4,1.5,6.9,76,no,no
E21442,2021-06-20,Engineering,Lead,Berlin,177061.0,20.96,1.97,5.0,41,yes,no
E21443,2015-08-04,Finance,Junior,Austin,64483.0,17.54,1.06,10.0,56,no,no
E21444,2024-03-13,Finance,Lead,Berlin,132177.0,4.24,4.29,5.2,22,no,no
E21445,2018-04-22,Marketing,Principal,Berlin,185926.0,19.29,2.8,3.9,11,no,no
E21446,2017-03-26,Support,Principal,Berlin,219712.0,1.63,2.48,10.0,22,no,no
E21447,2017-05-03,Sales,Senior,Pune,112110.0,6.31,2.41,5.0,70,no,no
E21448,2019-05-08,Marketing,Principal,Toronto,188461.0,14.78,3.03,3.1,74,no,yes
E21449,2018-07-27,Engineering,Lead,Toronto,166080.0,20.18,2.65,9.1,6,yes,no
E21450,2018-02-13,Sales,Mid,Austin,78472.0,16.73,3.42,8.2,44,yes,yes
E21451,2015-06-14,Operations,Mid,Berlin,75093.0,19.75,2.04,4.9,68,no,yes
E21452,2022-01-20,Marketing,Junior,Austin,50358.0,19.53,1.39,6.4,25,no,yes
E21453,2019-02-10,Engineering,Principal,Austin,229747.0,16.27,3.98,8.8,53,no,no
E21454,2018-04-24,Sales,Mid,Bengaluru,75275.0,16.4,4.56,3.1,58,no,no
E21455,2017-06-29,Finance,Senior,Berlin,136790.0,8.68,4.59,4.6,12,no,no
E21456,2017-04-25,Finance,Mid,Austin,84796.0,2.35,4.51,3.1,26,no,yes
E21457,2017-03-19,Sales,Principal,Toronto,211099.0,21.64,4.72,10.8,53,no,no
E21458,2023-08-02,Support,Principal,Pune,192802.0,18.5,3.26,3.2,85,no,no
E21459,2019-01-23,Operations,Mid,Austin,71686.0,13.84,2.68,0.4,56,no,no
E21460,2019-05-04,Finance,Junior,Bengaluru,67576.0,3.37,3.76,8.7,39,no,no
E21461,2019-06-26,Engineering,Junior,Bengaluru,57095.0,11.39,1.58,10.9,11,no,no
E21462,2021-04-25,Engineering,Junior,Austin,56667.0,19.89,3.51,1.9,60,no,no
E21463,2017-12-07,Marketing,Principal,Bengaluru,182632.0,1.61,1.67,5.6,11,yes,no
E21464,2017-03-14,Marketing,Mid,Bengaluru,94877.0,16.72,4.8,2.5,30,yes,yes
E21465,2017-03-10,Finance,Junior,Bengaluru,67047.0,1.63,1.36,5.1,107,no,yes
E21466,2021-06-28,Sales,Principal,Berlin,224100.0,13.47,1.28,9.9,90,no,no
E21467,2015-11-23,Engineering,Lead,Pune,165315.0,0.1,1.53,6.1,107,no,no
E21468,2018-02-02,Finance,Lead,Bengaluru,137563.0,6.23,3.49,4.0,68,no,no
E21469,2016-02-07,Marketing,Lead,Berlin,147446.0,11.01,4.86,10.5,56,yes,no
E21470,2023-05-11,Support,Mid,Bengaluru,74012.0,20.29,2.6,2.8,27,no,no
E21471,2023-06-20,Engineering,Principal,Toronto,199998.0,11.27,2.53,5.3,65,no,yes
E21472,2017-07-20,Finance,Lead,Pune,179711.0,9.29,4.52,10.9,118,no,no
E21473,2023-05-19,Support,Junior,Pune,50830.0,1.23,4.22,3.9,119,no,yes
E21474,2024-03-10,Marketing,Junior,Berlin,67715.0,18.33,4.8,3.1,21,no,yes
E21475,2021-02-25,Operations,Senior,Pune,146189.0,17.13,2.33,10.1,73,no,no
E21476,2018-08-12,Support,Mid,Bengaluru,93482.0,16.65,3.13,7.3,34,no,no
E21477,2017-10-11,Support,Principal,Berlin,161647.0,1.88,4.56,7.5,64,no,no
E21478,2024-10-23,Finance,Lead,Toronto,175557.0,2.93,1.46,2.3,74,no,no
E21479,2016-05-07,Marketing,Mid,Toronto,98967.0,15.35,1.75,6.3,73,no,no
E21480,2024-02-14,Marketing,Senior,Toronto,120033.0,2.9,3.48,10.2,113,no,no
E21481,2015-04-08,Sales,Principal,Toronto,222446.0,18.91,3.33,8.5,106,no,no
E21482,2019-03-11,Support,Senior,Pune,132039.0,8.92,1.77,4.6,4,no,no
E21483,2018-01-07,Sales,Principal,Berlin,220793.0,10.01,3.6,1.2,25,no,yes
E21484,2021-10-30,Finance,Senior,Austin,139571.0,17.8,4.28,3.9,60,no,yes
E21485,2023-09-17,Marketing,Lead,Pune,141863.0,4.64,3.21,4.6,30,no,yes
E21486,2019-12-13,Sales,Lead,Pune,159808.0,19.35,4.39,0.9,16,yes,yes
E21487,2018-09-30,Engineering,Mid,Toronto,96706.0,4.54,3.43,5.5,16,no,no
E21488,2017-02-26,Support,Mid,Bengaluru,70698.0,5.41,2.23,2.8,11,no,yes
E21489,2024-09-07,Support,Principal,Bengaluru,206689.0,13.88,3.13,9.2,9,no,yes
E21490,2022-06-14,Support,Lead,Toronto,158327.0,7.24,1.87,2.9,47,no,yes
E21491,2018-11-11,Support,Principal,Austin,188397.0,1.29,4.95,7.8,99,no,no
E21492,2017-05-07,Operations,Junior,Toronto,54636.0,4.42,3.57,5.1,76,no,yes
E21493,2019-04-09,Marketing,Principal,Pune,168371.0,1.93,1.82,7.4,87,no,yes
E21494,2020-05-25,Finance,Junior,Austin,63168.0,17.17,4.37,1.4,16,yes,yes
E21495,2016-05-06,Operations,Mid,Pune,94788.0,6.83,3.19,2.7,23,no,no
E21496,2017-12-14,Engineering,Lead,Austin,126514.0,0.46,1.32,5.5,103,no,yes
E21497,2019-08-19,Marketing,Junior,Austin,53439.0,10.7,2.69,9.4,67,no,yes
E21498,2021-12-30,Marketing,Lead,Toronto,128406.0,11.32,4.83,4.3,118,yes,no
E21499,2016-11-30,Engineering,Junior,Berlin,68189.0,17.19,2.0,5.2,74,yes,yes
E21500,2021-05-29,Marketing,Mid,Bengaluru,99970.0,8.09,4.78,7.8,4,no,no
E21501,2016-01-25,Support,Lead,Berlin,141518.0,6.44,2.79,0.5,95,no,no
E21502,2015-07-12,Marketing,Principal,Toronto,198345.0,9.16,3.71,4.0,15,no,yes
E21503,2022-09-12,Operations,Junior,Toronto,59105.0,3.13,1.43,6.7,5,no,no
E21504,2019-02-15,Engineering,Lead,Toronto,140229.0,12.78,4.17,2.5,27,no,no
E21505,2019-09-30,Finance,Principal,Toronto,182539.0,1.78,2.93,2.7,21,no,yes
E21506,2023-11-30,Support,Senior,Berlin,124266.0,8.71,1.87,2.4,101,no,no
E21507,2020-07-01,Marketing,Mid,Austin,87156.0,4.61,1.85,2.6,21,no,no
E21508,2016-06-07,Support,Principal,Bengaluru,195173.0,12.69,2.77,9.2,9,no,no
E21509,2023-11-08,Support,Principal,Toronto,209730.0,18.38,4.99,9.7,40,no,no
E21510,2024-10-20,Support,Senior,Bengaluru,120135.0,19.94,3.67,1.4,69,yes,no
E21511,2022-10-20,Support,Principal,Pune,231188.0,17.17,2.45,8.7,10,no,no
E21512,2023-07-21,Sales,Senior,Bengaluru,124913.0,10.63,2.74,10.3,32,no,no
E21513,2024-10-12,Engineering,Senior,Bengaluru,136984.0,10.57,4.22,6.9,25,yes,no
E21514,2020-10-19,Finance,Principal,Toronto,186961.0,19.32,1.36,1.2,37,no,no
E21515,2018-07-02,Operations,Lead,Pune,140046.0,3.19,3.79,4.0,10,yes,yes
E21516,2016-02-18,Marketing,Senior,Austin,124698.0,15.48,2.16,7.8,107,yes,no
E21517,2020-02-27,Engineering,Lead,Austin,134195.0,1.26,2.14,10.4,15,yes,yes
E21518,2023-04-29,Support,Mid,Austin,74079.0,2.35,2.2,6.1,25,no,no
E21519,2024-04-11,Finance,Lead,Austin,161385.0,9.25,1.93,2.9,62,no,no
E21520,2019-10-05,Engineering,Senior,Berlin,134165.0,14.48,1.79,10.3,55,no,no
E21521,2020-02-21,Operations,Mid,Toronto,97530.0,0.03,3.44,1.9,90,no,no
E21522,2018-09-09,Engineering,Mid,Austin,73240.0,13.32,1.41,7.0,81,no,no
E21523,2018-03-26,Operations,Junior,Berlin,62575.0,5.14,2.07,7.9,50,no,no
E21524,2018-11-02,Support,Junior,Berlin,59136.0,7.8,2.56,4.2,95,no,yes
E21525,2020-03-31,Support,Principal,Bengaluru,161880.0,16.34,2.77,4.5,74,yes,yes
E21526,2016-11-22,Operations,Senior,Bengaluru,135254.0,20.23,4.87,9.1,10,no,no
E21527,2021-04-08,Support,Principal,Austin,162788.0,17.53,3.05,4.8,7,yes,yes
E21528,2016-05-20,Engineering,Senior,Toronto,131086.0,4.23,1.8,5.1,39,no,yes
E21529,2021-03-06,Operations,Principal,Austin,204859.0,13.85,2.74,9.6,2,no,no
E21530,2021-06-15,Sales,Principal,Pune,165907.0,19.62,1.2,6.1,108,yes,no
E21531,2023-02-17,Engineering,Lead,Bengaluru,142730.0,0.54,1.34,7.1,83,no,no
E21532,2024-07-28,Operations,Lead,Berlin,179443.0,14.67,2.17,7.7,107,no,no
E21533,2020-08-04,Operations,Mid,Bengaluru,94498.0,0.33,2.54,6.6,120,yes,no
E21534,2015-08-09,Engineering,Lead,Austin,178629.0,15.19,4.37,10.5,24,no,no
E21535,2018-09-11,Marketing,Junior,Bengaluru,66991.0,20.13,3.02,7.3,41,yes,no
E21536,2015-12-21,Operations,Junior,Austin,64939.0,5.67,3.14,6.7,58,yes,no
E21537,2016-09-25,Engineering,Junior,Pune,58026.0,15.13,1.96,9.6,5,no,no
E21538,2018-05-13,Operations,Senior,Pune,144930.0,12.08,3.78,4.8,104,no,no
E21539,2023-07-19,Marketing,Junior,Toronto,59068.0,4.55,4.8,3.8,33,no,no
E21540,2024-10-16,Marketing,Senior,Bengaluru,118932.0,10.0,1.18,8.3,40,no,no
E21541,2021-02-21,Support,Senior,Austin,124750.0,8.62,4.12,10.1,80,no,no
E21542,2021-03-16,Marketing,Mid,Toronto,75481.0,18.79,1.41,0.5,101,no,yes
E21543,2019-10-26,Marketing,Principal,Berlin,161263.0,16.32,2.67,5.8,47,no,no
E21544,2019-10-07,Sales,Senior,Bengaluru,104461.0,20.76,1.49,10.0,15,no,yes
E21545,2015-06-07,Engineering,Junior,Bengaluru,59401.0,2.59,4.48,3.1,52,no,no
E21546,2019-08-03,Operations,Lead,Pune,145127.0,19.98,2.95,1.4,88,yes,yes
E21547,2022-08-10,Operations,Junior,Austin,63461.0,5.57,1.25,6.3,61,no,no
E21548,2016-03-18,Engineering,Principal,Toronto,171101.0,5.4,2.55,6.5,28,yes,no
E21549,2021-12-29,Marketing,Senior,Bengaluru,116858.0,7.43,3.3,7.5,54,no,no
E21550,2016-03-14,Engineering,Senior,Bengaluru,120343.0,10.29,2.84,7.8,38,no,no
E21551,2024-12-06,Support,Lead,Pune,150221.0,2.2,2.99,1.2,3,no,yes
E21552,2020-04-15,Finance,Mid,Berlin,84220.0,1.14,3.59,1.5,65,no,no
E21553,2023-12-30,Sales,Mid,Pune,83324.0,17.72,4.11,4.6,44,no,yes
E21554,2023-12-09,Operations,Lead,Bengaluru,127710.0,6.89,4.11,5.8,94,yes,no
E21555,2024-06-12,Operations,Senior,Bengaluru,109126.0,0.06,4.32,6.2,117,no,no
E21556,2020-06-01,Operations,Mid,Austin,82230.0,5.95,1.8,4.0,97,no,yes
E21557,2024-10-02,Engineering,Principal,Austin,215729.0,1.47,3.95,0.5,11,no,no
E21558,2023-04-04,Finance,Lead,Pune,163514.0,18.49,2.03,3.1,109,no,yes
E21559,2016-03-20,Sales,Lead,Austin,178853.0,8.37,4.91,6.1,13,no,yes
E21560,2018-05-10,Support,Senior,Pune,120394.0,1.05,3.41,9.5,108,yes,no
E21561,2020-01-21,Support,Senior,Austin,115641.0,10.15,3.96,7.4,61,no,no
E21562,2015-10-26,Operations,Lead,Berlin,130289.0,12.19,3.86,6.5,21,no,no
E21563,2023-07-29,Marketing,Lead,Bengaluru,172420.0,2.61,3.21,0.3,67,no,no
E21564,2021-03-23,Operations,Senior,Berlin,120584.0,20.53,3.61,1.3,81,no,no
E21565,2024-09-06,Engineering,Junior,Bengaluru,66482.0,9.98,3.84,4.6,47,no,no
E21566,2019-05-30,Operations,Junior,Pune,65671.0,18.45,2.42,7.9,109,no,yes
E21567,2021-09-06,Marketing,Junior,Bengaluru,46813.0,13.14,2.73,5.9,104,no,no
E21568,2023-07-26,Marketing,Principal,Bengaluru,187381.0,20.59,2.4,10.4,0,no,no
E21569,2023-11-21,Finance,Lead,Berlin,158105.0,5.07,2.14,7.6,86,no,no
E21570,2020-07-14,Engineering,Principal,Toronto,169298.0,18.09,2.64,7.7,100,no,no
E21571,2018-11-07,Finance,Lead,Berlin,152546.0,19.99,4.35,4.6,87,no,no
E21572,2020-01-01,Finance,Junior,Bengaluru,47834.0,2.67,2.5,5.2,89,no,yes
E21573,2024-11-30,Support,Senior,Berlin,136279.0,2.95,2.75,0.9,42,yes,yes
E21574,2021-03-31,Engineering,Principal,Pune,203996.0,11.95,1.58,6.5,83,no,no
E21575,2015-05-06,Engineering,Lead,Bengaluru,164913.0,1.48,1.16,7.8,61,yes,no
E21576,2024-09-22,Sales,Lead,Toronto,129052.0,3.32,1.46,5.5,17,no,yes
E21577,2019-10-14,Sales,Mid,Austin,89792.0,7.7,2.05,5.0,53,no,no
E21578,2022-07-24,Sales,Principal,Pune,191481.0,6.75,4.3,10.0,77,no,yes
E21579,2022-08-21,Engineering,Principal,Berlin,160405.0,5.58,4.22,7.4,67,no,no
E21580,2024-03-29,Finance,Junior,Austin,61202.0,21.94,3.22,0.9,16,yes,no
E21581,2016-01-26,Engineering,Junior,Austin,53082.0,14.75,4.13,9.3,33,yes,no
E21582,2015-06-06,Engineering,Principal,Austin,186343.0,1.19,3.29,2.1,73,no,no
E21583,2018-11-30,Sales,Lead,Bengaluru,150120.0,0.75,4.77,10.0,65,yes,no
E21584,2017-06-02,Support,Principal,Toronto,222684.0,0.73,1.01,5.6,64,no,no
E21585,2024-03-24,Marketing,Junior,Toronto,50734.0,13.73,1.16,6.6,49,no,no
E21586,2024-04-19,Sales,Principal,Berlin,194627.0,21.69,3.59,7.5,114,yes,yes
E21587,2024-05-24,Sales,Lead,Pune,160116.0,2.24,4.44,2.6,25,yes,no
E21588,2021-08-23,Sales,Mid,Berlin,81957.0,6.72,2.15,2.9,112,no,no
E21589,2015-02-01,Engineering,Mid,Bengaluru,84127.0,3.97,1.11,9.0,94,no,yes
E21590,2015-03-18,Sales,Mid,Austin,93949.0,12.9,4.31,3.8,5,no,yes
E21591,2021-01-26,Marketing,Principal,Austin,223666.0,15.52,1.31,5.9,7,yes,no
E21592,2018-07-31,Finance,Senior,Austin,140103.0,8.04,2.25,7.5,61,no,no
E21593,2016-07-17,Marketing,Mid,Austin,89796.0,20.9,4.81,9.1,103,no,no
E21594,2016-05-31,Operations,Senior,Austin,145811.0,18.81,4.48,1.3,117,no,no
E21595,2018-02-07,Sales,Senior,Austin,101762.0,6.64,4.21,1.7,39,no,no
E21596,2019-12-02,Operations,Senior,Bengaluru,101634.0,20.45,3.61,10.3,84,no,no
E21597,2015-07-21,Operations,Mid,Austin,74944.0,1.36,2.12,3.7,116,no,no
E21598,2015-06-23,Finance,Junior,Bengaluru,61123.0,5.13,3.94,10.2,23,no,no
E21599,2018-06-07,Sales,Senior,Pune,119254.0,16.72,4.46,4.7,97,no,yes
E21600,2016-10-07,Finance,Senior,Toronto,127029.0,15.08,4.37,3.9,94,no,yes
E21601,2019-07-25,Marketing,Senior,Pune,117351.0,11.26,1.89,4.8,25,yes,yes
E21602,2017-04-16,Marketing,Junior,Pune,48926.0,6.84,1.92,1.7,66,yes,no
E21603,2018-09-05,Sales,Lead,Bengaluru,129836.0,15.33,4.08,5.8,102,yes,no
E21604,2021-08-03,Marketing,Principal,Pune,161737.0,11.74,2.92,6.2,80,no,no
E21605,2022-10-02,Support,Principal,Bengaluru,194587.0,17.66,1.98,10.6,5,no,no
E21606,2016-04-03,Marketing,Lead,Berlin,130553.0,6.03,4.69,7.5,93,yes,no
E21607,2018-10-03,Engineering,Mid,Bengaluru,101199.0,1.16,1.2,0.4,83,no,no
E21608,2022-03-14,Operations,Senior,Berlin,104352.0,18.89,4.59,6.9,35,no,yes
E21609,2020-09-03,Support,Mid,Pune,99830.0,3.12,3.66,5.7,86,no,yes
E21610,2016-04-26,Engineering,Senior,Pune,101171.0,4.96,4.61,1.1,48,yes,no
E21611,2018-08-17,Operations,Lead,Pune,156235.0,0.93,4.79,9.3,89,no,no
E21612,2018-10-29,Engineering,Principal,Toronto,224886.0,4.01,1.64,10.6,93,yes,no
E21613,2019-11-22,Marketing,Lead,Austin,146816.0,15.18,2.29,5.9,33,no,no
E21614,2023-10-10,Marketing,Lead,Toronto,166597.0,14.98,4.45,5.3,69,no,yes
E21615,2021-02-09,Finance,Senior,Berlin,103516.0,0.69,3.85,8.2,113,no,yes
E21616,2022-10-05,Engineering,Mid,Toronto,93429.0,19.63,2.93,3.0,83,no,yes
E21617,2016-12-04,Engineering,Lead,Berlin,162653.0,10.61,4.75,6.2,80,no,no
E21618,2019-09-25,Engineering,Junior,Pune,48208.0,15.12,3.88,3.5,27,yes,no
E21619,2017-01-27,Finance,Mid,Berlin,76066.0,12.9,3.78,5.0,34,no,yes
E21620,2022-09-01,Engineering,Lead,Bengaluru,140474.0,10.9,4.11,8.1,97,no,yes
E21621,2018-09-08,Engineering,Principal,Austin,201328.0,18.03,4.18,0.9,67,yes,no
E21622,2019-03-10,Engineering,Principal,Pune,166437.0,0.95,3.67,9.3,4,no,no
E21623,2023-02-26,Support,Senior,Pune,134812.0,6.26,3.66,7.9,92,no,no
E21624,2024-09-18,Marketing,Principal,Berlin,191243.0,8.08,4.79,1.5,22,no,no
E21625,2023-05-19,Engineering,Senior,Bengaluru,123456.0,20.61,4.48,0.3,105,no,no
E21626,2022-05-17,Engineering,Mid,Austin,82721.0,17.11,1.15,4.4,68,no,no
E21627,2017-05-17,Operations,Lead,Toronto,128293.0,8.28,2.04,4.8,18,no,no
E21628,2017-03-21,Finance,Senior,Toronto,115369.0,4.0,4.07,7.7,84,no,yes
E21629,2015-07-02,Sales,Mid,Austin,99846.0,16.05,4.19,4.5,113,no,no
E21630,2016-07-28,Sales,Senior,Austin,116159.0,20.98,2.14,1.7,43,yes,yes
E21631,2016-12-09,Engineering,Junior,Pune,62231.0,11.5,4.88,2.3,102,no,yes
E21632,2016-09-18,Support,Mid,Berlin,96171.0,15.13,3.05,8.6,87,no,no
E21633,2021-12-25,Operations,Lead,Bengaluru,161557.0,2.41,1.69,1.1,73,no,no
E21634,2021-10-25,Engineering,Principal,Toronto,216555.0,17.61,3.21,4.0,72,no,yes
E21635,2022-02-27,Sales,Senior,Berlin,137627.0,21.58,3.41,6.4,5,no,yes
E21636,2015-06-17,Sales,Senior,Toronto,113186.0,4.24,4.12,7.4,77,no,no
E21637,2021-12-22,Finance,Junior,Pune,59845.0,3.88,3.65,9.4,30,no,no
E21638,2024-02-22,Sales,Senior,Bengaluru,124353.0,10.34,1.02,6.9,57,no,no
E21639,2018-12-22,Operations,Junior,Berlin,62876.0,17.95,3.22,1.8,117,no,no
E21640,2018-12-23,Operations,Senior,Toronto,105563.0,20.81,2.02,1.8,117,no,yes
E21641,2018-04-17,Support,Junior,Toronto,53952.0,3.33,2.27,7.2,25,no,no
E21642,2022-01-10,Support,Junior,Bengaluru,55552.0,14.61,3.91,9.0,99,no,no
E21643,2022-11-11,Support,Junior,Pune,50220.0,11.66,3.0,8.1,39,no,no
E21644,2021-02-22,Marketing,Senior,Bengaluru,135489.0,0.78,2.68,1.4,67,no,no
E21645,2018-06-13,Sales,Junior,Austin,53872.0,18.93,1.93,5.1,29,no,no
E21646,2024-06-28,Sales,Lead,Austin,146993.0,14.16,1.21,5.2,49,no,yes
E21647,2021-12-25,Marketing,Mid,Pune,91723.0,20.64,4.4,4.2,64,no,yes
E21648,2021-03-14,Support,Senior,Bengaluru,115203.0,16.48,1.44,5.9,17,no,no
E21649,2024-03-16,Engineering,Lead,Toronto,142518.0,0.5,3.05,7.7,78,no,yes
E21650,2022-08-08,Marketing,Mid,Berlin,71882.0,21.0,4.46,9.6,81,no,no
E21651,2018-03-06,Finance,Mid,Austin,79076.0,9.44,1.2,5.3,53,no,no
E21652,2018-10-14,Support,Principal,Pune,172847.0,12.67,2.49,3.7,52,no,yes
E21653,2020-05-19,Engineering,Mid,Bengaluru,74344.0,18.01,4.08,6.1,21,no,no
E21654,2016-09-05,Support,Lead,Toronto,160977.0,0.33,4.42,9.5,1,no,no
E21655,2024-10-13,Marketing,Mid,Austin,95177.0,7.47,1.49,7.5,24,yes,yes
E21656,2017-10-06,Finance,Mid,Toronto,85460.0,20.47,2.84,1.7,14,yes,yes
E21657,2019-11-17,Support,Mid,Berlin,73245.0,3.39,2.74,0.5,47,no,no
E21658,2021-11-19,Support,Lead,Austin,136643.0,19.91,3.99,0.5,43,no,no
E21659,2024-06-24,Sales,Principal,Bengaluru,177662.0,17.77,1.36,5.6,118,no,no
E21660,2020-04-12,Operations,Principal,Pune,222320.0,1.24,4.12,8.5,57,no,no
E21661,2023-04-12,Marketing,Mid,Berlin,94241.0,1.65,4.98,9.2,94,no,yes
E21662,2024-04-11,Engineering,Lead,Austin,142289.0,12.88,2.33,3.3,107,yes,no
E21663,2022-07-11,Operations,Senior,Toronto,119209.0,9.91,1.63,9.5,70,no,no
E21664,2017-12-28,Support,Mid,Toronto,100857.0,21.31,1.07,1.8,33,no,no
E21665,2017-11-10,Finance,Principal,Bengaluru,180344.0,9.09,1.99,2.9,7,no,no
E21666,2018-02-13,Sales,Lead,Pune,167896.0,18.29,4.2,4.6,50,no,yes
E21667,2021-10-20,Operations,Mid,Toronto,95084.0,8.77,4.69,3.4,21,no,yes
E21668,2015-06-12,Sales,Senior,Berlin,124746.0,5.47,1.21,7.2,58,no,no
E21669,2017-02-09,Marketing,Principal,Austin,206719.0,12.62,3.92,8.7,40,no,no
E21670,2018-05-30,Support,Mid,Austin,101509.0,8.95,2.05,3.4,34,no,no
E21671,2019-12-11,Marketing,Lead,Austin,171943.0,7.85,4.59,2.1,71,no,no
E21672,2019-10-31,Support,Lead,Pune,166493.0,18.87,4.33,5.2,25,no,no
E21673,2020-12-17,Engineering,Lead,Pune,142597.0,3.88,3.84,4.6,34,yes,no
E21674,2020-09-27,Finance,Junior,Berlin,52764.0,6.99,3.34,4.9,45,no,no
E21675,2022-11-28,Engineering,Senior,Berlin,111302.0,7.78,4.07,0.9,50,no,no
E21676,2023-05-09,Operations,Principal,Pune,164793.0,5.7,3.28,4.6,68,no,no
E21677,2017-06-03,Engineering,Junior,Bengaluru,50168.0,7.88,3.02,10.9,54,yes,no
E21678,2019-10-12,Finance,Mid,Bengaluru,88754.0,8.92,1.82,2.0,90,no,yes
E21679,2022-06-16,Marketing,Principal,Austin,178587.0,4.77,3.54,4.8,18,no,no
E21680,2023-03-01,Support,Lead,Toronto,184032.0,21.03,2.94,10.4,89,no,no
E21681,2015-05-22,Operations,Senior,Pune,125599.0,9.21,3.57,0.6,17,no,no
E21682,2016-03-22,Operations,Lead,Bengaluru,128263.0,11.99,4.64,8.6,37,yes,no
E21683,2024-10-16,Operations,Junior,Bengaluru,47860.0,5.92,3.55,1.7,8,no,yes
E21684,2024-07-17,Sales,Lead,Pune,143991.0,19.43,1.19,6.2,114,yes,no
E21685,2022-10-28,Engineering,Lead,Berlin,183185.0,18.58,1.83,4.2,27,no,yes
E21686,2017-12-14,Engineering,Junior,Bengaluru,56310.0,14.65,4.39,9.6,40,no,no
E21687,2019-05-10,Engineering,Junior,Bengaluru,56951.0,9.11,4.0,9.4,90,no,no
E21688,2021-12-23,Engineering,Senior,Pune,104473.0,5.7,4.91,6.9,68,yes,yes
E21689,2022-04-07,Finance,Principal,Pune,218503.0,20.89,4.71,3.7,45,no,no
E21690,2023-11-20,Operations,Principal,Toronto,168944.0,9.05,4.99,4.8,97,no,no
E21691,2024-04-03,Marketing,Junior,Bengaluru,49169.0,12.43,3.12,1.4,104,no,yes
E21692,2018-10-19,Operations,Principal,Toronto,187599.0,21.81,2.04,0.4,89,no,yes
E21693,2023-11-15,Finance,Senior,Toronto,114352.0,8.2,3.56,8.4,105,no,yes
E21694,2015-08-27,Support,Lead,Toronto,167669.0,0.31,3.19,9.3,117,no,yes
E21695,2018-04-06,Sales,Senior,Berlin,101142.0,11.67,2.44,3.6,100,no,yes
E21696,2016-01-01,Support,Principal,Pune,191416.0,21.54,2.59,6.2,14,no,yes
E21697,2022-01-02,Finance,Junior,Austin,56303.0,1.16,3.18,2.4,67,no,no
E21698,2024-11-03,Finance,Junior,Bengaluru,50259.0,13.88,3.16,10.3,34,no,yes
E21699,2021-11-05,Marketing,Mid,Berlin,88299.0,0.58,1.03,1.0,99,no,no
E21700,2019-07-13,Engineering,Junior,Pune,48786.0,15.34,1.45,4.9,68,no,yes
E21701,2015-10-16,Sales,Mid,Berlin,77087.0,6.9,2.21,6.7,23,no,yes
E21702,2020-01-29,Sales,Principal,Berlin,170341.0,9.93,3.67,3.4,101,no,no
E21703,2019-10-04,Finance,Junior,Pune,66209.0,11.85,3.49,4.5,113,no,no
E21704,2021-06-08,Sales,Mid,Austin,91290.0,12.47,1.76,1.3,39,no,no
E21705,2015-05-10,Engineering,Principal,Austin,232258.0,14.73,4.4,0.9,115,no,yes
E21706,2020-03-03,Operations,Junior,Toronto,53008.0,20.68,1.49,6.3,94,no,yes
E21707,2024-10-03,Engineering,Lead,Toronto,163823.0,8.11,2.13,10.7,68,no,no
E21708,2019-02-26,Sales,Principal,Toronto,180247.0,6.37,2.22,4.2,92,no,yes
E21709,2016-05-12,Marketing,Mid,Berlin,99125.0,12.32,2.6,3.4,11,no,no
E21710,2023-12-22,Engineering,Mid,Berlin,98747.0,21.31,4.05,3.7,80,no,yes
E21711,2022-05-04,Engineering,Junior,Austin,51726.0,10.47,1.6,10.1,98,no,no
E21712,2019-05-03,Engineering,Principal,Austin,219156.0,15.72,3.85,8.8,109,no,no
E21713,2019-01-08,Operations,Lead,Bengaluru,129875.0,5.57,4.4,4.8,113,no,no
E21714,2017-07-30,Marketing,Senior,Bengaluru,125212.0,12.61,4.28,3.8,120,no,yes
E21715,2022-02-06,Sales,Senior,Austin,104018.0,18.13,2.03,7.0,45,yes,no
E21716,2018-07-29,Marketing,Junior,Bengaluru,48538.0,18.06,3.52,6.3,39,no,no
E21717,2023-09-01,Operations,Senior,Toronto,101930.0,11.32,3.04,10.3,34,yes,yes
E21718,2023-06-22,Finance,Lead,Toronto,165302.0,16.47,2.56,8.3,87,no,no
E21719,2016-09-18,Marketing,Principal,Pune,199077.0,3.87,2.69,10.3,102,no,no
E21720,2024-07-08,Marketing,Senior,Berlin,141746.0,4.39,2.95,2.8,15,no,yes
E21721,2024-12-05,Operations,Principal,Pune,166304.0,20.29,3.98,7.4,39,no,no
E21722,2022-01-12,Marketing,Lead,Pune,176554.0,10.34,1.76,3.8,67,no,no
E21723,2024-07-13,Finance,Junior,Pune,47599.0,17.92,3.31,4.6,12,no,no
E21724,2018-06-23,Sales,Junior,Toronto,51173.0,1.69,3.39,1.6,106,no,no
E21725,2022-06-01,Sales,Senior,Berlin,127759.0,6.98,4.68,8.3,24,yes,no
E21726,2018-01-23,Sales,Junior,Pune,49412.0,20.8,4.8,7.5,27,no,no
E21727,2019-08-25,Operations,Junior,Toronto,63640.0,8.8,1.74,10.5,12,no,no
E21728,2024-05-21,Support,Junior,Pune,65511.0,6.77,2.37,4.7,110,no,no
E21729,2015-09-30,Sales,Principal,Austin,201606.0,11.66,4.53,6.2,12,no,no
E21730,2022-09-16,Engineering,Lead,Austin,142722.0,0.2,1.58,7.1,104,no,no
E21731,2018-12-20,Marketing,Lead,Bengaluru,153401.0,10.55,4.06,3.1,116,no,yes
E21732,2024-01-04,Finance,Senior,Bengaluru,142693.0,18.68,3.32,5.6,115,yes,yes
E21733,2020-10-18,Finance,Lead,Austin,134793.0,15.77,2.09,7.3,98,no,yes
E21734,2018-10-29,Sales,Senior,Austin,128456.0,11.1,4.92,3.7,21,yes,no
E21735,2016-06-28,Support,Senior,Austin,140038.0,12.26,4.69,2.1,8,yes,no
E21736,2015-07-01,Support,Mid,Bengaluru,89771.0,15.87,2.92,10.1,33,no,yes
E21737,2016-01-26,Sales,Principal,Toronto,174208.0,20.64,2.51,5.9,108,no,yes
E21738,2019-10-15,Sales,Lead,Pune,134150.0,2.05,2.88,2.2,106,no,yes
E21739,2022-03-15,Support,Senior,Toronto,114377.0,8.42,2.97,1.1,26,no,yes
E21740,2022-08-30,Support,Mid,Berlin,85150.0,6.88,2.37,5.4,33,no,no
E21741,2021-07-04,Marketing,Lead,Bengaluru,129691.0,4.67,2.72,5.9,53,no,no
E21742,2020-08-12,Sales,Junior,Pune,48959.0,13.52,3.37,7.8,117,yes,no
E21743,2017-04-06,Marketing,Mid,Bengaluru,83044.0,18.04,4.4,8.2,20,no,no
E21744,2024-06-29,Marketing,Mid,Berlin,83481.0,16.78,1.78,9.1,49,no,no
E21745,2024-10-09,Support,Lead,Berlin,159708.0,11.8,4.59,3.3,77,no,no
E21746,2023-03-28,Operations,Principal,Toronto,221905.0,12.59,3.47,5.4,26,no,no
E21747,2020-03-16,Marketing,Mid,Berlin,84339.0,11.85,3.68,10.2,26,no,no
E21748,2024-06-25,Sales,Principal,Bengaluru,180436.0,5.42,4.72,6.9,30,no,no
E21749,2024-08-01,Engineering,Senior,Berlin,118711.0,17.67,4.36,9.4,22,no,yes
E21750,2017-04-21,Support,Lead,Pune,126119.0,18.75,1.75,5.5,73,no,no
E21751,2024-08-06,Support,Mid,Toronto,89375.0,19.78,1.18,3.1,24,yes,no
E21752,2016-10-19,Operations,Principal,Pune,205246.0,8.05,3.04,1.2,62,no,yes
E21753,2019-11-13,Support,Lead,Pune,130133.0,16.46,1.11,4.4,33,no,no
E21754,2023-07-27,Finance,Principal,Toronto,211925.0,2.65,4.52,2.0,68,no,no
E21755,2024-07-23,Support,Mid,Bengaluru,73971.0,7.05,1.28,10.1,31,no,no
E21756,2019-04-10,Marketing,Senior,Toronto,104345.0,8.34,2.78,4.6,11,no,yes
E21757,2023-10-03,Marketing,Lead,Austin,181687.0,4.9,3.79,5.4,11,no,yes
E21758,2023-08-26,Engineering,Lead,Bengaluru,148495.0,15.94,2.51,2.3,23,no,no
E21759,2022-09-30,Operations,Mid,Toronto,83958.0,12.88,3.27,3.3,15,no,yes
E21760,2019-08-03,Engineering,Senior,Toronto,100752.0,15.58,1.35,5.4,71,no,yes
E21761,2017-04-14,Finance,Junior,Bengaluru,47541.0,13.72,4.29,9.3,106,no,yes
E21762,2016-03-20,Support,Lead,Berlin,144580.0,5.02,3.86,7.7,113,no,no
E21763,2021-04-22,Marketing,Senior,Austin,134694.0,19.82,2.96,5.7,70,no,no
E21764,2019-06-05,Support,Senior,Pune,123804.0,10.35,1.64,0.6,23,no,no
E21765,2021-01-25,Support,Principal,Pune,162153.0,0.13,3.3,0.7,42,no,yes
E21766,2020-03-24,Finance,Junior,Pune,61979.0,9.76,3.83,2.9,100,no,no
E21767,2021-02-05,Finance,Mid,Pune,77510.0,16.71,4.24,2.2,98,yes,no
E21768,2024-06-11,Support,Senior,Austin,139613.0,5.06,2.27,0.6,54,yes,no
E21769,2023-03-27,Sales,Senior,Toronto,113971.0,17.4,3.38,3.8,73,no,no
E21770,2018-02-22,Engineering,Junior,Pune,66955.0,14.19,3.68,4.0,116,yes,yes
E21771,2016-07-25,Operations,Principal,Berlin,214747.0,17.38,4.27,2.4,115,yes,no
E21772,2018-04-30,Sales,Mid,Toronto,100695.0,13.03,3.37,4.5,22,no,no
E21773,2015-08-30,Engineering,Mid,Bengaluru,79919.0,3.49,1.19,9.0,19,no,yes
E21774,2020-05-24,Operations,Mid,Berlin,91258.0,14.86,2.04,7.6,54,no,yes
E21775,2017-08-25,Support,Mid,Pune,78721.0,8.59,4.45,6.9,62,no,no
E21776,2015-03-24,Sales,Lead,Pune,161711.0,6.75,1.16,3.9,33,no,no
E21777,2023-11-05,Sales,Senior,Pune,138993.0,5.44,2.41,7.5,78,yes,yes
E21778,2022-02-19,Marketing,Senior,Berlin,144463.0,4.73,3.99,10.1,68,yes,no
E21779,2016-04-08,Sales,Junior,Pune,56850.0,10.69,2.86,6.4,78,no,no
E21780,2024-12-24,Operations,Mid,Pune,93725.0,13.87,3.98,8.6,33,no,no
E21781,2018-09-27,Finance,Mid,Berlin,70203.0,15.9,2.34,9.7,7,yes,no
E21782,2021-08-25,Support,Senior,Bengaluru,132518.0,8.86,2.19,6.2,104,no,yes
E21783,2018-07-24,Support,Principal,Berlin,205117.0,16.8,2.81,9.0,15,no,yes
E21784,2016-12-12,Finance,Senior,Austin,109595.0,3.07,1.58,6.2,8,no,yes
E21785,2023-04-30,Finance,Lead,Austin,163982.0,0.7,1.32,6.9,12,no,no
E21786,2020-01-09,Support,Senior,Toronto,112930.0,8.48,4.2,1.7,96,yes,yes
E21787,2018-09-28,Engineering,Junior,Bengaluru,52209.0,14.62,1.37,9.2,72,no,yes
E21788,2018-06-06,Finance,Senior,Berlin,132129.0,7.47,3.47,9.9,61,no,no
E21789,2018-10-17,Operations,Junior,Austin,53267.0,3.89,2.04,2.5,44,no,no
E21790,2021-06-02,Operations,Principal,Austin,218513.0,2.21,3.17,0.9,17,no,no
E21791,2019-12-24,Marketing,Lead,Pune,167657.0,15.12,1.07,6.9,49,no,no
E21792,2018-05-25,Operations,Senior,Pune,134278.0,6.98,2.83,10.3,45,no,no
E21793,2015-10-18,Finance,Principal,Toronto,181268.0,1.27,2.12,6.4,83,no,yes
E21794,2023-12-14,Sales,Lead,Austin,175532.0,13.99,4.32,3.4,11,no,no
E21795,2017-06-06,Operations,Senior,Berlin,112617.0,14.79,1.98,9.1,86,no,yes
E21796,2019-02-13,Sales,Lead,Pune,182697.0,5.11,2.29,8.1,71,no,no
E21797,2022-10-06,Support,Junior,Austin,48107.0,8.76,3.13,8.9,19,no,no
E21798,2021-04-16,Operations,Principal,Toronto,215345.0,12.48,3.05,5.6,71,no,yes
E21799,2016-10-03,Engineering,Senior,Pune,139766.0,18.73,3.47,4.3,72,no,no
E21800,2023-11-16,Sales,Lead,Pune,165637.0,5.03,2.74,6.9,114,no,no
E21801,2017-07-12,Operations,Senior,Toronto,117090.0,8.23,4.51,10.3,71,no,no
E21802,2020-02-28,Support,Senior,Toronto,109128.0,4.51,2.18,7.3,107,no,yes
E21803,2023-01-21,Engineering,Lead,Toronto,128230.0,17.96,4.05,6.8,32,yes,no
E21804,2021-11-13,Engineering,Lead,Toronto,180699.0,3.74,2.53,4.5,45,no,yes
E21805,2019-02-27,Sales,Junior,Pune,52134.0,4.31,2.24,10.2,112,yes,no
E21806,2016-07-04,Engineering,Principal,Bengaluru,218951.0,16.12,3.76,4.1,5,no,yes
E21807,2023-04-15,Operations,Senior,Austin,108346.0,10.48,4.05,5.8,113,no,yes
E21808,2024-08-24,Sales,Mid,Austin,93005.0,2.33,3.69,8.2,34,no,no
E21809,2022-09-03,Marketing,Mid,Pune,93212.0,15.62,3.39,3.7,21,no,no
E21810,2019-11-25,Sales,Junior,Bengaluru,49985.0,20.42,3.76,0.5,106,no,no
E21811,2016-02-26,Support,Senior,Austin,126550.0,17.56,1.95,8.2,45,yes,no
E21812,2015-05-18,Marketing,Junior,Berlin,48877.0,12.7,1.82,1.3,21,no,no
E21813,2022-06-04,Sales,Lead,Berlin,149979.0,2.45,1.07,3.2,79,no,yes
E21814,2018-06-18,Engineering,Mid,Berlin,88454.0,21.93,1.11,8.7,10,no,yes
E21815,2020-01-28,Finance,Senior,Toronto,135538.0,8.57,3.16,6.2,84,no,no
E21816,2017-10-22,Marketing,Principal,Pune,189646.0,3.33,2.85,1.3,94,yes,no
E21817,2018-09-25,Support,Junior,Austin,61249.0,6.97,2.11,2.8,46,no,no
E21818,2018-11-15,Engineering,Lead,Bengaluru,156536.0,4.03,2.84,9.1,58,no,no
E21819,2015-05-04,Support,Principal,Toronto,160537.0,20.01,3.44,5.6,35,no,no
E21820,2016-09-21,Operations,Senior,Pune,124188.0,18.6,1.41,6.4,103,yes,yes
E21821,2016-03-26,Engineering,Mid,Pune,98210.0,10.67,2.05,3.1,92,no,yes
E21822,2015-11-20,Support,Lead,Bengaluru,162789.0,12.32,4.72,4.4,80,no,yes
E21823,2020-09-21,Sales,Lead,Berlin,177369.0,12.3,4.37,1.1,105,no,yes
E21824,2019-04-18,Operations,Senior,Bengaluru,120019.0,20.55,1.38,1.9,24,yes,no
E21825,2020-11-13,Operations,Mid,Pune,84942.0,21.93,4.79,3.9,107,no,yes
E21826,2021-05-15,Operations,Principal,Pune,212688.0,2.2,4.96,7.0,115,no,yes
E21827,2021-05-04,Support,Lead,Austin,133616.0,3.22,2.08,3.6,42,yes,no
E21828,2017-10-10,Finance,Principal,Toronto,208165.0,10.48,4.03,8.5,2,no,no
E21829,2024-12-15,Support,Principal,Austin,166390.0,13.08,1.09,8.2,114,no,yes
E21830,2021-09-02,Support,Principal,Berlin,187635.0,8.93,2.93,1.4,114,no,no
E21831,2019-02-26,Operations,Principal,Toronto,205463.0,8.02,3.49,5.7,30,no,no
E21832,2023-04-26,Marketing,Principal,Berlin,200132.0,1.86,3.32,6.5,32,no,no
E21833,2021-06-24,Sales,Lead,Berlin,170768.0,9.89,3.29,2.2,86,no,no
E21834,2017-11-01,Finance,Junior,Berlin,47080.0,19.91,2.01,3.8,92,no,no
E21835,2020-03-23,Marketing,Junior,Austin,65277.0,20.19,2.52,5.9,47,no,no
E21836,2017-12-14,Marketing,Senior,Bengaluru,135947.0,6.91,2.01,10.8,11,yes,yes
E21837,2018-11-21,Engineering,Principal,Berlin,177587.0,4.31,4.97,3.0,87,no,no
E21838,2017-01-14,Support,Junior,Berlin,50039.0,13.62,4.4,9.2,5,no,no
E21839,2020-09-20,Operations,Junior,Bengaluru,61497.0,3.21,4.48,8.1,83,no,yes
E21840,2022-05-31,Engineering,Principal,Bengaluru,222727.0,18.41,4.8,5.4,105,yes,no
E21841,2023-06-13,Finance,Mid,Bengaluru,100973.0,17.58,4.22,1.4,102,no,no
E21842,2022-04-02,Finance,Senior,Berlin,122766.0,0.65,1.98,9.9,99,no,no
E21843,2021-01-13,Sales,Mid,Pune,78574.0,15.04,4.97,3.0,96,no,no
E21844,2023-03-27,Sales,Mid,Toronto,74943.0,2.73,4.52,6.6,87,no,no
E21845,2015-11-05,Engineering,Lead,Austin,146854.0,15.51,3.31,6.5,113,yes,no
E21846,2018-07-30,Operations,Mid,Toronto,84669.0,1.42,4.15,2.4,50,no,no
E21847,2018-01-08,Finance,Principal,Pune,159196.0,18.12,2.34,1.1,79,yes,no
E21848,2022-10-19,Engineering,Junior,Austin,47369.0,19.74,3.02,7.7,37,no,no
E21849,2016-12-20,Support,Senior,Bengaluru,133227.0,6.03,4.01,5.8,20,yes,no
E21850,2019-11-18,Engineering,Principal,Bengaluru,178611.0,14.49,4.76,2.6,44,no,no
E21851,2018-07-27,Finance,Junior,Berlin,47234.0,19.02,1.17,1.7,43,yes,yes
E21852,2022-09-28,Engineering,Mid,Toronto,91411.0,2.59,3.37,9.4,51,yes,yes
E21853,2017-04-23,Finance,Mid,Berlin,91691.0,19.16,4.39,4.6,68,yes,yes
E21854,2015-07-26,Support,Lead,Austin,170466.0,4.71,4.67,3.1,91,yes,no
E21855,2017-05-29,Operations,Junior,Berlin,52362.0,0.37,4.67,7.1,43,no,yes
E21856,2022-05-14,Marketing,Mid,Berlin,90946.0,19.21,2.05,3.1,46,no,no
E21857,2019-11-22,Finance,Lead,Pune,164659.0,17.54,4.51,3.1,76,yes,no
E21858,2016-10-04,Finance,Lead,Toronto,182403.0,10.5,4.27,8.1,59,no,no
E21859,2019-10-16,Sales,Lead,Austin,145019.0,15.27,2.33,2.8,0,yes,no
E21860,2017-03-31,Marketing,Principal,Austin,176389.0,16.54,3.34,0.7,23,no,no
E21861,2020-04-27,Operations,Senior,Austin,142933.0,5.48,2.08,3.8,46,no,no
E21862,2022-06-21,Engineering,Lead,Berlin,161866.0,12.44,4.8,6.6,34,no,no
E21863,2023-04-01,Finance,Junior,Austin,61176.0,17.45,4.31,0.5,32,no,yes
E21864,2016-09-15,Support,Principal,Bengaluru,172325.0,1.85,1.36,2.8,40,no,no
E21865,2015-07-04,Support,Lead,Austin,155484.0,5.31,3.85,10.5,81,no,yes
E21866,2016-10-30,Marketing,Principal,Austin,178231.0,3.69,1.04,3.8,8,no,no
E21867,2020-06-01,Marketing,Lead,Toronto,158814.0,8.84,4.49,4.4,9,no,yes
E21868,2021-08-05,Support,Mid,Pune,73869.0,15.88,4.38,8.6,105,no,yes
E21869,2017-10-05,Marketing,Junior,Berlin,67712.0,4.37,4.4,5.2,86,no,no
E21870,2019-07-31,Support,Principal,Berlin,230791.0,9.39,2.78,4.7,94,no,no
E21871,2017-11-23,Finance,Senior,Toronto,107956.0,3.49,2.33,5.4,16,no,no
E21872,2017-04-20,Finance,Principal,Berlin,183904.0,15.04,2.47,8.3,110,no,no
E21873,2018-04-20,Support,Mid,Toronto,94830.0,10.36,4.35,3.5,14,yes,yes
E21874,2015-10-21,Operations,Mid,Austin,84861.0,3.56,2.61,6.5,12,no,no
E21875,2024-09-14,Marketing,Senior,Berlin,146710.0,20.64,1.24,1.3,72,yes,no
E21876,2021-10-30,Sales,Senior,Toronto,127353.0,1.92,4.45,3.6,54,no,yes
E21877,2023-10-10,Support,Mid,Bengaluru,93092.0,4.94,4.29,3.6,50,yes,no
E21878,2016-04-08,Sales,Senior,Bengaluru,123577.0,7.13,2.25,7.7,84,no,no
E21879,2019-06-24,Marketing,Lead,Berlin,158965.0,3.48,3.21,8.3,91,no,yes
E21880,2015-06-07,Marketing,Mid,Bengaluru,84381.0,5.8,3.46,4.5,40,yes,no
E21881,2024-12-14,Support,Junior,Austin,56844.0,7.99,1.16,7.8,31,no,yes
E21882,2018-03-06,Support,Principal,Pune,197358.0,1.67,2.87,9.4,115,no,no
E21883,2021-07-16,Support,Junior,Bengaluru,50007.0,1.84,2.72,3.5,1,no,yes
E21884,2016-02-01,Operations,Lead,Toronto,179081.0,14.69,3.67,4.7,77,no,no
E21885,2023-12-15,Support,Junior,Pune,68701.0,12.14,1.48,3.1,95,no,no
E21886,2019-03-16,Support,Senior,Austin,114187.0,9.55,1.25,7.3,1,no,no
E21887,2019-08-02,Support,Mid,Bengaluru,79032.0,3.68,2.87,4.1,82,no,no
E21888,2021-04-10,Marketing,Junior,Austin,61436.0,4.51,1.57,8.5,12,yes,yes
E21889,2021-10-18,Operations,Principal,Pune,158532.0,6.8,1.8,9.7,90,no,no
E21890,2018-11-14,Operations,Lead,Toronto,173358.0,6.06,3.33,10.2,13,no,no
E21891,2019-03-07,Operations,Junior,Bengaluru,48657.0,3.37,4.57,1.3,67,yes,no
E21892,2024-07-03,Marketing,Lead,Berlin,147201.0,6.78,2.26,7.1,10,yes,yes
E21893,2023-07-31,Operations,Junior,Bengaluru,57433.0,0.28,3.6,10.5,85,yes,no
E21894,2022-03-28,Sales,Lead,Toronto,179287.0,4.18,1.19,6.5,77,yes,no
E21895,2019-11-17,Finance,Senior,Toronto,139146.0,3.56,3.73,10.8,79,no,no
E21896,2018-10-12,Support,Junior,Austin,49610.0,16.26,4.82,9.4,36,no,no
E21897,2020-05-25,Engineering,Principal,Berlin,229279.0,7.44,3.06,10.1,35,no,no
E21898,2017-03-23,Engineering,Senior,Berlin,130575.0,0.84,3.08,1.4,89,no,no
E21899,2019-02-06,Marketing,Junior,Pune,68234.0,7.78,3.61,9.1,77,no,no
E21900,2017-04-05,Support,Principal,Pune,187028.0,14.37,1.17,3.1,56,no,yes
E21901,2021-03-28,Operations,Senior,Pune,121450.0,12.89,3.44,7.1,56,no,no
E21902,2019-09-19,Marketing,Lead,Austin,175517.0,16.17,1.09,1.8,83,no,no
E21903,2015-03-04,Engineering,Lead,Berlin,182139.0,12.46,3.01,1.9,8,yes,yes
E21904,2018-03-04,Operations,Junior,Bengaluru,56987.0,10.49,1.62,4.3,109,no,no
E21905,2017-04-15,Sales,Junior,Toronto,49511.0,17.73,4.18,6.4,28,yes,no
E21906,2017-09-16,Sales,Mid,Pune,94771.0,3.75,3.18,4.1,119,no,yes
E21907,2015-04-21,Operations,Junior,Pune,54777.0,17.97,2.13,5.4,17,no,no
E21908,2015-02-01,Marketing,Junior,Toronto,67540.0,3.37,3.05,7.3,81,no,no
E21909,2015-07-18,Finance,Mid,Toronto,80878.0,14.67,3.56,6.4,102,no,no
E21910,2022-05-06,Support,Junior,Austin,52116.0,20.14,4.03,5.0,43,no,yes
E21911,2015-09-04,Finance,Principal,Bengaluru,202679.0,16.15,3.48,5.0,38,no,yes
E21912,2022-03-11,Support,Mid,Berlin,89610.0,0.98,2.97,3.6,36,no,no
E21913,2016-10-19,Engineering,Junior,Toronto,63829.0,14.73,3.53,2.1,14,yes,no
E21914,2018-06-20,Operations,Mid,Bengaluru,73840.0,21.84,1.41,5.9,2,yes,no
E21915,2022-05-09,Finance,Principal,Pune,163784.0,14.32,2.01,2.7,60,no,no
E21916,2017-08-31,Sales,Junior,Toronto,49005.0,16.72,2.13,8.3,34,no,no
E21917,2018-10-18,Support,Junior,Bengaluru,57419.0,9.0,4.55,9.2,84,no,yes
E21918,2021-08-16,Finance,Senior,Toronto,117286.0,21.6,4.0,1.5,53,no,yes
E21919,2020-02-19,Operations,Mid,Pune,92140.0,13.72,2.05,1.4,36,no,yes
E21920,2020-02-16,Engineering,Junior,Pune,68168.0,0.53,3.01,8.7,77,no,yes
E21921,2019-02-17,Finance,Principal,Bengaluru,196253.0,16.35,2.37,11.0,64,yes,no
E21922,2018-05-09,Support,Senior,Toronto,133673.0,0.42,1.01,1.6,109,yes,no
E21923,2024-03-29,Sales,Senior,Pune,116814.0,8.96,2.8,0.9,19,no,yes
E21924,2023-09-28,Support,Principal,Pune,197818.0,4.94,2.28,0.6,13,yes,yes
E21925,2024-09-14,Sales,Senior,Berlin,128721.0,7.86,2.9,8.9,17,no,no
E21926,2017-07-24,Engineering,Senior,Austin,142460.0,18.13,2.65,1.1,48,no,no
E21927,2021-06-06,Support,Junior,Berlin,57257.0,10.76,2.87,8.9,94,no,no
E21928,2018-01-06,Sales,Principal,Toronto,229920.0,5.91,3.86,6.7,23,no,no
E21929,2017-03-19,Finance,Principal,Bengaluru,194828.0,4.56,3.8,0.9,85,no,yes
E21930,2019-11-19,Marketing,Lead,Pune,152808.0,7.37,3.52,11.0,47,no,no
E21931,2015-04-11,Sales,Junior,Austin,50443.0,15.99,1.29,10.0,74,no,no
E21932,2021-02-03,Engineering,Lead,Bengaluru,131711.0,2.07,3.43,2.6,75,no,no
E21933,2018-05-13,Support,Junior,Pune,68673.0,6.98,3.73,10.1,75,no,no
E21934,2020-11-04,Finance,Senior,Austin,127268.0,6.99,3.05,10.4,74,yes,no
E21935,2018-02-08,Engineering,Principal,Pune,192247.0,1.8,2.94,6.4,70,no,yes
E21936,2018-10-05,Operations,Mid,Austin,72962.0,8.23,3.75,2.1,64,no,no
E21937,2024-07-04,Marketing,Mid,Pune,83188.0,12.78,2.13,10.9,103,no,no
E21938,2018-08-02,Marketing,Lead,Austin,126631.0,15.2,2.19,1.8,88,no,yes
E21939,2020-05-06,Finance,Principal,Austin,203608.0,2.96,3.74,4.9,61,no,no
E21940,2017-07-25,Engineering,Mid,Berlin,77204.0,1.69,4.26,11.0,83,no,no
E21941,2018-07-15,Finance,Principal,Berlin,193730.0,11.95,1.35,8.2,68,no,yes
E21942,2015-02-24,Operations,Senior,Austin,147458.0,7.26,3.99,3.8,59,no,no
E21943,2024-11-22,Operations,Senior,Berlin,137950.0,3.88,2.59,6.3,65,no,no
E21944,2024-02-25,Marketing,Lead,Pune,129949.0,8.93,2.82,3.3,103,yes,no
E21945,2021-09-10,Marketing,Senior,Austin,121432.0,16.77,4.18,7.7,61,no,no
E21946,2022-09-15,Marketing,Mid,Toronto,91712.0,6.12,3.94,3.0,78,no,yes
E21947,2022-01-20,Engineering,Principal,Berlin,218495.0,7.07,3.51,6.1,42,no,no
E21948,2020-04-29,Support,Lead,Berlin,152218.0,3.57,3.62,1.9,14,no,yes
E21949,2021-02-05,Engineering,Mid,Berlin,88659.0,2.29,4.37,10.2,84,no,yes
E21950,2022-03-15,Operations,Principal,Toronto,167054.0,15.68,2.05,4.4,19,no,no
E21951,2019-09-28,Support,Junior,Toronto,50991.0,20.23,2.15,2.7,87,no,yes
E21952,2020-11-28,Support,Junior,Bengaluru,51331.0,3.62,4.43,0.5,53,yes,no
E21953,2017-03-19,Engineering,Mid,Austin,76171.0,11.35,1.64,2.0,95,no,yes
E21954,2017-02-23,Operations,Principal,Pune,160245.0,14.16,1.95,7.7,15,no,no
E21955,2019-12-15,Finance,Mid,Berlin,96552.0,13.76,2.35,9.6,4,no,no
E21956,2019-12-02,Sales,Junior,Austin,64235.0,9.53,1.33,1.0,81,yes,no
E21957,2016-06-27,Operations,Lead,Austin,153191.0,12.23,2.94,6.9,63,no,yes
E21958,2019-04-27,Finance,Mid,Pune,86158.0,11.31,2.65,2.4,7,no,no
E21959,2015-05-20,Engineering,Senior,Pune,116103.0,9.55,2.22,4.7,16,no,no
E21960,2022-08-13,Support,Lead,Pune,169724.0,6.41,2.04,7.3,79,no,no
E21961,2020-10-11,Engineering,Junior,Berlin,61857.0,5.5,2.06,0.4,9,yes,yes
E21962,2016-03-31,Marketing,Junior,Austin,68289.0,19.52,4.67,4.5,77,no,no
E21963,2016-06-30,Engineering,Principal,Austin,221540.0,3.79,4.32,3.6,100,yes,no
E21964,2024-07-08,Sales,Senior,Bengaluru,140601.0,3.52,2.15,6.5,115,no,no
E21965,2021-10-16,Engineering,Mid,Austin,86519.0,16.36,2.87,10.1,7,no,yes
E21966,2021-04-15,Finance,Mid,Berlin,94775.0,2.03,2.44,1.8,22,no,no
E21967,2023-02-22,Operations,Senior,Berlin,124158.0,3.36,4.25,6.7,49,no,no
E21968,2022-02-23,Marketing,Lead,Toronto,159103.0,17.37,3.56,0.8,55,no,yes
E21969,2016-04-26,Marketing,Principal,Bengaluru,184467.0,19.45,2.92,9.4,119,no,no
E21970,2017-08-11,Operations,Mid,Bengaluru,80656.0,9.59,2.03,4.1,33,yes,no
E21971,2023-08-14,Finance,Senior,Toronto,135955.0,9.52,4.42,8.2,106,no,no
E21972,2017-07-31,Finance,Lead,Bengaluru,135898.0,6.85,3.3,5.3,68,yes,no
E21973,2020-03-29,Support,Mid,Austin,86736.0,18.3,3.72,5.1,42,no,yes
E21974,2018-01-23,Marketing,Mid,Toronto,84181.0,7.18,4.56,2.7,106,yes,yes
E21975,2017-04-25,Marketing,Mid,Austin,72875.0,14.83,2.06,8.3,26,no,yes
E21976,2015-10-08,Finance,Senior,Toronto,119628.0,10.6,2.51,10.3,40,no,no
E21977,2016-11-15,Marketing,Junior,Berlin,49766.0,2.04,1.73,9.6,15,yes,no
E21978,2018-04-12,Sales,Mid,Pune,75225.0,13.51,1.66,4.3,34,no,yes
E21979,2019-07-05,Support,Lead,Pune,141156.0,6.25,2.65,8.4,57,yes,no
E21980,2018-12-09,Operations,Principal,Toronto,195097.0,11.47,1.14,1.4,33,no,no
E21981,2023-08-01,Marketing,Lead,Austin,164505.0,12.8,3.23,2.1,14,no,yes
E21982,2018-10-28,Engineering,Lead,Pune,152826.0,15.85,2.4,0.7,32,no,no
E21983,2015-01-28,Support,Junior,Bengaluru,61381.0,7.54,1.03,3.6,83,yes,no
E21984,2022-06-20,Engineering,Principal,Berlin,180855.0,8.95,1.2,6.1,1,no,no
E21985,2016-06-26,Sales,Mid,Toronto,72017.0,19.76,1.78,6.1,61,no,yes
E21986,2018-11-09,Sales,Mid,Austin,77042.0,2.09,3.17,1.4,55,no,no
E21987,2018-10-06,Engineering,Senior,Bengaluru,125264.0,18.19,4.09,6.2,85,no,no
E21988,2021-02-27,Support,Senior,Toronto,112143.0,8.81,3.63,8.3,89,no,yes
E21989,2024-05-24,Finance,Mid,Toronto,74958.0,16.22,4.7,0.5,90,yes,no
E21990,2016-01-03,Sales,Mid,Toronto,86521.0,17.74,1.72,6.1,9,no,no
E21991,2020-12-30,Support,Principal,Pune,201596.0,0.29,4.65,3.6,98,no,yes
E21992,2018-11-20,Finance,Senior,Toronto,145508.0,15.22,4.46,1.3,40,no,no
E21993,2021-09-02,Sales,Principal,Toronto,223193.0,14.82,3.12,2.1,22,no,no
E21994,2019-11-03,Finance,Junior,Pune,65361.0,7.67,3.96,6.7,47,no,yes
E21995,2021-08-15,Sales,Mid,Austin,75900.0,3.0,1.43,10.2,33,no,yes
E21996,2017-11-04,Engineering,Lead,Austin,183984.0,13.62,1.08,1.0,89,no,no
E21997,2023-03-08,Sales,Senior,Bengaluru,110717.0,3.57,4.92,5.5,61,yes,yes
E21998,2020-01-08,Marketing,Mid,Austin,85238.0,21.3,2.95,10.1,0,no,no
E21999,2017-11-16,Engineering,Senior,Bengaluru,130105.0,1.26,2.19,3.7,90,no,no
E22000,2019-11-26,Finance,Lead,Bengaluru,151208.0,3.97,4.87,10.4,10,no,yes
E22001,2023-12-20,Support,Lead,Berlin,152036.0,5.31,3.9,0.5,69,no,no
E22002,2017-04-10,Operations,Principal,Austin,202138.0,5.47,4.14,10.4,37,no,yes
E22003,2019-06-10,Support,Lead,Bengaluru,180610.0,14.58,1.85,1.0,68,no,no
E22004,2024-10-18,Support,Lead,Austin,150854.0,18.84,3.6,0.8,8,no,no
E22005,2016-02-12,Engineering,Principal,Toronto,197311.0,12.25,2.17,4.8,78,no,no
E22006,2019-09-19,Finance,Principal,Bengaluru,206023.0,3.53,1.24,3.8,76,yes,no
E22007,2021-10-28,Engineering,Mid,Austin,98655.0,15.74,3.98,1.7,68,no,yes
E22008,2023-09-14,Operations,Principal,Pune,210730.0,3.87,1.96,9.6,65,no,yes
E22009,2020-09-10,Finance,Junior,Pune,47028.0,20.69,3.34,6.8,80,no,no
E22010,2024-06-16,Engineering,Senior,Berlin,116542.0,21.52,2.13,9.6,17,yes,no
E22011,2015-12-07,Engineering,Principal,Toronto,205916.0,15.68,1.34,5.1,66,yes,no
E22012,2024-02-14,Engineering,Lead,Pune,146007.0,0.66,4.59,5.6,113,yes,no
E22013,2017-03-18,Finance,Senior,Bengaluru,133063.0,14.97,4.66,9.3,14,yes,no
E22014,2018-09-23,Support,Lead,Toronto,164965.0,5.12,4.1,7.4,75,no,no
E22015,2022-05-21,Marketing,Junior,Toronto,60351.0,2.92,3.41,5.3,58,yes,no
E22016,2016-03-04,Support,Principal,Toronto,184854.0,7.78,2.28,0.9,30,no,no
E22017,2019-08-17,Marketing,Lead,Toronto,155788.0,11.84,1.55,4.2,51,no,yes
E22018,2022-01-24,Sales,Mid,Berlin,77999.0,3.9,3.68,9.8,97,no,no
E22019,2019-02-08,Sales,Mid,Austin,71380.0,3.93,2.69,1.1,71,no,no
E22020,2015-02-24,Finance,Junior,Pune,64682.0,0.93,3.63,4.8,45,no,no
E22021,2015-10-24,Marketing,Mid,Pune,92866.0,11.29,1.71,5.2,12,no,no
E22022,2015-02-02,Engineering,Mid,Bengaluru,99101.0,16.69,4.48,3.5,37,no,no
E22023,2021-10-05,Finance,Mid,Bengaluru,97607.0,18.69,1.5,10.1,24,no,no
E22024,2024-05-02,Finance,Lead,Austin,166622.0,5.76,3.94,9.3,48,yes,no
E22025,2022-08-01,Sales,Senior,Bengaluru,138530.0,18.08,1.39,6.1,95,no,no
E22026,2017-12-29,Sales,Mid,Pune,72413.0,9.85,1.22,4.1,45,no,yes
E22027,2022-07-17,Support,Principal,Austin,166169.0,16.11,2.33,9.2,84,no,yes
E22028,2017-05-03,Operations,Senior,Pune,121588.0,10.28,1.86,4.8,75,no,no
E22029,2021-03-22,Engineering,Mid,Austin,82845.0,20.54,1.65,0.6,89,no,yes
E22030,2021-08-25,Sales,Lead,Berlin,175906.0,16.18,1.29,9.5,39,no,no
E22031,2019-01-25,Support,Mid,Toronto,82782.0,9.0,3.78,6.0,84,no,yes
E22032,2024-03-09,Marketing,Mid,Pune,94941.0,2.03,1.47,1.0,119,no,no
E22033,2015-07-28,Finance,Senior,Pune,132181.0,4.21,4.69,5.2,0,no,no
E22034,2022-12-23,Sales,Mid,Bengaluru,71351.0,12.35,4.08,3.3,24,no,yes
E22035,2024-11-03,Support,Mid,Toronto,76505.0,6.7,2.72,1.5,61,no,no
E22036,2024-10-14,Sales,Principal,Toronto,189073.0,14.48,2.49,7.1,54,no,no
E22037,2018-07-09,Operations,Principal,Toronto,226790.0,2.62,2.87,10.0,63,no,no
E22038,2017-09-23,Finance,Junior,Austin,58887.0,6.45,2.87,6.4,19,no,no
E22039,2021-11-12,Support,Principal,Bengaluru,216175.0,13.42,4.38,7.1,9,no,yes
E22040,2015-02-07,Finance,Junior,Pune,53842.0,21.71,2.9,1.9,42,no,no
E22041,2017-12-17,Finance,Senior,Toronto,141714.0,16.8,2.37,9.8,81,no,yes
E22042,2019-10-16,Sales,Mid,Toronto,82128.0,6.29,4.39,10.4,37,no,no
E22043,2017-03-18,Support,Principal,Berlin,212765.0,2.27,4.88,8.6,17,no,yes
E22044,2021-08-21,Marketing,Lead,Pune,178253.0,19.74,2.03,2.3,59,no,no
E22045,2018-09-29,Marketing,Mid,Pune,100708.0,11.5,1.13,7.3,5,yes,yes
E22046,2020-09-06,Sales,Principal,Berlin,164782.0,21.84,3.63,8.3,88,yes,yes
E22047,2018-06-23,Engineering,Mid,Bengaluru,78201.0,10.52,4.4,5.4,98,no,no
E22048,2023-08-07,Engineering,Senior,Bengaluru,103633.0,5.61,3.58,7.4,33,no,yes
E22049,2023-05-17,Support,Mid,Pune,72855.0,9.79,2.64,7.4,42,no,yes
E22050,2022-12-05,Finance,Lead,Bengaluru,141968.0,8.96,1.78,4.5,12,no,no
E22051,2021-12-19,Support,Principal,Austin,203136.0,18.26,4.4,4.6,70,no,no
E22052,2018-01-11,Support,Junior,Austin,55182.0,1.86,1.37,6.8,116,yes,no
E22053,2023-08-20,Support,Principal,Pune,223911.0,21.29,4.54,8.1,5,yes,no
E22054,2019-01-28,Marketing,Senior,Austin,143418.0,13.07,3.32,8.0,60,no,no
E22055,2017-05-12,Marketing,Lead,Bengaluru,142004.0,2.31,3.83,4.2,11,no,no
E22056,2016-08-21,Sales,Principal,Austin,197987.0,18.14,2.48,3.8,39,yes,yes
E22057,2024-01-22,Engineering,Mid,Austin,85527.0,15.77,4.85,0.2,19,no,no
E22058,2023-03-22,Operations,Senior,Pune,127945.0,0.03,3.54,2.3,44,no,no
E22059,2017-08-25,Support,Junior,Bengaluru,66122.0,7.22,2.68,1.9,71,no,no
E22060,2022-08-27,Marketing,Junior,Toronto,52380.0,5.65,2.22,6.3,50,no,no
E22061,2020-11-12,Support,Lead,Toronto,151371.0,12.61,4.87,1.5,104,no,yes
E22062,2018-02-27,Marketing,Junior,Berlin,66016.0,0.28,3.35,9.3,70,no,yes
E22063,2018-07-08,Engineering,Junior,Toronto,56553.0,2.29,3.78,7.3,34,no,no
E22064,2019-07-07,Engineering,Junior,Toronto,48000.0,18.43,1.69,3.2,44,yes,no
E22065,2023-10-28,Engineering,Senior,Bengaluru,124084.0,19.78,2.09,5.7,26,no,no
E22066,2023-03-02,Engineering,Mid,Berlin,93403.0,15.62,1.38,8.8,30,no,yes
E22067,2017-01-19,Engineering,Principal,Austin,210404.0,13.63,4.58,6.6,19,no,yes
E22068,2015-01-24,Operations,Junior,Toronto,68065.0,20.2,3.49,8.0,28,no,no
E22069,2023-10-28,Finance,Mid,Bengaluru,93102.0,9.85,3.9,2.1,36,no,yes
E22070,2019-02-08,Support,Lead,Austin,144945.0,10.87,4.31,7.7,24,yes,yes
E22071,2016-03-12,Operations,Mid,Bengaluru,84814.0,17.19,4.36,10.5,57,yes,no
E22072,2020-02-04,Finance,Mid,Bengaluru,73219.0,13.23,4.65,3.4,3,no,no
E22073,2016-09-18,Finance,Mid,Toronto,70035.0,12.77,2.42,7.4,6,no,no
E22074,2015-05-31,Sales,Senior,Toronto,144145.0,8.37,4.6,9.2,38,no,no
E22075,2023-06-14,Sales,Principal,Pune,232149.0,14.05,1.43,9.5,96,no,yes
E22076,2017-01-06,Support,Senior,Bengaluru,130724.0,0.14,3.65,4.4,77,no,no
E22077,2023-10-28,Support,Principal,Toronto,225090.0,3.08,4.72,10.1,44,no,no
E22078,2015-06-04,Engineering,Mid,Berlin,81208.0,18.44,4.08,10.9,8,no,no
E22079,2021-02-25,Operations,Junior,Toronto,56227.0,4.53,2.7,4.6,35,no,yes
E22080,2023-03-06,Finance,Mid,Toronto,83536.0,9.22,1.17,7.0,0,no,no
E22081,2019-04-06,Support,Senior,Bengaluru,140495.0,18.97,3.57,9.3,7,yes,no
E22082,2024-05-28,Finance,Mid,Berlin,99543.0,0.04,3.12,2.8,79,no,no
E22083,2017-11-30,Marketing,Lead,Toronto,176363.0,6.65,2.54,8.0,105,no,yes
E22084,2021-02-02,Marketing,Junior,Bengaluru,48146.0,3.82,4.27,4.9,82,no,no
E22085,2015-06-25,Operations,Mid,Toronto,78466.0,14.11,3.49,0.4,67,no,yes
E22086,2023-10-29,Marketing,Lead,Pune,177787.0,7.3,2.16,8.7,31,no,no
E22087,2019-05-05,Finance,Mid,Bengaluru,94932.0,7.04,2.59,1.5,25,yes,yes
E22088,2022-12-04,Operations,Principal,Pune,225246.0,12.54,2.91,8.0,84,no,no
E22089,2020-05-23,Engineering,Lead,Austin,180242.0,20.87,2.35,1.7,118,yes,no
E22090,2024-08-23,Engineering,Mid,Austin,88737.0,19.25,2.73,8.4,14,no,no
E22091,2019-06-12,Support,Senior,Bengaluru,135883.0,4.48,4.96,9.9,3,no,no
E22092,2019-04-19,Support,Senior,Pune,114536.0,4.67,3.23,0.5,114,no,no
E22093,2024-01-02,Support,Mid,Austin,80050.0,1.19,2.62,10.7,7,no,no
E22094,2024-03-24,Engineering,Lead,Pune,184704.0,1.24,2.66,6.4,11,no,no
E22095,2021-02-13,Finance,Mid,Bengaluru,79359.0,21.74,3.97,2.5,57,no,no
E22096,2021-09-12,Sales,Junior,Bengaluru,59256.0,8.5,4.87,3.3,54,no,no
E22097,2019-07-02,Engineering,Junior,Pune,57810.0,17.05,3.35,3.5,103,no,no
E22098,2018-01-31,Marketing,Mid,Berlin,71774.0,13.93,3.75,10.8,11,no,no
E22099,2024-11-26,Sales,Lead,Toronto,159257.0,12.86,2.39,0.5,119,yes,no
E22100,2023-12-30,Operations,Junior,Pune,66713.0,4.03,3.09,5.1,27,no,yes
E22101,2022-02-05,Finance,Mid,Bengaluru,86344.0,17.09,1.23,4.9,12,no,no
E22102,2024-11-27,Finance,Junior,Bengaluru,67483.0,2.14,4.6,7.6,112,no,yes
E22103,2015-09-22,Support,Mid,Berlin,84901.0,9.03,3.76,5.1,41,no,no
E22104,2024-02-02,Sales,Lead,Bengaluru,137775.0,8.37,2.56,6.5,20,no,no
E22105,2020-06-08,Finance,Mid,Pune,100492.0,5.38,2.82,5.5,112,no,no
E22106,2016-11-08,Engineering,Senior,Austin,136628.0,16.22,2.4,6.8,12,no,no
E22107,2016-01-04,Finance,Lead,Bengaluru,148029.0,12.29,2.31,5.2,55,no,no
E22108,2022-10-28,Support,Junior,Toronto,53799.0,17.76,1.18,0.5,26,no,no
E22109,2020-05-23,Operations,Senior,Bengaluru,107040.0,20.82,4.21,2.2,101,no,no
E22110,2016-04-22,Sales,Senior,Austin,126614.0,8.17,1.96,7.8,23,no,no
E22111,2019-07-05,Support,Lead,Bengaluru,178141.0,15.74,4.44,6.9,59,no,yes
E22112,2016-01-24,Marketing,Mid,Austin,80881.0,5.05,1.41,4.5,20,no,no
E22113,2016-02-12,Support,Senior,Berlin,111272.0,3.16,1.93,4.6,68,no,no
E22114,2024-10-13,Marketing,Junior,Bengaluru,53699.0,9.85,4.81,1.5,19,no,yes
E22115,2022-05-21,Support,Junior,Austin,52668.0,8.61,2.75,2.6,83,yes,no
E22116,2015-07-19,Engineering,Senior,Austin,144348.0,14.05,4.55,1.1,36,no,yes
E22117,2020-12-02,Support,Principal,Toronto,196145.0,17.39,4.06,5.5,101,no,no
E22118,2016-07-12,Engineering,Junior,Toronto,64283.0,9.1,4.6,1.3,36,no,no
E22119,2018-04-26,Operations,Principal,Austin,193228.0,11.25,2.55,7.0,73,yes,no
E22120,2021-02-07,Sales,Senior,Austin,110302.0,3.19,1.1,5.6,103,no,no
E22121,2015-06-26,Engineering,Senior,Bengaluru,124025.0,13.73,3.9,3.8,55,yes,yes
E22122,2017-03-23,Marketing,Principal,Pune,165515.0,15.32,1.8,4.5,64,no,yes
E22123,2016-07-08,Engineering,Lead,Pune,138754.0,5.36,3.28,2.7,67,no,no
E22124,2024-02-01,Engineering,Senior,Berlin,108058.0,11.91,2.26,8.0,33,no,no
E22125,2017-05-31,Sales,Junior,Bengaluru,63229.0,0.39,1.88,5.8,94,no,no
E22126,2015-06-10,Operations,Mid,Berlin,89714.0,19.07,2.13,8.0,24,no,yes
E22127,2017-05-26,Finance,Lead,Toronto,145058.0,14.15,1.73,10.3,86,no,yes
E22128,2020-03-20,Operations,Junior,Toronto,58903.0,16.34,4.29,3.2,36,no,yes
E22129,2023-02-13,Finance,Junior,Bengaluru,59896.0,7.77,3.4,8.4,49,yes,yes
E22130,2022-12-06,Sales,Junior,Pune,46884.0,2.64,2.78,8.3,83,yes,yes
E22131,2024-03-25,Finance,Mid,Pune,80663.0,4.02,1.99,8.9,4,no,yes
E22132,2024-07-17,Sales,Senior,Berlin,113230.0,10.01,1.46,3.9,49,no,no
E22133,2023-06-29,Support,Principal,Austin,216032.0,6.72,2.78,3.9,53,no,yes
E22134,2022-08-01,Operations,Principal,Toronto,228844.0,4.14,3.26,7.8,81,no,yes
E22135,2024-06-08,Operations,Senior,Berlin,137577.0,3.22,2.49,0.6,113,yes,no
E22136,2022-08-20,Sales,Principal,Toronto,216144.0,12.95,3.97,9.9,74,no,yes
E22137,2017-12-10,Finance,Lead,Pune,140469.0,4.79,1.78,8.4,102,no,no
E22138,2020-03-06,Sales,Principal,Berlin,160439.0,0.72,3.77,7.2,43,no,no
E22139,2021-04-11,Support,Mid,Toronto,79187.0,2.09,1.88,6.2,41,no,yes
E22140,2020-08-27,Operations,Senior,Toronto,112005.0,3.69,1.33,5.0,101,no,yes
E22141,2024-05-09,Operations,Mid,Pune,81560.0,18.81,5.0,7.8,1,no,no
E22142,2017-07-28,Sales,Senior,Toronto,136575.0,15.31,3.5,8.4,54,no,no
E22143,2023-04-29,Engineering,Principal,Toronto,213071.0,16.81,1.3,3.4,105,no,no
E22144,2019-08-24,Sales,Principal,Berlin,206382.0,5.12,2.63,3.0,98,no,yes
E22145,2019-05-11,Finance,Senior,Bengaluru,107261.0,15.16,2.24,2.8,79,no,no
E22146,2020-01-30,Engineering,Mid,Pune,97603.0,8.55,4.52,0.3,50,no,no
E22147,2023-03-03,Engineering,Junior,Berlin,68688.0,7.39,4.63,9.3,117,no,yes
E22148,2023-10-13,Engineering,Principal,Berlin,166959.0,11.91,3.99,10.4,114,yes,no
E22149,2022-07-03,Marketing,Junior,Austin,56524.0,18.53,2.01,7.3,49,no,no
E22150,2022-12-22,Marketing,Lead,Bengaluru,171783.0,17.37,1.84,4.4,115,no,no
E22151,2018-05-05,Finance,Lead,Austin,176211.0,7.69,4.76,1.3,30,no,yes
E22152,2015-01-02,Marketing,Lead,Pune,165201.0,10.89,4.27,1.1,57,no,no
E22153,2021-11-09,Engineering,Senior,Berlin,128646.0,6.99,4.12,5.9,26,no,no
E22154,2020-08-18,Finance,Junior,Pune,58618.0,13.02,2.93,4.2,67,no,no
E22155,2022-02-10,Operations,Senior,Toronto,100417.0,1.2,3.88,0.7,50,no,no
E22156,2024-03-09,Finance,Principal,Bengaluru,188224.0,14.64,2.35,10.5,64,no,yes
E22157,2017-08-03,Operations,Mid,Pune,74775.0,3.72,2.83,9.1,75,no,yes
E22158,2019-07-27,Engineering,Mid,Austin,88406.0,13.45,2.82,9.3,28,no,yes
E22159,2016-06-02,Marketing,Principal,Pune,217973.0,19.75,4.61,2.3,40,no,yes
E22160,2017-09-30,Sales,Mid,Toronto,102345.0,19.24,4.25,2.5,24,no,no
E22161,2019-10-30,Marketing,Junior,Pune,59216.0,15.07,3.42,2.2,45,no,yes
E22162,2024-03-24,Operations,Senior,Bengaluru,134680.0,19.18,3.5,3.8,50,no,yes
E22163,2019-01-20,Support,Senior,Bengaluru,136423.0,5.4,3.96,4.7,75,yes,no
E22164,2018-05-20,Operations,Senior,Pune,146421.0,11.97,1.29,6.1,62,yes,no
E22165,2017-03-30,Engineering,Mid,Berlin,82958.0,16.68,2.98,9.9,41,no,no
E22166,2015-03-18,Marketing,Mid,Toronto,94398.0,7.81,4.5,7.3,20,yes,no
E22167,2021-01-27,Support,Mid,Berlin,72365.0,17.24,3.75,7.4,81,no,no
E22168,2021-04-14,Engineering,Mid,Toronto,98446.0,16.67,2.93,6.7,39,no,no
E22169,2017-11-03,Finance,Mid,Bengaluru,89219.0,14.76,4.19,5.3,93,yes,no
E22170,2022-10-04,Support,Mid,Berlin,90233.0,21.98,1.26,8.5,91,no,yes
E22171,2016-09-09,Engineering,Junior,Bengaluru,52194.0,9.05,3.67,3.8,12,no,no
E22172,2016-07-17,Engineering,Principal,Bengaluru,220819.0,11.34,3.37,2.9,80,no,no
E22173,2018-10-10,Marketing,Lead,Bengaluru,168807.0,1.47,1.12,8.5,86,no,no
E22174,2017-06-06,Finance,Mid,Austin,74541.0,4.11,1.45,1.3,108,no,no
E22175,2016-04-14,Support,Principal,Toronto,185216.0,13.11,4.65,2.0,64,no,no
E22176,2021-11-23,Finance,Senior,Berlin,132474.0,5.58,3.82,9.4,63,no,no
E22177,2020-10-14,Finance,Senior,Pune,126966.0,11.21,1.19,4.3,51,no,no
E22178,2019-06-18,Finance,Principal,Pune,193919.0,9.81,2.8,8.7,67,no,yes
E22179,2024-05-15,Finance,Junior,Austin,52562.0,5.81,4.2,8.5,33,yes,yes
E22180,2024-11-30,Engineering,Lead,Bengaluru,162837.0,5.98,2.58,6.9,27,yes,no
E22181,2019-12-03,Support,Junior,Pune,68354.0,2.42,1.3,5.1,29,yes,no
E22182,2017-07-10,Engineering,Lead,Berlin,170838.0,13.99,2.87,5.3,101,no,no
E22183,2021-05-01,Sales,Junior,Toronto,64853.0,17.0,3.54,8.1,30,no,yes
E22184,2020-07-25,Sales,Senior,Berlin,116625.0,9.08,4.65,3.7,33,no,yes
E22185,2020-02-19,Support,Lead,Bengaluru,177942.0,5.76,1.0,4.7,74,no,no
E22186,2016-05-05,Sales,Mid,Berlin,72760.0,14.22,3.51,5.5,104,yes,no
E22187,2017-09-15,Sales,Senior,Toronto,116584.0,8.81,3.34,7.6,90,no,no
E22188,2019-03-03,Engineering,Mid,Toronto,86721.0,1.35,3.62,2.0,1,no,no
E22189,2024-04-30,Engineering,Principal,Berlin,227101.0,21.94,2.38,10.4,15,no,no
E22190,2023-05-28,Engineering,Mid,Berlin,86832.0,19.52,2.12,10.0,71,no,no
E22191,2016-07-05,Support,Principal,Bengaluru,215553.0,18.39,2.97,5.8,63,no,no
E22192,2023-03-08,Finance,Mid,Pune,84250.0,3.37,4.29,5.9,110,no,no
E22193,2018-12-23,Marketing,Junior,Berlin,47087.0,21.65,1.04,3.5,56,no,no
E22194,2021-04-05,Marketing,Principal,Austin,224771.0,19.49,2.92,4.0,59,no,yes
E22195,2019-10-19,Engineering,Senior,Austin,142013.0,8.46,4.72,1.2,11,yes,no
E22196,2024-02-06,Operations,Junior,Austin,67110.0,3.49,3.56,4.4,41,yes,no
E22197,2019-04-04,Sales,Junior,Austin,53137.0,13.11,3.87,10.9,23,no,no
E22198,2024-11-04,Finance,Senior,Pune,121178.0,12.31,3.67,8.3,37,no,yes
E22199,2024-04-17,Sales,Senior,Bengaluru,114531.0,20.79,1.6,1.2,9,no,no
E22200,2017-02-21,Marketing,Junior,Berlin,56435.0,17.61,3.41,1.7,51,no,yes
E22201,2022-03-09,Marketing,Mid,Austin,81868.0,7.55,3.29,10.9,47,no,yes
E22202,2018-10-03,Engineering,Mid,Pune,89635.0,18.22,1.69,7.7,53,no,yes
E22203,2019-04-23,Support,Junior,Austin,59986.0,13.19,4.59,9.2,95,no,yes
E22204,2021-12-09,Operations,Principal,Bengaluru,168223.0,4.0,1.79,3.5,34,no,no
E22205,2021-09-22,Operations,Mid,Pune,77160.0,5.6,4.02,7.0,32,no,no
E22206,2020-08-04,Operations,Mid,Toronto,72859.0,14.45,3.49,0.9,17,yes,no
E22207,2016-11-27,Support,Mid,Toronto,94794.0,3.97,1.79,8.0,67,no,no
E22208,2018-06-16,Marketing,Junior,Berlin,66152.0,0.71,1.28,3.9,113,no,no
E22209,2015-06-28,Marketing,Junior,Austin,56012.0,20.48,1.94,7.4,27,no,yes
E22210,2019-09-06,Marketing,Mid,Austin,78815.0,10.9,1.76,0.5,48,no,no
E22211,2016-04-12,Marketing,Lead,Pune,172968.0,19.56,2.58,7.5,93,yes,no
E22212,2024-03-17,Marketing,Lead,Bengaluru,144253.0,3.39,4.98,7.5,30,yes,no
E22213,2020-10-14,Marketing,Senior,Austin,134860.0,1.5,1.9,7.2,88,no,yes
E22214,2023-08-15,Support,Senior,Pune,126072.0,14.05,1.91,5.9,45,yes,no
E22215,2018-05-04,Engineering,Mid,Berlin,78911.0,12.59,2.08,10.8,29,yes,yes
E22216,2020-06-01,Support,Senior,Berlin,146193.0,4.58,1.23,9.6,52,yes,no
E22217,2018-05-10,Operations,Mid,Pune,84123.0,6.87,2.69,4.4,106,yes,no
E22218,2019-02-25,Engineering,Senior,Bengaluru,117715.0,13.25,2.45,10.2,84,no,yes
E22219,2021-03-12,Finance,Junior,Austin,66952.0,12.47,2.08,6.5,79,no,no
E22220,2018-10-09,Support,Senior,Pune,102610.0,2.15,1.47,6.6,23,no,no
E22221,2020-08-06,Finance,Senior,Austin,120993.0,14.47,4.16,2.5,28,no,no
E22222,2022-03-30,Finance,Lead,Berlin,156795.0,15.74,2.12,9.2,104,yes,no
E22223,2020-04-20,Sales,Junior,Toronto,54694.0,4.44,2.52,2.0,90,yes,no
E22224,2023-01-15,Engineering,Principal,Bengaluru,173200.0,10.22,3.45,4.9,51,no,no
E22225,2017-04-06,Support,Lead,Bengaluru,140514.0,6.04,1.2,7.6,62,no,yes
E22226,2023-03-01,Finance,Lead,Pune,128985.0,6.58,2.91,1.4,44,no,yes
E22227,2021-12-09,Support,Junior,Berlin,60233.0,15.26,2.1,1.4,64,no,no
E22228,2016-05-30,Finance,Lead,Austin,158497.0,13.6,1.91,3.4,43,no,no
E22229,2024-02-12,Operations,Senior,Bengaluru,127566.0,20.6,4.31,8.6,113,no,yes
E22230,2020-09-01,Sales,Junior,Austin,63179.0,16.13,3.05,10.1,31,no,yes
E22231,2019-03-04,Marketing,Lead,Berlin,128140.0,19.25,1.42,9.8,70,no,yes
E22232,2020-01-07,Engineering,Mid,Pune,75047.0,1.02,1.29,7.4,109,no,no
E22233,2019-12-08,Operations,Senior,Pune,121160.0,0.38,2.08,1.0,96,no,yes
E22234,2018-01-30,Support,Senior,Pune,113539.0,6.24,2.23,9.6,54,yes,yes
E22235,2022-02-16,Operations,Junior,Toronto,48771.0,7.45,1.74,9.4,94,no,no
E22236,2016-03-07,Engineering,Senior,Austin,136018.0,7.96,3.82,7.1,31,no,yes
E22237,2015-04-17,Sales,Mid,Berlin,71086.0,17.48,4.91,5.8,17,no,yes
E22238,2021-02-21,Engineering,Principal,Bengaluru,191515.0,20.43,1.64,10.5,64,no,no
E22239,2019-09-14,Finance,Lead,Bengaluru,142357.0,4.55,1.46,9.6,49,no,yes
E22240,2022-03-21,Sales,Mid,Toronto,89264.0,13.75,3.79,8.9,18,no,yes
E22241,2024-03-11,Sales,Senior,Austin,117047.0,9.88,1.66,8.6,22,no,no
E22242,2021-10-11,Operations,Senior,Austin,128858.0,20.55,1.78,6.2,115,yes,no
E22243,2021-08-29,Finance,Lead,Austin,155849.0,0.22,2.91,1.9,1,no,no
E22244,2019-02-26,Finance,Mid,Berlin,87237.0,1.85,3.93,3.7,34,yes,yes
E22245,2022-09-18,Engineering,Junior,Austin,57132.0,0.8,1.06,1.6,90,no,no
E22246,2017-04-28,Marketing,Junior,Berlin,62255.0,8.36,1.23,7.1,119,no,no
E22247,2017-06-04,Sales,Principal,Bengaluru,158765.0,4.09,4.6,1.8,54,yes,no
E22248,2016-07-13,Sales,Senior,Toronto,106338.0,11.2,2.0,10.2,60,no,no
E22249,2018-12-27,Marketing,Mid,Berlin,83718.0,1.03,3.09,2.6,92,no,no
E22250,2018-11-05,Finance,Principal,Pune,228916.0,1.85,4.73,7.0,100,yes,yes
E22251,2020-09-17,Support,Principal,Pune,217623.0,7.18,1.49,4.8,27,no,no
E22252,2020-12-25,Support,Junior,Austin,47299.0,21.27,4.02,10.2,3,no,yes
E22253,2017-11-12,Support,Mid,Pune,76041.0,0.14,4.03,2.1,60,no,no
E22254,2023-04-20,Engineering,Mid,Pune,96704.0,0.33,1.68,5.7,104,no,no
E22255,2021-08-24,Sales,Lead,Pune,162146.0,13.84,3.05,8.7,96,no,no
E22256,2017-07-02,Finance,Lead,Berlin,130950.0,4.63,4.54,9.8,90,no,yes
E22257,2016-11-19,Support,Junior,Berlin,51254.0,8.07,4.04,2.1,2,no,no
E22258,2018-06-26,Support,Principal,Pune,210675.0,13.39,3.25,3.3,24,no,yes
E22259,2015-02-19,Support,Junior,Bengaluru,49384.0,8.51,3.68,9.0,92,no,yes
E22260,2024-06-07,Engineering,Mid,Bengaluru,100566.0,6.32,2.5,7.4,9,yes,no
E22261,2018-11-21,Engineering,Senior,Berlin,144401.0,6.56,3.07,5.6,19,no,yes
E22262,2024-07-02,Finance,Junior,Austin,62287.0,16.21,2.3,4.8,103,no,no
E22263,2019-06-24,Sales,Junior,Pune,52290.0,1.0,4.71,9.7,44,no,no
E22264,2016-02-11,Sales,Senior,Bengaluru,145039.0,16.78,3.76,9.8,77,no,no
E22265,2016-01-31,Operations,Senior,Bengaluru,105391.0,5.38,2.83,0.3,15,no,yes
E22266,2016-06-19,Marketing,Lead,Pune,135943.0,17.53,4.91,6.9,36,no,no
E22267,2024-10-02,Engineering,Principal,Toronto,165710.0,10.26,1.43,8.7,40,no,yes
E22268,2016-04-20,Support,Senior,Berlin,103092.0,9.27,1.79,10.0,4,no,no
E22269,2024-06-22,Engineering,Mid,Bengaluru,87867.0,13.57,2.33,10.4,95,no,no
E22270,2016-09-10,Support,Lead,Bengaluru,151163.0,6.71,4.44,8.0,25,no,no
E22271,2021-07-24,Engineering,Principal,Bengaluru,160987.0,7.86,3.19,0.9,62,no,yes
E22272,2017-06-18,Marketing,Principal,Toronto,201035.0,17.43,2.19,1.8,50,no,yes
E22273,2024-01-21,Engineering,Principal,Austin,163714.0,17.9,3.02,6.3,57,yes,no
E22274,2023-03-10,Engineering,Junior,Berlin,63840.0,9.74,3.26,8.7,14,no,yes
E22275,2024-03-13,Support,Mid,Berlin,76824.0,8.49,2.17,10.1,30,no,yes
E22276,2021-11-17,Finance,Senior,Toronto,137103.0,1.23,2.04,3.6,20,no,yes
E22277,2022-07-17,Marketing,Mid,Austin,96038.0,5.51,2.83,7.4,67,no,yes
E22278,2020-07-31,Engineering,Junior,Pune,54467.0,7.86,4.62,5.9,58,yes,no
E22279,2024-04-13,Sales,Principal,Berlin,184731.0,4.83,4.64,7.1,66,no,no
E22280,2018-02-09,Operations,Senior,Austin,131637.0,9.24,3.78,2.9,51,no,yes
E22281,2024-07-13,Operations,Mid,Toronto,74652.0,6.93,4.37,9.5,105,no,yes
E22282,2022-07-27,Finance,Lead,Bengaluru,147114.0,8.39,2.96,8.1,71,no,yes
E22283,2023-05-03,Finance,Junior,Bengaluru,53769.0,16.86,2.62,1.3,37,yes,yes
E22284,2023-02-17,Finance,Mid,Austin,72865.0,19.63,3.48,6.2,91,no,yes
E22285,2017-07-07,Engineering,Senior,Toronto,117048.0,8.92,4.39,0.5,0,no,no
E22286,2018-03-16,Operations,Lead,Bengaluru,147766.0,21.91,3.51,4.1,32,no,no
E22287,2023-10-14,Sales,Lead,Berlin,184128.0,15.8,1.51,4.0,81,no,no
E22288,2017-11-28,Sales,Principal,Pune,165746.0,19.11,4.66,9.6,112,no,no
E22289,2023-07-25,Operations,Principal,Bengaluru,190989.0,4.45,3.8,4.6,23,no,no
E22290,2019-09-05,Marketing,Principal,Toronto,175523.0,11.11,4.51,7.2,78,no,no
E22291,2022-07-08,Sales,Junior,Bengaluru,56665.0,21.04,2.52,8.9,72,no,yes
E22292,2019-09-21,Marketing,Mid,Pune,98110.0,10.33,1.74,0.8,7,no,yes
E22293,2022-07-17,Finance,Junior,Pune,58517.0,14.05,2.77,10.2,33,no,no
E22294,2020-06-27,Finance,Junior,Berlin,47515.0,19.82,3.87,9.8,14,no,yes
E22295,2024-03-19,Sales,Lead,Pune,133662.0,6.38,1.86,5.5,110,no,no
E22296,2016-10-19,Marketing,Lead,Toronto,167365.0,11.78,3.99,4.8,70,no,no
E22297,2019-02-20,Sales,Mid,Bengaluru,73157.0,21.3,4.31,4.0,97,no,no
E22298,2018-10-02,Sales,Lead,Austin,139842.0,10.04,4.59,1.9,107,yes,yes
E22299,2017-01-19,Support,Principal,Bengaluru,215047.0,3.0,1.91,8.7,17,yes,yes
E22300,2019-08-16,Operations,Mid,Bengaluru,78160.0,8.3,2.28,8.5,70,no,no
E22301,2015-03-23,Sales,Junior,Toronto,57664.0,9.8,2.21,8.5,26,no,no
E22302,2018-07-06,Support,Junior,Bengaluru,57030.0,10.49,2.55,7.1,30,no,no
E22303,2022-12-14,Engineering,Mid,Austin,101335.0,18.55,4.65,1.6,99,no,no
E22304,2015-05-02,Support,Principal,Toronto,231098.0,2.1,1.33,10.1,96,no,no
E22305,2022-08-30,Support,Lead,Berlin,137350.0,5.98,3.12,1.8,68,no,no
E22306,2021-01-26,Finance,Junior,Bengaluru,64739.0,3.6,1.42,2.1,36,no,no
E22307,2022-11-07,Sales,Senior,Berlin,108773.0,6.45,1.35,8.5,20,no,yes
E22308,2021-10-08,Finance,Junior,Berlin,48014.0,18.42,4.32,9.1,52,no,no
E22309,2019-02-28,Sales,Junior,Berlin,66269.0,5.87,2.03,8.9,62,no,no
E22310,2019-08-31,Sales,Junior,Pune,63820.0,16.18,1.64,9.5,43,no,yes
E22311,2024-07-06,Operations,Mid,Austin,86704.0,8.21,3.79,10.5,32,no,yes
E22312,2015-11-23,Marketing,Principal,Berlin,166126.0,15.39,1.64,9.0,16,no,yes
E22313,2020-03-18,Marketing,Principal,Toronto,221223.0,11.02,3.07,1.2,45,no,no
E22314,2022-11-09,Finance,Lead,Austin,135936.0,21.17,4.97,6.3,57,yes,no
E22315,2023-11-16,Operations,Junior,Berlin,50387.0,6.66,2.79,10.4,104,no,no
E22316,2018-09-08,Engineering,Senior,Berlin,114218.0,5.27,2.0,6.7,29,no,no
E22317,2023-07-10,Sales,Lead,Berlin,157978.0,0.31,4.47,4.9,99,no,no
E22318,2017-04-20,Marketing,Junior,Austin,68532.0,5.94,4.82,1.4,102,no,no
E22319,2018-07-12,Finance,Lead,Toronto,134004.0,7.1,2.04,3.6,53,no,yes
E22320,2018-03-30,Sales,Lead,Toronto,128586.0,4.95,1.67,8.0,5,no,no
E22321,2022-12-10,Marketing,Senior,Berlin,129482.0,18.62,1.11,8.1,38,yes,yes
E22322,2017-10-05,Support,Mid,Austin,73814.0,13.13,3.87,7.0,99,no,yes
E22323,2023-11-30,Support,Senior,Austin,106461.0,6.73,3.04,8.2,19,no,no
E22324,2019-06-13,Operations,Lead,Toronto,149594.0,12.52,1.84,1.6,74,yes,no
E22325,2015-01-25,Sales,Mid,Pune,81191.0,2.57,2.63,5.3,102,no,no
E22326,2022-11-15,Marketing,Mid,Bengaluru,94772.0,6.57,1.91,3.0,23,no,no
E22327,2022-01-24,Marketing,Mid,Toronto,79958.0,8.01,2.38,6.9,1,no,yes
E22328,2018-07-30,Engineering,Mid,Pune,85702.0,0.93,4.85,3.4,31,no,yes
E22329,2020-08-18,Finance,Mid,Pune,94987.0,4.18,2.45,9.7,73,no,yes
E22330,2020-01-30,Finance,Principal,Bengaluru,227722.0,14.41,4.78,3.8,10,no,no
E22331,2018-04-16,Finance,Junior,Berlin,57265.0,11.86,4.53,1.4,88,no,yes
E22332,2024-04-13,Marketing,Junior,Pune,52923.0,13.01,3.91,9.9,110,no,yes
E22333,2018-09-07,Marketing,Lead,Toronto,167585.0,11.91,3.27,5.7,4,yes,yes
E22334,2021-03-13,Finance,Lead,Austin,143903.0,2.84,2.37,3.0,3,no,yes
E22335,2015-10-30,Operations,Lead,Austin,129749.0,17.19,1.13,2.2,22,no,no
E22336,2018-07-12,Marketing,Mid,Austin,93355.0,2.03,2.19,1.2,89,no,no
E22337,2017-09-13,Marketing,Mid,Toronto,88209.0,13.16,1.29,7.1,36,no,yes
E22338,2021-01-28,Marketing,Junior,Toronto,66442.0,7.89,2.52,5.3,116,no,no
E22339,2021-02-18,Engineering,Senior,Austin,143714.0,17.18,3.78,8.4,103,no,no
E22340,2024-03-17,Marketing,Principal,Berlin,160756.0,19.25,2.74,1.9,107,no,no
E22341,2020-10-13,Support,Junior,Toronto,65212.0,12.1,3.06,9.4,8,no,no
E22342,2018-10-05,Operations,Senior,Berlin,133729.0,1.89,1.09,3.1,27,no,no
E22343,2021-11-11,Sales,Senior,Berlin,146828.0,12.91,3.85,2.0,104,no,no
E22344,2022-07-06,Sales,Senior,Berlin,122386.0,6.28,4.72,5.1,52,no,no
E22345,2015-08-03,Engineering,Senior,Toronto,141987.0,4.62,1.47,10.8,75,no,yes
E22346,2024-12-13,Engineering,Mid,Berlin,80852.0,7.43,3.61,5.4,32,no,yes
E22347,2021-01-06,Support,Mid,Berlin,73991.0,16.44,1.8,4.4,95,no,no
E22348,2023-07-19,Finance,Mid,Pune,96728.0,18.17,4.88,4.6,64,no,no
E22349,2022-12-25,Marketing,Senior,Austin,109246.0,9.29,1.17,0.3,21,no,yes
E22350,2022-04-17,Marketing,Junior,Austin,54631.0,11.55,2.26,2.9,111,no,yes
E22351,2018-07-01,Engineering,Lead,Bengaluru,181324.0,13.66,4.07,1.1,71,no,no
E22352,2023-05-04,Engineering,Lead,Pune,160941.0,18.84,2.13,1.7,98,yes,no
E22353,2015-05-09,Support,Principal,Pune,169151.0,15.77,1.74,1.7,41,no,yes
E22354,2022-09-18,Marketing,Principal,Bengaluru,181122.0,5.12,4.62,4.6,63,no,no
E22355,2017-12-06,Marketing,Lead,Berlin,169586.0,13.15,4.84,4.4,105,no,yes
E22356,2019-12-07,Engineering,Mid,Bengaluru,70644.0,0.36,1.16,4.1,18,no,no
E22357,2017-11-17,Support,Senior,Pune,121206.0,20.65,4.07,10.9,94,no,no
E22358,2019-04-20,Sales,Lead,Austin,134249.0,13.87,3.55,0.5,89,no,yes
E22359,2015-04-03,Sales,Lead,Bengaluru,165469.0,6.57,1.94,3.3,3,no,no
E22360,2016-09-14,Finance,Senior,Berlin,143001.0,17.34,1.97,1.7,54,no,no
E22361,2022-04-12,Finance,Mid,Austin,80487.0,17.76,1.15,4.1,42,yes,yes
E22362,2018-05-15,Operations,Senior,Pune,139084.0,8.43,4.02,8.0,116,no,yes
E22363,2015-06-25,Support,Junior,Bengaluru,53991.0,3.58,4.28,10.5,120,no,no
E22364,2018-05-23,Operations,Senior,Austin,127706.0,17.42,2.39,6.5,99,no,yes
E22365,2024-09-26,Marketing,Junior,Berlin,63358.0,8.53,3.1,9.1,69,yes,no
E22366,2016-07-09,Sales,Senior,Toronto,135671.0,8.71,1.37,6.9,88,yes,no
E22367,2020-06-24,Sales,Principal,Pune,230231.0,19.98,3.63,0.9,107,no,yes
E22368,2019-08-22,Engineering,Principal,Pune,190899.0,17.07,4.04,8.8,46,no,no
E22369,2018-12-10,Marketing,Mid,Pune,87469.0,12.96,4.68,9.6,17,no,yes
E22370,2015-08-17,Sales,Principal,Toronto,222769.0,20.63,3.72,4.6,77,no,no
E22371,2019-03-15,Finance,Senior,Austin,138396.0,14.28,1.19,6.2,101,no,no
E22372,2021-09-15,Sales,Junior,Austin,49497.0,14.04,1.76,9.9,95,no,no
E22373,2017-04-27,Sales,Junior,Pune,63555.0,19.72,4.67,2.0,25,no,no
E22374,2022-11-11,Support,Principal,Bengaluru,229349.0,21.87,4.28,4.3,72,yes,yes
E22375,2016-12-07,Finance,Principal,Pune,174725.0,0.24,4.66,2.2,87,no,no
E22376,2024-04-23,Finance,Lead,Austin,152186.0,13.39,3.83,7.2,26,yes,no
E22377,2019-06-24,Marketing,Junior,Berlin,54438.0,4.3,4.65,4.9,42,no,no
E22378,2015-05-15,Engineering,Lead,Pune,175845.0,19.43,4.92,8.3,20,no,no
E22379,2023-03-23,Sales,Senior,Toronto,115809.0,2.26,2.53,9.1,103,no,yes
E22380,2019-09-05,Support,Junior,Toronto,48689.0,5.1,2.79,6.9,109,no,yes
E22381,2021-10-03,Support,Mid,Berlin,102227.0,18.37,1.27,1.4,35,no,no
E22382,2015-06-17,Marketing,Junior,Austin,55769.0,19.54,1.95,6.1,97,no,yes
E22383,2016-11-30,Support,Principal,Pune,230360.0,6.84,2.24,0.5,50,yes,yes
E22384,2020-03-26,Marketing,Junior,Austin,56244.0,18.96,3.92,9.3,23,yes,no
E22385,2016-07-03,Finance,Mid,Berlin,97109.0,2.52,3.48,9.2,86,no,no
E22386,2020-04-29,Finance,Principal,Berlin,203127.0,0.65,4.77,6.1,88,yes,yes
E22387,2022-10-29,Sales,Principal,Pune,221981.0,10.86,1.5,2.0,30,no,no
E22388,2021-10-05,Marketing,Mid,Toronto,77941.0,4.63,1.57,7.8,93,no,yes
E22389,2021-10-04,Finance,Junior,Austin,59894.0,21.25,1.94,1.4,71,yes,no
E22390,2016-12-05,Operations,Principal,Pune,208448.0,7.6,1.3,8.4,16,no,yes
E22391,2024-09-07,Finance,Senior,Bengaluru,141664.0,0.72,1.42,4.5,80,no,yes
E22392,2019-08-01,Marketing,Senior,Toronto,121093.0,21.96,4.49,10.0,85,yes,yes
E22393,2018-08-20,Engineering,Senior,Pune,139716.0,20.88,3.95,10.1,88,no,no
E22394,2021-08-26,Sales,Senior,Berlin,137005.0,10.55,1.24,8.5,44,no,no
E22395,2017-09-18,Engineering,Lead,Berlin,169580.0,19.79,2.92,4.9,61,yes,yes
E22396,2018-01-08,Engineering,Principal,Toronto,170863.0,13.17,1.34,1.9,11,no,no
E22397,2021-08-16,Support,Senior,Toronto,146961.0,8.49,3.16,10.2,1,no,no
E22398,2021-11-12,Finance,Senior,Austin,147351.0,6.74,1.16,9.9,41,no,yes
E22399,2019-05-07,Marketing,Senior,Toronto,126138.0,0.07,2.96,9.3,23,yes,yes
E22400,2023-10-25,Support,Principal,Berlin,211282.0,11.37,2.86,1.8,45,no,no
E22401,2018-08-05,Marketing,Junior,Austin,67533.0,1.94,1.68,11.0,83,no,no
E22402,2016-06-04,Marketing,Junior,Toronto,49171.0,21.48,2.29,6.2,48,no,yes
E22403,2021-05-15,Operations,Principal,Berlin,213383.0,4.68,4.76,6.4,64,no,no
E22404,2023-04-16,Sales,Mid,Pune,90549.0,20.23,2.47,1.7,62,no,yes
E22405,2020-09-01,Support,Lead,Bengaluru,166109.0,18.94,2.18,6.5,11,no,no
E22406,2018-01-10,Support,Junior,Pune,66590.0,3.32,1.95,5.6,94,no,no
E22407,2022-10-11,Finance,Principal,Austin,221064.0,15.08,4.49,2.9,9,no,no
E22408,2017-10-13,Marketing,Junior,Bengaluru,63259.0,10.05,1.22,3.1,113,yes,yes
E22409,2017-02-09,Sales,Lead,Bengaluru,173258.0,15.59,3.77,2.3,56,no,no
E22410,2019-02-20,Support,Principal,Austin,183566.0,7.04,4.47,0.7,103,no,yes
E22411,2021-08-11,Operations,Principal,Pune,159958.0,12.7,3.65,5.0,78,no,yes
E22412,2017-03-05,Marketing,Junior,Austin,66558.0,14.3,2.34,3.2,12,no,yes
E22413,2024-01-16,Finance,Principal,Pune,220595.0,3.2,2.99,6.1,13,no,no
E22414,2024-11-23,Sales,Junior,Austin,49735.0,7.39,1.26,1.1,79,no,no
E22415,2022-03-29,Engineering,Mid,Pune,95617.0,20.18,1.02,6.7,104,no,no
E22416,2016-02-09,Sales,Mid,Toronto,77050.0,3.06,1.47,1.4,59,yes,yes
E22417,2021-11-11,Engineering,Junior,Austin,68002.0,7.73,3.03,1.8,36,no,no
E22418,2019-08-10,Finance,Lead,Berlin,180963.0,10.82,2.42,8.9,8,yes,no
E22419,2021-03-30,Support,Lead,Pune,147777.0,2.29,4.29,10.7,108,no,yes
E22420,2016-11-16,Sales,Senior,Austin,147143.0,11.11,2.39,8.5,10,no,no
E22421,2023-07-31,Marketing,Lead,Austin,131868.0,17.95,1.62,10.1,93,no,yes
E22422,2016-03-18,Marketing,Principal,Toronto,174077.0,5.87,4.64,4.5,118,yes,yes
E22423,2019-06-24,Support,Senior,Austin,115380.0,3.03,4.52,10.4,107,yes,no
E22424,2018-06-29,Operations,Lead,Austin,145511.0,11.68,1.75,4.5,28,no,no
E22425,2023-08-21,Support,Principal,Pune,210011.0,16.38,2.74,4.8,6,no,yes
E22426,2021-05-12,Sales,Junior,Pune,58529.0,18.04,3.24,0.8,15,no,yes
E22427,2020-04-24,Finance,Junior,Toronto,64276.0,11.96,1.68,7.0,89,no,yes
E22428,2016-01-02,Operations,Principal,Austin,196924.0,19.19,4.73,3.1,31,yes,no
E22429,2022-03-28,Operations,Lead,Toronto,151486.0,7.0,2.52,1.6,109,yes,yes
E22430,2023-07-29,Support,Mid,Bengaluru,90422.0,16.35,3.66,5.3,65,no,yes
E22431,2024-11-05,Operations,Mid,Bengaluru,74251.0,19.44,4.52,7.1,47,no,yes
E22432,2022-03-14,Sales,Senior,Berlin,126251.0,6.55,2.08,7.2,57,no,yes
E22433,2017-02-11,Sales,Senior,Pune,107372.0,9.08,4.31,8.3,66,no,no
E22434,2023-02-17,Finance,Mid,Austin,76106.0,12.33,3.78,7.3,29,no,no
E22435,2020-07-29,Support,Senior,Toronto,118301.0,7.73,4.83,1.2,118,no,no
E22436,2024-09-13,Support,Junior,Toronto,60510.0,3.67,2.13,10.0,15,yes,no
E22437,2015-12-05,Finance,Lead,Pune,146899.0,3.87,1.12,1.5,103,no,yes
E22438,2021-09-02,Operations,Lead,Austin,147969.0,0.87,3.86,1.8,49,yes,yes
E22439,2020-05-29,Finance,Senior,Berlin,132901.0,6.33,3.5,3.0,67,yes,yes
E22440,2017-07-06,Support,Principal,Pune,212394.0,5.3,2.71,0.7,45,no,no
E22441,2021-12-03,Engineering,Lead,Bengaluru,162630.0,13.95,3.6,9.9,19,no,yes
E22442,2021-07-12,Marketing,Mid,Austin,92479.0,3.7,4.16,9.0,23,yes,no
E22443,2021-02-02,Marketing,Junior,Toronto,53960.0,20.52,1.49,2.1,61,yes,yes
E22444,2017-11-16,Finance,Lead,Bengaluru,127343.0,8.15,2.05,10.2,63,no,no
E22445,2020-03-13,Marketing,Lead,Berlin,164055.0,2.96,1.75,0.5,46,no,no
E22446,2016-06-09,Finance,Principal,Berlin,169746.0,11.48,1.69,8.1,53,no,no
E22447,2017-08-18,Finance,Senior,Austin,130266.0,6.84,4.26,6.7,6,no,no
E22448,2022-07-27,Sales,Principal,Berlin,200970.0,9.23,4.48,6.0,45,no,no
E22449,2018-01-30,Finance,Principal,Pune,162123.0,14.76,3.1,7.5,52,no,no
E22450,2016-12-27,Engineering,Senior,Austin,122537.0,6.32,2.36,7.7,41,no,no
E22451,2016-10-01,Marketing,Lead,Pune,184719.0,10.56,1.91,7.4,58,no,no
E22452,2020-10-05,Finance,Lead,Austin,179156.0,7.35,3.28,6.5,3,no,yes
E22453,2015-03-07,Support,Mid,Berlin,70465.0,21.2,4.31,1.7,57,no,no
E22454,2016-10-09,Finance,Principal,Berlin,168282.0,0.59,3.5,2.9,28,no,yes
E22455,2020-02-01,Support,Senior,Toronto,121088.0,8.99,2.12,6.4,72,no,no
E22456,2022-12-07,Finance,Junior,Berlin,51100.0,1.23,2.26,1.5,44,no,yes
E22457,2022-03-10,Operations,Junior,Toronto,50323.0,18.07,2.68,0.7,91,no,no
E22458,2017-01-05,Finance,Principal,Bengaluru,203431.0,9.66,4.05,10.9,31,no,yes
E22459,2024-12-17,Sales,Principal,Pune,229665.0,7.2,2.07,6.1,57,no,yes
E22460,2020-09-09,Engineering,Principal,Toronto,193188.0,15.98,1.28,3.7,77,yes,yes
E22461,2016-10-05,Support,Principal,Bengaluru,190286.0,12.71,4.6,3.7,59,no,no
E22462,2018-09-06,Operations,Mid,Bengaluru,81132.0,17.6,1.65,2.1,87,no,no
E22463,2020-09-14,Sales,Lead,Toronto,177677.0,7.42,1.77,4.9,89,no,yes
E22464,2023-11-06,Operations,Senior,Bengaluru,135353.0,11.2,3.26,2.9,26,no,no
E22465,2023-08-09,Finance,Lead,Berlin,134356.0,16.8,3.87,3.7,97,no,yes
E22466,2018-07-12,Engineering,Mid,Berlin,93475.0,4.02,4.58,4.7,56,no,no
E22467,2017-05-22,Engineering,Lead,Austin,148526.0,2.64,4.52,0.5,80,no,yes
E22468,2016-11-18,Operations,Mid,Berlin,95072.0,13.78,1.0,9.8,62,no,no
E22469,2018-01-27,Engineering,Junior,Berlin,50371.0,15.62,4.18,0.5,55,no,no
E22470,2016-07-20,Operations,Lead,Austin,169085.0,14.01,2.11,5.4,46,no,no
E22471,2019-03-11,Marketing,Senior,Austin,131090.0,21.2,4.9,10.5,17,no,no
E22472,2018-09-15,Sales,Senior,Austin,137481.0,17.76,3.68,9.9,86,no,no
E22473,2021-02-11,Marketing,Lead,Austin,166227.0,5.56,4.63,0.3,6,no,yes
E22474,2019-05-06,Finance,Junior,Austin,55893.0,13.07,3.15,6.9,59,no,yes
E22475,2023-02-20,Engineering,Mid,Austin,98369.0,7.77,1.28,9.5,17,no,no
E22476,2021-09-17,Engineering,Principal,Berlin,173778.0,20.85,4.31,7.1,21,no,yes
E22477,2016-02-11,Sales,Junior,Pune,60605.0,17.49,2.13,6.6,94,no,yes
E22478,2022-07-27,Marketing,Principal,Berlin,159020.0,2.61,3.48,2.2,0,no,no
E22479,2021-06-06,Sales,Senior,Pune,124285.0,4.92,1.03,4.7,37,no,yes
E22480,2015-10-26,Operations,Principal,Austin,215903.0,17.35,3.99,8.3,6,yes,no
E22481,2015-04-13,Operations,Junior,Berlin,60216.0,0.0,2.79,2.8,103,no,no
E22482,2023-07-28,Marketing,Junior,Pune,67210.0,21.4,4.87,3.0,92,no,yes
E22483,2015-01-04,Operations,Mid,Berlin,83849.0,0.92,3.8,10.6,46,yes,yes
E22484,2015-05-04,Support,Lead,Austin,183957.0,6.18,2.94,1.7,61,no,yes
E22485,2017-09-01,Operations,Mid,Berlin,99614.0,16.42,1.34,7.5,86,yes,no
E22486,2017-11-17,Support,Lead,Berlin,160915.0,6.2,1.47,9.9,105,no,no
E22487,2024-10-05,Operations,Junior,Berlin,65811.0,12.04,1.78,2.1,44,yes,no
E22488,2016-07-06,Operations,Lead,Toronto,176996.0,6.31,1.36,1.6,60,yes,no
E22489,2017-10-02,Engineering,Principal,Pune,171342.0,1.38,4.45,1.1,76,no,yes
E22490,2021-01-25,Support,Junior,Austin,55926.0,3.91,4.03,5.1,31,no,yes
E22491,2017-12-27,Support,Principal,Berlin,183936.0,20.39,1.1,5.5,112,no,yes
E22492,2020-01-01,Sales,Mid,Pune,70864.0,14.27,4.31,9.0,30,no,no
E22493,2024-05-17,Engineering,Lead,Berlin,137987.0,19.08,3.5,4.7,26,no,no
E22494,2019-04-22,Operations,Principal,Bengaluru,182962.0,12.04,4.14,6.1,99,no,no
E22495,2022-10-30,Sales,Principal,Austin,177415.0,15.9,4.78,8.7,24,yes,no
E22496,2018-01-11,Finance,Senior,Toronto,108627.0,19.37,2.14,6.7,70,yes,no
E22497,2017-06-03,Engineering,Principal,Toronto,218223.0,15.23,2.17,8.1,54,yes,no
E22498,2024-07-03,Sales,Lead,Berlin,181685.0,21.44,4.16,2.5,105,yes,no
E22499,2021-05-06,Support,Junior,Berlin,51160.0,12.78,3.12,3.5,28,yes,no
E22500,2020-05-27,Operations,Principal,Toronto,207179.0,21.26,2.25,8.2,77,yes,no
E22501,2023-01-11,Support,Lead,Berlin,157976.0,3.81,1.42,4.5,19,no,no
E22502,2021-05-22,Marketing,Senior,Berlin,111434.0,3.14,2.7,1.6,11,no,yes
E22503,2020-06-14,Support,Mid,Berlin,87287.0,7.74,1.18,8.2,23,no,yes
E22504,2020-02-23,Marketing,Lead,Berlin,135613.0,5.34,1.94,7.0,83,yes,yes
E22505,2018-02-22,Finance,Senior,Toronto,132593.0,17.72,1.38,10.2,50,no,no
E22506,2022-11-11,Support,Lead,Toronto,152001.0,3.61,1.44,10.8,39,no,yes
E22507,2018-01-13,Finance,Junior,Austin,64437.0,0.04,3.08,0.7,83,yes,no
E22508,2015-11-22,Support,Lead,Bengaluru,150403.0,7.81,3.58,4.3,17,no,yes
E22509,2022-08-19,Sales,Mid,Berlin,94641.0,2.56,2.89,0.5,106,no,yes
E22510,2016-03-05,Operations,Senior,Toronto,141938.0,5.53,4.26,4.4,41,no,yes
E22511,2018-08-11,Marketing,Junior,Austin,62654.0,3.86,1.91,4.0,22,no,yes
E22512,2020-01-11,Engineering,Mid,Toronto,100768.0,17.29,2.24,3.7,68,no,no
E22513,2018-08-14,Marketing,Principal,Toronto,172755.0,8.7,4.38,9.4,6,yes,yes
E22514,2016-06-11,Engineering,Principal,Bengaluru,195866.0,20.9,3.57,5.8,95,no,yes
E22515,2018-05-16,Marketing,Lead,Berlin,163535.0,17.1,3.6,9.9,60,yes,yes
E22516,2022-07-12,Operations,Mid,Pune,72576.0,7.59,2.96,3.5,48,yes,no
E22517,2018-10-05,Sales,Junior,Toronto,58230.0,10.2,4.97,1.4,56,yes,yes
E22518,2020-02-28,Support,Mid,Toronto,82423.0,11.05,2.47,3.3,28,no,no
E22519,2016-10-28,Support,Junior,Austin,51040.0,7.65,4.64,7.1,40,no,yes
E22520,2017-06-03,Marketing,Junior,Pune,54312.0,14.89,1.94,6.4,58,no,no
E22521,2015-08-28,Operations,Lead,Austin,183635.0,18.32,1.99,0.5,107,no,no
E22522,2017-05-14,Finance,Senior,Berlin,147351.0,17.14,4.22,7.7,25,no,no
E22523,2016-07-22,Engineering,Principal,Bengaluru,173642.0,1.59,3.36,8.3,16,no,no
E22524,2018-03-30,Engineering,Lead,Pune,161582.0,7.33,1.69,7.4,58,no,no
E22525,2020-04-23,Sales,Mid,Austin,81753.0,5.39,1.18,5.5,103,no,yes
E22526,2018-04-04,Finance,Principal,Austin,227052.0,21.65,4.39,2.3,103,no,no
E22527,2017-09-17,Operations,Lead,Toronto,179118.0,11.62,2.77,4.0,120,yes,no
E22528,2016-02-24,Finance,Mid,Pune,94113.0,4.74,3.58,8.3,83,yes,no
E22529,2022-05-21,Operations,Senior,Toronto,118222.0,8.67,3.4,6.2,44,yes,yes
E22530,2017-03-24,Support,Principal,Pune,169636.0,0.11,1.26,2.8,95,yes,no
E22531,2016-03-24,Engineering,Senior,Austin,119348.0,16.17,1.09,1.4,13,no,yes
E22532,2021-04-21,Sales,Junior,Pune,53567.0,13.66,4.24,10.9,24,no,no
E22533,2019-10-05,Operations,Lead,Austin,169124.0,0.21,4.6,9.3,97,no,no
E22534,2021-10-15,Finance,Lead,Pune,176671.0,10.51,1.17,6.7,81,no,no
E22535,2015-10-29,Sales,Junior,Pune,49239.0,13.76,1.42,0.5,56,no,no
E22536,2015-03-21,Finance,Senior,Bengaluru,127547.0,5.65,3.25,3.7,81,no,no
E22537,2019-06-06,Operations,Mid,Toronto,77280.0,6.58,2.93,8.9,120,no,no
E22538,2023-03-31,Support,Senior,Berlin,136796.0,10.17,4.58,6.5,7,yes,no
E22539,2021-10-03,Marketing,Lead,Toronto,183338.0,18.1,4.88,4.2,78,no,yes
E22540,2019-09-02,Support,Mid,Pune,80781.0,4.64,1.72,3.5,49,no,no
E22541,2023-06-02,Finance,Lead,Pune,128568.0,7.33,3.71,4.9,68,no,yes
E22542,2019-09-21,Sales,Lead,Toronto,184187.0,4.71,2.77,0.3,9,no,no
E22543,2024-11-22,Engineering,Lead,Austin,154100.0,6.04,4.19,8.7,62,no,yes
E22544,2022-04-07,Sales,Mid,Austin,92673.0,10.99,2.32,1.0,31,no,yes
E22545,2017-10-26,Support,Principal,Austin,215939.0,12.04,3.65,0.4,27,no,no
E22546,2016-10-21,Finance,Junior,Toronto,48535.0,17.7,4.78,9.6,81,no,yes
E22547,2021-09-29,Marketing,Principal,Toronto,223287.0,17.06,2.79,4.4,117,no,no
E22548,2017-12-28,Operations,Mid,Pune,75907.0,11.91,4.58,4.8,3,no,no
E22549,2023-06-26,Marketing,Senior,Bengaluru,147203.0,19.56,1.85,9.3,32,yes,no
E22550,2016-06-18,Marketing,Junior,Bengaluru,49473.0,19.7,2.74,2.4,94,no,yes
E22551,2017-05-17,Engineering,Junior,Bengaluru,47260.0,8.32,1.73,0.7,64,yes,yes
E22552,2019-01-12,Sales,Mid,Pune,78415.0,20.39,1.04,1.5,12,no,no
E22553,2016-04-20,Engineering,Senior,Austin,124213.0,3.77,3.57,1.9,87,no,yes
E22554,2017-08-31,Marketing,Principal,Berlin,183319.0,3.07,3.35,2.7,9,no,yes
E22555,2016-11-06,Finance,Mid,Pune,77385.0,5.75,2.41,7.4,78,no,yes
E22556,2015-03-22,Operations,Principal,Berlin,204870.0,12.62,4.46,8.0,54,no,no
E22557,2024-11-09,Engineering,Principal,Austin,159981.0,20.43,3.52,5.2,70,no,yes
E22558,2016-03-26,Support,Mid,Pune,80761.0,2.42,4.48,1.8,51,no,yes
E22559,2018-07-20,Operations,Mid,Berlin,101852.0,14.3,3.9,5.7,12,yes,no
E22560,2019-06-08,Support,Lead,Pune,162857.0,2.84,3.51,7.8,8,no,yes
E22561,2024-08-05,Support,Junior,Toronto,63883.0,17.7,2.94,6.3,75,no,no
E22562,2016-02-07,Finance,Principal,Austin,212514.0,14.57,2.08,5.4,36,no,no
E22563,2020-01-06,Support,Mid,Berlin,94950.0,7.47,3.82,2.8,6,no,no
E22564,2022-11-09,Support,Junior,Austin,67086.0,9.02,3.86,8.4,17,yes,yes
E22565,2024-07-14,Support,Lead,Toronto,133477.0,0.33,2.4,4.8,67,no,yes
E22566,2022-05-29,Marketing,Principal,Bengaluru,186343.0,15.69,2.43,7.6,6,no,no
E22567,2018-12-12,Sales,Junior,Bengaluru,50763.0,15.13,1.98,6.1,74,no,no
E22568,2024-07-05,Engineering,Senior,Pune,139811.0,1.5,2.25,3.5,96,no,yes
E22569,2015-06-18,Operations,Senior,Bengaluru,105704.0,15.02,4.78,6.6,1,yes,no
E22570,2024-08-02,Support,Principal,Austin,190946.0,3.78,1.83,5.5,92,no,yes
E22571,2024-09-28,Operations,Junior,Austin,60096.0,11.45,4.79,7.9,7,yes,yes
E22572,2020-09-01,Support,Senior,Toronto,127958.0,14.87,4.2,9.9,108,no,no
E22573,2020-09-29,Support,Principal,Pune,181510.0,19.96,1.96,10.1,43,no,no
E22574,2018-11-20,Marketing,Mid,Berlin,79691.0,16.33,1.82,1.4,60,no,yes
E22575,2016-05-28,Finance,Senior,Toronto,120383.0,18.01,2.02,7.0,109,no,yes
E22576,2024-04-15,Operations,Mid,Bengaluru,101926.0,1.17,3.9,4.5,105,no,no
E22577,2019-09-28,Operations,Mid,Bengaluru,95196.0,4.66,1.66,6.9,32,no,no
E22578,2022-08-09,Engineering,Junior,Berlin,49174.0,3.14,3.29,9.4,96,no,yes
E22579,2017-07-04,Support,Junior,Berlin,52571.0,11.69,4.56,6.2,16,no,no
E22580,2015-03-29,Engineering,Senior,Austin,104725.0,19.91,2.21,4.6,49,no,yes
E22581,2015-08-09,Support,Principal,Berlin,187700.0,11.71,3.82,3.9,58,no,no
E22582,2022-02-07,Engineering,Mid,Bengaluru,90076.0,18.56,2.21,5.5,31,no,yes
E22583,2022-12-04,Marketing,Senior,Pune,138833.0,6.72,4.57,3.5,3,no,yes
E22584,2020-03-16,Marketing,Lead,Bengaluru,181719.0,0.03,1.16,2.5,5,no,no
E22585,2024-07-20,Operations,Lead,Berlin,158749.0,6.54,1.54,5.1,99,no,no
E22586,2024-04-23,Finance,Junior,Berlin,48976.0,6.32,1.03,5.2,76,no,yes
E22587,2020-01-17,Marketing,Principal,Toronto,168542.0,18.47,1.73,4.0,103,no,yes
E22588,2024-05-20,Finance,Mid,Berlin,83324.0,2.98,4.26,9.3,0,no,no
E22589,2024-11-05,Finance,Senior,Pune,124016.0,15.2,2.33,6.6,118,no,yes
E22590,2015-07-22,Operations,Senior,Pune,124928.0,2.87,2.13,10.2,15,no,no
E22591,2015-08-22,Support,Lead,Berlin,133274.0,19.82,4.49,0.5,29,no,yes
E22592,2017-06-12,Finance,Lead,Pune,143179.0,0.08,2.57,3.4,20,no,no
E22593,2020-01-30,Operations,Mid,Bengaluru,89963.0,9.82,3.61,9.1,29,yes,yes
E22594,2021-05-15,Operations,Lead,Toronto,154249.0,11.25,3.27,9.0,29,yes,no
E22595,2021-10-29,Operations,Junior,Berlin,62964.0,12.43,1.97,6.1,30,no,no
E22596,2022-07-07,Operations,Mid,Bengaluru,95799.0,0.52,1.04,1.0,71,no,yes
E22597,2017-06-08,Engineering,Principal,Bengaluru,162021.0,14.49,4.66,10.6,1,no,yes
E22598,2022-11-27,Finance,Junior,Austin,63330.0,20.15,1.78,9.2,114,no,no
E22599,2015-02-19,Sales,Mid,Berlin,75481.0,8.63,4.6,9.0,67,yes,no
E22600,2015-08-25,Marketing,Mid,Bengaluru,81523.0,17.07,3.74,2.0,9,no,yes
E22601,2016-11-01,Marketing,Senior,Pune,122344.0,16.35,4.88,1.5,92,yes,no
E22602,2020-12-12,Engineering,Mid,Berlin,92114.0,15.35,1.33,9.9,107,no,yes
E22603,2015-02-21,Operations,Mid,Toronto,94696.0,7.22,3.45,3.5,12,no,no
E22604,2015-12-17,Finance,Senior,Pune,114545.0,13.06,3.01,4.0,82,no,no
E22605,2016-01-10,Sales,Principal,Bengaluru,202255.0,10.18,1.81,2.0,3,no,no
E22606,2018-11-14,Support,Junior,Toronto,53282.0,6.46,2.92,4.4,19,no,yes
E22607,2019-12-26,Support,Lead,Bengaluru,131495.0,18.28,3.53,6.7,54,yes,no
E22608,2021-11-19,Engineering,Lead,Berlin,184392.0,17.02,3.68,8.7,60,no,yes
E22609,2019-10-04,Finance,Lead,Berlin,143446.0,5.02,2.71,5.7,34,no,yes
E22610,2022-09-08,Marketing,Junior,Austin,54799.0,10.89,2.36,7.7,33,no,yes
E22611,2024-09-12,Operations,Junior,Austin,50632.0,17.48,3.86,3.7,67,no,yes
E22612,2016-01-15,Operations,Principal,Bengaluru,195384.0,6.95,2.41,6.6,66,no,yes
E22613,2022-11-14,Finance,Mid,Toronto,82266.0,9.05,1.03,7.9,13,no,no
E22614,2023-02-05,Sales,Lead,Bengaluru,132209.0,1.02,1.86,1.4,20,no,yes
E22615,2023-04-16,Sales,Principal,Austin,208173.0,14.84,2.61,3.6,50,no,no
E22616,2016-02-13,Sales,Junior,Pune,67894.0,4.86,3.48,7.2,50,no,no
E22617,2017-07-04,Support,Senior,Austin,140123.0,5.24,2.1,10.7,82,no,yes
E22618,2019-06-04,Finance,Junior,Bengaluru,68715.0,20.3,3.96,7.7,99,no,no
E22619,2017-04-01,Operations,Senior,Pune,118563.0,6.08,4.18,10.2,89,no,no
E22620,2022-05-05,Engineering,Mid,Toronto,95367.0,16.15,1.64,1.1,31,no,no
E22621,2020-06-25,Engineering,Junior,Berlin,50168.0,11.02,4.46,2.0,56,yes,no
E22622,2018-05-21,Engineering,Junior,Pune,67165.0,4.55,2.09,6.2,102,yes,no
E22623,2022-04-20,Sales,Mid,Pune,91072.0,6.35,4.82,5.9,62,no,no
E22624,2020-01-25,Support,Lead,Berlin,157853.0,19.76,4.01,5.8,96,no,yes
E22625,2021-03-17,Marketing,Mid,Austin,90412.0,2.59,2.31,4.8,16,no,no
E22626,2017-07-01,Finance,Junior,Bengaluru,61379.0,2.18,1.57,7.2,106,no,no
E22627,2023-06-03,Operations,Senior,Austin,141145.0,17.61,2.12,8.9,116,no,yes
E22628,2023-04-04,Marketing,Senior,Pune,106178.0,4.7,4.72,9.3,119,no,no
E22629,2015-07-14,Engineering,Lead,Bengaluru,182823.0,20.36,4.14,6.5,42,yes,no
E22630,2022-11-04,Marketing,Senior,Berlin,104135.0,9.23,3.49,10.2,109,no,no
E22631,2019-05-24,Marketing,Junior,Pune,48362.0,4.98,2.66,8.1,40,no,yes
E22632,2020-08-11,Sales,Lead,Toronto,152484.0,20.94,1.54,6.4,111,no,yes
E22633,2018-10-18,Support,Mid,Toronto,71024.0,3.34,4.07,9.7,59,no,yes
E22634,2021-01-02,Support,Lead,Bengaluru,153037.0,19.04,3.72,2.7,44,no,yes
E22635,2024-07-25,Sales,Lead,Toronto,182428.0,6.68,3.53,6.3,111,no,no
E22636,2020-08-12,Operations,Principal,Berlin,203305.0,20.82,4.79,9.8,51,no,no
E22637,2021-12-01,Support,Principal,Austin,165895.0,11.54,3.79,9.2,115,no,no
E22638,2015-05-11,Operations,Principal,Toronto,201702.0,9.23,4.74,0.3,113,no,no
E22639,2020-03-19,Marketing,Senior,Pune,127750.0,7.23,2.38,2.7,2,no,no
E22640,2017-05-29,Support,Mid,Austin,72490.0,15.89,2.04,0.3,61,no,no
E22641,2020-08-09,Finance,Mid,Toronto,71449.0,19.3,3.91,1.8,53,no,yes
E22642,2016-08-17,Marketing,Senior,Pune,102478.0,5.16,1.96,6.1,99,yes,no
E22643,2022-01-25,Engineering,Lead,Toronto,135872.0,8.6,2.0,10.5,106,no,no
E22644,2021-10-23,Operations,Senior,Bengaluru,106027.0,18.45,2.69,3.0,7,no,no
E22645,2016-11-26,Sales,Lead,Toronto,142940.0,1.56,4.81,5.9,33,yes,no
E22646,2023-06-01,Operations,Mid,Pune,74503.0,12.29,2.27,9.6,114,yes,no
E22647,2024-02-18,Marketing,Senior,Pune,102091.0,16.38,4.4,6.6,54,no,yes
E22648,2017-11-25,Support,Mid,Berlin,85107.0,3.76,3.81,4.7,14,yes,no
E22649,2021-10-13,Operations,Lead,Toronto,127355.0,11.72,3.63,4.2,63,no,no
E22650,2022-10-12,Finance,Junior,Berlin,65786.0,10.36,4.41,3.9,56,no,no
E22651,2020-09-04,Marketing,Principal,Pune,167385.0,17.71,3.32,2.9,25,no,no
E22652,2015-06-01,Operations,Mid,Toronto,97588.0,17.12,1.74,3.0,45,yes,yes
E22653,2015-11-15,Operations,Senior,Pune,103375.0,9.57,3.97,0.5,12,no,no
E22654,2022-01-31,Operations,Lead,Bengaluru,173841.0,12.65,2.68,8.0,14,yes,no
E22655,2016-12-01,Sales,Junior,Toronto,54356.0,14.31,3.32,6.3,76,no,no
E22656,2022-07-04,Engineering,Lead,Austin,149257.0,12.06,4.97,7.6,81,no,no
E22657,2023-01-23,Sales,Junior,Austin,51859.0,19.9,4.67,1.6,14,no,yes
E22658,2023-12-06,Marketing,Junior,Toronto,65187.0,5.93,4.76,7.5,5,no,yes
E22659,2022-01-31,Engineering,Principal,Pune,162244.0,9.49,2.28,9.7,120,yes,yes
E22660,2021-01-09,Finance,Senior,Berlin,108327.0,2.24,1.07,5.5,34,no,no
E22661,2016-08-23,Engineering,Principal,Toronto,174285.0,12.61,2.65,2.7,18,no,no
E22662,2016-04-24,Marketing,Mid,Pune,97621.0,20.07,3.13,2.8,50,no,yes
E22663,2021-09-03,Marketing,Mid,Toronto,79366.0,19.57,4.12,4.9,100,yes,yes
E22664,2017-12-06,Operations,Lead,Pune,165139.0,8.89,3.87,4.8,33,no,no
E22665,2019-08-04,Operations,Lead,Berlin,131401.0,9.25,3.38,3.1,101,no,yes
E22666,2022-03-02,Sales,Mid,Austin,85780.0,7.72,4.96,2.7,36,no,yes
E22667,2018-03-13,Sales,Lead,Bengaluru,164987.0,8.41,3.14,1.2,110,no,no
E22668,2022-08-31,Support,Lead,Bengaluru,157229.0,1.3,1.89,6.9,76,no,no
E22669,2023-07-27,Support,Lead,Berlin,149310.0,3.11,3.61,7.0,59,yes,no
E22670,2019-01-06,Marketing,Lead,Pune,184425.0,12.62,1.33,2.2,91,no,no
E22671,2024-05-28,Engineering,Junior,Austin,60403.0,13.81,4.33,4.8,107,no,yes
E22672,2017-04-08,Marketing,Lead,Bengaluru,154405.0,7.14,3.18,2.8,30,no,no
E22673,2016-11-09,Sales,Lead,Bengaluru,164371.0,1.76,2.09,1.1,56,no,yes
E22674,2015-11-12,Marketing,Lead,Pune,167884.0,4.92,1.94,3.7,58,no,yes
E22675,2024-10-30,Operations,Lead,Austin,181538.0,5.39,3.77,5.6,93,no,no
E22676,2018-12-19,Support,Principal,Berlin,230629.0,12.93,4.33,6.3,118,no,yes
E22677,2024-10-10,Finance,Principal,Austin,208987.0,14.84,1.76,5.3,36,no,yes
E22678,2023-08-16,Engineering,Mid,Austin,84944.0,20.44,1.22,10.8,13,yes,no
E22679,2019-11-06,Sales,Senior,Berlin,109363.0,4.43,2.28,10.6,21,no,no
E22680,2019-11-10,Finance,Junior,Bengaluru,49358.0,21.49,2.88,6.4,71,no,yes
E22681,2022-06-13,Sales,Principal,Toronto,166447.0,8.83,1.23,4.1,110,no,no
E22682,2022-08-01,Engineering,Lead,Austin,166089.0,9.32,3.4,4.6,108,no,no
E22683,2021-08-07,Engineering,Senior,Bengaluru,135010.0,20.27,4.52,6.7,104,no,yes
E22684,2020-07-12,Operations,Lead,Berlin,179964.0,7.0,4.51,3.2,87,yes,yes
E22685,2016-09-05,Sales,Senior,Berlin,142841.0,21.3,3.37,1.4,5,no,no
E22686,2015-08-07,Sales,Mid,Toronto,84533.0,1.45,1.47,0.3,62,no,yes
E22687,2019-11-25,Finance,Principal,Pune,224409.0,13.15,3.78,0.2,28,no,yes
E22688,2021-04-04,Operations,Junior,Bengaluru,55817.0,0.65,2.37,6.1,104,no,no
E22689,2024-01-10,Engineering,Junior,Pune,66095.0,20.09,2.85,3.5,118,no,no
E22690,2024-06-21,Operations,Junior,Bengaluru,52195.0,3.33,2.09,2.7,70,no,no
E22691,2016-05-07,Marketing,Junior,Austin,64641.0,11.95,4.36,6.7,95,no,no
E22692,2021-12-18,Support,Mid,Bengaluru,99078.0,12.81,2.68,6.1,60,no,yes
E22693,2022-01-09,Marketing,Principal,Berlin,188615.0,18.66,1.58,7.4,89,no,yes
E22694,2022-12-22,Marketing,Lead,Austin,173300.0,15.76,4.34,5.6,11,no,no
E22695,2016-03-16,Marketing,Mid,Austin,97468.0,5.34,1.64,7.6,80,no,no
E22696,2023-05-02,Support,Principal,Pune,164398.0,13.61,4.3,10.5,10,no,yes
E22697,2016-06-02,Operations,Mid,Bengaluru,85216.0,11.64,1.62,4.7,79,no,no
E22698,2018-05-23,Engineering,Senior,Berlin,103052.0,8.34,3.78,0.9,8,no,yes
E22699,2016-12-29,Marketing,Junior,Bengaluru,49643.0,16.28,4.32,1.1,2,no,no
E22700,2023-10-15,Operations,Principal,Pune,185357.0,9.39,3.63,8.8,6,no,no
E22701,2024-02-13,Operations,Lead,Toronto,137897.0,4.9,3.71,3.2,55,no,no
E22702,2022-04-25,Operations,Mid,Berlin,94463.0,15.46,4.88,9.0,62,no,no
E22703,2022-04-12,Operations,Junior,Pune,51503.0,20.26,4.18,7.8,80,no,no
E22704,2023-10-21,Operations,Senior,Austin,132745.0,7.04,4.83,10.6,100,yes,yes
E22705,2022-01-18,Marketing,Lead,Bengaluru,174772.0,19.46,1.73,5.9,117,no,yes
E22706,2017-09-20,Engineering,Lead,Berlin,171589.0,10.93,2.78,1.3,84,no,yes
E22707,2016-11-21,Marketing,Junior,Austin,60428.0,21.77,4.16,8.3,26,yes,yes
E22708,2018-03-16,Operations,Junior,Toronto,54434.0,16.1,3.13,5.0,46,no,no
E22709,2023-08-24,Engineering,Senior,Bengaluru,109434.0,3.96,4.73,4.1,27,no,yes
E22710,2016-02-13,Finance,Principal,Toronto,188283.0,1.25,4.1,7.0,73,no,no
E22711,2018-04-07,Operations,Senior,Austin,102308.0,14.24,2.65,10.4,12,no,yes
E22712,2024-12-22,Marketing,Principal,Austin,174195.0,14.02,4.78,9.9,106,no,yes
E22713,2018-04-06,Operations,Principal,Bengaluru,203961.0,14.24,3.35,10.2,23,yes,yes
E22714,2015-12-14,Operations,Principal,Berlin,168495.0,10.22,4.08,5.6,115,no,no
E22715,2015-11-09,Engineering,Senior,Toronto,136530.0,15.87,4.52,8.9,83,no,yes
E22716,2024-06-27,Support,Mid,Austin,98254.0,10.33,2.26,2.0,6,no,no
E22717,2023-06-17,Sales,Senior,Toronto,144857.0,10.2,3.37,8.8,68,no,yes
E22718,2020-01-30,Sales,Junior,Berlin,65978.0,11.82,3.05,11.0,28,no,yes
E22719,2017-06-11,Operations,Senior,Bengaluru,145424.0,19.91,3.61,1.5,95,no,yes
E22720,2018-01-07,Sales,Mid,Bengaluru,90509.0,4.63,2.97,10.4,43,yes,yes
E22721,2020-09-14,Sales,Lead,Austin,152632.0,1.55,4.53,8.3,118,no,yes
E22722,2019-11-04,Support,Lead,Toronto,146466.0,19.48,4.49,3.4,100,yes,yes
E22723,2023-09-13,Engineering,Junior,Bengaluru,55095.0,5.27,4.49,1.5,79,yes,no
E22724,2017-10-25,Support,Principal,Berlin,222083.0,20.84,3.1,4.5,59,no,yes
E22725,2016-04-30,Finance,Principal,Berlin,205157.0,1.96,2.72,8.6,100,no,yes
E22726,2019-10-08,Support,Principal,Toronto,173523.0,21.08,4.95,7.1,114,no,yes
E22727,2019-06-14,Engineering,Senior,Bengaluru,123028.0,10.78,2.91,9.4,97,yes,no
E22728,2016-04-04,Finance,Lead,Austin,152339.0,8.52,3.04,6.7,73,yes,no
E22729,2020-12-23,Finance,Junior,Pune,61183.0,8.92,2.86,2.0,38,no,no
E22730,2020-11-04,Finance,Lead,Toronto,140166.0,14.64,2.91,9.1,95,no,no
E22731,2015-02-19,Finance,Principal,Pune,224269.0,2.83,1.05,7.8,3,no,no
E22732,2022-03-21,Sales,Principal,Bengaluru,160094.0,4.57,1.94,7.8,102,yes,no
E22733,2015-12-01,Finance,Mid,Toronto,95553.0,3.11,2.94,7.0,92,no,no
E22734,2024-01-04,Engineering,Lead,Toronto,164735.0,9.21,2.9,4.7,20,no,no
E22735,2024-01-27,Marketing,Senior,Austin,110182.0,19.61,3.28,9.2,61,no,yes
E22736,2021-12-06,Marketing,Principal,Pune,209740.0,14.56,4.94,3.8,22,no,no
E22737,2022-12-23,Support,Lead,Pune,136865.0,12.58,2.08,4.5,8,yes,no
E22738,2022-05-15,Engineering,Lead,Austin,178595.0,6.08,4.68,5.2,26,no,yes
E22739,2018-08-28,Sales,Junior,Austin,51804.0,21.59,2.66,3.6,49,no,yes
E22740,2017-04-19,Marketing,Mid,Berlin,88512.0,14.19,2.86,11.0,78,no,yes
E22741,2020-03-07,Sales,Lead,Austin,167185.0,6.29,1.9,3.9,2,no,yes
E22742,2024-09-24,Engineering,Mid,Austin,79747.0,19.93,3.89,7.5,117,no,no
E22743,2016-11-06,Operations,Principal,Austin,181179.0,3.63,3.86,9.3,46,yes,no
E22744,2024-01-20,Engineering,Mid,Toronto,83313.0,8.3,2.35,7.7,35,no,no
E22745,2019-09-23,Engineering,Junior,Pune,62052.0,14.37,3.63,2.9,43,no,no
E22746,2024-06-01,Operations,Lead,Austin,128497.0,4.81,1.08,10.2,77,no,no
E22747,2015-09-03,Support,Principal,Austin,181185.0,20.47,3.33,6.8,119,no,no
E22748,2022-01-26,Finance,Senior,Toronto,106065.0,8.38,3.82,1.5,73,no,no
E22749,2024-12-24,Sales,Senior,Pune,122162.0,15.71,4.52,0.9,28,yes,no
E22750,2022-09-19,Sales,Junior,Toronto,47933.0,6.03,3.67,7.3,113,no,yes
E22751,2016-04-27,Marketing,Lead,Berlin,132110.0,20.3,2.79,0.8,9,no,no
E22752,2024-09-20,Support,Mid,Berlin,100811.0,15.24,2.64,6.2,116,no,yes
E22753,2023-06-26,Support,Junior,Toronto,60220.0,18.27,1.5,2.6,57,no,no
E22754,2021-04-22,Marketing,Junior,Austin,46993.0,7.91,4.05,4.2,35,no,yes
E22755,2022-03-10,Operations,Lead,Bengaluru,161842.0,14.84,2.49,4.8,75,no,yes
E22756,2015-03-13,Sales,Lead,Toronto,137164.0,12.78,2.06,4.5,37,no,no
E22757,2020-06-05,Operations,Lead,Austin,181930.0,1.53,4.0,10.0,73,no,yes
E22758,2020-02-29,Engineering,Mid,Austin,76414.0,2.33,3.19,5.0,119,no,no
E22759,2018-06-17,Engineering,Senior,Bengaluru,135635.0,0.26,3.1,9.5,46,no,yes
E22760,2022-05-07,Engineering,Senior,Berlin,139033.0,20.28,3.61,8.7,54,no,yes
E22761,2024-11-03,Operations,Junior,Austin,57096.0,19.45,3.22,1.8,63,no,no
E22762,2024-10-26,Engineering,Junior,Bengaluru,56545.0,9.19,4.39,3.9,77,no,no
E22763,2019-10-18,Support,Senior,Toronto,101634.0,10.82,2.3,8.8,106,no,no
E22764,2015-10-06,Support,Mid,Bengaluru,90563.0,5.56,2.04,9.5,16,no,yes
E22765,2021-08-25,Support,Principal,Toronto,206043.0,17.17,2.88,8.2,107,no,yes
E22766,2023-04-21,Sales,Junior,Toronto,62467.0,17.94,1.25,5.7,120,no,yes
E22767,2018-09-11,Sales,Mid,Austin,72582.0,6.82,3.82,10.5,23,no,no
E22768,2016-05-15,Support,Principal,Austin,174194.0,16.12,1.61,0.7,63,no,no
E22769,2018-09-08,Marketing,Mid,Pune,84865.0,3.25,1.86,4.8,104,yes,no
E22770,2020-12-15,Marketing,Junior,Austin,61676.0,20.37,3.74,7.2,4,no,yes
E22771,2019-11-25,Engineering,Principal,Berlin,212904.0,2.98,4.41,4.1,56,no,no
E22772,2015-01-27,Support,Lead,Pune,177031.0,8.44,1.5,6.9,90,no,yes
E22773,2017-07-27,Engineering,Mid,Pune,70644.0,6.83,2.28,6.1,109,yes,yes
E22774,2022-11-21,Sales,Lead,Bengaluru,148250.0,13.71,4.43,5.1,11,no,yes
E22775,2022-11-09,Support,Lead,Bengaluru,134339.0,18.95,1.6,8.5,85,no,yes
E22776,2024-04-08,Sales,Senior,Austin,109149.0,17.51,4.79,7.2,24,no,no
E22777,2015-03-03,Support,Junior,Bengaluru,67675.0,3.15,4.75,7.0,14,no,no
E22778,2022-02-21,Support,Mid,Pune,89330.0,16.59,3.65,10.0,33,yes,yes
E22779,2019-01-13,Engineering,Mid,Austin,86403.0,10.25,4.66,6.0,60,yes,no
E22780,2017-07-22,Sales,Senior,Bengaluru,139605.0,21.84,2.34,10.5,8,no,no
E22781,2019-10-25,Operations,Mid,Pune,82630.0,10.33,1.47,9.9,78,yes,no
E22782,2015-12-06,Support,Mid,Austin,87025.0,12.28,4.83,6.9,14,no,no
E22783,2018-11-30,Sales,Lead,Bengaluru,183261.0,19.0,1.72,6.9,31,no,yes
E22784,2021-10-27,Engineering,Lead,Berlin,146754.0,7.6,4.06,2.1,87,no,no
E22785,2015-01-21,Sales,Junior,Bengaluru,67192.0,9.36,1.14,9.0,45,no,yes
E22786,2022-12-02,Engineering,Principal,Austin,179357.0,3.86,3.05,0.5,58,no,yes
E22787,2024-03-20,Marketing,Senior,Pune,130876.0,21.88,4.06,1.8,13,no,no
E22788,2017-12-13,Marketing,Lead,Berlin,135610.0,14.8,3.78,4.2,55,no,no
E22789,2024-07-13,Finance,Principal,Pune,231778.0,20.78,3.03,5.8,14,no,yes
E22790,2020-03-07,Finance,Mid,Bengaluru,82913.0,6.34,1.86,0.6,30,yes,no
E22791,2024-04-28,Support,Lead,Pune,170362.0,12.88,1.07,7.6,86,no,yes
E22792,2022-01-29,Marketing,Principal,Pune,200510.0,13.54,4.73,3.3,95,no,no
E22793,2018-02-09,Finance,Principal,Berlin,222581.0,13.6,4.7,4.2,58,no,no
E22794,2023-01-11,Operations,Principal,Austin,165033.0,5.48,4.08,5.1,84,yes,no
E22795,2015-03-12,Engineering,Junior,Austin,60309.0,10.17,4.24,7.0,75,no,no
E22796,2020-03-03,Support,Senior,Bengaluru,111649.0,12.55,1.24,8.3,84,no,yes
E22797,2022-07-24,Sales,Senior,Toronto,145306.0,4.04,3.94,5.4,34,no,yes
E22798,2015-02-27,Operations,Lead,Pune,132041.0,11.58,2.97,4.6,90,no,no
E22799,2023-08-20,Support,Principal,Toronto,206977.0,17.25,2.99,8.0,111,no,no
E22800,2016-02-17,Operations,Lead,Bengaluru,144164.0,1.15,4.54,10.7,10,no,yes
E22801,2017-12-03,Finance,Lead,Austin,182184.0,13.2,1.95,2.6,22,no,no
E22802,2017-12-07,Sales,Mid,Bengaluru,76832.0,2.04,4.5,4.1,60,no,no
E22803,2019-03-08,Operations,Mid,Toronto,98371.0,0.11,2.05,1.6,46,no,yes
E22804,2022-08-15,Finance,Principal,Austin,191522.0,12.88,3.77,1.6,103,no,no
E22805,2024-10-23,Support,Principal,Pune,227461.0,9.36,4.97,10.8,16,no,no
E22806,2024-11-29,Finance,Junior,Berlin,47854.0,6.37,3.28,8.7,85,no,yes
E22807,2019-08-08,Support,Junior,Bengaluru,61204.0,5.43,3.99,8.4,33,no,no
E22808,2021-04-28,Sales,Lead,Austin,138171.0,9.92,2.9,4.4,81,yes,yes
E22809,2018-10-10,Finance,Junior,Toronto,55008.0,2.74,4.7,10.9,10,no,no
E22810,2018-12-31,Sales,Junior,Austin,68640.0,18.01,2.37,2.6,63,no,yes
E22811,2017-08-30,Operations,Junior,Austin,55391.0,17.75,1.83,5.2,32,no,yes
E22812,2023-12-04,Support,Junior,Austin,65772.0,18.38,1.28,10.9,54,no,no
E22813,2020-10-25,Engineering,Mid,Austin,84616.0,6.19,2.02,6.7,110,no,no
E22814,2015-04-13,Sales,Principal,Bengaluru,225640.0,17.41,3.67,10.6,13,no,yes
E22815,2016-10-20,Engineering,Principal,Toronto,163365.0,11.79,4.57,6.8,48,no,no
E22816,2022-07-23,Operations,Principal,Bengaluru,170947.0,4.76,4.73,8.8,82,no,no
E22817,2017-09-30,Support,Lead,Austin,183498.0,12.46,3.62,10.7,66,yes,yes
E22818,2022-09-05,Operations,Principal,Austin,188523.0,7.72,1.86,10.1,46,no,no
E22819,2020-12-12,Support,Lead,Pune,159314.0,5.77,2.67,0.7,33,no,no
E22820,2015-09-29,Sales,Junior,Pune,54736.0,18.48,4.29,9.7,38,no,no
E22821,2019-11-07,Engineering,Mid,Berlin,77335.0,17.76,1.07,11.0,97,no,yes
E22822,2023-05-19,Sales,Junior,Pune,64622.0,9.87,4.73,4.4,47,no,no
E22823,2022-05-27,Finance,Principal,Pune,199918.0,8.0,1.84,2.3,79,no,no
E22824,2023-12-06,Marketing,Senior,Pune,102333.0,7.81,1.24,8.0,99,no,no
E22825,2017-05-24,Finance,Mid,Berlin,99744.0,12.94,2.68,1.7,45,no,yes
E22826,2023-05-22,Finance,Senior,Berlin,108296.0,3.81,1.48,5.2,30,no,no
E22827,2021-12-16,Operations,Senior,Toronto,108893.0,0.68,4.62,8.7,115,no,no
E22828,2019-11-05,Sales,Principal,Austin,195776.0,15.44,2.24,8.4,7,no,yes
E22829,2023-08-21,Finance,Senior,Toronto,103284.0,6.14,3.12,10.5,3,no,no
E22830,2015-03-04,Operations,Senior,Bengaluru,142626.0,15.46,2.05,6.8,83,no,no
E22831,2020-01-12,Marketing,Senior,Pune,123927.0,19.3,2.28,5.8,98,no,no
E22832,2015-02-20,Operations,Principal,Toronto,168226.0,17.98,1.66,6.0,114,no,no
E22833,2018-12-07,Marketing,Lead,Austin,175366.0,5.23,4.35,5.0,67,yes,no
E22834,2024-04-18,Sales,Lead,Austin,179465.0,16.41,4.63,10.6,84,no,yes
E22835,2021-04-21,Operations,Lead,Berlin,128816.0,14.37,2.46,10.6,88,no,yes
E22836,2015-08-24,Operations,Junior,Berlin,56214.0,15.37,3.21,2.9,68,yes,no
E22837,2023-12-15,Finance,Senior,Berlin,101584.0,4.7,1.68,2.0,114,no,no
E22838,2015-07-30,Sales,Principal,Austin,170029.0,0.99,1.48,8.7,72,no,yes
E22839,2018-08-15,Sales,Lead,Toronto,129002.0,10.09,3.43,9.5,30,no,yes
E22840,2023-03-09,Operations,Junior,Berlin,57680.0,13.13,2.83,9.8,21,no,yes
E22841,2020-02-15,Marketing,Lead,Bengaluru,151789.0,14.82,3.63,1.6,89,yes,no
E22842,2020-07-17,Engineering,Mid,Pune,73803.0,21.25,4.79,0.7,38,yes,yes
E22843,2024-01-25,Support,Mid,Austin,85248.0,20.93,4.56,8.3,70,no,yes
E22844,2015-02-01,Finance,Mid,Austin,76301.0,9.93,2.76,4.8,26,no,no
E22845,2021-11-17,Operations,Junior,Pune,62655.0,11.03,3.93,9.9,9,no,no
E22846,2019-01-18,Finance,Junior,Pune,57938.0,17.52,3.49,10.9,97,no,no
E22847,2020-11-22,Support,Principal,Pune,170597.0,14.33,4.28,9.4,64,no,no
E22848,2020-01-13,Engineering,Lead,Austin,155660.0,1.18,4.93,1.9,77,no,no
E22849,2017-06-01,Marketing,Mid,Berlin,98647.0,8.46,2.84,0.6,42,no,yes
E22850,2020-10-07,Finance,Principal,Austin,164815.0,19.96,4.87,5.3,51,no,no
E22851,2020-05-30,Operations,Lead,Toronto,182499.0,6.82,3.22,4.9,37,yes,no
E22852,2017-09-21,Finance,Mid,Bengaluru,95346.0,0.46,4.08,4.1,100,yes,yes
E22853,2018-11-24,Engineering,Mid,Berlin,90437.0,11.26,2.54,4.4,68,no,no
E22854,2017-06-04,Marketing,Principal,Pune,201248.0,17.49,2.71,1.9,111,no,yes
E22855,2016-02-04,Operations,Senior,Austin,137823.0,8.11,2.75,1.4,6,no,no
E22856,2019-05-14,Support,Senior,Bengaluru,144365.0,1.83,1.87,8.5,38,no,yes
E22857,2023-06-14,Finance,Lead,Berlin,156682.0,3.03,4.08,6.6,97,no,no
E22858,2024-07-31,Sales,Junior,Austin,64477.0,1.29,1.84,3.4,36,no,yes
E22859,2020-04-23,Operations,Lead,Toronto,157710.0,9.14,4.61,3.9,58,no,yes
E22860,2019-05-07,Finance,Lead,Bengaluru,142877.0,21.19,3.47,10.4,58,no,no
E22861,2019-08-03,Support,Junior,Berlin,60888.0,17.1,1.32,8.3,77,no,no
E22862,2017-09-15,Engineering,Junior,Austin,57002.0,14.49,1.27,10.9,65,no,no
E22863,2020-07-14,Support,Lead,Austin,178422.0,9.04,4.37,9.1,115,no,yes
E22864,2015-11-14,Operations,Junior,Pune,56947.0,10.71,2.94,4.3,120,yes,no
E22865,2015-10-28,Sales,Mid,Austin,74853.0,4.83,2.51,2.3,74,no,yes
E22866,2016-07-08,Finance,Lead,Pune,146899.0,2.33,3.29,8.0,86,no,no
E22867,2016-07-07,Engineering,Junior,Pune,52987.0,19.11,3.88,4.4,79,no,yes
E22868,2022-02-16,Sales,Junior,Berlin,67334.0,12.62,1.95,5.7,16,no,no
E22869,2022-05-15,Marketing,Mid,Austin,70531.0,8.07,3.22,6.1,36,no,no
E22870,2019-08-22,Engineering,Mid,Bengaluru,70221.0,3.41,3.98,10.7,62,no,yes
E22871,2017-11-10,Marketing,Junior,Berlin,61311.0,14.37,1.1,7.8,117,yes,no
E22872,2021-05-10,Operations,Lead,Berlin,161206.0,8.04,4.55,8.2,79,no,yes
E22873,2023-07-16,Marketing,Mid,Pune,98256.0,18.84,1.13,9.9,21,no,no
E22874,2022-06-03,Marketing,Senior,Bengaluru,141158.0,3.58,2.55,5.5,4,no,yes
E22875,2015-02-14,Finance,Lead,Toronto,179959.0,19.13,1.65,1.4,20,no,yes
E22876,2020-03-10,Finance,Principal,Berlin,159927.0,8.29,3.9,0.7,44,no,yes
E22877,2023-12-10,Operations,Senior,Pune,102703.0,8.36,2.54,1.9,54,no,no
E22878,2024-01-15,Marketing,Senior,Bengaluru,106435.0,13.72,1.91,10.5,50,no,no
E22879,2020-09-07,Operations,Senior,Austin,143215.0,16.81,3.83,1.0,64,no,no
E22880,2017-10-16,Sales,Principal,Bengaluru,225666.0,13.15,1.4,5.0,72,no,no
E22881,2015-12-12,Sales,Lead,Pune,166241.0,11.96,4.27,3.8,83,no,yes
E22882,2018-10-04,Finance,Junior,Austin,59449.0,2.98,2.75,7.3,80,no,no
E22883,2021-06-03,Marketing,Senior,Pune,101408.0,3.02,2.84,10.8,73,no,yes
E22884,2016-03-04,Marketing,Mid,Pune,75024.0,4.56,2.81,2.7,37,no,no
E22885,2021-02-11,Operations,Senior,Toronto,144084.0,17.8,4.51,10.2,6,no,no
E22886,2022-08-27,Engineering,Lead,Toronto,175000.0,2.6,2.81,10.5,25,yes,yes
E22887,2017-01-27,Marketing,Junior,Bengaluru,66816.0,5.26,4.85,9.7,13,no,yes
E22888,2018-04-23,Sales,Lead,Austin,177653.0,12.55,1.35,9.0,106,no,yes
E22889,2023-11-02,Sales,Senior,Austin,112749.0,9.47,3.21,6.4,69,no,yes
E22890,2015-01-30,Finance,Senior,Berlin,105358.0,7.6,4.16,8.8,28,no,yes
E22891,2019-06-07,Operations,Lead,Berlin,164856.0,0.54,2.3,2.7,10,no,no
E22892,2021-07-26,Support,Principal,Berlin,174942.0,14.77,3.96,9.1,11,no,yes
E22893,2023-06-11,Finance,Junior,Austin,66279.0,4.7,2.78,0.8,103,no,no
E22894,2015-01-25,Finance,Mid,Berlin,73814.0,2.74,4.53,5.6,4,no,no
E22895,2015-11-17,Marketing,Lead,Toronto,165093.0,13.28,3.32,0.7,117,no,no
E22896,2016-12-23,Operations,Senior,Austin,136402.0,18.9,3.06,2.7,120,no,no
E22897,2019-11-03,Marketing,Lead,Bengaluru,129935.0,10.56,2.23,7.5,41,yes,yes
E22898,2017-05-14,Operations,Principal,Toronto,223907.0,13.82,4.89,5.8,4,no,no
E22899,2019-03-18,Support,Mid,Pune,100563.0,19.4,3.65,4.8,13,no,no
E22900,2022-02-14,Sales,Principal,Bengaluru,192167.0,18.76,4.77,9.5,58,no,no
E22901,2015-06-23,Sales,Principal,Austin,159370.0,19.99,3.25,4.8,80,no,yes
E22902,2019-02-06,Finance,Senior,Bengaluru,101114.0,6.13,2.44,5.0,101,no,no
E22903,2019-11-25,Operations,Lead,Pune,176131.0,3.7,2.02,9.2,73,no,yes
E22904,2016-07-25,Engineering,Mid,Toronto,99506.0,19.58,3.89,8.2,59,no,no
E22905,2015-11-21,Engineering,Junior,Toronto,63623.0,7.16,1.62,1.4,0,yes,yes
E22906,2022-10-07,Finance,Mid,Berlin,76985.0,21.62,3.0,5.2,7,no,no
E22907,2015-01-16,Operations,Lead,Austin,135131.0,7.59,1.95,7.4,90,no,no
E22908,2018-02-05,Engineering,Junior,Toronto,68196.0,12.6,4.95,6.6,97,no,no
E22909,2018-11-09,Finance,Senior,Berlin,107723.0,3.64,4.93,3.5,110,yes,no
E22910,2015-11-18,Engineering,Lead,Pune,139686.0,5.73,4.21,6.6,2,yes,no
E22911,2022-12-19,Marketing,Senior,Bengaluru,146532.0,20.27,3.5,8.9,0,no,no
E22912,2015-06-08,Marketing,Mid,Austin,90386.0,7.99,4.41,1.3,44,no,yes
E22913,2023-04-19,Finance,Senior,Berlin,116340.0,5.54,4.92,5.2,114,no,yes
E22914,2016-06-23,Sales,Senior,Berlin,123896.0,19.37,1.18,9.0,62,no,yes
E22915,2024-04-25,Finance,Lead,Toronto,159968.0,16.84,4.72,1.2,30,yes,yes
E22916,2024-10-16,Operations,Mid,Bengaluru,71736.0,9.18,4.23,4.0,33,no,no
E22917,2015-05-18,Support,Senior,Austin,126765.0,6.37,1.23,7.9,1,no,yes
E22918,2018-01-06,Support,Principal,Bengaluru,173222.0,15.12,2.88,5.1,111,yes,no
E22919,2015-02-06,Operations,Senior,Berlin,145293.0,12.77,2.19,4.2,51,no,yes
E22920,2019-10-04,Sales,Junior,Bengaluru,65606.0,5.32,1.6,4.4,6,no,no
E22921,2023-07-25,Support,Senior,Pune,123089.0,2.31,1.35,0.9,57,yes,yes
E22922,2024-03-30,Support,Principal,Berlin,201372.0,17.24,3.69,2.5,57,yes,yes
E22923,2017-03-28,Engineering,Mid,Berlin,72447.0,8.41,4.77,10.2,80,no,yes
E22924,2024-07-07,Engineering,Principal,Austin,198506.0,3.11,4.4,4.1,92,yes,no
E22925,2022-09-05,Support,Junior,Bengaluru,53130.0,17.62,3.33,0.4,66,no,no
E22926,2024-01-22,Marketing,Mid,Berlin,85234.0,0.66,4.2,3.9,27,yes,yes
E22927,2015-08-05,Support,Mid,Toronto,86371.0,16.87,4.8,9.6,49,no,yes
E22928,2019-12-06,Support,Lead,Austin,178636.0,17.56,1.83,5.1,33,no,yes
E22929,2015-05-09,Support,Lead,Toronto,146951.0,14.34,3.44,7.0,99,yes,yes
E22930,2023-09-18,Marketing,Lead,Pune,136169.0,19.27,1.17,3.7,38,no,no
E22931,2015-11-19,Operations,Lead,Pune,148916.0,1.07,1.57,7.3,0,no,no
E22932,2021-10-29,Marketing,Lead,Berlin,148815.0,17.28,2.34,0.9,93,yes,no
E22933,2021-09-08,Operations,Lead,Pune,154196.0,2.62,4.16,5.7,19,no,no
E22934,2024-03-29,Operations,Senior,Toronto,102979.0,0.85,1.63,8.2,39,yes,yes
E22935,2022-02-13,Marketing,Junior,Bengaluru,48455.0,6.31,1.47,6.4,17,no,no
E22936,2023-10-27,Finance,Mid,Austin,80747.0,7.61,1.01,8.3,109,no,no
E22937,2016-08-02,Support,Lead,Bengaluru,135251.0,20.54,1.94,5.9,42,no,no
E22938,2016-11-10,Support,Junior,Bengaluru,47558.0,17.21,1.59,3.0,34,no,no
E22939,2017-07-09,Support,Mid,Pune,74024.0,20.5,2.76,0.3,107,no,no
E22940,2019-11-03,Sales,Senior,Pune,146959.0,1.5,2.02,1.1,5,no,yes
E22941,2021-04-18,Sales,Senior,Bengaluru,131713.0,8.13,2.37,9.6,18,no,no
E22942,2016-01-14,Marketing,Junior,Berlin,66279.0,19.25,1.63,4.2,118,no,yes
E22943,2019-08-09,Support,Lead,Bengaluru,182894.0,2.1,1.64,0.5,113,no,yes
E22944,2019-10-01,Support,Lead,Pune,166988.0,10.5,4.32,8.5,11,no,yes
E22945,2020-03-21,Finance,Senior,Pune,110246.0,7.24,2.98,10.7,33,no,no
E22946,2017-08-17,Support,Mid,Toronto,75201.0,20.7,3.89,2.7,9,no,yes
E22947,2016-01-18,Finance,Senior,Pune,119574.0,4.78,3.42,0.9,57,no,no
E22948,2018-02-21,Engineering,Lead,Austin,136478.0,13.55,3.85,10.0,92,no,no
E22949,2021-05-20,Engineering,Junior,Bengaluru,62497.0,14.71,1.93,7.4,113,no,no
E22950,2020-07-01,Marketing,Senior,Bengaluru,114605.0,8.61,4.11,5.2,54,no,no
E22951,2020-05-31,Support,Principal,Austin,198954.0,3.15,1.62,0.9,36,yes,yes
E22952,2023-11-18,Operations,Principal,Bengaluru,199360.0,19.17,1.73,4.5,58,no,no
E22953,2016-10-14,Sales,Lead,Berlin,144289.0,19.7,4.27,3.0,66,no,no
E22954,2017-10-28,Sales,Principal,Pune,205236.0,3.63,4.38,9.9,38,no,yes
E22955,2017-06-20,Support,Lead,Bengaluru,150800.0,13.02,4.81,2.8,71,yes,no
E22956,2016-05-05,Marketing,Senior,Pune,142431.0,20.21,3.55,5.8,29,no,no
E22957,2024-10-11,Finance,Senior,Bengaluru,117848.0,20.32,4.49,8.1,22,no,no
E22958,2019-08-25,Support,Junior,Bengaluru,67410.0,16.3,4.68,0.8,60,no,no
E22959,2019-12-21,Sales,Mid,Berlin,85251.0,7.56,3.04,2.1,58,no,no
E22960,2016-12-30,Marketing,Senior,Pune,129729.0,1.08,4.42,6.7,48,no,no
E22961,2015-11-30,Sales,Junior,Bengaluru,47473.0,16.43,2.8,4.9,115,no,no
E22962,2019-09-10,Operations,Junior,Toronto,53578.0,13.54,1.89,2.1,106,no,no
E22963,2023-12-09,Engineering,Lead,Pune,169079.0,6.8,2.47,1.0,19,yes,no
E22964,2022-03-19,Operations,Junior,Austin,55325.0,11.54,3.37,6.1,83,no,yes
E22965,2016-08-25,Finance,Principal,Toronto,231447.0,6.77,2.3,8.3,10,no,no
E22966,2024-07-26,Engineering,Senior,Toronto,107302.0,16.69,2.95,6.4,83,no,yes
E22967,2021-09-24,Finance,Principal,Toronto,226803.0,18.48,2.2,2.6,56,no,no
E22968,2022-10-06,Sales,Junior,Austin,57767.0,0.18,1.79,0.7,29,no,no
E22969,2024-01-09,Operations,Lead,Austin,141480.0,7.71,2.89,1.4,88,no,yes
E22970,2016-05-08,Support,Principal,Pune,193452.0,20.63,3.54,3.9,117,no,no
E22971,2019-10-11,Operations,Senior,Berlin,108232.0,18.1,4.85,10.7,39,no,no
E22972,2016-01-05,Marketing,Principal,Bengaluru,169926.0,5.19,1.14,4.7,96,no,no
E22973,2023-10-12,Finance,Junior,Pune,54316.0,19.86,1.27,7.5,101,yes,no
E22974,2016-08-28,Sales,Junior,Austin,65848.0,18.57,2.91,3.2,83,no,no
E22975,2023-07-21,Engineering,Lead,Toronto,162826.0,15.15,1.66,9.7,11,no,no
E22976,2020-06-11,Finance,Lead,Berlin,125989.0,15.32,2.36,6.0,54,yes,no
E22977,2020-06-13,Sales,Lead,Pune,164619.0,5.19,1.45,2.5,22,no,no
E22978,2024-05-19,Engineering,Senior,Bengaluru,144788.0,11.4,4.66,7.0,104,no,yes
E22979,2021-12-02,Engineering,Lead,Bengaluru,160797.0,20.73,1.24,4.3,47,yes,yes
E22980,2015-09-11,Operations,Junior,Austin,48055.0,6.69,3.11,8.6,35,no,yes
E22981,2023-01-17,Operations,Senior,Toronto,136661.0,11.73,4.84,4.1,29,no,no
E22982,2019-07-19,Engineering,Lead,Toronto,132767.0,1.38,1.07,2.1,117,no,no
E22983,2020-08-28,Finance,Mid,Bengaluru,90434.0,14.63,1.3,9.6,61,no,yes
E22984,2019-03-07,Finance,Junior,Toronto,56025.0,17.27,2.88,1.3,0,no,no
E22985,2015-01-28,Operations,Mid,Bengaluru,97831.0,8.92,1.89,5.7,81,no,no
E22986,2015-05-22,Engineering,Senior,Bengaluru,132864.0,1.19,1.24,3.4,1,no,yes
E22987,2016-10-02,Engineering,Mid,Austin,96873.0,14.17,3.41,1.7,34,no,no
E22988,2020-08-08,Finance,Junior,Pune,59868.0,14.96,1.09,1.8,71,no,no
E22989,2017-08-10,Finance,Mid,Berlin,86052.0,4.93,2.82,6.8,27,no,no
E22990,2023-12-10,Sales,Senior,Berlin,120302.0,7.46,4.95,3.3,35,no,no
E22991,2022-01-24,Marketing,Mid,Austin,89885.0,0.26,4.45,5.7,104,no,no
E22992,2022-04-02,Marketing,Mid,Toronto,89732.0,10.76,2.41,8.2,27,no,no
E22993,2022-02-26,Support,Mid,Toronto,91850.0,17.06,1.33,8.8,65,yes,yes
E22994,2018-02-11,Marketing,Junior,Toronto,60798.0,2.09,4.02,5.8,58,no,yes
E22995,2016-06-23,Sales,Mid,Austin,70260.0,0.04,1.39,3.0,48,no,no
E22996,2021-12-22,Sales,Mid,Berlin,88856.0,20.65,3.73,1.7,103,no,yes
E22997,2024-08-07,Finance,Principal,Austin,215935.0,16.54,2.09,6.7,105,yes,yes
E22998,2020-12-06,Marketing,Senior,Toronto,121272.0,19.84,4.66,3.3,80,yes,yes
E22999,2019-09-24,Engineering,Principal,Bengaluru,219481.0,1.05,1.46,8.8,31,no,no
E23000,2019-02-23,Support,Lead,Austin,165727.0,1.15,4.74,8.3,21,no,no
E23001,2016-09-05,Support,Mid,Austin,74381.0,0.56,2.98,10.3,104,no,yes
E23002,2016-10-05,Support,Lead,Bengaluru,152588.0,6.58,2.41,9.1,36,no,no
E23003,2015-05-21,Operations,Senior,Austin,121814.0,2.71,4.6,10.4,55,no,no
E23004,2015-11-29,Operations,Lead,Toronto,171453.0,3.67,4.02,6.9,87,no,no
E23005,2021-11-27,Operations,Lead,Austin,138162.0,6.15,1.15,2.3,120,no,no
E23006,2020-07-16,Support,Mid,Bengaluru,84374.0,8.34,4.64,6.4,50,no,yes
E23007,2016-10-30,Sales,Senior,Austin,125617.0,11.73,1.14,4.8,87,no,no
E23008,2019-08-22,Sales,Lead,Toronto,164488.0,9.56,4.26,5.2,118,no,no
E23009,2019-07-02,Finance,Principal,Austin,218481.0,3.05,2.61,1.6,96,no,yes
E23010,2024-07-26,Support,Senior,Austin,124603.0,0.69,2.18,10.1,115,no,no
E23011,2016-01-25,Engineering,Mid,Berlin,73647.0,18.25,2.64,1.3,18,no,no
E23012,2022-03-20,Support,Principal,Toronto,220772.0,9.89,3.61,9.0,45,no,yes
E23013,2017-07-16,Marketing,Lead,Austin,140533.0,3.22,2.05,2.1,63,no,no
E23014,2018-12-29,Finance,Principal,Toronto,165481.0,14.55,4.48,2.7,91,no,no
E23015,2019-10-13,Sales,Mid,Pune,89134.0,9.88,1.14,9.7,42,no,no
E23016,2019-08-19,Finance,Mid,Berlin,88920.0,16.27,1.63,6.5,4,yes,yes
E23017,2015-02-05,Operations,Lead,Pune,161226.0,6.32,1.67,10.9,60,yes,no
E23018,2020-08-30,Finance,Principal,Pune,216714.0,16.57,2.8,5.7,112,no,no
E23019,2022-11-14,Operations,Mid,Berlin,71858.0,4.66,1.24,0.3,83,no,no
E23020,2023-02-10,Finance,Mid,Pune,94125.0,0.06,2.75,7.3,29,no,no
E23021,2015-05-09,Marketing,Senior,Berlin,106803.0,0.26,2.17,10.5,71,no,no
E23022,2024-09-29,Finance,Mid,Toronto,90450.0,18.34,3.89,9.0,30,no,no
E23023,2022-06-04,Sales,Principal,Bengaluru,175894.0,20.96,2.15,10.3,89,yes,no
E23024,2021-07-22,Finance,Lead,Austin,142871.0,20.1,4.41,7.3,53,no,no
E23025,2015-07-05,Support,Junior,Bengaluru,62489.0,12.83,3.84,10.8,57,no,no
E23026,2019-12-03,Engineering,Lead,Toronto,172063.0,16.24,1.97,5.2,61,no,no
E23027,2024-09-12,Engineering,Junior,Austin,48722.0,18.98,2.61,8.2,92,no,yes
E23028,2022-01-05,Marketing,Senior,Pune,117839.0,5.48,1.31,6.0,11,no,yes
E23029,2021-08-27,Support,Mid,Austin,85206.0,4.15,4.32,0.5,95,no,yes
E23030,2023-03-24,Sales,Lead,Pune,159558.0,20.36,4.55,8.8,105,no,no
E23031,2019-12-12,Support,Lead,Berlin,141770.0,0.01,1.59,8.1,107,yes,yes
E23032,2022-02-05,Operations,Lead,Berlin,175981.0,6.03,1.42,6.2,51,no,no
E23033,2015-04-30,Operations,Junior,Bengaluru,55930.0,8.86,3.42,6.2,11,no,no
E23034,2015-01-22,Support,Lead,Bengaluru,183670.0,13.09,1.97,7.7,118,no,yes
E23035,2020-08-27,Operations,Junior,Pune,60674.0,7.61,4.52,9.9,97,no,no
E23036,2018-05-10,Finance,Senior,Bengaluru,120619.0,14.05,4.57,7.4,56,no,no
E23037,2021-02-20,Engineering,Junior,Bengaluru,62883.0,4.95,3.02,5.1,69,no,no
E23038,2017-04-21,Support,Principal,Toronto,230291.0,18.8,1.08,1.0,21,no,no
E23039,2023-11-11,Marketing,Principal,Austin,221585.0,0.18,1.66,4.6,42,no,yes
E23040,2022-12-28,Finance,Junior,Toronto,59643.0,20.4,4.1,7.1,98,no,no
E23041,2016-01-23,Operations,Senior,Toronto,131264.0,1.68,2.56,3.1,0,no,no
E23042,2024-08-20,Operations,Lead,Berlin,168651.0,21.65,1.46,9.0,105,no,no
E23043,2024-11-25,Operations,Junior,Bengaluru,62898.0,6.48,4.02,8.3,47,no,no
E23044,2023-05-28,Operations,Lead,Pune,130446.0,0.55,2.87,7.8,9,no,no
E23045,2024-02-05,Support,Lead,Austin,153648.0,7.59,2.26,10.1,67,no,yes
E23046,2021-11-05,Operations,Junior,Berlin,53475.0,3.65,1.23,10.1,35,no,no
E23047,2024-07-21,Finance,Mid,Austin,72412.0,9.68,4.99,0.9,17,no,yes
E23048,2024-12-23,Sales,Junior,Toronto,55729.0,10.81,4.11,5.8,62,yes,no
E23049,2020-02-22,Engineering,Senior,Bengaluru,146203.0,3.35,3.84,1.6,21,yes,no
E23050,2015-01-08,Marketing,Junior,Pune,47557.0,19.71,2.34,0.8,84,no,yes
E23051,2017-08-19,Sales,Principal,Austin,200157.0,7.49,3.17,2.2,106,no,yes
E23052,2019-08-27,Sales,Junior,Berlin,60311.0,9.18,3.28,10.9,40,yes,yes
E23053,2023-10-15,Sales,Lead,Pune,152496.0,9.27,2.71,2.1,14,no,no
E23054,2016-09-06,Marketing,Senior,Toronto,138712.0,6.96,3.84,7.6,117,no,yes
E23055,2018-05-28,Support,Senior,Pune,124027.0,4.69,1.97,1.4,117,no,no
E23056,2015-03-19,Marketing,Principal,Pune,173444.0,19.36,1.98,7.9,57,no,no
E23057,2020-12-20,Marketing,Mid,Pune,72371.0,21.0,2.01,3.1,110,no,no
E23058,2016-02-19,Engineering,Mid,Bengaluru,97200.0,18.11,3.67,1.1,67,no,no
E23059,2016-05-06,Marketing,Senior,Pune,137249.0,9.96,2.71,6.5,118,no,yes
E23060,2017-10-16,Support,Senior,Toronto,117460.0,21.09,1.1,1.7,78,no,no
E23061,2020-09-07,Finance,Senior,Bengaluru,102822.0,0.52,3.5,8.3,75,no,yes
E23062,2015-06-22,Marketing,Lead,Austin,134001.0,15.06,4.6,6.4,4,yes,no
E23063,2021-03-14,Engineering,Mid,Berlin,90060.0,12.62,3.27,7.3,45,no,no
E23064,2016-10-14,Sales,Lead,Bengaluru,147403.0,2.04,3.44,7.3,111,no,no
E23065,2023-03-14,Support,Senior,Bengaluru,138498.0,19.05,1.08,7.7,78,no,yes
E23066,2018-11-22,Engineering,Senior,Pune,144374.0,20.0,2.87,0.2,41,no,no
E23067,2024-11-17,Marketing,Senior,Berlin,119976.0,13.07,3.89,0.9,34,no,yes
E23068,2018-02-19,Marketing,Principal,Toronto,158618.0,0.94,3.87,5.7,75,no,no
E23069,2024-10-15,Sales,Lead,Austin,131259.0,18.0,1.1,6.5,71,no,yes
E23070,2023-02-07,Engineering,Junior,Pune,50454.0,17.47,1.25,1.8,107,no,yes
E23071,2019-07-02,Support,Junior,Bengaluru,67508.0,11.31,2.92,8.5,113,no,no
E23072,2021-03-31,Engineering,Principal,Bengaluru,209808.0,15.39,4.87,2.2,78,no,no
E23073,2018-10-14,Finance,Junior,Pune,48306.0,1.36,3.35,0.5,106,no,no
E23074,2015-10-22,Operations,Junior,Berlin,52033.0,13.31,1.8,1.9,111,yes,no
E23075,2018-08-05,Marketing,Principal,Austin,159824.0,16.15,1.48,9.1,74,yes,yes
E23076,2023-02-11,Engineering,Principal,Austin,159086.0,8.76,4.24,3.9,33,yes,no
E23077,2016-09-01,Operations,Principal,Berlin,181758.0,4.86,3.78,7.7,20,yes,yes
E23078,2024-05-25,Engineering,Senior,Berlin,106676.0,9.45,1.18,3.2,15,no,yes
E23079,2024-02-15,Engineering,Mid,Berlin,81866.0,11.34,3.8,6.0,50,no,no
E23080,2016-06-01,Finance,Lead,Bengaluru,181106.0,3.17,4.86,7.3,93,yes,no
E23081,2022-01-18,Sales,Junior,Bengaluru,59044.0,14.1,4.93,10.9,88,no,yes
E23082,2020-09-27,Support,Junior,Toronto,67027.0,17.07,2.64,7.7,48,no,no
E23083,2021-07-24,Operations,Mid,Pune,72459.0,14.89,2.5,9.2,78,no,yes
E23084,2020-01-28,Marketing,Mid,Pune,98868.0,11.58,4.38,2.6,103,no,no
E23085,2024-11-06,Support,Mid,Toronto,86028.0,16.34,3.65,1.3,19,no,no
E23086,2020-12-14,Engineering,Principal,Berlin,168600.0,17.51,3.58,8.8,15,yes,no
E23087,2024-10-09,Finance,Mid,Bengaluru,96448.0,3.94,2.49,5.5,3,no,no
E23088,2019-02-10,Marketing,Junior,Pune,50816.0,17.77,2.72,7.5,33,no,no
E23089,2021-12-28,Marketing,Principal,Bengaluru,184883.0,16.84,4.67,9.2,68,no,yes
E23090,2024-05-02,Support,Lead,Bengaluru,132046.0,9.77,1.6,10.8,96,no,no
E23091,2018-11-05,Marketing,Lead,Toronto,143170.0,10.18,2.26,6.2,34,no,yes
E23092,2024-11-22,Operations,Junior,Pune,63109.0,18.07,3.94,9.8,59,no,yes
E23093,2019-06-12,Support,Lead,Pune,158676.0,11.61,1.72,3.2,44,no,yes
E23094,2024-03-01,Operations,Mid,Pune,86531.0,16.41,4.06,8.9,63,no,no
E23095,2018-01-11,Marketing,Principal,Pune,194067.0,15.7,1.46,9.4,31,no,no
E23096,2018-05-24,Marketing,Junior,Pune,51744.0,21.75,3.6,6.6,76,no,yes
E23097,2022-11-17,Operations,Junior,Austin,64261.0,5.55,3.41,8.6,98,no,no
E23098,2022-11-23,Sales,Senior,Austin,114960.0,9.16,3.47,5.8,117,no,no
E23099,2021-11-30,Operations,Lead,Bengaluru,182139.0,14.28,1.54,2.0,89,yes,no
E23100,2017-12-02,Engineering,Mid,Berlin,85826.0,13.78,1.64,9.3,1,no,no
E23101,2023-04-15,Engineering,Junior,Bengaluru,58706.0,6.66,1.81,9.0,31,no,no
E23102,2017-08-01,Finance,Mid,Bengaluru,98943.0,18.84,2.88,5.8,91,yes,no
E23103,2019-02-11,Engineering,Principal,Pune,178942.0,16.95,2.08,7.8,100,no,yes
E23104,2023-06-05,Finance,Lead,Berlin,134634.0,21.98,1.51,6.7,60,no,yes
E23105,2015-01-13,Engineering,Senior,Bengaluru,129612.0,18.2,3.33,10.9,104,yes,yes
E23106,2021-03-02,Support,Principal,Austin,198658.0,3.56,2.1,5.3,115,yes,no
E23107,2018-10-21,Operations,Lead,Pune,137414.0,17.21,4.46,0.5,45,yes,no
E23108,2017-10-08,Marketing,Lead,Austin,170963.0,10.29,4.1,8.8,117,yes,no
E23109,2017-07-25,Sales,Principal,Pune,169986.0,6.03,4.3,10.7,31,no,no
E23110,2017-04-19,Sales,Junior,Toronto,67272.0,12.08,2.83,7.7,1,yes,yes
E23111,2016-02-20,Finance,Lead,Toronto,155414.0,18.95,4.69,2.1,11,no,yes
E23112,2017-11-11,Support,Junior,Toronto,55977.0,9.43,1.67,8.9,38,no,yes
E23113,2015-05-05,Finance,Lead,Bengaluru,163807.0,2.64,2.26,1.7,40,yes,yes
E23114,2021-05-20,Finance,Lead,Bengaluru,128566.0,20.68,2.32,8.3,94,no,no
E23115,2018-10-24,Engineering,Principal,Berlin,205458.0,21.06,3.64,1.5,35,no,yes
E23116,2016-10-19,Finance,Principal,Austin,223977.0,12.13,4.08,7.4,38,no,yes
E23117,2015-12-08,Sales,Lead,Toronto,174006.0,11.07,1.98,7.4,37,no,yes
E23118,2023-03-15,Finance,Junior,Pune,52859.0,8.91,2.88,10.1,119,no,no
E23119,2018-04-19,Engineering,Lead,Bengaluru,164054.0,4.23,4.98,9.3,101,yes,no
E23120,2020-09-09,Operations,Senior,Berlin,107182.0,16.99,1.76,2.6,55,no,no
E23121,2015-07-21,Marketing,Mid,Austin,91306.0,3.99,4.86,6.5,70,no,no
E23122,2022-08-11,Finance,Senior,Bengaluru,130872.0,9.3,3.21,10.7,75,yes,yes
E23123,2021-05-27,Support,Principal,Bengaluru,179759.0,14.39,3.83,6.3,106,no,no
E23124,2016-06-30,Support,Mid,Austin,93235.0,16.47,2.51,7.5,88,no,no
E23125,2021-01-04,Finance,Senior,Austin,103004.0,13.33,1.04,3.1,21,no,no
E23126,2023-02-08,Marketing,Principal,Toronto,173510.0,15.56,1.05,6.0,35,no,yes
E23127,2020-07-08,Support,Senior,Austin,120259.0,11.02,2.41,1.7,88,yes,yes
E23128,2020-01-13,Marketing,Junior,Berlin,68108.0,18.32,4.0,1.1,116,no,no
E23129,2021-11-09,Marketing,Senior,Austin,121255.0,18.01,4.09,7.1,60,no,no
E23130,2015-05-03,Marketing,Principal,Pune,164933.0,14.13,3.75,10.1,114,no,no
E23131,2024-03-16,Finance,Senior,Pune,100869.0,21.57,2.97,0.5,31,no,yes
E23132,2022-07-19,Support,Lead,Berlin,166712.0,10.27,2.89,7.5,117,no,yes
E23133,2019-02-02,Engineering,Principal,Bengaluru,178346.0,9.38,1.77,2.2,114,no,yes
E23134,2018-07-02,Marketing,Junior,Pune,51583.0,14.21,2.3,7.9,53,no,no
E23135,2019-04-04,Sales,Senior,Austin,113984.0,12.98,1.13,6.8,116,no,yes
E23136,2019-06-21,Support,Mid,Austin,74171.0,8.2,2.15,2.6,44,yes,no
E23137,2021-09-28,Support,Principal,Berlin,199935.0,7.47,4.38,2.2,103,yes,no
E23138,2023-06-28,Operations,Senior,Pune,147109.0,2.32,2.37,10.7,3,no,yes
E23139,2018-07-30,Support,Mid,Pune,90252.0,18.11,2.14,5.4,18,no,no
E23140,2019-09-17,Marketing,Junior,Pune,65554.0,4.99,4.71,6.9,56,no,yes
E23141,2018-01-04,Marketing,Lead,Austin,140057.0,10.82,2.6,9.3,20,no,no
E23142,2022-10-25,Operations,Lead,Toronto,130370.0,3.88,1.89,7.6,54,no,no
E23143,2020-06-15,Support,Junior,Bengaluru,62984.0,8.47,2.12,10.6,59,no,no
E23144,2017-10-10,Engineering,Principal,Toronto,172024.0,14.26,3.76,7.5,26,yes,yes
E23145,2019-03-08,Engineering,Lead,Austin,155869.0,14.08,3.45,7.2,91,no,no
E23146,2024-03-25,Marketing,Lead,Berlin,131045.0,1.08,2.56,5.8,80,no,no
E23147,2020-08-03,Finance,Lead,Pune,166154.0,19.37,3.07,7.1,54,no,no
E23148,2024-03-01,Engineering,Lead,Toronto,166377.0,4.84,2.53,5.8,5,no,yes
E23149,2021-01-21,Operations,Mid,Austin,92750.0,20.96,2.04,5.1,12,no,yes
E23150,2020-10-09,Sales,Junior,Austin,63094.0,20.18,1.47,4.7,78,yes,no
E23151,2024-12-01,Marketing,Lead,Toronto,128148.0,16.5,2.18,10.2,107,no,no
E23152,2018-11-29,Finance,Senior,Bengaluru,136073.0,3.53,4.56,1.8,30,no,no
E23153,2020-07-17,Finance,Lead,Bengaluru,158723.0,19.61,3.07,5.6,59,no,no
E23154,2015-05-21,Sales,Junior,Austin,51273.0,19.25,1.43,5.0,117,no,yes
E23155,2015-04-19,Operations,Principal,Austin,187233.0,11.93,2.61,8.8,93,no,yes
E23156,2024-12-19,Engineering,Senior,Austin,102676.0,15.01,2.76,0.4,53,no,no
E23157,2017-07-23,Marketing,Principal,Pune,221115.0,11.07,1.48,5.5,117,no,no
E23158,2020-11-24,Finance,Mid,Berlin,96410.0,10.11,3.88,10.5,56,no,no
E23159,2022-12-03,Support,Senior,Pune,143360.0,0.39,4.63,6.9,92,no,no
E23160,2017-08-09,Finance,Lead,Pune,135830.0,15.92,1.62,5.2,107,yes,no
E23161,2023-11-01,Marketing,Lead,Pune,153170.0,6.34,2.48,9.5,2,no,no
E23162,2019-12-02,Finance,Principal,Pune,232108.0,17.88,4.6,10.4,112,no,yes
E23163,2017-10-26,Finance,Lead,Toronto,157852.0,15.62,4.15,5.5,93,no,no
E23164,2018-08-23,Finance,Principal,Berlin,188083.0,16.68,3.0,8.9,117,no,no
E23165,2018-05-27,Finance,Principal,Austin,223514.0,17.13,2.59,3.5,26,yes,no
E23166,2019-04-06,Support,Principal,Bengaluru,185151.0,11.62,4.72,10.9,42,no,yes
E23167,2022-05-22,Marketing,Principal,Berlin,221715.0,11.25,1.09,6.1,104,yes,no
E23168,2022-10-05,Finance,Senior,Bengaluru,119758.0,15.28,3.18,8.6,44,no,no
E23169,2022-04-13,Marketing,Lead,Berlin,168788.0,7.91,4.13,5.6,36,no,yes
E23170,2018-01-23,Sales,Senior,Pune,106729.0,2.04,2.65,7.0,23,no,no
E23171,2019-07-17,Support,Lead,Austin,147600.0,12.71,1.59,8.0,88,yes,no
E23172,2023-12-21,Support,Senior,Austin,145999.0,4.03,1.97,6.9,60,yes,no
E23173,2017-04-26,Engineering,Lead,Toronto,138939.0,19.22,4.6,8.2,26,no,no
E23174,2023-02-03,Support,Principal,Pune,204637.0,9.78,1.48,6.1,72,no,yes
E23175,2024-10-05,Engineering,Mid,Toronto,81522.0,1.55,3.13,1.3,45,no,yes
E23176,2018-08-27,Marketing,Lead,Toronto,138985.0,15.67,3.09,8.1,11,yes,no
E23177,2019-09-05,Operations,Lead,Bengaluru,148011.0,14.56,4.46,6.1,36,yes,yes
E23178,2020-06-01,Finance,Junior,Bengaluru,59659.0,9.59,2.9,3.5,42,no,yes
E23179,2019-12-17,Marketing,Senior,Berlin,119135.0,21.88,4.9,9.8,47,no,no
E23180,2024-12-24,Finance,Principal,Berlin,184060.0,10.24,3.3,2.3,65,yes,yes
E23181,2015-02-25,Engineering,Mid,Pune,83954.0,16.9,1.99,2.8,98,no,no
E23182,2020-03-30,Marketing,Senior,Berlin,101274.0,8.4,3.76,1.1,27,no,yes
E23183,2015-08-06,Finance,Mid,Toronto,74386.0,11.84,2.06,3.0,97,yes,yes
E23184,2020-04-26,Support,Principal,Pune,215223.0,4.22,2.76,8.8,15,no,yes
E23185,2016-01-12,Marketing,Lead,Toronto,158537.0,15.73,2.11,9.7,115,no,no
E23186,2015-10-02,Operations,Senior,Bengaluru,137353.0,1.87,1.83,9.8,11,no,no
E23187,2019-06-27,Marketing,Mid,Pune,84252.0,15.12,3.61,2.8,7,no,no
E23188,2024-09-29,Engineering,Junior,Toronto,64717.0,8.8,2.56,8.7,28,no,no
E23189,2019-08-29,Sales,Senior,Toronto,101500.0,15.04,1.35,2.1,40,no,yes
E23190,2024-05-06,Marketing,Junior,Pune,68247.0,5.79,3.84,10.9,31,no,no
E23191,2020-02-17,Support,Principal,Austin,222682.0,15.21,2.65,1.9,88,no,no
E23192,2023-12-23,Support,Mid,Austin,101829.0,9.27,2.25,4.2,101,no,no
E23193,2019-01-26,Support,Principal,Berlin,179770.0,5.0,2.2,0.8,47,no,no
E23194,2018-05-22,Support,Senior,Toronto,121654.0,17.17,3.77,10.6,30,no,yes
E23195,2020-05-15,Support,Mid,Pune,81252.0,10.06,2.96,7.9,55,no,no
E23196,2019-07-13,Operations,Mid,Bengaluru,70717.0,15.79,1.0,9.5,59,no,yes
E23197,2016-09-06,Marketing,Senior,Toronto,132838.0,13.0,1.52,9.2,100,no,yes
E23198,2023-10-04,Operations,Principal,Pune,207117.0,21.79,4.04,3.9,36,yes,no
E23199,2019-05-25,Engineering,Junior,Pune,47458.0,11.0,2.77,2.2,57,no,yes
