sku,launch_date,brand,category,vendor,list_price,unit_cost,gross_margin,stock_on_hand,units_sold_ytd,avg_rating,review_count,discontinued
SKU50000,2019-03-06,Brand E,Tools,Vendor 03,719.61,339.76,379.85,670,4066,3.75,748,yes
SKU50001,2022-10-14,Brand G,Lighting,Vendor 21,502.61,344.54,158.07,1474,661,4.23,244,no
SKU50002,2021-05-31,Brand I,Fasteners,Vendor 21,133.01,114.53,18.48,1736,4477,4.14,226,no
SKU50003,2022-12-14,Brand I,Safety,Vendor 13,57.54,48.74,8.8,1390,1411,3.11,312,no
SKU50004,2022-10-22,Brand K,Adhesives,Vendor 06,14.92,10.47,4.45,1281,3024,2.28,136,no
SKU50005,2019-03-07,Brand B,Measuring,Vendor 23,838.28,377.86,460.42,1446,1417,3.76,141,no
SKU50006,2024-11-26,Brand B,Tools,Vendor 16,585.04,310.93,274.11,1685,3448,4.62,488,yes
SKU50007,2023-11-19,Brand L,Lighting,Vendor 23,58.97,52.28,6.69,682,2885,3.75,558,no
SKU50008,2022-07-01,Brand I,Fasteners,Vendor 04,8.61,6.23,2.38,1295,4173,2.36,452,no
SKU50009,2022-08-11,Brand G,Safety,Vendor 01,721.12,286.67,434.45,579,2525,2.47,832,no
SKU50010,2022-03-26,Brand H,Adhesives,Vendor 24,350.6,148.79,201.81,1546,3424,2.3,114,no
SKU50011,2022-12-07,Brand F,Measuring,Vendor 10,573.94,262.12,311.82,531,3948,3.99,403,yes
SKU50012,2022-09-04,Brand F,Tools,Vendor 18,343.87,195.69,148.18,1114,3662,2.36,359,no
SKU50013,2021-02-15,Brand J,Lighting,Vendor 08,183.81,157.65,26.16,329,294,2.96,664,no
SKU50014,2021-10-13,Brand L,Fasteners,Vendor 19,891.55,386.14,505.41,851,1138,4.69,475,no
SKU50015,2023-05-28,Brand A,Safety,Vendor 19,332.98,137.49,195.49,964,3732,2.04,863,yes
SKU50016,2021-03-30,Brand K,Adhesives,Vendor 07,871.66,343.07,528.59,741,3376,2.8,273,no
SKU50017,2020-01-06,Brand G,Measuring,Vendor 12,297.13,213.2,83.93,22,3820,3.96,85,no
SKU50018,2023-07-18,Brand I,Tools,Vendor 23,765.22,357.64,407.58,1110,1299,2.76,389,no
SKU50019,2022-05-17,Brand I,Lighting,Vendor 05,827.67,359.06,468.61,451,2715,4.0,396,no
SKU50020,2019-04-18,Brand G,Fasteners,Vendor 22,465.78,275.43,190.35,1134,801,3.61,354,no
SKU50021,2023-09-05,Brand A,Safety,Vendor 04,32.66,13.09,19.57,759,4103,4.73,836,no
SKU50022,2023-10-23,Brand E,Adhesives,Vendor 17,100.99,46.23,54.76,1404,4335,4.92,859,no
SKU50023,2019-12-04,Brand I,Measuring,Vendor 11,145.86,122.37,23.49,1191,247,2.52,325,no
SKU50024,2023-04-18,Brand E,Tools,Vendor 23,788.78,344.99,443.79,1609,5107,3.3,685,no
SKU50025,2022-09-12,Brand K,Lighting,Vendor 17,903.6,389.71,513.89,747,5115,4.36,517,no
SKU50026,2023-09-01,Brand J,Fasteners,Vendor 01,443.6,306.18,137.42,488,4704,2.57,753,no
SKU50027,2020-12-30,Brand E,Safety,Vendor 06,211.9,88.28,123.62,142,304,4.59,366,no
SKU50028,2020-04-02,Brand F,Adhesives,Vendor 01,179.56,158.7,20.86,703,3178,3.64,284,no
SKU50029,2024-04-23,Brand C,Measuring,Vendor 04,202.79,165.01,37.78,1539,578,3.18,234,no
SKU50030,2022-07-19,Brand B,Tools,Vendor 14,210.27,109.18,101.09,1652,3887,2.12,774,no
SKU50031,2022-03-10,Brand D,Lighting,Vendor 15,370.96,218.37,152.59,729,3905,4.81,674,yes
SKU50032,2022-05-02,Brand K,Fasteners,Vendor 15,30.44,13.54,16.9,1050,3991,3.64,299,no
SKU50033,2020-02-27,Brand I,Safety,Vendor 05,41.5,18.35,23.15,1536,2779,4.79,294,no
SKU50034,2024-10-11,Brand K,Adhesives,Vendor 17,494.99,239.54,255.45,613,3249,2.67,172,no
SKU50035,2019-07-15,Brand J,Measuring,Vendor 12,755.95,371.09,384.86,1368,1318,4.07,525,no
SKU50036,2019-03-16,Brand K,Tools,Vendor 12,284.05,247.52,36.53,1307,4464,3.25,466,no
SKU50037,2020-11-01,Brand F,Lighting,Vendor 22,494.3,193.89,300.41,618,4012,3.28,882,no
SKU50038,2019-04-24,Brand K,Fasteners,Vendor 02,39.2,23.33,15.87,1483,4333,4.38,281,no
SKU50039,2019-12-03,Brand D,Safety,Vendor 09,157.71,66.91,90.8,1327,3170,3.16,63,no
SKU50040,2021-03-14,Brand I,Adhesives,Vendor 15,631.94,396.98,234.96,1495,3462,4.28,517,no
SKU50041,2022-07-03,Brand I,Measuring,Vendor 04,149.5,131.94,17.56,1797,2891,3.44,532,no
SKU50042,2021-05-22,Brand H,Tools,Vendor 19,378.43,246.62,131.81,491,452,4.48,465,no
SKU50043,2024-03-04,Brand L,Lighting,Vendor 24,974.55,395.72,578.83,1614,3865,3.75,416,no
SKU50044,2023-03-14,Brand F,Fasteners,Vendor 17,317.08,264.62,52.46,538,2674,4.59,311,no
SKU50045,2020-03-04,Brand D,Safety,Vendor 11,277.03,116.57,160.46,1159,3826,4.93,688,yes
SKU50046,2019-03-22,Brand C,Adhesives,Vendor 02,737.22,379.16,358.06,25,201,2.58,487,no
SKU50047,2021-09-26,Brand A,Measuring,Vendor 05,721.23,330.05,391.18,329,254,4.27,615,no
SKU50048,2022-12-17,Brand B,Tools,Vendor 17,921.76,368.76,553.0,1398,2843,2.58,221,no
SKU50049,2022-01-11,Brand J,Lighting,Vendor 20,731.16,375.36,355.8,246,1359,2.14,626,no
SKU50050,2022-10-07,Brand A,Fasteners,Vendor 24,119.83,88.33,31.5,1564,4300,2.61,511,no
SKU50051,2020-09-10,Brand F,Safety,Vendor 18,526.17,312.64,213.53,54,1462,3.58,179,no
SKU50052,2024-04-26,Brand E,Adhesives,Vendor 09,763.09,338.21,424.88,1633,3451,4.4,98,no
SKU50053,2021-06-16,Brand J,Measuring,Vendor 05,350.17,136.39,213.78,1060,4106,2.19,775,no
SKU50054,2024-09-14,Brand B,Tools,Vendor 08,378.0,218.74,159.26,1238,4424,3.45,172,no
SKU50055,2019-12-08,Brand B,Lighting,Vendor 25,339.6,133.95,205.65,1756,200,2.61,132,no
SKU50056,2024-11-22,Brand E,Fasteners,Vendor 23,65.25,38.95,26.3,867,1280,4.81,756,no
SKU50057,2020-12-18,Brand K,Safety,Vendor 08,535.7,397.88,137.82,1561,2668,3.1,889,no
SKU50058,2022-04-13,Brand B,Adhesives,Vendor 13,161.97,78.23,83.74,1403,4848,2.1,186,no
SKU50059,2019-06-18,Brand K,Measuring,Vendor 15,317.5,254.74,62.76,1545,443,3.08,400,yes
SKU50060,2020-11-17,Brand C,Tools,Vendor 20,284.33,141.47,142.86,457,4130,3.06,874,no
SKU50061,2023-07-09,Brand K,Lighting,Vendor 14,322.67,234.11,88.56,1750,5063,4.31,859,no
SKU50062,2023-02-20,Brand G,Fasteners,Vendor 18,381.02,251.46,129.56,431,1135,2.01,113,no
SKU50063,2023-03-18,Brand F,Safety,Vendor 24,342.84,256.23,86.61,402,2791,4.16,702,no
SKU50064,2022-07-27,Brand D,Adhesives,Vendor 13,31.97,22.39,9.58,721,3947,4.55,119,no
SKU50065,2024-10-03,Brand H,Measuring,Vendor 05,750.46,361.27,389.19,431,1885,4.22,537,no
SKU50066,2022-07-15,Brand H,Tools,Vendor 18,60.68,41.89,18.79,596,3469,4.85,93,no
SKU50067,2020-09-06,Brand J,Lighting,Vendor 21,576.89,267.98,308.91,729,3956,4.79,16,no
SKU50068,2021-07-21,Brand B,Fasteners,Vendor 23,325.47,198.1,127.37,744,236,3.54,50,no
SKU50069,2019-05-11,Brand H,Safety,Vendor 20,25.35,18.53,6.82,68,2102,2.84,299,no
SKU50070,2022-06-28,Brand B,Adhesives,Vendor 21,322.7,186.78,135.92,363,3506,3.6,280,no
SKU50071,2023-07-23,Brand H,Measuring,Vendor 14,173.92,96.93,76.99,853,2714,2.89,431,no
SKU50072,2023-10-30,Brand E,Tools,Vendor 07,111.07,71.57,39.5,1514,4965,4.21,649,no
SKU50073,2020-04-02,Brand L,Lighting,Vendor 12,321.82,206.71,115.11,1331,800,4.7,86,no
SKU50074,2021-01-21,Brand G,Fasteners,Vendor 23,278.05,239.39,38.66,1234,3210,2.71,409,no
SKU50075,2022-07-04,Brand J,Safety,Vendor 14,498.6,302.83,195.77,1550,3578,4.73,742,no
SKU50076,2023-06-25,Brand E,Adhesives,Vendor 03,288.33,125.12,163.21,130,1218,3.24,107,no
SKU50077,2019-12-02,Brand D,Measuring,Vendor 18,113.75,87.9,25.85,1046,351,2.84,625,no
SKU50078,2019-06-23,Brand H,Tools,Vendor 12,293.59,215.19,78.4,1400,3789,4.06,836,no
SKU50079,2021-09-17,Brand J,Lighting,Vendor 16,253.28,154.29,98.99,1162,3477,2.54,198,no
SKU50080,2024-05-13,Brand C,Fasteners,Vendor 21,190.13,82.68,107.45,504,1459,2.33,441,yes
SKU50081,2020-10-28,Brand G,Safety,Vendor 19,62.84,46.46,16.38,1373,49,2.04,412,no
SKU50082,2022-12-14,Brand I,Adhesives,Vendor 20,272.54,134.36,138.18,333,1288,2.91,450,no
SKU50083,2024-04-30,Brand G,Measuring,Vendor 18,39.44,23.66,15.78,1641,338,4.62,343,no
SKU50084,2022-01-29,Brand L,Tools,Vendor 17,882.44,383.34,499.1,538,1242,2.95,647,yes
SKU50085,2020-04-15,Brand K,Lighting,Vendor 07,736.45,298.93,437.52,1598,2256,2.26,742,no
SKU50086,2021-08-06,Brand A,Fasteners,Vendor 17,43.76,26.21,17.55,213,2686,3.77,318,yes
SKU50087,2023-11-29,Brand I,Safety,Vendor 07,269.0,222.63,46.37,1651,3588,4.5,611,yes
SKU50088,2023-01-21,Brand E,Adhesives,Vendor 25,487.19,258.11,229.08,672,3700,4.02,845,yes
SKU50089,2019-04-25,Brand E,Measuring,Vendor 05,315.72,277.25,38.47,747,4305,2.71,737,yes
SKU50090,2024-01-24,Brand J,Tools,Vendor 20,126.4,70.95,55.45,1199,2320,4.05,68,no
SKU50091,2024-08-19,Brand K,Lighting,Vendor 02,973.97,382.36,591.61,869,2468,3.86,229,no
SKU50092,2024-02-16,Brand G,Fasteners,Vendor 09,426.68,211.0,215.68,686,4572,4.9,218,no
SKU50093,2019-06-16,Brand D,Safety,Vendor 20,806.26,366.58,439.68,752,4236,3.34,548,no
SKU50094,2022-06-04,Brand D,Adhesives,Vendor 10,342.06,182.53,159.53,481,4585,2.59,751,no
SKU50095,2022-08-14,Brand E,Measuring,Vendor 24,150.77,77.9,72.87,1179,4334,4.21,156,yes
SKU50096,2019-02-22,Brand H,Tools,Vendor 08,661.18,330.41,330.77,954,5099,3.25,771,yes
SKU50097,2022-02-06,Brand I,Lighting,Vendor 08,54.71,47.29,7.42,1788,3752,3.8,528,no
SKU50098,2023-03-23,Brand B,Fasteners,Vendor 01,715.8,351.03,364.77,729,551,2.1,287,no
SKU50099,2023-04-12,Brand C,Safety,Vendor 09,514.59,282.85,231.74,492,3303,4.82,510,no
SKU50100,2022-04-18,Brand A,Adhesives,Vendor 11,312.14,223.31,88.83,654,4154,3.88,877,no
SKU50101,2023-09-07,Brand B,Measuring,Vendor 24,460.47,179.9,280.57,1221,1581,3.22,870,no
SKU50102,2022-01-20,Brand G,Tools,Vendor 10,30.95,26.72,4.23,631,4120,3.87,192,no
SKU50103,2024-03-26,Brand J,Lighting,Vendor 10,61.87,38.07,23.8,734,1982,4.92,247,no
SKU50104,2019-03-04,Brand E,Fasteners,Vendor 22,102.88,42.99,59.89,1084,1937,2.72,695,no
SKU50105,2019-05-02,Brand H,Safety,Vendor 20,236.54,114.72,121.82,327,4792,2.99,876,no
SKU50106,2023-10-21,Brand H,Adhesives,Vendor 04,111.26,97.21,14.05,431,636,4.2,182,no
SKU50107,2024-10-10,Brand B,Measuring,Vendor 08,940.53,374.16,566.37,115,3052,4.07,262,no
SKU50108,2022-06-03,Brand B,Tools,Vendor 07,549.07,301.56,247.51,767,197,2.26,130,yes
SKU50109,2020-11-28,Brand H,Lighting,Vendor 08,474.82,275.85,198.97,1107,4437,2.96,824,no
SKU50110,2020-02-19,Brand A,Fasteners,Vendor 05,425.27,201.32,223.95,146,209,4.69,168,no
SKU50111,2021-12-20,Brand B,Safety,Vendor 06,356.64,296.69,59.95,627,518,2.08,702,no
SKU50112,2021-11-22,Brand A,Adhesives,Vendor 25,176.22,124.17,52.05,677,2620,3.4,696,no
SKU50113,2022-01-15,Brand I,Measuring,Vendor 23,33.46,16.59,16.87,1129,3770,2.67,475,no
SKU50114,2023-04-06,Brand J,Tools,Vendor 22,711.07,369.4,341.67,711,3869,2.78,228,no
SKU50115,2023-09-06,Brand H,Lighting,Vendor 07,354.4,243.03,111.37,198,1563,3.59,790,no
SKU50116,2021-10-16,Brand G,Fasteners,Vendor 07,93.8,80.28,13.52,322,43,2.19,405,no
SKU50117,2022-09-23,Brand B,Safety,Vendor 23,800.99,375.67,425.32,343,4975,3.08,365,no
SKU50118,2021-12-06,Brand G,Adhesives,Vendor 17,50.4,39.53,10.87,34,4790,4.2,840,no
SKU50119,2020-01-30,Brand E,Measuring,Vendor 25,460.68,207.01,253.67,869,728,2.95,335,no
SKU50120,2024-09-13,Brand E,Tools,Vendor 22,533.25,251.41,281.84,753,477,2.57,35,no
SKU50121,2022-07-01,Brand D,Lighting,Vendor 19,540.06,261.95,278.11,408,2539,2.82,82,no
SKU50122,2019-07-19,Brand I,Fasteners,Vendor 03,427.28,362.62,64.66,212,4976,2.16,750,no
SKU50123,2020-05-15,Brand E,Safety,Vendor 19,782.22,310.83,471.39,1397,3408,3.65,678,no
SKU50124,2021-12-13,Brand K,Adhesives,Vendor 15,445.63,297.26,148.37,1496,1422,4.47,344,yes
SKU50125,2023-11-29,Brand I,Measuring,Vendor 23,570.75,245.17,325.58,1218,3759,3.1,269,no
SKU50126,2020-01-12,Brand I,Tools,Vendor 17,389.87,162.34,227.53,1641,5058,4.3,372,no
SKU50127,2020-02-10,Brand I,Lighting,Vendor 03,438.34,282.59,155.75,823,1141,3.04,768,yes
SKU50128,2022-11-26,Brand E,Fasteners,Vendor 08,96.97,78.61,18.36,873,2904,4.01,597,yes
SKU50129,2024-02-08,Brand H,Safety,Vendor 22,85.18,33.46,51.72,1330,4817,4.34,609,no
SKU50130,2021-07-10,Brand L,Adhesives,Vendor 07,78.56,50.92,27.64,994,3807,3.0,895,no
SKU50131,2024-07-15,Brand C,Measuring,Vendor 04,621.91,343.56,278.35,916,1442,2.82,591,no
SKU50132,2025-01-07,Brand E,Tools,Vendor 25,512.96,351.81,161.15,1700,3713,4.08,556,no
SKU50133,2020-07-29,Brand A,Lighting,Vendor 12,231.7,118.93,112.77,695,5193,4.23,668,yes
SKU50134,2022-07-03,Brand J,Fasteners,Vendor 07,82.6,55.51,27.09,1240,2634,2.9,282,no
SKU50135,2024-11-03,Brand F,Safety,Vendor 08,752.32,313.53,438.79,1502,2331,2.79,279,no
SKU50136,2022-04-25,Brand D,Adhesives,Vendor 03,66.38,36.02,30.36,61,1603,3.12,782,no
SKU50137,2022-08-27,Brand L,Measuring,Vendor 17,547.26,372.14,175.12,626,3920,2.32,503,no
SKU50138,2024-04-08,Brand G,Tools,Vendor 20,283.18,147.33,135.85,1780,1592,3.65,814,no
SKU50139,2020-09-06,Brand H,Lighting,Vendor 15,453.43,242.35,211.08,846,4218,2.22,21,no
SKU50140,2020-07-04,Brand E,Fasteners,Vendor 23,464.35,367.38,96.97,1782,3546,2.98,452,no
SKU50141,2021-02-19,Brand J,Safety,Vendor 22,200.95,133.11,67.84,875,2530,3.16,718,no
SKU50142,2023-04-22,Brand E,Adhesives,Vendor 05,640.74,385.51,255.23,1713,1448,3.42,452,no
SKU50143,2021-12-18,Brand H,Measuring,Vendor 11,172.33,118.29,54.04,1483,342,4.86,406,no
SKU50144,2024-03-08,Brand G,Tools,Vendor 16,13.91,11.05,2.86,563,4750,4.48,516,no
SKU50145,2024-07-28,Brand H,Lighting,Vendor 09,845.58,338.26,507.32,1378,464,4.3,441,no
SKU50146,2021-02-11,Brand I,Fasteners,Vendor 25,554.14,330.23,223.91,927,1319,3.64,4,no
SKU50147,2019-07-14,Brand D,Safety,Vendor 04,169.75,71.48,98.27,568,1532,2.64,73,no
SKU50148,2023-11-17,Brand E,Adhesives,Vendor 10,3.21,2.83,0.38,1005,2437,4.14,51,no
SKU50149,2019-02-24,Brand J,Measuring,Vendor 25,165.96,145.08,20.88,1034,2697,3.92,181,no
SKU50150,2022-09-18,Brand E,Tools,Vendor 03,259.45,168.44,91.01,1195,861,2.27,737,yes
SKU50151,2022-05-29,Brand G,Lighting,Vendor 18,89.42,39.0,50.42,1787,2906,2.21,757,no
SKU50152,2020-07-12,Brand B,Fasteners,Vendor 24,555.21,285.8,269.41,453,4983,4.63,898,no
SKU50153,2024-12-23,Brand J,Safety,Vendor 23,876.74,346.37,530.37,946,1182,2.67,282,no
SKU50154,2021-08-16,Brand C,Adhesives,Vendor 15,662.65,260.37,402.28,1595,4956,4.71,812,no
SKU50155,2019-11-01,Brand G,Measuring,Vendor 10,671.53,301.97,369.56,437,2086,2.78,241,no
SKU50156,2019-02-04,Brand C,Tools,Vendor 24,28.48,25.66,2.82,366,3290,2.93,455,no
SKU50157,2020-03-18,Brand L,Lighting,Vendor 16,948.81,394.48,554.33,684,3354,3.09,567,no
SKU50158,2021-06-10,Brand K,Fasteners,Vendor 07,612.61,373.83,238.78,1481,3452,4.13,361,no
SKU50159,2022-08-12,Brand K,Safety,Vendor 16,280.11,189.47,90.64,1021,2789,3.43,396,no
SKU50160,2020-06-30,Brand C,Adhesives,Vendor 10,617.6,307.16,310.44,400,4171,2.08,493,no
SKU50161,2023-04-11,Brand K,Measuring,Vendor 16,140.43,70.83,69.6,1378,2131,2.11,892,yes
SKU50162,2022-01-21,Brand D,Tools,Vendor 21,509.89,200.5,309.39,421,1849,4.1,818,no
SKU50163,2023-04-17,Brand D,Lighting,Vendor 06,376.55,157.69,218.86,189,2642,3.13,621,no
SKU50164,2024-03-19,Brand L,Fasteners,Vendor 07,115.2,51.08,64.12,1174,55,4.28,798,no
SKU50165,2019-04-21,Brand A,Safety,Vendor 04,140.25,66.2,74.05,1129,3989,3.32,849,no
SKU50166,2021-07-08,Brand I,Adhesives,Vendor 04,371.64,305.14,66.5,528,1767,3.31,864,no
SKU50167,2023-07-10,Brand E,Measuring,Vendor 15,321.03,159.34,161.69,1217,4482,3.77,811,yes
SKU50168,2019-11-04,Brand D,Tools,Vendor 11,190.42,140.46,49.96,699,2886,2.69,19,no
SKU50169,2019-10-31,Brand B,Lighting,Vendor 22,283.53,117.79,165.74,1732,218,4.37,147,no
SKU50170,2024-07-31,Brand B,Fasteners,Vendor 08,226.34,188.85,37.49,914,48,4.06,566,no
SKU50171,2020-04-15,Brand K,Safety,Vendor 04,637.26,355.32,281.94,1734,3069,4.11,775,no
SKU50172,2020-06-09,Brand F,Adhesives,Vendor 24,509.45,332.86,176.59,412,4820,2.99,227,no
SKU50173,2020-08-02,Brand L,Measuring,Vendor 04,468.61,192.74,275.87,261,4861,2.97,862,yes
SKU50174,2019-10-12,Brand J,Tools,Vendor 08,286.92,192.03,94.89,911,3759,2.5,46,no
SKU50175,2022-04-11,Brand H,Lighting,Vendor 13,586.11,351.85,234.26,1745,1922,4.26,100,no
SKU50176,2020-12-02,Brand K,Fasteners,Vendor 18,854.78,366.28,488.5,126,3273,4.36,178,no
SKU50177,2024-06-12,Brand C,Safety,Vendor 20,547.62,238.67,308.95,202,5185,2.99,165,no
SKU50178,2023-10-30,Brand C,Adhesives,Vendor 14,447.11,323.74,123.37,899,1568,4.66,104,no
SKU50179,2023-12-01,Brand E,Measuring,Vendor 14,724.87,344.37,380.5,1465,2787,4.15,158,no
SKU50180,2023-08-08,Brand G,Tools,Vendor 23,12.56,8.86,3.7,463,1919,2.14,392,no
SKU50181,2024-03-14,Brand C,Lighting,Vendor 22,269.93,132.85,137.08,1126,1048,3.3,349,no
SKU50182,2023-05-18,Brand C,Fasteners,Vendor 16,747.11,299.69,447.42,710,175,3.68,535,no
SKU50183,2024-03-06,Brand I,Safety,Vendor 20,275.21,145.19,130.02,1118,4678,2.93,257,no
SKU50184,2019-10-05,Brand L,Adhesives,Vendor 19,208.65,155.88,52.77,1741,3473,2.79,814,yes
SKU50185,2024-02-14,Brand F,Measuring,Vendor 13,312.69,130.39,182.3,1303,665,2.73,847,no
SKU50186,2024-07-23,Brand K,Tools,Vendor 01,925.29,361.73,563.56,1046,4934,3.98,339,no
SKU50187,2020-10-04,Brand I,Lighting,Vendor 07,120.35,85.63,34.72,922,1459,2.52,650,no
SKU50188,2023-03-29,Brand D,Fasteners,Vendor 21,821.16,349.38,471.78,821,4108,4.85,893,no
SKU50189,2023-12-28,Brand G,Safety,Vendor 20,95.38,60.12,35.26,156,4674,4.51,109,no
SKU50190,2021-07-03,Brand H,Adhesives,Vendor 15,423.1,317.88,105.22,1739,3181,2.91,38,no
SKU50191,2019-11-01,Brand I,Measuring,Vendor 06,291.62,175.39,116.23,1146,3262,2.69,554,no
SKU50192,2019-05-03,Brand J,Tools,Vendor 19,171.13,128.16,42.97,610,3531,2.62,53,no
SKU50193,2024-01-19,Brand K,Lighting,Vendor 18,562.84,335.57,227.27,888,4773,4.95,365,no
SKU50194,2022-08-24,Brand A,Fasteners,Vendor 08,475.51,389.63,85.88,1288,1620,2.86,26,no
SKU50195,2021-01-17,Brand I,Safety,Vendor 10,543.07,249.32,293.75,1199,2431,2.43,16,no
SKU50196,2024-07-29,Brand B,Adhesives,Vendor 24,456.41,199.1,257.31,310,4319,3.29,608,no
SKU50197,2019-01-25,Brand G,Measuring,Vendor 23,794.85,386.84,408.01,718,4211,3.86,140,yes
SKU50198,2023-01-08,Brand F,Tools,Vendor 19,287.15,119.07,168.08,1277,2967,4.63,134,no
SKU50199,2022-12-10,Brand K,Lighting,Vendor 25,725.87,375.26,350.61,1594,4959,3.48,384,no
SKU50200,2019-10-16,Brand B,Fasteners,Vendor 17,606.61,258.23,348.38,1637,4930,3.93,621,no
SKU50201,2021-08-08,Brand H,Safety,Vendor 21,771.43,309.66,461.77,720,3270,2.57,346,no
SKU50202,2021-09-17,Brand L,Adhesives,Vendor 20,66.34,59.96,6.38,840,490,2.44,428,no
SKU50203,2023-01-10,Brand L,Measuring,Vendor 06,97.66,37.86,59.8,1787,4212,4.48,667,yes
SKU50204,2022-04-27,Brand E,Tools,Vendor 17,371.91,225.1,146.81,745,2288,3.49,219,no
SKU50205,2024-08-24,Brand D,Lighting,Vendor 25,850.52,372.58,477.94,1674,5133,4.32,549,no
SKU50206,2019-02-22,Brand C,Fasteners,Vendor 12,518.31,211.13,307.18,864,747,2.02,496,no
SKU50207,2023-05-27,Brand G,Safety,Vendor 19,12.82,7.92,4.9,1406,5096,2.49,162,no
SKU50208,2023-02-19,Brand I,Adhesives,Vendor 16,39.71,16.8,22.91,225,1069,4.4,834,no
SKU50209,2022-05-29,Brand G,Measuring,Vendor 22,156.16,74.1,82.06,463,3561,4.29,60,no
SKU50210,2020-01-01,Brand B,Tools,Vendor 07,245.85,94.84,151.01,129,2660,4.87,829,yes
SKU50211,2023-05-02,Brand I,Lighting,Vendor 12,53.97,29.36,24.61,1559,378,4.42,266,yes
SKU50212,2020-03-20,Brand E,Fasteners,Vendor 24,263.62,224.31,39.31,1202,3334,3.11,9,no
SKU50213,2024-11-04,Brand L,Safety,Vendor 02,427.47,198.64,228.83,1059,1658,2.64,58,yes
SKU50214,2023-12-20,Brand L,Adhesives,Vendor 25,412.43,189.8,222.63,14,2570,2.03,314,no
SKU50215,2023-08-24,Brand K,Measuring,Vendor 06,495.09,325.67,169.42,1266,4329,3.49,795,no
SKU50216,2023-03-01,Brand B,Tools,Vendor 25,241.4,171.81,69.59,676,2675,4.24,319,no
SKU50217,2024-04-19,Brand B,Lighting,Vendor 03,224.81,184.04,40.77,671,5044,3.47,581,no
SKU50218,2020-02-16,Brand F,Fasteners,Vendor 25,460.47,307.7,152.77,693,2698,2.23,872,no
SKU50219,2022-04-20,Brand G,Safety,Vendor 07,51.5,36.19,15.31,239,4154,2.98,58,no
SKU50220,2024-03-13,Brand L,Adhesives,Vendor 19,502.07,240.65,261.42,1239,3696,3.09,341,no
SKU50221,2024-11-19,Brand E,Measuring,Vendor 08,359.53,311.01,48.52,694,2241,3.94,201,no
SKU50222,2024-04-08,Brand E,Tools,Vendor 14,94.38,81.48,12.9,1105,551,2.54,858,no
SKU50223,2020-01-27,Brand K,Lighting,Vendor 02,187.73,78.75,108.98,1603,5068,3.92,273,no
SKU50224,2024-04-19,Brand G,Fasteners,Vendor 04,171.23,120.68,50.55,1109,2188,4.84,304,no
SKU50225,2022-06-04,Brand I,Safety,Vendor 11,154.18,121.9,32.28,1427,4309,2.11,446,no
SKU50226,2024-01-24,Brand H,Adhesives,Vendor 14,389.51,224.93,164.58,1154,4813,3.61,393,no
SKU50227,2020-12-02,Brand C,Measuring,Vendor 23,271.35,123.0,148.35,202,4814,4.99,533,no
SKU50228,2024-08-15,Brand A,Tools,Vendor 24,457.3,274.9,182.4,1501,936,4.65,291,no
SKU50229,2020-08-25,Brand L,Lighting,Vendor 01,862.08,382.15,479.93,489,4075,4.19,706,yes
SKU50230,2019-08-11,Brand E,Fasteners,Vendor 09,861.95,399.79,462.16,1469,2033,3.5,226,no
SKU50231,2021-06-05,Brand A,Safety,Vendor 16,433.02,221.87,211.15,224,2497,4.6,228,no
SKU50232,2022-11-26,Brand E,Adhesives,Vendor 02,267.82,226.97,40.85,1694,51,3.92,341,no
SKU50233,2020-10-19,Brand B,Measuring,Vendor 15,413.97,195.95,218.02,422,1613,2.14,553,no
SKU50234,2022-11-09,Brand E,Tools,Vendor 23,405.52,203.82,201.7,1714,1928,3.22,565,no
SKU50235,2023-05-10,Brand I,Lighting,Vendor 23,109.6,67.96,41.64,1482,4300,2.01,283,no
SKU50236,2022-02-15,Brand A,Fasteners,Vendor 15,474.06,212.46,261.6,1492,2339,4.73,130,no
SKU50237,2020-08-15,Brand E,Safety,Vendor 10,180.34,95.84,84.5,1283,3602,2.81,19,no
SKU50238,2019-07-04,Brand D,Adhesives,Vendor 11,296.22,184.13,112.09,1617,3923,2.93,469,no
SKU50239,2019-05-02,Brand E,Measuring,Vendor 15,312.21,162.12,150.09,468,1233,3.58,255,no
SKU50240,2019-06-16,Brand C,Tools,Vendor 19,350.54,184.41,166.13,984,2979,4.62,100,no
SKU50241,2023-09-18,Brand A,Lighting,Vendor 18,581.0,275.32,305.68,1638,2657,2.11,472,no
SKU50242,2019-12-11,Brand L,Fasteners,Vendor 11,443.87,237.07,206.8,436,3981,3.13,586,no
SKU50243,2021-07-01,Brand H,Safety,Vendor 02,225.55,120.05,105.5,431,2976,2.35,641,no
SKU50244,2023-12-19,Brand C,Adhesives,Vendor 10,226.2,173.28,52.92,988,3149,4.9,26,no
SKU50245,2022-10-09,Brand A,Measuring,Vendor 23,321.95,204.68,117.27,361,2473,4.9,584,yes
SKU50246,2024-02-21,Brand G,Tools,Vendor 13,30.43,23.26,7.17,217,1198,2.34,726,no
SKU50247,2019-12-05,Brand C,Lighting,Vendor 07,33.67,21.46,12.21,1175,4494,4.94,272,no
SKU50248,2024-11-16,Brand B,Fasteners,Vendor 16,525.27,357.09,168.18,1620,1106,4.72,624,no
SKU50249,2021-07-12,Brand B,Safety,Vendor 08,19.13,15.76,3.37,1206,121,4.64,799,no
SKU50250,2021-10-27,Brand C,Adhesives,Vendor 04,500.54,202.43,298.11,1393,1943,4.55,325,no
SKU50251,2020-12-09,Brand A,Measuring,Vendor 07,92.51,70.92,21.59,452,4825,3.91,611,no
SKU50252,2024-06-05,Brand A,Tools,Vendor 10,500.33,203.76,296.57,732,3743,3.05,563,yes
SKU50253,2019-12-20,Brand B,Lighting,Vendor 19,127.75,94.65,33.1,1332,3372,3.76,417,no
SKU50254,2019-03-21,Brand C,Fasteners,Vendor 01,387.79,276.54,111.25,40,2828,4.86,286,no
SKU50255,2024-08-16,Brand H,Safety,Vendor 04,283.99,140.74,143.25,603,4083,4.89,206,no
SKU50256,2024-10-13,Brand I,Adhesives,Vendor 14,623.43,275.61,347.82,53,4817,3.18,715,no
SKU50257,2020-05-20,Brand D,Measuring,Vendor 19,470.74,385.64,85.1,633,3844,2.79,114,yes
SKU50258,2024-10-15,Brand L,Tools,Vendor 05,155.55,89.12,66.43,712,2609,3.49,639,no
SKU50259,2022-10-19,Brand I,Lighting,Vendor 03,789.1,304.4,484.7,1162,4514,2.15,492,no
SKU50260,2023-10-13,Brand J,Fasteners,Vendor 20,374.22,272.86,101.36,1196,2012,2.71,188,no
SKU50261,2023-09-07,Brand E,Safety,Vendor 25,191.92,171.3,20.62,1557,1217,2.02,578,no
SKU50262,2023-05-08,Brand K,Adhesives,Vendor 17,248.82,100.65,148.17,767,1051,3.17,244,no
SKU50263,2019-02-19,Brand C,Measuring,Vendor 10,368.42,207.91,160.51,567,3154,2.02,519,no
SKU50264,2022-10-12,Brand G,Tools,Vendor 13,744.48,297.33,447.15,1689,1203,2.71,39,yes
SKU50265,2022-06-27,Brand B,Lighting,Vendor 19,430.84,390.85,39.99,838,226,3.2,660,no
SKU50266,2024-04-16,Brand D,Fasteners,Vendor 07,862.83,346.94,515.89,451,3963,4.84,140,no
SKU50267,2024-07-10,Brand F,Safety,Vendor 20,574.52,381.12,193.4,1164,3699,3.88,216,no
SKU50268,2020-10-09,Brand A,Adhesives,Vendor 09,194.31,160.61,33.7,827,4697,3.76,581,yes
SKU50269,2019-04-15,Brand D,Measuring,Vendor 07,774.39,311.48,462.91,289,4095,2.21,383,no
SKU50270,2021-10-31,Brand B,Tools,Vendor 11,104.84,73.24,31.6,1082,793,4.56,417,no
SKU50271,2025-01-04,Brand B,Lighting,Vendor 09,302.89,202.47,100.42,1052,2148,3.76,382,no
SKU50272,2020-05-17,Brand J,Fasteners,Vendor 19,720.6,341.1,379.5,890,4169,2.15,157,no
SKU50273,2022-03-17,Brand B,Safety,Vendor 10,299.3,153.83,145.47,1468,860,4.96,848,no
SKU50274,2021-12-18,Brand F,Adhesives,Vendor 06,364.14,327.23,36.91,1117,3608,2.16,669,yes
SKU50275,2022-06-12,Brand J,Measuring,Vendor 22,253.99,108.61,145.38,525,3709,4.9,778,no
SKU50276,2021-08-15,Brand H,Tools,Vendor 13,358.6,226.5,132.1,1425,4491,2.36,463,no
SKU50277,2019-07-23,Brand F,Lighting,Vendor 15,277.0,147.23,129.77,1333,970,2.03,806,no
SKU50278,2023-01-28,Brand E,Fasteners,Vendor 10,524.65,397.19,127.46,26,1197,3.28,890,no
SKU50279,2023-02-16,Brand F,Safety,Vendor 21,183.59,166.07,17.52,880,2675,3.36,881,no
SKU50280,2024-03-20,Brand L,Adhesives,Vendor 21,603.44,249.84,353.6,306,3169,2.81,46,no
SKU50281,2022-09-12,Brand F,Measuring,Vendor 22,497.81,298.93,198.88,1648,4866,2.55,569,no
SKU50282,2022-04-27,Brand A,Tools,Vendor 21,25.25,17.67,7.58,523,829,4.81,490,no
SKU50283,2023-02-09,Brand D,Lighting,Vendor 10,610.9,356.68,254.22,975,2759,2.12,219,no
SKU50284,2023-08-12,Brand H,Fasteners,Vendor 17,443.4,229.53,213.87,1563,1055,2.7,307,no
SKU50285,2021-10-03,Brand J,Safety,Vendor 24,71.16,51.84,19.32,733,2140,4.95,754,no
SKU50286,2019-07-10,Brand A,Adhesives,Vendor 22,985.61,389.6,596.01,515,1021,2.36,320,no
SKU50287,2023-09-25,Brand G,Measuring,Vendor 11,332.32,140.63,191.69,500,2958,4.01,472,no
SKU50288,2020-01-04,Brand H,Tools,Vendor 16,397.93,307.28,90.65,1340,3411,2.12,31,no
SKU50289,2022-02-27,Brand I,Lighting,Vendor 08,936.21,362.67,573.54,748,2517,2.71,256,no
SKU50290,2020-06-12,Brand C,Fasteners,Vendor 22,540.86,210.99,329.87,702,497,4.47,707,no
SKU50291,2019-03-28,Brand K,Safety,Vendor 03,943.46,374.4,569.06,1459,418,3.35,431,no
SKU50292,2021-12-02,Brand K,Adhesives,Vendor 04,596.37,322.04,274.33,755,2440,4.52,65,no
SKU50293,2023-06-27,Brand B,Measuring,Vendor 22,332.32,142.38,189.94,1299,447,4.94,234,yes
SKU50294,2020-03-08,Brand G,Tools,Vendor 09,739.74,360.9,378.84,236,1222,2.98,100,no
SKU50295,2024-07-27,Brand I,Lighting,Vendor 17,439.67,176.53,263.14,776,1347,3.68,588,yes
SKU50296,2019-10-12,Brand A,Fasteners,Vendor 04,92.88,49.03,43.85,1783,829,4.65,366,no
SKU50297,2019-12-13,Brand F,Safety,Vendor 10,482.57,350.4,132.17,470,786,3.43,554,no
SKU50298,2019-08-19,Brand L,Adhesives,Vendor 17,583.91,260.3,323.61,1014,312,2.85,216,no
SKU50299,2022-06-08,Brand D,Measuring,Vendor 14,519.66,305.08,214.58,159,760,2.73,101,no
SKU50300,2021-11-23,Brand D,Tools,Vendor 12,535.61,224.28,311.33,1117,2770,4.5,265,no
SKU50301,2023-09-30,Brand I,Lighting,Vendor 23,375.28,219.41,155.87,1246,4832,4.79,562,no
SKU50302,2021-01-31,Brand K,Fasteners,Vendor 18,138.84,73.98,64.86,882,842,3.76,425,no
SKU50303,2023-10-13,Brand D,Safety,Vendor 12,346.19,302.17,44.02,501,5200,2.92,86,no
SKU50304,2019-12-18,Brand K,Adhesives,Vendor 15,257.14,192.76,64.38,357,4501,3.91,501,no
SKU50305,2022-03-31,Brand A,Measuring,Vendor 05,749.8,378.78,371.02,786,4571,2.3,805,yes
SKU50306,2023-05-22,Brand F,Tools,Vendor 18,106.63,53.31,53.32,888,2921,3.6,178,no
SKU50307,2019-06-26,Brand E,Lighting,Vendor 14,332.59,162.63,169.96,1079,3535,2.42,581,no
SKU50308,2019-09-05,Brand H,Fasteners,Vendor 17,149.13,61.2,87.93,1365,3649,4.37,418,no
SKU50309,2022-06-21,Brand C,Safety,Vendor 16,164.93,66.68,98.25,1083,5148,3.16,199,no
SKU50310,2022-09-12,Brand B,Adhesives,Vendor 05,230.48,171.36,59.12,160,701,2.63,89,no
SKU50311,2019-01-21,Brand B,Measuring,Vendor 12,106.07,40.8,65.27,913,1533,4.86,536,no
SKU50312,2022-11-13,Brand G,Tools,Vendor 21,533.24,256.68,276.56,612,4793,4.77,843,no
SKU50313,2024-09-07,Brand K,Lighting,Vendor 09,727.64,355.93,371.71,1384,2567,3.2,307,no
SKU50314,2021-10-28,Brand I,Fasteners,Vendor 18,97.29,62.58,34.71,1212,3789,2.3,842,yes
SKU50315,2021-07-20,Brand H,Safety,Vendor 08,410.07,226.3,183.77,964,4399,4.38,180,no
SKU50316,2022-01-15,Brand D,Adhesives,Vendor 06,548.77,340.61,208.16,411,2873,3.52,796,no
SKU50317,2020-08-02,Brand I,Measuring,Vendor 18,318.55,159.87,158.68,35,2570,4.53,698,no
SKU50318,2019-04-11,Brand K,Tools,Vendor 04,339.76,276.35,63.41,961,3455,2.39,97,no
SKU50319,2019-01-28,Brand H,Lighting,Vendor 10,154.36,62.15,92.21,1007,3410,2.57,618,no
SKU50320,2020-07-04,Brand A,Fasteners,Vendor 04,788.88,354.42,434.46,1015,4623,3.5,511,no
SKU50321,2021-10-24,Brand L,Safety,Vendor 06,434.33,307.78,126.55,214,1386,4.05,6,no
SKU50322,2021-04-14,Brand G,Adhesives,Vendor 22,436.91,173.48,263.43,568,4650,3.91,671,no
SKU50323,2019-09-30,Brand G,Measuring,Vendor 25,509.12,288.17,220.95,92,4697,2.19,533,no
SKU50324,2022-12-23,Brand C,Tools,Vendor 08,42.23,37.3,4.93,235,2040,4.98,538,no
SKU50325,2020-12-22,Brand B,Lighting,Vendor 11,195.64,106.91,88.73,1179,4055,2.66,474,yes
SKU50326,2023-09-22,Brand D,Fasteners,Vendor 23,668.26,258.87,409.39,438,3312,3.56,288,no
SKU50327,2023-02-13,Brand D,Safety,Vendor 08,687.66,348.82,338.84,1672,1821,2.49,759,no
SKU50328,2021-09-20,Brand J,Adhesives,Vendor 05,303.2,122.64,180.56,1466,120,3.17,718,no
SKU50329,2021-01-29,Brand A,Measuring,Vendor 14,239.17,150.77,88.4,1772,297,2.32,73,yes
SKU50330,2021-02-05,Brand H,Tools,Vendor 17,202.43,163.17,39.26,571,2262,4.6,540,no
SKU50331,2024-09-09,Brand K,Lighting,Vendor 23,75.68,42.87,32.81,1410,3517,4.18,71,no
SKU50332,2023-02-22,Brand A,Fasteners,Vendor 15,208.88,153.9,54.98,1709,3701,3.93,687,no
SKU50333,2019-07-26,Brand I,Safety,Vendor 10,277.72,167.56,110.16,1488,4411,2.6,574,no
SKU50334,2019-05-19,Brand K,Adhesives,Vendor 23,265.68,117.37,148.31,1756,2514,3.94,45,yes
SKU50335,2020-07-05,Brand G,Measuring,Vendor 22,33.28,17.63,15.65,748,2210,3.16,171,yes
SKU50336,2024-02-15,Brand A,Tools,Vendor 01,250.64,141.49,109.15,58,922,4.68,469,no
SKU50337,2024-07-30,Brand F,Lighting,Vendor 15,456.96,216.71,240.25,1470,3181,3.4,787,no
SKU50338,2022-07-01,Brand C,Fasteners,Vendor 21,54.08,37.48,16.6,1511,4761,4.39,335,no
SKU50339,2024-07-09,Brand I,Safety,Vendor 09,133.04,53.89,79.15,824,4597,4.16,836,yes
SKU50340,2020-08-22,Brand C,Adhesives,Vendor 08,261.45,186.97,74.48,386,1129,3.49,742,no
SKU50341,2023-07-18,Brand L,Measuring,Vendor 05,268.25,152.33,115.92,1730,1149,3.63,617,no
SKU50342,2022-06-10,Brand B,Tools,Vendor 17,196.86,101.14,95.72,1143,5120,3.65,403,no
SKU50343,2020-01-01,Brand D,Lighting,Vendor 01,447.85,291.33,156.52,1184,1844,2.45,648,no
SKU50344,2023-07-24,Brand F,Fasteners,Vendor 23,707.65,295.65,412.0,1149,2927,2.4,750,no
SKU50345,2022-06-21,Brand H,Safety,Vendor 22,571.98,316.73,255.25,205,1240,3.57,563,no
SKU50346,2020-06-07,Brand C,Adhesives,Vendor 06,158.92,72.83,86.09,1510,542,3.85,191,no
SKU50347,2023-01-31,Brand I,Measuring,Vendor 15,384.76,215.2,169.56,644,1031,4.67,544,no
SKU50348,2020-03-29,Brand A,Tools,Vendor 15,698.53,285.84,412.69,1723,4189,4.79,226,no
SKU50349,2024-01-20,Brand L,Lighting,Vendor 09,461.67,196.34,265.33,59,2832,3.78,245,yes
SKU50350,2020-12-06,Brand G,Fasteners,Vendor 16,516.69,314.66,202.03,770,2545,4.65,691,yes
SKU50351,2023-04-26,Brand B,Safety,Vendor 02,142.32,94.75,47.57,1039,723,4.95,878,no
SKU50352,2021-09-21,Brand K,Adhesives,Vendor 14,817.04,331.09,485.95,384,2882,4.13,807,no
SKU50353,2023-03-21,Brand E,Measuring,Vendor 20,431.85,267.07,164.78,458,2809,3.07,82,no
SKU50354,2020-09-07,Brand A,Tools,Vendor 16,240.64,149.12,91.52,1183,2536,2.72,186,no
SKU50355,2022-05-23,Brand L,Lighting,Vendor 23,201.85,178.55,23.3,1311,4406,4.18,67,no
SKU50356,2023-11-16,Brand H,Fasteners,Vendor 17,110.63,86.92,23.71,1384,974,2.55,896,no
SKU50357,2024-11-13,Brand E,Safety,Vendor 09,608.25,325.15,283.1,1655,589,2.93,539,no
SKU50358,2020-12-26,Brand E,Adhesives,Vendor 21,445.09,225.88,219.21,554,1156,3.46,623,no
SKU50359,2023-06-26,Brand I,Measuring,Vendor 15,195.14,102.45,92.69,789,4872,4.16,72,no
SKU50360,2021-04-09,Brand A,Tools,Vendor 07,238.33,177.54,60.79,370,5159,2.73,195,yes
SKU50361,2023-10-14,Brand C,Lighting,Vendor 11,671.22,395.79,275.43,636,1670,4.29,55,yes
SKU50362,2020-10-21,Brand H,Fasteners,Vendor 17,341.34,191.92,149.42,969,4274,4.34,188,yes
SKU50363,2019-10-03,Brand A,Safety,Vendor 25,113.26,90.76,22.5,1386,5076,3.18,84,no
SKU50364,2019-06-08,Brand D,Adhesives,Vendor 18,209.89,130.62,79.27,1356,583,2.74,427,no
SKU50365,2020-08-28,Brand A,Measuring,Vendor 01,666.4,383.09,283.31,1156,4517,4.69,592,no
SKU50366,2024-01-10,Brand B,Tools,Vendor 17,763.21,329.32,433.89,918,3870,2.52,253,no
SKU50367,2019-05-02,Brand L,Lighting,Vendor 14,708.1,390.63,317.47,841,1563,4.34,458,no
SKU50368,2020-01-12,Brand G,Fasteners,Vendor 16,226.42,120.0,106.42,335,4230,4.99,118,no
SKU50369,2020-08-10,Brand G,Safety,Vendor 25,53.47,36.06,17.41,1685,4469,2.88,862,no
SKU50370,2019-11-29,Brand G,Adhesives,Vendor 19,169.2,130.9,38.3,954,24,4.23,98,no
SKU50371,2019-06-07,Brand I,Measuring,Vendor 07,596.64,302.88,293.76,1184,3857,2.17,30,no
SKU50372,2022-03-25,Brand L,Tools,Vendor 03,465.72,391.72,74.0,1115,549,2.79,895,no
SKU50373,2020-03-06,Brand D,Lighting,Vendor 23,667.97,389.5,278.47,1547,555,2.33,725,no
SKU50374,2021-05-22,Brand C,Fasteners,Vendor 21,42.32,16.68,25.64,779,1739,2.28,706,no
SKU50375,2020-06-19,Brand I,Safety,Vendor 22,175.94,80.74,95.2,1053,1863,4.76,45,no
SKU50376,2024-12-20,Brand E,Adhesives,Vendor 13,432.08,306.08,126.0,1203,2801,3.36,599,no
SKU50377,2024-11-21,Brand G,Measuring,Vendor 19,701.46,286.42,415.04,1112,1050,3.84,456,no
SKU50378,2024-04-08,Brand F,Tools,Vendor 11,203.16,115.18,87.98,509,20,4.82,654,no
SKU50379,2019-05-02,Brand L,Lighting,Vendor 07,875.73,354.67,521.06,1318,1727,4.02,444,no
SKU50380,2021-02-10,Brand E,Fasteners,Vendor 18,793.59,305.78,487.81,878,1965,2.41,688,no
SKU50381,2022-03-30,Brand I,Safety,Vendor 09,214.47,116.99,97.48,70,985,3.4,634,no
SKU50382,2022-10-02,Brand H,Adhesives,Vendor 17,349.97,165.64,184.33,640,4652,3.54,671,no
SKU50383,2023-09-10,Brand I,Measuring,Vendor 10,69.82,45.38,24.44,1010,1438,3.61,226,yes
SKU50384,2019-07-29,Brand K,Tools,Vendor 19,485.83,338.27,147.56,1336,4750,3.09,215,no
SKU50385,2023-04-11,Brand J,Lighting,Vendor 19,448.42,387.94,60.48,1031,1474,4.57,730,no
SKU50386,2024-05-28,Brand G,Fasteners,Vendor 22,215.7,150.33,65.37,967,2872,2.22,821,no
SKU50387,2023-03-10,Brand J,Safety,Vendor 03,397.91,345.72,52.19,315,805,2.06,581,no
SKU50388,2022-03-12,Brand B,Adhesives,Vendor 17,27.96,12.29,15.67,106,904,2.66,623,no
SKU50389,2024-07-03,Brand D,Measuring,Vendor 17,404.6,272.21,132.39,1411,3802,3.08,358,no
SKU50390,2019-09-09,Brand H,Tools,Vendor 13,706.32,319.46,386.86,111,3198,4.45,113,no
SKU50391,2024-01-24,Brand L,Lighting,Vendor 08,162.26,147.02,15.24,1533,648,4.22,655,no
SKU50392,2020-04-28,Brand A,Fasteners,Vendor 03,781.19,344.5,436.69,217,3175,3.4,8,no
SKU50393,2023-10-31,Brand J,Safety,Vendor 05,456.74,241.65,215.09,993,3502,4.81,72,no
SKU50394,2023-07-18,Brand E,Adhesives,Vendor 20,182.24,99.4,82.84,627,3801,2.66,403,no
SKU50395,2024-05-21,Brand B,Measuring,Vendor 02,789.09,390.05,399.04,37,1419,3.82,681,no
SKU50396,2023-04-17,Brand H,Tools,Vendor 09,579.95,263.85,316.1,1095,4066,3.94,700,no
SKU50397,2019-10-11,Brand B,Lighting,Vendor 14,495.65,362.27,133.38,1044,4182,4.58,13,no
SKU50398,2023-05-01,Brand D,Fasteners,Vendor 02,497.57,274.72,222.85,1397,390,4.69,490,yes
SKU50399,2021-10-12,Brand H,Safety,Vendor 02,798.32,348.8,449.52,112,2798,4.33,208,no
SKU50400,2024-03-23,Brand G,Adhesives,Vendor 11,433.3,236.8,196.5,1525,3083,2.29,880,no
SKU50401,2020-08-12,Brand E,Measuring,Vendor 05,643.12,321.1,322.02,448,2905,4.54,187,no
SKU50402,2020-05-05,Brand B,Tools,Vendor 15,113.14,75.35,37.79,303,4379,3.21,72,no
SKU50403,2022-07-21,Brand G,Lighting,Vendor 22,111.52,75.28,36.24,140,3430,4.29,756,no
SKU50404,2021-04-08,Brand H,Fasteners,Vendor 05,109.96,58.93,51.03,561,4928,2.79,443,no
SKU50405,2022-03-08,Brand J,Safety,Vendor 13,713.03,383.37,329.66,1314,5115,4.11,765,no
SKU50406,2021-09-24,Brand G,Adhesives,Vendor 05,41.48,30.03,11.45,112,108,4.62,564,no
SKU50407,2019-04-25,Brand G,Measuring,Vendor 15,143.99,64.31,79.68,75,3331,2.01,339,no
SKU50408,2024-05-24,Brand K,Tools,Vendor 18,385.94,187.64,198.3,8,2029,4.97,383,no
SKU50409,2023-04-03,Brand L,Lighting,Vendor 08,260.21,170.47,89.74,332,2144,3.9,365,no
SKU50410,2024-09-07,Brand L,Fasteners,Vendor 02,213.79,84.06,129.73,18,368,3.29,137,yes
SKU50411,2023-01-21,Brand B,Safety,Vendor 11,301.28,197.98,103.3,393,3459,2.43,723,no
SKU50412,2021-05-15,Brand L,Adhesives,Vendor 10,125.55,92.9,32.65,211,2111,3.65,283,no
SKU50413,2024-12-06,Brand J,Measuring,Vendor 19,2.7,2.07,0.63,287,4410,2.37,48,yes
SKU50414,2021-09-14,Brand K,Tools,Vendor 19,768.5,361.24,407.26,928,1101,4.81,836,no
SKU50415,2023-01-19,Brand B,Lighting,Vendor 12,159.7,103.84,55.86,1039,1029,3.94,650,no
SKU50416,2021-04-27,Brand C,Fasteners,Vendor 23,542.52,296.88,245.64,1420,4619,2.4,478,no
SKU50417,2020-01-07,Brand G,Safety,Vendor 15,351.88,159.37,192.51,1748,3434,2.02,177,no
SKU50418,2023-11-09,Brand K,Adhesives,Vendor 07,69.56,36.77,32.79,1016,3459,4.61,785,no
SKU50419,2020-01-08,Brand E,Measuring,Vendor 16,275.76,130.38,145.38,166,2634,2.81,598,no
SKU50420,2023-06-17,Brand L,Tools,Vendor 24,40.47,22.88,17.59,1171,2754,5.0,124,no
SKU50421,2024-11-28,Brand J,Lighting,Vendor 20,610.97,386.74,224.23,568,4506,3.33,135,no
SKU50422,2022-06-10,Brand K,Fasteners,Vendor 06,384.26,186.08,198.18,118,2793,2.5,220,no
SKU50423,2024-05-25,Brand A,Safety,Vendor 03,315.42,174.33,141.09,117,4629,4.09,260,no
SKU50424,2023-09-14,Brand G,Adhesives,Vendor 11,779.99,315.5,464.49,32,4594,2.59,847,no
SKU50425,2023-07-22,Brand J,Measuring,Vendor 05,430.52,203.69,226.83,928,1443,3.13,786,no
SKU50426,2024-09-02,Brand E,Tools,Vendor 21,224.92,105.98,118.94,1197,2319,4.43,650,no
SKU50427,2020-04-12,Brand J,Lighting,Vendor 25,98.8,87.66,11.14,328,1152,4.95,867,no
SKU50428,2022-11-26,Brand H,Fasteners,Vendor 09,549.27,260.86,288.41,765,4442,2.29,759,no
SKU50429,2019-03-05,Brand C,Safety,Vendor 20,168.37,124.55,43.82,839,769,2.41,337,no
SKU50430,2022-07-27,Brand I,Adhesives,Vendor 10,960.26,374.56,585.7,1216,951,2.9,454,no
SKU50431,2019-10-13,Brand L,Measuring,Vendor 01,978.59,394.68,583.91,421,4957,2.0,225,no
SKU50432,2024-06-01,Brand B,Tools,Vendor 14,656.25,381.02,275.23,796,3178,2.65,284,no
SKU50433,2023-08-15,Brand B,Lighting,Vendor 23,285.12,162.74,122.38,279,3502,2.41,874,no
SKU50434,2023-11-18,Brand L,Fasteners,Vendor 11,91.68,62.79,28.89,706,5134,2.75,801,no
SKU50435,2019-05-17,Brand C,Safety,Vendor 25,523.94,275.45,248.49,547,2050,2.3,256,no
SKU50436,2019-05-25,Brand E,Adhesives,Vendor 07,6.75,2.9,3.85,1165,355,2.71,499,no
SKU50437,2022-09-16,Brand L,Measuring,Vendor 03,189.24,100.77,88.47,1512,3963,2.54,873,no
SKU50438,2019-12-07,Brand B,Tools,Vendor 18,782.22,310.48,471.74,1701,1171,4.18,218,no
SKU50439,2024-08-25,Brand L,Lighting,Vendor 09,43.39,31.02,12.37,445,3345,2.94,317,no
SKU50440,2019-12-17,Brand H,Fasteners,Vendor 23,101.96,79.04,22.92,1566,4412,2.88,575,no
SKU50441,2022-09-19,Brand I,Safety,Vendor 07,650.77,342.71,308.06,455,1882,2.49,313,no
SKU50442,2019-11-16,Brand K,Adhesives,Vendor 08,306.27,180.51,125.76,1514,2682,2.32,766,no
SKU50443,2024-05-06,Brand E,Measuring,Vendor 20,543.42,326.3,217.12,343,3879,4.59,642,yes
SKU50444,2024-12-18,Brand H,Tools,Vendor 06,66.85,52.45,14.4,559,1335,2.97,200,no
SKU50445,2022-09-25,Brand G,Lighting,Vendor 24,90.89,64.84,26.05,1019,4949,4.78,838,yes
SKU50446,2021-01-30,Brand G,Fasteners,Vendor 19,393.54,351.91,41.63,990,4232,2.03,680,no
SKU50447,2024-01-02,Brand L,Safety,Vendor 08,490.49,340.78,149.71,1449,1255,2.36,663,no
SKU50448,2020-01-25,Brand K,Adhesives,Vendor 23,869.96,386.2,483.76,606,905,2.14,582,no
SKU50449,2023-06-09,Brand J,Measuring,Vendor 18,271.64,205.82,65.82,179,4132,3.03,475,yes
SKU50450,2019-11-05,Brand I,Tools,Vendor 15,415.63,265.98,149.65,934,2913,3.75,616,no
SKU50451,2019-01-12,Brand H,Lighting,Vendor 03,645.63,291.54,354.09,1797,2390,4.65,360,yes
SKU50452,2023-12-27,Brand A,Fasteners,Vendor 01,852.33,355.96,496.37,379,2968,4.11,497,no
SKU50453,2021-01-22,Brand D,Safety,Vendor 23,7.65,4.88,2.77,1275,842,4.13,651,no
SKU50454,2020-06-29,Brand A,Adhesives,Vendor 23,634.18,312.48,321.7,169,744,3.45,730,no
SKU50455,2020-11-13,Brand J,Measuring,Vendor 02,342.46,200.38,142.08,1005,1913,3.94,329,no
SKU50456,2020-08-28,Brand K,Tools,Vendor 18,191.9,114.62,77.28,103,3806,2.59,681,no
SKU50457,2019-01-05,Brand H,Lighting,Vendor 11,57.65,24.46,33.19,753,4994,4.99,420,no
SKU50458,2024-02-12,Brand L,Fasteners,Vendor 13,713.75,361.76,351.99,848,4075,3.21,32,no
SKU50459,2023-01-10,Brand K,Safety,Vendor 17,322.43,261.75,60.68,1582,2645,2.05,661,no
SKU50460,2022-01-24,Brand D,Adhesives,Vendor 07,450.15,308.28,141.87,1184,4527,4.91,37,no
SKU50461,2021-01-31,Brand C,Measuring,Vendor 25,105.1,72.11,32.99,1487,1993,4.33,338,yes
SKU50462,2019-08-04,Brand H,Tools,Vendor 22,80.37,53.85,26.52,495,4823,4.85,275,no
SKU50463,2023-05-07,Brand C,Lighting,Vendor 24,417.31,294.6,122.71,697,715,4.57,585,no
SKU50464,2020-04-20,Brand E,Fasteners,Vendor 05,310.97,229.4,81.57,639,4698,2.85,225,no
SKU50465,2022-05-05,Brand J,Safety,Vendor 19,203.41,88.78,114.63,148,3599,2.16,658,no
SKU50466,2024-10-29,Brand E,Adhesives,Vendor 25,132.97,108.12,24.85,1428,1351,4.89,52,no
SKU50467,2021-08-14,Brand E,Measuring,Vendor 16,716.06,308.02,408.04,604,5005,3.52,687,no
SKU50468,2021-07-04,Brand B,Tools,Vendor 08,618.89,268.77,350.12,583,977,3.58,127,no
SKU50469,2024-03-31,Brand A,Lighting,Vendor 15,557.4,316.32,241.08,397,4946,2.15,614,no
SKU50470,2021-11-16,Brand B,Fasteners,Vendor 08,10.78,9.44,1.34,533,2607,3.45,773,no
SKU50471,2022-04-02,Brand D,Safety,Vendor 02,694.17,336.85,357.32,247,385,4.14,298,no
SKU50472,2021-04-25,Brand L,Adhesives,Vendor 21,37.96,16.74,21.22,56,3030,4.98,812,no
SKU50473,2020-08-11,Brand I,Measuring,Vendor 05,174.53,67.84,106.69,528,3245,2.5,761,no
SKU50474,2021-07-06,Brand H,Tools,Vendor 24,281.08,141.43,139.65,154,3587,4.38,294,yes
SKU50475,2020-08-04,Brand H,Lighting,Vendor 07,914.91,391.24,523.67,470,2413,2.89,580,no
SKU50476,2024-10-22,Brand G,Fasteners,Vendor 09,184.06,83.25,100.81,377,2031,4.79,8,yes
SKU50477,2019-09-01,Brand B,Safety,Vendor 11,137.7,99.07,38.63,1074,114,3.3,830,no
SKU50478,2020-08-10,Brand A,Adhesives,Vendor 25,279.52,216.5,63.02,1588,435,3.97,729,yes
SKU50479,2020-03-03,Brand K,Measuring,Vendor 11,211.68,102.16,109.52,1472,1326,3.57,433,no
SKU50480,2019-12-22,Brand E,Tools,Vendor 11,184.59,124.0,60.59,636,3581,4.12,11,no
SKU50481,2022-09-26,Brand L,Lighting,Vendor 04,470.58,342.63,127.95,185,3626,4.18,296,yes
SKU50482,2023-03-30,Brand L,Fasteners,Vendor 14,27.31,20.55,6.76,650,409,2.71,349,no
SKU50483,2019-04-27,Brand C,Safety,Vendor 14,706.28,304.4,401.88,1568,420,2.36,44,yes
SKU50484,2024-06-02,Brand L,Adhesives,Vendor 08,193.39,115.29,78.1,732,1554,3.58,544,no
SKU50485,2021-01-21,Brand C,Measuring,Vendor 19,220.5,96.54,123.96,1444,959,3.44,468,no
SKU50486,2023-09-26,Brand B,Tools,Vendor 03,20.83,9.1,11.73,1555,2520,3.04,235,no
SKU50487,2021-12-15,Brand H,Lighting,Vendor 19,59.45,46.55,12.9,763,747,3.09,331,no
SKU50488,2022-08-26,Brand F,Fasteners,Vendor 24,484.09,349.82,134.27,994,2105,4.77,376,no
SKU50489,2024-08-24,Brand I,Safety,Vendor 02,136.26,52.89,83.37,721,1690,4.82,758,no
SKU50490,2021-08-03,Brand G,Adhesives,Vendor 15,566.62,221.0,345.62,486,3731,3.87,527,yes
SKU50491,2021-05-26,Brand A,Measuring,Vendor 06,455.09,222.54,232.55,1074,949,2.73,382,no
SKU50492,2020-09-06,Brand D,Tools,Vendor 11,68.66,48.98,19.68,146,2883,3.6,48,no
SKU50493,2024-10-01,Brand A,Lighting,Vendor 25,632.73,316.05,316.68,1078,2628,4.41,691,yes
SKU50494,2021-02-25,Brand B,Fasteners,Vendor 01,874.22,355.03,519.19,886,5097,4.85,157,no
SKU50495,2019-12-28,Brand D,Safety,Vendor 02,321.86,183.4,138.46,1160,3696,3.59,683,no
SKU50496,2019-06-01,Brand H,Adhesives,Vendor 22,302.03,157.92,144.11,217,3166,4.27,497,no
SKU50497,2023-11-02,Brand E,Measuring,Vendor 10,362.01,267.16,94.85,113,2841,4.45,159,no
SKU50498,2020-04-05,Brand H,Tools,Vendor 14,547.07,211.37,335.7,1286,3688,4.93,102,no
SKU50499,2019-10-19,Brand I,Lighting,Vendor 19,386.11,339.69,46.42,1343,3933,3.23,36,no
SKU50500,2019-01-06,Brand F,Fasteners,Vendor 12,669.67,263.14,406.53,1673,3254,2.83,800,no
SKU50501,2024-01-27,Brand F,Safety,Vendor 05,318.72,182.95,135.77,1447,3113,4.48,804,no
SKU50502,2022-02-27,Brand H,Adhesives,Vendor 06,580.83,360.65,220.18,258,2264,3.02,440,yes
SKU50503,2019-11-22,Brand A,Measuring,Vendor 09,507.06,302.79,204.27,673,4162,3.09,838,yes
SKU50504,2021-08-20,Brand C,Tools,Vendor 25,733.58,307.6,425.98,1693,1691,2.07,217,yes
SKU50505,2024-02-26,Brand B,Lighting,Vendor 02,52.81,30.48,22.33,844,4549,3.11,797,no
SKU50506,2020-07-11,Brand K,Fasteners,Vendor 01,562.96,377.83,185.13,997,710,2.27,713,no
SKU50507,2023-05-20,Brand B,Safety,Vendor 11,192.6,89.87,102.73,80,550,4.71,557,no
SKU50508,2024-03-10,Brand H,Adhesives,Vendor 04,441.07,322.38,118.69,1033,3601,2.09,820,no
SKU50509,2022-07-30,Brand K,Measuring,Vendor 08,310.24,209.56,100.68,1113,4226,4.23,162,no
SKU50510,2024-01-18,Brand I,Tools,Vendor 20,165.86,112.81,53.05,1670,4189,4.56,872,no
SKU50511,2023-12-30,Brand G,Lighting,Vendor 06,53.91,39.98,13.93,1349,4763,2.99,843,no
SKU50512,2022-05-23,Brand D,Fasteners,Vendor 14,206.44,80.73,125.71,1368,3961,4.6,305,no
SKU50513,2020-10-10,Brand C,Safety,Vendor 24,255.51,118.51,137.0,655,4737,2.26,65,no
SKU50514,2019-02-03,Brand E,Adhesives,Vendor 15,985.4,385.67,599.73,982,2993,4.71,403,no
SKU50515,2023-03-20,Brand D,Measuring,Vendor 16,835.06,344.18,490.88,758,658,4.64,884,no
SKU50516,2019-08-27,Brand A,Tools,Vendor 24,715.17,309.0,406.17,1219,2689,2.44,555,no
SKU50517,2022-01-15,Brand G,Lighting,Vendor 09,346.9,258.78,88.12,125,3003,4.4,494,no
SKU50518,2022-10-29,Brand K,Fasteners,Vendor 18,130.0,98.88,31.12,551,4334,4.71,474,no
SKU50519,2019-07-21,Brand B,Safety,Vendor 20,721.03,367.17,353.86,473,3922,4.56,114,no
SKU50520,2024-08-25,Brand F,Adhesives,Vendor 24,246.61,123.25,123.36,142,2983,4.57,422,yes
SKU50521,2023-08-09,Brand L,Measuring,Vendor 01,385.73,265.68,120.05,1494,1899,3.95,891,no
SKU50522,2020-11-30,Brand I,Tools,Vendor 02,208.15,156.8,51.35,1219,2315,3.6,542,no
SKU50523,2022-12-14,Brand F,Lighting,Vendor 16,136.63,57.5,79.13,75,4310,4.39,486,yes
SKU50524,2022-02-02,Brand F,Fasteners,Vendor 18,80.58,55.76,24.82,1413,1725,2.73,804,no
SKU50525,2020-02-29,Brand A,Safety,Vendor 14,314.66,262.75,51.91,1346,341,4.41,65,no
SKU50526,2022-02-10,Brand K,Adhesives,Vendor 01,326.89,126.77,200.12,566,4116,2.73,817,no
SKU50527,2020-11-10,Brand F,Measuring,Vendor 05,208.23,152.34,55.89,1159,3083,2.78,405,no
SKU50528,2022-11-14,Brand G,Tools,Vendor 17,453.8,205.34,248.46,76,4334,2.45,618,no
SKU50529,2024-08-26,Brand F,Lighting,Vendor 03,569.9,329.32,240.58,1347,4946,4.45,157,no
SKU50530,2023-06-10,Brand B,Fasteners,Vendor 11,274.98,209.39,65.59,263,2748,3.6,492,no
SKU50531,2022-08-20,Brand C,Safety,Vendor 17,638.37,304.69,333.68,68,2556,2.99,889,no
SKU50532,2022-06-23,Brand G,Adhesives,Vendor 05,317.77,163.08,154.69,1607,4131,4.34,326,no
SKU50533,2022-01-23,Brand I,Measuring,Vendor 11,318.1,125.45,192.65,706,4070,2.89,748,no
SKU50534,2021-10-28,Brand I,Tools,Vendor 08,26.04,11.6,14.44,58,1720,3.68,332,no
SKU50535,2020-06-13,Brand G,Lighting,Vendor 25,306.79,268.65,38.14,857,2519,3.92,178,no
SKU50536,2021-01-15,Brand C,Fasteners,Vendor 06,472.82,316.49,156.33,1229,1928,4.64,691,no
SKU50537,2024-05-22,Brand E,Safety,Vendor 17,564.26,328.05,236.21,1593,4999,4.85,334,no
SKU50538,2021-04-04,Brand J,Adhesives,Vendor 15,204.84,147.88,56.96,1129,1995,2.71,551,no
SKU50539,2023-03-06,Brand A,Measuring,Vendor 16,184.18,72.16,112.02,1531,2039,3.53,162,yes
SKU50540,2024-12-06,Brand A,Tools,Vendor 16,340.98,182.45,158.53,213,5143,4.94,827,no
SKU50541,2019-03-14,Brand G,Lighting,Vendor 19,14.36,7.12,7.24,557,742,4.53,272,yes
SKU50542,2023-11-24,Brand L,Fasteners,Vendor 21,104.12,94.04,10.08,275,4663,2.89,683,no
SKU50543,2021-02-12,Brand L,Safety,Vendor 12,16.87,11.2,5.67,801,4760,4.74,579,no
SKU50544,2019-05-21,Brand L,Adhesives,Vendor 24,294.64,186.91,107.73,489,496,3.42,33,no
SKU50545,2024-07-04,Brand E,Measuring,Vendor 17,181.19,156.91,24.28,26,782,4.61,703,no
SKU50546,2023-04-29,Brand K,Tools,Vendor 08,307.66,173.15,134.51,664,1322,3.89,41,no
SKU50547,2019-03-05,Brand G,Lighting,Vendor 06,208.25,163.52,44.73,1224,2586,2.45,710,no
SKU50548,2022-11-20,Brand B,Fasteners,Vendor 25,910.24,389.9,520.34,328,1153,2.83,851,no
SKU50549,2020-09-04,Brand I,Safety,Vendor 24,515.91,374.81,141.1,114,2395,4.9,291,no
SKU50550,2024-10-30,Brand H,Adhesives,Vendor 21,618.37,251.13,367.24,1579,3892,4.33,179,no
SKU50551,2022-12-20,Brand I,Measuring,Vendor 09,667.22,257.32,409.9,540,526,4.43,354,no
SKU50552,2023-08-16,Brand J,Tools,Vendor 21,531.24,216.05,315.19,788,2887,2.83,169,no
SKU50553,2022-07-20,Brand B,Lighting,Vendor 02,853.73,366.39,487.34,1440,3112,2.36,329,no
SKU50554,2023-09-03,Brand D,Fasteners,Vendor 23,475.21,373.2,102.01,1004,1178,2.53,869,no
SKU50555,2019-07-17,Brand G,Safety,Vendor 03,388.89,201.95,186.94,957,586,4.63,396,no
SKU50556,2024-10-10,Brand B,Adhesives,Vendor 08,556.7,249.59,307.11,959,4838,2.55,805,no
SKU50557,2024-09-20,Brand L,Measuring,Vendor 04,254.63,159.43,95.2,1104,4266,2.05,857,no
SKU50558,2024-10-21,Brand C,Tools,Vendor 25,337.3,163.36,173.94,542,967,4.41,216,yes
SKU50559,2023-02-23,Brand C,Lighting,Vendor 15,78.89,38.45,40.44,990,1842,4.22,230,yes
SKU50560,2019-10-03,Brand F,Fasteners,Vendor 12,698.77,310.66,388.11,197,3049,4.71,745,no
SKU50561,2023-03-05,Brand H,Safety,Vendor 24,149.77,112.1,37.67,86,2609,3.8,163,no
SKU50562,2023-05-24,Brand F,Adhesives,Vendor 05,474.07,354.45,119.62,792,3117,3.26,645,no
SKU50563,2023-01-11,Brand I,Measuring,Vendor 24,644.99,262.81,382.18,482,5081,3.44,264,no
SKU50564,2023-10-01,Brand C,Tools,Vendor 24,78.58,33.65,44.93,828,667,2.31,718,no
SKU50565,2021-04-05,Brand J,Lighting,Vendor 06,694.76,328.58,366.18,995,1846,4.52,66,no
SKU50566,2019-11-06,Brand F,Fasteners,Vendor 11,480.62,245.78,234.84,177,1441,2.08,350,no
SKU50567,2024-08-08,Brand G,Safety,Vendor 12,255.4,116.19,139.21,350,762,2.97,683,no
SKU50568,2023-10-28,Brand H,Adhesives,Vendor 01,44.68,28.64,16.04,485,4172,2.54,737,no
SKU50569,2023-04-05,Brand K,Measuring,Vendor 05,381.32,236.9,144.42,1139,620,3.38,532,no
SKU50570,2021-07-17,Brand H,Tools,Vendor 04,769.61,361.69,407.92,1758,2212,3.93,544,no
SKU50571,2021-05-26,Brand J,Lighting,Vendor 22,18.64,12.09,6.55,1517,3984,4.56,737,no
SKU50572,2023-11-28,Brand E,Fasteners,Vendor 08,775.01,369.69,405.32,1385,5114,4.68,384,no
SKU50573,2024-12-06,Brand C,Safety,Vendor 14,225.25,129.68,95.57,211,1944,3.59,313,no
SKU50574,2021-03-20,Brand B,Adhesives,Vendor 13,547.84,307.64,240.2,1441,3661,4.74,246,no
SKU50575,2024-02-07,Brand F,Measuring,Vendor 02,315.22,140.51,174.71,478,2633,4.86,447,no
SKU50576,2020-05-19,Brand B,Tools,Vendor 06,480.99,305.0,175.99,1336,2474,2.92,652,no
SKU50577,2022-11-05,Brand K,Lighting,Vendor 12,221.82,168.16,53.66,1384,1199,2.1,882,no
SKU50578,2022-06-22,Brand C,Fasteners,Vendor 25,941.48,372.34,569.14,702,2394,4.6,560,no
SKU50579,2021-11-11,Brand L,Safety,Vendor 24,316.12,219.06,97.06,1509,179,2.57,225,no
SKU50580,2019-02-01,Brand K,Adhesives,Vendor 22,796.11,308.51,487.6,1210,3257,3.25,885,no
SKU50581,2023-01-22,Brand G,Measuring,Vendor 18,445.26,237.03,208.23,1005,3869,4.83,507,no
SKU50582,2020-05-31,Brand B,Tools,Vendor 20,303.7,177.89,125.81,895,4605,4.65,108,no
SKU50583,2023-08-14,Brand F,Lighting,Vendor 24,345.33,160.06,185.27,1617,129,4.58,491,no
SKU50584,2023-10-27,Brand J,Fasteners,Vendor 09,86.47,51.13,35.34,973,2170,2.52,191,no
SKU50585,2023-01-19,Brand A,Safety,Vendor 16,665.79,297.05,368.74,1246,1569,4.97,416,no
SKU50586,2024-08-13,Brand A,Adhesives,Vendor 04,266.17,103.98,162.19,701,4819,3.52,362,no
SKU50587,2024-05-03,Brand K,Measuring,Vendor 16,802.07,346.32,455.75,49,984,4.42,874,no
SKU50588,2020-06-18,Brand D,Tools,Vendor 01,466.81,381.08,85.73,170,3773,3.76,628,yes
SKU50589,2024-09-17,Brand B,Lighting,Vendor 03,95.7,48.55,47.15,715,609,4.27,835,no
SKU50590,2022-08-22,Brand A,Fasteners,Vendor 05,319.81,153.12,166.69,351,3144,2.97,171,no
SKU50591,2020-10-08,Brand G,Safety,Vendor 03,366.06,238.83,127.23,217,2939,4.98,380,no
SKU50592,2019-04-21,Brand B,Adhesives,Vendor 13,246.61,156.76,89.85,929,2043,3.91,812,no
SKU50593,2019-01-19,Brand H,Measuring,Vendor 24,297.97,269.18,28.79,309,4001,4.74,688,no
SKU50594,2024-12-16,Brand D,Tools,Vendor 07,422.24,245.26,176.98,1011,4424,4.81,431,no
SKU50595,2020-04-21,Brand J,Lighting,Vendor 22,624.51,376.57,247.94,631,3765,3.36,53,no
SKU50596,2019-08-14,Brand J,Fasteners,Vendor 15,424.2,261.92,162.28,1580,2298,4.04,203,no
SKU50597,2020-03-11,Brand B,Safety,Vendor 25,869.06,348.48,520.58,1258,4453,4.19,496,no
SKU50598,2024-06-30,Brand J,Adhesives,Vendor 25,931.21,397.59,533.62,45,4169,4.94,747,no
SKU50599,2022-10-12,Brand J,Measuring,Vendor 06,288.64,152.28,136.36,1400,1020,2.37,722,yes
SKU50600,2022-05-31,Brand I,Tools,Vendor 24,230.1,192.3,37.8,268,2587,4.62,897,yes
SKU50601,2021-02-03,Brand I,Lighting,Vendor 15,544.24,269.63,274.61,1053,2633,2.26,388,no
SKU50602,2024-08-08,Brand B,Fasteners,Vendor 02,666.39,307.79,358.6,761,626,4.45,296,no
SKU50603,2024-06-03,Brand D,Safety,Vendor 20,788.28,320.84,467.44,599,2247,4.21,390,no
SKU50604,2021-01-05,Brand K,Adhesives,Vendor 07,131.45,65.89,65.56,331,3186,3.77,277,no
SKU50605,2021-12-30,Brand K,Measuring,Vendor 19,460.56,356.73,103.83,104,3325,2.02,859,yes
SKU50606,2024-11-02,Brand I,Tools,Vendor 10,573.76,243.37,330.39,1016,4030,4.91,643,no
SKU50607,2021-12-14,Brand I,Lighting,Vendor 12,367.64,260.22,107.42,166,5113,3.89,12,no
SKU50608,2019-08-21,Brand J,Fasteners,Vendor 18,269.75,231.16,38.59,1437,2589,2.33,75,no
SKU50609,2020-07-22,Brand G,Safety,Vendor 01,109.18,69.07,40.11,330,1686,4.24,762,no
SKU50610,2021-07-08,Brand I,Adhesives,Vendor 06,498.64,294.06,204.58,1788,2538,4.94,232,yes
SKU50611,2021-03-01,Brand B,Measuring,Vendor 09,326.72,145.27,181.45,1639,4107,3.34,14,no
SKU50612,2020-08-08,Brand H,Tools,Vendor 10,579.34,283.1,296.24,244,4887,4.9,35,no
SKU50613,2023-10-12,Brand E,Lighting,Vendor 25,250.58,173.4,77.18,1016,56,4.28,812,no
SKU50614,2022-05-24,Brand G,Fasteners,Vendor 09,656.92,346.44,310.48,1157,1219,4.96,635,no
SKU50615,2020-10-17,Brand J,Safety,Vendor 03,302.19,250.25,51.94,853,4516,2.98,503,no
SKU50616,2022-10-23,Brand J,Adhesives,Vendor 18,705.68,333.69,371.99,204,4270,4.48,390,no
SKU50617,2022-02-26,Brand G,Measuring,Vendor 16,762.23,326.82,435.41,1402,389,2.51,486,no
SKU50618,2022-08-24,Brand I,Tools,Vendor 24,438.98,345.23,93.75,379,2109,3.29,16,no
SKU50619,2022-04-08,Brand L,Lighting,Vendor 10,37.81,30.21,7.6,991,226,3.07,507,no
SKU50620,2024-09-29,Brand E,Fasteners,Vendor 10,772.61,347.37,425.24,646,2011,4.78,726,no
SKU50621,2023-03-14,Brand A,Safety,Vendor 13,143.06,79.53,63.53,1753,2834,4.65,169,no
SKU50622,2022-10-19,Brand C,Adhesives,Vendor 15,463.42,237.39,226.03,1060,1204,3.52,393,no
SKU50623,2021-06-10,Brand K,Measuring,Vendor 21,621.42,335.49,285.93,1734,835,2.03,719,no
SKU50624,2022-12-21,Brand H,Tools,Vendor 23,210.2,83.1,127.1,574,2830,4.3,54,no
SKU50625,2023-02-01,Brand F,Lighting,Vendor 09,665.78,305.24,360.54,1694,3672,3.02,863,no
SKU50626,2023-10-16,Brand L,Fasteners,Vendor 24,498.35,342.67,155.68,1749,4784,4.59,322,no
SKU50627,2020-12-18,Brand J,Safety,Vendor 20,504.33,324.18,180.15,1572,4804,3.3,87,no
SKU50628,2020-10-09,Brand H,Adhesives,Vendor 12,380.18,248.52,131.66,1764,4348,4.63,81,no
SKU50629,2019-11-24,Brand C,Measuring,Vendor 12,344.42,154.09,190.33,1566,4097,2.44,557,no
SKU50630,2022-07-07,Brand B,Tools,Vendor 17,26.45,13.07,13.38,1180,4161,3.38,97,no
SKU50631,2023-07-10,Brand I,Lighting,Vendor 08,574.6,393.96,180.64,1142,3717,3.35,102,no
SKU50632,2024-04-16,Brand I,Fasteners,Vendor 21,523.96,209.93,314.03,527,1087,4.94,472,no
SKU50633,2019-12-28,Brand K,Safety,Vendor 05,318.11,179.71,138.4,531,1883,3.93,80,no
SKU50634,2019-04-18,Brand C,Adhesives,Vendor 06,689.94,390.56,299.38,1052,967,2.92,70,no
SKU50635,2022-06-08,Brand E,Measuring,Vendor 20,259.64,148.2,111.44,1564,1387,2.89,544,no
SKU50636,2024-01-12,Brand A,Tools,Vendor 10,598.1,247.35,350.75,1336,3879,3.47,656,no
SKU50637,2020-08-26,Brand L,Lighting,Vendor 12,397.19,273.62,123.57,441,3525,2.6,140,no
SKU50638,2019-10-12,Brand H,Fasteners,Vendor 12,60.71,51.06,9.65,1128,3229,3.39,694,no
SKU50639,2024-12-28,Brand I,Safety,Vendor 25,135.07,69.61,65.46,847,1605,2.29,474,no
SKU50640,2021-08-11,Brand E,Adhesives,Vendor 10,644.19,260.95,383.24,1768,3524,4.47,634,yes
SKU50641,2022-08-21,Brand B,Measuring,Vendor 06,421.35,174.66,246.69,1736,2095,3.49,116,no
SKU50642,2022-03-10,Brand J,Tools,Vendor 24,731.0,336.25,394.75,124,1106,3.7,618,no
SKU50643,2019-03-26,Brand J,Lighting,Vendor 09,57.08,22.79,34.29,670,2676,4.89,603,no
SKU50644,2023-01-06,Brand E,Fasteners,Vendor 11,106.07,92.05,14.02,297,4293,4.89,275,no
SKU50645,2021-09-04,Brand B,Safety,Vendor 11,170.96,80.5,90.46,1689,1115,4.86,664,no
SKU50646,2023-01-12,Brand K,Adhesives,Vendor 03,712.22,343.29,368.93,349,4528,2.88,856,no
SKU50647,2021-01-17,Brand D,Measuring,Vendor 02,817.71,321.08,496.63,405,1401,3.03,440,no
SKU50648,2022-06-18,Brand A,Tools,Vendor 21,652.43,278.52,373.91,1502,3084,4.87,720,no
SKU50649,2020-07-12,Brand D,Lighting,Vendor 05,504.56,354.74,149.82,892,1257,4.27,388,no
SKU50650,2022-01-15,Brand D,Fasteners,Vendor 16,871.82,386.15,485.67,492,2169,3.61,183,no
SKU50651,2022-10-10,Brand D,Safety,Vendor 18,229.49,112.13,117.36,1510,3503,3.93,99,no
SKU50652,2020-03-20,Brand A,Adhesives,Vendor 20,286.93,144.77,142.16,1246,484,3.5,61,no
SKU50653,2020-05-13,Brand J,Measuring,Vendor 12,105.97,82.5,23.47,1179,3362,3.55,308,no
SKU50654,2023-12-20,Brand F,Tools,Vendor 13,765.57,355.75,409.82,736,1761,2.12,168,no
SKU50655,2022-12-21,Brand H,Lighting,Vendor 14,302.07,177.1,124.97,1024,4139,4.62,374,no
SKU50656,2020-09-21,Brand I,Fasteners,Vendor 01,292.71,184.58,108.13,1551,3609,3.36,451,no
SKU50657,2023-07-29,Brand D,Safety,Vendor 12,461.42,228.65,232.77,49,1244,3.78,302,no
SKU50658,2020-07-31,Brand K,Adhesives,Vendor 25,432.1,198.21,233.89,283,1846,3.0,631,yes
SKU50659,2024-01-28,Brand E,Measuring,Vendor 14,491.76,220.21,271.55,366,3082,2.23,852,no
SKU50660,2024-11-14,Brand D,Tools,Vendor 15,699.29,314.74,384.55,1165,2317,3.39,37,no
SKU50661,2023-02-16,Brand E,Lighting,Vendor 18,426.49,307.98,118.51,201,504,4.15,20,no
SKU50662,2020-04-30,Brand D,Fasteners,Vendor 14,110.39,67.39,43.0,1039,2714,2.75,308,no
SKU50663,2023-05-13,Brand A,Safety,Vendor 06,39.8,33.38,6.42,1014,4836,4.35,71,no
SKU50664,2019-03-16,Brand A,Adhesives,Vendor 23,700.43,344.64,355.79,867,4145,3.87,184,yes
SKU50665,2022-06-23,Brand L,Measuring,Vendor 13,101.83,46.53,55.3,1174,2380,2.83,868,no
SKU50666,2019-01-13,Brand C,Tools,Vendor 21,690.25,361.72,328.53,903,3706,3.58,75,yes
SKU50667,2020-08-29,Brand D,Lighting,Vendor 02,252.83,100.81,152.02,574,2526,4.36,415,yes
SKU50668,2023-01-29,Brand F,Fasteners,Vendor 21,274.38,200.15,74.23,297,1311,4.76,103,no
SKU50669,2023-05-25,Brand E,Safety,Vendor 13,211.29,90.22,121.07,1425,815,4.61,374,no
SKU50670,2019-11-12,Brand E,Adhesives,Vendor 01,418.0,227.23,190.77,1024,2952,4.91,824,no
SKU50671,2024-05-21,Brand C,Measuring,Vendor 03,509.23,237.33,271.9,560,4931,3.25,370,no
SKU50672,2023-07-09,Brand H,Tools,Vendor 22,235.09,124.99,110.1,1782,815,3.37,593,no
SKU50673,2020-10-25,Brand B,Lighting,Vendor 08,26.59,21.54,5.05,437,2874,3.78,865,no
SKU50674,2025-01-08,Brand H,Fasteners,Vendor 07,350.99,187.21,163.78,206,2161,3.2,270,no
SKU50675,2021-11-09,Brand H,Safety,Vendor 12,783.27,374.32,408.95,483,761,3.08,535,no
SKU50676,2020-12-24,Brand B,Adhesives,Vendor 04,160.34,131.25,29.09,872,1895,3.83,680,no
SKU50677,2020-02-17,Brand J,Measuring,Vendor 07,483.7,192.28,291.42,602,3366,4.13,383,no
SKU50678,2019-01-09,Brand H,Tools,Vendor 10,264.88,211.4,53.48,1248,1277,4.82,376,no
SKU50679,2021-04-16,Brand K,Lighting,Vendor 05,96.47,69.46,27.01,986,4986,3.46,167,no
SKU50680,2020-09-04,Brand D,Fasteners,Vendor 11,498.66,209.35,289.31,872,1997,4.59,340,no
SKU50681,2019-09-20,Brand A,Safety,Vendor 05,142.74,85.44,57.3,1433,3245,4.79,616,no
SKU50682,2024-07-18,Brand B,Adhesives,Vendor 25,223.72,99.87,123.85,1023,2727,2.6,185,no
SKU50683,2021-05-11,Brand G,Measuring,Vendor 21,89.13,58.58,30.55,1248,1026,2.26,766,no
SKU50684,2023-10-27,Brand E,Tools,Vendor 19,566.82,306.75,260.07,1779,4797,3.12,681,no
SKU50685,2019-12-29,Brand I,Lighting,Vendor 24,52.07,26.68,25.39,191,1921,4.25,665,no
SKU50686,2024-05-27,Brand L,Fasteners,Vendor 17,258.01,208.47,49.54,366,1585,4.52,23,no
SKU50687,2019-07-29,Brand I,Safety,Vendor 25,241.85,168.2,73.65,513,2024,3.23,145,no
SKU50688,2022-01-17,Brand D,Adhesives,Vendor 13,185.8,142.45,43.35,1726,256,2.8,442,yes
SKU50689,2022-03-12,Brand I,Measuring,Vendor 18,457.42,191.24,266.18,50,725,3.41,276,no
SKU50690,2023-08-31,Brand D,Tools,Vendor 15,288.34,242.93,45.41,1362,1114,2.79,64,no
SKU50691,2024-05-13,Brand K,Lighting,Vendor 21,857.52,368.43,489.09,1374,2409,4.28,176,no
SKU50692,2020-02-06,Brand I,Fasteners,Vendor 21,552.28,221.08,331.2,1171,4775,3.5,2,no
SKU50693,2020-07-02,Brand L,Safety,Vendor 05,384.72,223.76,160.96,841,4373,2.22,508,no
SKU50694,2020-01-03,Brand G,Adhesives,Vendor 16,201.05,182.73,18.32,930,4673,2.25,718,no
SKU50695,2021-12-10,Brand E,Measuring,Vendor 02,317.83,239.06,78.77,1125,1258,3.93,364,no
SKU50696,2022-08-24,Brand A,Tools,Vendor 16,94.49,71.38,23.11,398,1440,3.52,548,no
SKU50697,2021-07-28,Brand J,Lighting,Vendor 11,47.24,38.9,8.34,1250,3479,2.22,616,no
SKU50698,2024-01-22,Brand K,Fasteners,Vendor 17,265.8,103.89,161.91,727,3204,2.19,775,no
SKU50699,2019-08-15,Brand C,Safety,Vendor 20,421.23,238.01,183.22,1458,3096,2.67,793,no
SKU50700,2021-03-02,Brand B,Adhesives,Vendor 15,621.63,313.38,308.25,1685,70,4.94,829,no
SKU50701,2024-03-06,Brand B,Measuring,Vendor 24,119.78,49.88,69.9,564,1547,2.05,797,no
SKU50702,2023-11-11,Brand I,Tools,Vendor 05,116.85,101.98,14.87,1672,2084,4.15,815,no
SKU50703,2022-08-02,Brand C,Lighting,Vendor 09,249.91,141.6,108.31,1723,194,3.23,819,no
SKU50704,2023-03-30,Brand G,Fasteners,Vendor 16,231.27,126.8,104.47,1236,5038,3.47,126,no
SKU50705,2023-05-16,Brand H,Safety,Vendor 14,256.21,113.93,142.28,266,3999,4.26,592,no
SKU50706,2022-06-12,Brand L,Adhesives,Vendor 13,503.8,257.87,245.93,1505,104,2.39,451,no
SKU50707,2023-09-15,Brand A,Measuring,Vendor 13,76.56,63.7,12.86,1439,1930,3.54,604,no
SKU50708,2022-01-30,Brand C,Tools,Vendor 18,259.83,107.65,152.18,517,24,4.94,859,no
SKU50709,2021-08-26,Brand J,Lighting,Vendor 10,56.32,39.49,16.83,854,4128,4.75,138,no
SKU50710,2019-07-03,Brand K,Fasteners,Vendor 14,373.93,201.68,172.25,390,4558,4.96,439,no
SKU50711,2024-03-11,Brand F,Safety,Vendor 15,262.49,234.76,27.73,565,4203,3.75,163,no
SKU50712,2022-05-01,Brand J,Adhesives,Vendor 25,211.98,83.19,128.79,302,4269,3.01,545,no
SKU50713,2020-03-18,Brand F,Measuring,Vendor 24,280.41,163.34,117.07,1424,4216,2.02,298,no
SKU50714,2022-05-28,Brand J,Tools,Vendor 15,525.77,283.37,242.4,343,5155,4.18,78,yes
SKU50715,2021-03-28,Brand E,Lighting,Vendor 24,486.36,282.41,203.95,1510,775,3.67,341,no
SKU50716,2022-06-03,Brand J,Fasteners,Vendor 01,105.27,64.82,40.45,798,4081,4.05,199,yes
SKU50717,2019-02-10,Brand F,Safety,Vendor 24,603.15,252.48,350.67,1679,3589,2.43,689,no
SKU50718,2023-08-18,Brand C,Adhesives,Vendor 22,846.62,389.25,457.37,929,1400,2.63,628,no
SKU50719,2021-12-11,Brand I,Measuring,Vendor 24,431.2,191.28,239.92,1703,963,4.37,515,no
SKU50720,2020-08-24,Brand B,Tools,Vendor 07,557.71,303.29,254.42,1079,3019,4.98,480,no
SKU50721,2019-12-25,Brand F,Lighting,Vendor 09,144.26,67.25,77.01,545,88,2.72,217,no
SKU50722,2022-10-05,Brand I,Fasteners,Vendor 01,165.19,74.45,90.74,1657,3856,3.36,38,no
SKU50723,2023-03-25,Brand H,Safety,Vendor 05,124.16,59.79,64.37,367,1479,2.05,655,no
SKU50724,2021-12-28,Brand E,Adhesives,Vendor 24,233.29,111.75,121.54,1759,1373,3.95,799,no
SKU50725,2020-02-06,Brand K,Measuring,Vendor 10,739.61,294.04,445.57,1490,1468,2.8,597,no
SKU50726,2023-06-09,Brand E,Tools,Vendor 16,546.5,235.95,310.55,783,1539,4.58,476,no
SKU50727,2022-12-05,Brand E,Lighting,Vendor 01,291.52,224.46,67.06,1258,802,3.23,802,no
SKU50728,2022-11-12,Brand L,Fasteners,Vendor 07,494.69,378.03,116.66,733,1730,2.1,304,no
SKU50729,2021-12-15,Brand H,Safety,Vendor 18,376.22,186.2,190.02,814,184,2.54,698,no
SKU50730,2020-03-10,Brand H,Adhesives,Vendor 17,37.94,25.05,12.89,859,4023,3.2,843,no
SKU50731,2022-11-18,Brand I,Measuring,Vendor 04,447.14,213.79,233.35,287,1306,2.39,616,no
SKU50732,2019-12-03,Brand A,Tools,Vendor 14,676.15,331.12,345.03,1040,3651,2.94,245,no
SKU50733,2021-04-14,Brand H,Lighting,Vendor 25,694.24,314.29,379.95,1337,1522,2.08,668,no
SKU50734,2022-09-23,Brand D,Fasteners,Vendor 09,8.97,6.89,2.08,1527,4290,4.42,300,no
SKU50735,2020-09-03,Brand K,Safety,Vendor 20,52.93,43.67,9.26,1550,0,3.83,641,yes
SKU50736,2024-02-02,Brand E,Adhesives,Vendor 08,651.43,286.2,365.23,1408,2561,3.29,60,no
SKU50737,2023-02-02,Brand A,Measuring,Vendor 02,851.49,395.33,456.16,111,1413,3.61,509,no
SKU50738,2024-02-10,Brand G,Tools,Vendor 23,88.38,55.96,32.42,36,5160,4.4,228,no
SKU50739,2021-03-30,Brand F,Lighting,Vendor 13,379.7,307.83,71.87,190,160,4.62,393,no
SKU50740,2022-09-03,Brand L,Fasteners,Vendor 21,435.41,383.48,51.93,1043,925,4.42,886,no
SKU50741,2021-01-09,Brand B,Safety,Vendor 18,507.29,216.25,291.04,966,265,3.7,382,no
SKU50742,2024-05-23,Brand J,Adhesives,Vendor 22,472.52,198.35,274.17,1427,4548,2.45,174,no
SKU50743,2020-01-22,Brand H,Measuring,Vendor 06,76.07,30.03,46.04,1306,2426,2.75,161,no
SKU50744,2024-10-09,Brand J,Tools,Vendor 20,268.7,150.08,118.62,718,2519,3.88,693,no
SKU50745,2022-10-11,Brand K,Lighting,Vendor 09,389.0,167.85,221.15,687,4070,2.99,833,no
SKU50746,2024-05-23,Brand C,Fasteners,Vendor 06,193.35,77.62,115.73,1601,1852,4.06,535,yes
SKU50747,2019-04-24,Brand E,Safety,Vendor 05,590.52,373.15,217.37,940,2164,2.16,389,no
SKU50748,2019-04-29,Brand K,Adhesives,Vendor 01,323.42,261.05,62.37,1421,1295,2.7,564,no
SKU50749,2024-02-08,Brand H,Measuring,Vendor 01,291.49,118.07,173.42,763,1363,3.71,223,yes
SKU50750,2019-05-30,Brand C,Tools,Vendor 25,170.91,136.72,34.19,225,2193,3.64,814,no
SKU50751,2022-10-13,Brand F,Lighting,Vendor 03,283.09,153.61,129.48,236,1133,4.53,589,no
SKU50752,2019-10-20,Brand C,Fasteners,Vendor 18,374.83,166.97,207.86,1375,4983,3.03,679,no
SKU50753,2022-04-13,Brand H,Safety,Vendor 03,408.5,297.91,110.59,1660,748,3.06,478,no
SKU50754,2019-11-15,Brand E,Adhesives,Vendor 02,700.5,303.13,397.37,1215,2657,4.59,825,yes
SKU50755,2022-01-13,Brand L,Measuring,Vendor 09,739.82,371.07,368.75,845,53,2.3,115,no
SKU50756,2024-09-04,Brand C,Tools,Vendor 09,75.72,55.92,19.8,957,2282,4.4,52,yes
SKU50757,2022-05-31,Brand E,Lighting,Vendor 03,721.21,397.22,323.99,1150,5096,4.68,423,no
SKU50758,2019-08-10,Brand A,Fasteners,Vendor 10,83.69,62.91,20.78,1628,2115,3.47,725,yes
SKU50759,2019-11-03,Brand L,Safety,Vendor 06,131.42,69.19,62.23,57,5172,4.3,439,no
SKU50760,2021-05-16,Brand J,Adhesives,Vendor 16,477.9,278.09,199.81,751,1965,3.85,641,no
SKU50761,2020-03-03,Brand C,Measuring,Vendor 13,366.59,213.94,152.65,292,2674,3.83,550,no
SKU50762,2021-08-25,Brand K,Tools,Vendor 13,373.78,206.22,167.56,1573,3877,4.19,872,no
SKU50763,2022-06-18,Brand G,Lighting,Vendor 13,15.74,6.66,9.08,1519,1282,3.4,38,no
SKU50764,2021-08-21,Brand E,Fasteners,Vendor 16,209.22,114.44,94.78,484,4456,4.72,427,no
SKU50765,2020-06-26,Brand F,Safety,Vendor 05,445.74,317.17,128.57,1224,1431,3.53,757,no
SKU50766,2023-06-29,Brand D,Adhesives,Vendor 23,303.49,231.13,72.36,1268,431,2.7,689,no
SKU50767,2019-03-16,Brand C,Measuring,Vendor 02,226.66,89.1,137.56,1591,3565,3.78,765,no
SKU50768,2020-07-27,Brand C,Tools,Vendor 11,837.2,357.17,480.03,536,4952,2.37,541,no
SKU50769,2020-12-24,Brand E,Lighting,Vendor 07,233.17,145.53,87.64,1390,2674,2.46,616,no
SKU50770,2020-10-28,Brand A,Fasteners,Vendor 14,386.92,259.48,127.44,569,525,2.72,109,no
SKU50771,2022-12-02,Brand E,Safety,Vendor 19,781.42,334.51,446.91,728,345,2.49,168,no
SKU50772,2020-01-21,Brand F,Adhesives,Vendor 22,52.9,23.27,29.63,502,2567,4.47,400,no
SKU50773,2021-01-31,Brand A,Measuring,Vendor 08,702.6,325.9,376.7,987,4309,3.57,521,no
SKU50774,2022-06-26,Brand E,Tools,Vendor 16,418.08,289.52,128.56,450,1211,2.76,823,no
SKU50775,2019-08-05,Brand C,Lighting,Vendor 19,722.93,343.24,379.69,1761,3227,4.19,811,no
SKU50776,2020-09-10,Brand L,Fasteners,Vendor 15,46.71,42.31,4.4,1013,124,4.08,478,no
SKU50777,2022-11-10,Brand H,Safety,Vendor 20,610.06,324.49,285.57,399,4300,4.04,238,yes
SKU50778,2022-09-17,Brand J,Adhesives,Vendor 16,116.9,71.83,45.07,963,333,2.46,861,no
SKU50779,2020-12-14,Brand F,Measuring,Vendor 02,773.0,345.13,427.87,1443,3808,3.27,427,no
SKU50780,2021-07-28,Brand J,Tools,Vendor 14,557.35,377.87,179.48,1559,2711,2.08,625,no
SKU50781,2021-01-20,Brand A,Lighting,Vendor 15,120.13,96.47,23.66,1017,2998,3.47,716,yes
SKU50782,2022-09-24,Brand L,Fasteners,Vendor 04,789.26,395.83,393.43,788,4316,3.37,447,no
SKU50783,2023-01-27,Brand L,Safety,Vendor 03,243.91,184.81,59.1,1008,3754,3.0,131,no
SKU50784,2024-05-06,Brand E,Adhesives,Vendor 17,405.87,256.93,148.94,495,3406,3.88,456,no
SKU50785,2024-12-11,Brand H,Measuring,Vendor 13,178.81,83.38,95.43,1432,3001,4.23,338,no
SKU50786,2019-07-05,Brand B,Tools,Vendor 22,563.76,264.46,299.3,1510,1746,2.74,853,yes
SKU50787,2024-02-16,Brand H,Lighting,Vendor 10,788.46,346.63,441.83,1290,3402,4.69,111,yes
SKU50788,2022-06-20,Brand A,Fasteners,Vendor 08,285.99,221.38,64.61,159,28,2.32,342,no
SKU50789,2022-01-21,Brand D,Safety,Vendor 17,100.32,81.49,18.83,188,3303,3.5,260,yes
SKU50790,2024-08-01,Brand I,Adhesives,Vendor 24,94.05,41.98,52.07,1033,5154,2.13,641,no
SKU50791,2020-10-02,Brand I,Measuring,Vendor 05,797.22,342.95,454.27,1041,969,4.54,465,no
SKU50792,2024-08-13,Brand B,Tools,Vendor 23,405.17,228.26,176.91,903,4296,4.62,118,no
SKU50793,2023-01-23,Brand L,Lighting,Vendor 16,128.67,100.4,28.27,1147,686,4.12,78,no
SKU50794,2022-03-24,Brand J,Fasteners,Vendor 24,579.31,342.23,237.08,203,368,4.73,71,no
SKU50795,2021-11-02,Brand J,Safety,Vendor 15,267.83,198.36,69.47,1466,4847,2.17,57,no
SKU50796,2021-08-14,Brand B,Adhesives,Vendor 21,110.31,59.95,50.36,687,2529,3.47,121,no
SKU50797,2021-06-21,Brand A,Measuring,Vendor 13,180.18,136.91,43.27,450,630,2.62,229,no
SKU50798,2020-03-30,Brand B,Tools,Vendor 23,343.17,199.95,143.22,332,5047,3.53,896,no
SKU50799,2019-06-10,Brand G,Lighting,Vendor 09,75.11,37.49,37.62,1798,1134,4.65,755,yes
SKU50800,2022-11-27,Brand A,Fasteners,Vendor 17,383.83,255.71,128.12,1284,3652,3.08,430,yes
SKU50801,2022-03-02,Brand G,Safety,Vendor 14,245.25,213.01,32.24,1374,3086,4.61,153,no
SKU50802,2024-08-04,Brand D,Adhesives,Vendor 06,134.01,107.38,26.63,212,3873,4.12,833,no
SKU50803,2021-09-23,Brand J,Measuring,Vendor 24,478.77,269.98,208.79,1225,1841,4.23,758,no
SKU50804,2022-03-20,Brand L,Tools,Vendor 10,462.77,362.61,100.16,874,511,3.33,686,no
SKU50805,2019-09-26,Brand A,Lighting,Vendor 08,639.36,300.93,338.43,1480,1616,3.75,227,no
SKU50806,2020-03-19,Brand A,Fasteners,Vendor 21,569.8,378.05,191.75,264,237,3.48,785,no
SKU50807,2021-10-20,Brand A,Safety,Vendor 06,570.05,355.65,214.4,1570,172,4.03,835,no
SKU50808,2024-02-05,Brand K,Adhesives,Vendor 06,443.43,182.55,260.88,420,4352,3.59,443,no
SKU50809,2020-12-27,Brand A,Measuring,Vendor 15,97.25,41.66,55.59,1179,3844,4.13,679,no
SKU50810,2024-09-04,Brand I,Tools,Vendor 18,46.84,36.04,10.8,307,2273,4.87,196,no
SKU50811,2021-05-10,Brand H,Lighting,Vendor 25,168.0,94.48,73.52,121,1013,4.71,260,no
SKU50812,2024-11-04,Brand I,Fasteners,Vendor 03,109.79,57.3,52.49,1685,2620,4.65,292,no
SKU50813,2022-05-24,Brand C,Safety,Vendor 05,5.23,3.72,1.51,188,3646,2.2,442,no
SKU50814,2021-07-20,Brand L,Adhesives,Vendor 24,417.11,349.97,67.14,944,3176,2.15,685,no
SKU50815,2023-09-13,Brand G,Measuring,Vendor 22,525.71,257.74,267.97,1757,2016,4.89,493,no
SKU50816,2019-01-29,Brand G,Tools,Vendor 14,241.23,201.19,40.04,831,3131,3.21,422,no
SKU50817,2019-01-11,Brand J,Lighting,Vendor 16,131.7,66.93,64.77,762,4841,2.72,263,no
SKU50818,2019-05-01,Brand A,Fasteners,Vendor 15,259.57,120.45,139.12,1101,257,2.48,381,no
SKU50819,2021-09-09,Brand A,Safety,Vendor 05,144.38,57.86,86.52,517,3249,4.23,286,no
SKU50820,2023-10-31,Brand C,Adhesives,Vendor 01,118.87,61.94,56.93,410,248,2.55,118,no
SKU50821,2020-09-30,Brand G,Measuring,Vendor 08,563.44,329.92,233.52,872,4854,4.78,182,no
SKU50822,2023-02-02,Brand B,Tools,Vendor 22,344.08,251.83,92.25,842,3575,4.31,799,no
SKU50823,2022-04-13,Brand A,Lighting,Vendor 04,551.32,271.76,279.56,1285,4040,3.88,635,yes
SKU50824,2020-05-08,Brand E,Fasteners,Vendor 17,4.02,2.24,1.78,1298,1800,2.09,564,no
SKU50825,2019-04-16,Brand C,Safety,Vendor 11,238.48,214.71,23.77,512,5185,3.13,818,no
SKU50826,2023-10-13,Brand B,Adhesives,Vendor 12,590.92,310.76,280.16,1337,1196,4.47,90,no
SKU50827,2023-07-14,Brand H,Measuring,Vendor 11,836.76,346.36,490.4,1127,4381,4.31,268,no
SKU50828,2021-04-11,Brand K,Tools,Vendor 25,198.74,83.69,115.05,1390,4500,3.82,692,yes
SKU50829,2023-05-24,Brand G,Lighting,Vendor 18,398.19,258.03,140.16,309,1664,3.73,751,no
SKU50830,2021-10-18,Brand A,Fasteners,Vendor 09,669.1,360.71,308.39,89,11,2.49,869,no
SKU50831,2023-02-22,Brand H,Safety,Vendor 21,91.64,44.47,47.17,466,2219,4.03,81,yes
SKU50832,2020-09-01,Brand L,Adhesives,Vendor 16,164.09,112.38,51.71,1344,2552,2.89,514,no
SKU50833,2020-03-24,Brand C,Measuring,Vendor 07,583.41,240.55,342.86,794,4274,3.3,253,no
SKU50834,2019-08-18,Brand B,Tools,Vendor 14,571.91,289.69,282.22,744,103,4.43,384,no
SKU50835,2023-08-28,Brand C,Lighting,Vendor 08,955.53,375.05,580.48,1346,959,4.12,68,yes
SKU50836,2023-05-25,Brand K,Fasteners,Vendor 23,820.7,379.52,441.18,483,5039,2.33,778,no
SKU50837,2021-12-03,Brand D,Safety,Vendor 23,478.91,352.34,126.57,43,4467,2.15,757,no
SKU50838,2022-05-22,Brand E,Adhesives,Vendor 23,539.87,340.28,199.59,1418,1001,3.95,574,no
SKU50839,2019-10-28,Brand J,Measuring,Vendor 22,727.75,376.24,351.51,1114,4622,4.65,826,no
SKU50840,2019-03-03,Brand B,Tools,Vendor 06,430.09,248.8,181.29,669,3459,4.26,694,no
SKU50841,2023-03-23,Brand L,Lighting,Vendor 14,521.43,220.07,301.36,463,426,2.83,724,no
SKU50842,2022-03-31,Brand G,Fasteners,Vendor 08,186.94,102.32,84.62,385,1205,4.5,510,no
SKU50843,2020-02-28,Brand D,Safety,Vendor 09,572.97,359.19,213.78,1324,1763,4.15,76,yes
SKU50844,2022-07-26,Brand E,Adhesives,Vendor 14,14.99,8.82,6.17,848,5164,2.84,844,no
SKU50845,2020-06-16,Brand J,Measuring,Vendor 04,712.32,379.95,332.37,1423,2716,2.69,565,no
SKU50846,2023-09-09,Brand J,Tools,Vendor 21,500.74,314.06,186.68,460,4349,3.15,707,no
SKU50847,2021-01-05,Brand J,Lighting,Vendor 14,400.63,254.94,145.69,814,2571,4.05,647,no
SKU50848,2019-01-26,Brand K,Fasteners,Vendor 08,596.53,287.77,308.76,188,758,3.36,414,no
SKU50849,2019-09-27,Brand A,Safety,Vendor 08,528.05,291.0,237.05,1462,3493,3.79,206,no
SKU50850,2024-02-22,Brand G,Adhesives,Vendor 01,434.97,228.19,206.78,856,1379,3.78,147,yes
SKU50851,2019-05-01,Brand D,Measuring,Vendor 19,318.61,127.2,191.41,1789,2979,3.12,291,no
SKU50852,2021-03-06,Brand B,Tools,Vendor 14,833.66,384.5,449.16,1574,1463,2.81,409,no
SKU50853,2019-09-25,Brand B,Lighting,Vendor 13,423.27,234.55,188.72,824,5136,2.19,307,no
SKU50854,2019-08-12,Brand E,Fasteners,Vendor 19,376.05,286.36,89.69,1035,957,3.29,704,no
SKU50855,2019-10-14,Brand D,Safety,Vendor 11,670.23,304.62,365.61,1547,4016,3.22,63,no
SKU50856,2021-11-28,Brand H,Adhesives,Vendor 17,725.62,318.46,407.16,798,169,4.02,698,no
SKU50857,2020-04-01,Brand D,Measuring,Vendor 18,867.62,397.93,469.69,135,811,2.68,540,no
SKU50858,2024-11-24,Brand F,Tools,Vendor 09,224.94,119.81,105.13,1790,1603,3.49,834,no
SKU50859,2020-05-14,Brand F,Lighting,Vendor 15,122.64,82.82,39.82,1792,4265,4.22,331,no
SKU50860,2020-09-20,Brand D,Fasteners,Vendor 18,257.71,201.4,56.31,411,1232,3.81,817,yes
SKU50861,2020-08-06,Brand I,Safety,Vendor 06,128.6,63.23,65.37,276,3294,3.25,347,no
SKU50862,2022-10-16,Brand D,Adhesives,Vendor 02,351.64,174.04,177.6,709,823,4.13,453,no
SKU50863,2021-06-28,Brand J,Measuring,Vendor 01,169.96,69.76,100.2,1504,2632,4.68,261,no
SKU50864,2024-06-27,Brand H,Tools,Vendor 15,88.43,46.49,41.94,1533,5138,2.73,854,yes
SKU50865,2024-04-24,Brand K,Lighting,Vendor 05,412.56,300.5,112.06,1551,3693,4.42,266,no
SKU50866,2021-06-23,Brand A,Fasteners,Vendor 02,561.93,242.3,319.63,574,2474,4.1,334,no
SKU50867,2023-05-29,Brand C,Safety,Vendor 10,479.31,328.76,150.55,1279,4638,2.76,283,no
SKU50868,2022-04-26,Brand G,Adhesives,Vendor 07,26.16,23.03,3.13,746,207,2.65,371,no
SKU50869,2019-03-18,Brand D,Measuring,Vendor 07,67.92,27.78,40.14,92,4456,3.58,582,no
SKU50870,2022-04-25,Brand F,Tools,Vendor 22,284.33,248.11,36.22,422,4755,2.7,371,no
SKU50871,2020-07-30,Brand D,Lighting,Vendor 02,195.87,114.18,81.69,326,3215,2.32,232,no
SKU50872,2024-05-29,Brand I,Fasteners,Vendor 03,597.34,324.02,273.32,105,1691,2.19,856,no
SKU50873,2021-04-25,Brand L,Safety,Vendor 10,360.24,299.4,60.84,1093,2908,2.1,96,yes
SKU50874,2019-11-17,Brand I,Adhesives,Vendor 16,57.73,24.63,33.1,353,4816,4.04,78,no
SKU50875,2021-05-02,Brand D,Measuring,Vendor 23,333.51,254.17,79.34,771,1298,3.66,295,no
SKU50876,2020-12-25,Brand A,Tools,Vendor 01,64.76,33.88,30.88,844,3749,4.19,393,no
SKU50877,2022-07-01,Brand K,Lighting,Vendor 08,479.7,185.49,294.21,1463,2479,2.94,449,yes
SKU50878,2020-05-22,Brand I,Fasteners,Vendor 05,146.65,69.68,76.97,1618,4906,2.65,515,no
SKU50879,2021-03-11,Brand B,Safety,Vendor 23,226.74,127.51,99.23,598,2689,2.03,46,no
SKU50880,2019-03-16,Brand F,Adhesives,Vendor 17,68.23,46.4,21.83,1625,1632,4.09,373,no
SKU50881,2023-12-26,Brand B,Measuring,Vendor 19,23.62,10.16,13.46,401,1936,2.8,223,no
SKU50882,2024-12-12,Brand A,Tools,Vendor 21,571.38,354.34,217.04,114,528,3.41,728,yes
SKU50883,2020-01-21,Brand G,Lighting,Vendor 25,733.07,283.12,449.95,386,2110,3.73,139,no
SKU50884,2020-03-01,Brand E,Fasteners,Vendor 18,313.77,246.63,67.14,891,200,4.18,360,no
SKU50885,2020-03-17,Brand E,Safety,Vendor 23,878.83,345.28,533.55,1713,2787,3.96,68,no
SKU50886,2023-07-08,Brand C,Adhesives,Vendor 04,40.93,26.06,14.87,1238,2988,4.72,208,no
SKU50887,2023-11-21,Brand C,Measuring,Vendor 04,532.39,300.73,231.66,1350,433,3.63,886,no
SKU50888,2021-03-08,Brand J,Tools,Vendor 20,231.55,166.82,64.73,1798,3533,3.48,673,no
SKU50889,2020-09-24,Brand J,Lighting,Vendor 04,431.2,214.75,216.45,656,4499,3.05,379,no
SKU50890,2019-10-30,Brand K,Fasteners,Vendor 18,457.66,242.38,215.28,315,729,2.4,816,no
SKU50891,2019-05-31,Brand H,Safety,Vendor 25,291.49,205.45,86.04,1180,4564,3.84,82,no
SKU50892,2022-12-15,Brand D,Adhesives,Vendor 24,281.67,138.85,142.82,1610,1488,3.89,345,no
SKU50893,2021-05-30,Brand I,Measuring,Vendor 19,500.23,309.67,190.56,1390,47,3.32,440,yes
SKU50894,2019-05-13,Brand C,Tools,Vendor 08,8.18,3.54,4.64,356,2922,3.7,105,no
SKU50895,2022-04-30,Brand L,Lighting,Vendor 19,438.0,227.42,210.58,1712,4882,4.05,26,no
SKU50896,2023-07-02,Brand G,Fasteners,Vendor 14,65.29,25.61,39.68,282,3539,2.95,314,yes
SKU50897,2022-06-28,Brand H,Safety,Vendor 20,936.47,388.55,547.92,1462,3628,3.07,372,no
SKU50898,2023-12-30,Brand G,Adhesives,Vendor 09,600.68,312.7,287.98,12,1650,2.9,178,no
SKU50899,2023-09-06,Brand I,Measuring,Vendor 05,391.8,172.44,219.36,136,1134,2.59,898,no
SKU50900,2023-05-07,Brand C,Tools,Vendor 08,246.12,145.73,100.39,268,2693,3.75,69,no
SKU50901,2020-12-12,Brand H,Lighting,Vendor 21,617.41,266.66,350.75,1274,2614,4.04,884,no
SKU50902,2022-06-10,Brand D,Fasteners,Vendor 24,141.34,74.52,66.82,1597,3474,3.66,626,no
SKU50903,2020-06-20,Brand J,Safety,Vendor 21,186.06,165.58,20.48,18,3581,2.9,864,no
SKU50904,2023-04-28,Brand H,Adhesives,Vendor 17,217.36,108.71,108.65,1742,2240,4.08,3,no
SKU50905,2023-02-19,Brand I,Measuring,Vendor 23,284.07,152.68,131.39,331,1858,2.22,311,no
SKU50906,2022-05-09,Brand L,Tools,Vendor 05,326.32,162.08,164.24,625,1585,4.59,37,no
SKU50907,2021-03-14,Brand D,Lighting,Vendor 16,153.42,67.23,86.19,849,3831,3.97,225,no
SKU50908,2023-09-17,Brand C,Fasteners,Vendor 05,176.4,134.1,42.3,1332,2706,3.06,805,no
SKU50909,2024-12-28,Brand A,Safety,Vendor 13,332.2,215.46,116.74,1143,4291,3.08,588,no
SKU50910,2024-07-17,Brand B,Adhesives,Vendor 10,572.82,350.12,222.7,1498,1073,2.28,96,no
SKU50911,2024-07-14,Brand H,Measuring,Vendor 18,229.36,160.56,68.8,1072,677,4.43,687,no
SKU50912,2020-04-05,Brand F,Tools,Vendor 12,549.33,286.24,263.09,644,1829,2.77,255,no
SKU50913,2021-12-29,Brand E,Lighting,Vendor 22,211.29,152.69,58.6,1792,2664,3.44,160,no
SKU50914,2019-04-20,Brand G,Fasteners,Vendor 23,250.62,201.0,49.62,65,1256,4.97,620,no
SKU50915,2021-07-04,Brand B,Safety,Vendor 08,756.54,374.92,381.62,824,248,3.25,549,no
SKU50916,2022-12-22,Brand J,Adhesives,Vendor 09,64.49,45.92,18.57,399,228,3.86,887,no
SKU50917,2021-05-28,Brand D,Measuring,Vendor 25,302.56,222.91,79.65,652,4083,3.47,799,no
SKU50918,2019-10-02,Brand C,Tools,Vendor 11,237.35,135.61,101.74,613,1861,2.5,555,no
SKU50919,2021-06-03,Brand C,Lighting,Vendor 06,173.74,70.17,103.57,1058,65,4.17,649,no
SKU50920,2019-01-30,Brand F,Fasteners,Vendor 05,231.86,161.09,70.77,1,4295,4.33,893,no
SKU50921,2020-02-28,Brand I,Safety,Vendor 20,212.63,121.09,91.54,564,2436,2.08,26,no
SKU50922,2020-04-29,Brand D,Adhesives,Vendor 17,642.41,334.98,307.43,420,348,4.35,543,no
SKU50923,2021-03-31,Brand A,Measuring,Vendor 11,354.13,182.24,171.89,1270,3541,4.4,272,no
SKU50924,2020-08-05,Brand B,Tools,Vendor 04,56.14,34.13,22.01,941,1896,3.51,739,no
SKU50925,2024-12-27,Brand G,Lighting,Vendor 14,443.25,261.14,182.11,1129,2303,2.47,8,no
SKU50926,2019-11-12,Brand I,Fasteners,Vendor 03,519.28,298.08,221.2,693,953,3.15,163,no
SKU50927,2019-12-22,Brand E,Safety,Vendor 17,500.27,226.78,273.49,449,2511,3.96,350,no
SKU50928,2022-04-15,Brand E,Adhesives,Vendor 22,365.96,266.78,99.18,967,3136,2.19,442,no
SKU50929,2024-04-27,Brand L,Measuring,Vendor 22,172.13,117.3,54.83,1029,3733,2.02,555,no
SKU50930,2025-01-03,Brand C,Tools,Vendor 01,533.88,237.6,296.28,287,4162,3.42,441,no
SKU50931,2024-08-21,Brand E,Lighting,Vendor 05,189.79,163.3,26.49,936,448,2.85,172,no
SKU50932,2023-10-15,Brand B,Fasteners,Vendor 14,198.44,143.73,54.71,732,533,2.93,487,no
SKU50933,2024-06-09,Brand G,Safety,Vendor 09,312.89,220.77,92.12,924,1461,3.38,159,no
SKU50934,2021-10-02,Brand G,Adhesives,Vendor 02,60.14,28.86,31.28,6,4063,3.18,348,no
SKU50935,2020-11-14,Brand E,Measuring,Vendor 11,120.23,54.87,65.36,137,1205,2.91,152,no
SKU50936,2020-02-12,Brand J,Tools,Vendor 23,384.21,216.6,167.61,425,4189,4.77,127,no
SKU50937,2024-02-28,Brand D,Lighting,Vendor 23,891.12,369.01,522.11,1353,2153,3.03,134,no
SKU50938,2019-12-17,Brand C,Fasteners,Vendor 23,448.08,321.26,126.82,778,2093,3.4,852,no
SKU50939,2023-01-01,Brand I,Safety,Vendor 04,154.57,113.3,41.27,623,3917,3.99,232,no
SKU50940,2022-04-28,Brand L,Adhesives,Vendor 22,335.56,195.3,140.26,167,1191,2.22,776,no
SKU50941,2021-02-09,Brand L,Measuring,Vendor 09,392.97,263.58,129.39,416,833,3.77,47,no
SKU50942,2022-11-05,Brand H,Tools,Vendor 21,254.33,127.68,126.65,1331,1672,4.71,738,no
SKU50943,2019-07-24,Brand C,Lighting,Vendor 23,135.19,66.06,69.13,981,7,2.6,107,no
SKU50944,2023-11-12,Brand L,Fasteners,Vendor 24,594.48,354.5,239.98,990,19,2.87,180,no
SKU50945,2019-11-01,Brand J,Safety,Vendor 17,722.14,384.69,337.45,1566,734,2.11,794,no
SKU50946,2019-09-30,Brand J,Adhesives,Vendor 20,895.53,395.61,499.92,443,3976,3.07,700,yes
SKU50947,2022-03-13,Brand F,Measuring,Vendor 09,284.5,218.71,65.79,1377,1637,4.54,850,no
SKU50948,2020-02-14,Brand I,Tools,Vendor 04,363.56,329.83,33.73,1245,3041,4.46,399,no
SKU50949,2024-06-10,Brand A,Lighting,Vendor 08,393.99,348.28,45.71,1667,2593,4.05,344,no
SKU50950,2020-05-17,Brand C,Fasteners,Vendor 17,617.44,274.38,343.06,1675,4118,2.67,328,no
SKU50951,2024-01-26,Brand J,Safety,Vendor 09,479.18,197.19,281.99,1716,1746,3.59,641,no
SKU50952,2021-04-20,Brand B,Adhesives,Vendor 22,197.86,112.83,85.03,568,567,3.61,733,no
SKU50953,2019-07-21,Brand G,Measuring,Vendor 04,14.1,7.92,6.18,1417,3292,4.61,189,no
SKU50954,2019-03-15,Brand E,Tools,Vendor 16,499.43,199.47,299.96,1247,515,2.01,252,no
SKU50955,2022-11-25,Brand I,Lighting,Vendor 21,198.12,94.38,103.74,1181,669,4.43,856,no
SKU50956,2024-03-27,Brand J,Fasteners,Vendor 11,324.05,252.74,71.31,1597,4725,4.71,118,yes
SKU50957,2023-01-29,Brand K,Safety,Vendor 01,906.63,350.66,555.97,600,3619,4.8,78,no
SKU50958,2019-03-07,Brand D,Adhesives,Vendor 23,150.97,76.98,73.99,512,579,4.06,137,yes
SKU50959,2019-04-05,Brand C,Measuring,Vendor 23,137.02,59.12,77.9,643,1217,2.6,311,yes
SKU50960,2020-06-19,Brand H,Tools,Vendor 16,536.65,239.47,297.18,156,4551,2.84,750,yes
SKU50961,2022-11-08,Brand F,Lighting,Vendor 24,672.82,267.14,405.68,1738,4954,2.57,190,yes
SKU50962,2022-04-24,Brand J,Fasteners,Vendor 01,477.86,237.73,240.13,78,4802,3.65,704,no
SKU50963,2022-08-08,Brand J,Safety,Vendor 16,193.02,108.05,84.97,1300,2727,4.46,835,no
SKU50964,2020-06-24,Brand A,Adhesives,Vendor 20,101.23,67.41,33.82,1561,2114,3.79,723,no
SKU50965,2023-06-08,Brand L,Measuring,Vendor 19,340.36,241.91,98.45,909,4733,4.45,844,no
SKU50966,2023-06-03,Brand F,Tools,Vendor 15,305.26,208.6,96.66,887,1738,2.65,355,no
SKU50967,2024-01-19,Brand K,Lighting,Vendor 02,218.89,198.88,20.01,1596,1082,2.46,399,no
SKU50968,2021-09-19,Brand K,Fasteners,Vendor 05,7.73,3.77,3.96,1230,4324,2.6,261,no
SKU50969,2023-07-12,Brand F,Safety,Vendor 22,585.07,378.22,206.85,23,4893,2.6,549,no
SKU50970,2023-06-18,Brand C,Adhesives,Vendor 20,914.0,383.43,530.57,1234,695,4.1,900,no
SKU50971,2019-08-18,Brand B,Measuring,Vendor 05,162.1,139.45,22.65,985,4634,2.85,218,no
SKU50972,2023-02-27,Brand J,Tools,Vendor 13,30.66,13.19,17.47,1174,1563,2.28,850,no
SKU50973,2020-03-26,Brand L,Lighting,Vendor 12,214.08,112.9,101.18,909,2815,2.04,415,no
SKU50974,2020-12-15,Brand H,Fasteners,Vendor 02,672.52,398.83,273.69,1188,222,3.85,123,no
SKU50975,2021-08-30,Brand I,Safety,Vendor 16,99.48,46.96,52.52,579,5179,3.01,359,no
SKU50976,2024-12-30,Brand D,Adhesives,Vendor 02,406.65,174.01,232.64,446,4209,4.12,218,no
SKU50977,2023-03-01,Brand D,Measuring,Vendor 01,357.81,231.71,126.1,1327,4683,4.1,12,no
SKU50978,2022-12-22,Brand I,Tools,Vendor 20,682.88,283.23,399.65,704,2515,4.19,892,no
SKU50979,2023-08-18,Brand E,Lighting,Vendor 16,241.21,103.53,137.68,383,4420,3.15,205,no
SKU50980,2025-01-06,Brand I,Fasteners,Vendor 05,86.92,68.32,18.6,1391,4935,4.63,575,no
SKU50981,2021-08-09,Brand K,Safety,Vendor 12,186.24,153.93,32.31,1515,2954,3.11,598,no
SKU50982,2019-03-03,Brand J,Adhesives,Vendor 12,297.25,159.3,137.95,747,1731,4.4,547,no
SKU50983,2019-11-20,Brand A,Measuring,Vendor 20,976.92,399.56,577.36,1507,594,4.84,157,no
SKU50984,2021-12-28,Brand H,Tools,Vendor 03,566.71,261.66,305.05,1373,2256,2.72,336,no
SKU50985,2024-05-18,Brand L,Lighting,Vendor 17,19.06,8.73,10.33,1129,582,2.73,636,no
SKU50986,2021-02-18,Brand D,Fasteners,Vendor 20,496.57,243.09,253.48,188,2195,2.83,636,no
SKU50987,2020-03-30,Brand L,Safety,Vendor 15,648.44,339.25,309.19,927,3013,4.13,630,no
SKU50988,2022-04-04,Brand I,Adhesives,Vendor 09,476.97,353.97,123.0,1413,2581,3.36,231,no
SKU50989,2023-05-30,Brand K,Measuring,Vendor 01,3.01,2.62,0.39,71,3494,3.5,593,no
SKU50990,2024-10-07,Brand I,Tools,Vendor 14,148.36,79.49,68.87,1462,2185,3.45,765,no
SKU50991,2020-04-10,Brand J,Lighting,Vendor 11,190.48,78.01,112.47,1438,5152,4.17,155,no
SKU50992,2020-04-23,Brand K,Fasteners,Vendor 23,577.32,306.37,270.95,730,203,2.36,779,yes
SKU50993,2020-12-29,Brand L,Safety,Vendor 14,216.89,130.65,86.24,312,4693,2.95,392,no
SKU50994,2021-12-07,Brand G,Adhesives,Vendor 25,375.83,178.89,196.94,553,2623,3.89,892,no
SKU50995,2024-10-13,Brand K,Measuring,Vendor 06,226.08,184.55,41.53,1600,937,4.23,565,no
SKU50996,2020-06-02,Brand I,Tools,Vendor 24,598.72,374.46,224.26,1468,4443,4.98,427,no
SKU50997,2022-08-23,Brand B,Lighting,Vendor 17,14.72,12.4,2.32,1030,154,4.07,282,yes
SKU50998,2022-10-28,Brand A,Fasteners,Vendor 17,341.47,163.89,177.58,1326,3125,2.93,49,no
SKU50999,2023-05-30,Brand A,Safety,Vendor 19,383.2,241.2,142.0,1359,3009,4.04,96,no
SKU51000,2022-05-25,Brand A,Adhesives,Vendor 04,437.43,279.9,157.53,1397,534,4.15,1,no
SKU51001,2022-06-13,Brand G,Measuring,Vendor 21,893.54,348.56,544.98,71,3950,2.59,0,no
SKU51002,2023-04-23,Brand K,Tools,Vendor 11,233.54,185.84,47.7,1248,3440,3.93,410,no
SKU51003,2023-01-16,Brand H,Lighting,Vendor 08,211.2,81.67,129.53,1588,4265,2.61,7,no
SKU51004,2021-09-04,Brand D,Fasteners,Vendor 10,571.94,285.31,286.63,1158,691,3.76,724,no
SKU51005,2023-03-02,Brand L,Safety,Vendor 18,363.06,207.64,155.42,835,1594,4.31,168,no
SKU51006,2021-12-02,Brand E,Adhesives,Vendor 05,239.29,126.62,112.67,30,1340,2.84,784,no
SKU51007,2023-09-08,Brand J,Measuring,Vendor 13,407.71,201.48,206.23,433,2692,2.08,336,yes
SKU51008,2020-12-14,Brand L,Tools,Vendor 25,348.46,195.51,152.95,741,2692,4.64,669,no
SKU51009,2019-12-12,Brand D,Lighting,Vendor 21,18.97,9.11,9.86,1454,1131,2.06,445,no
SKU51010,2024-05-22,Brand L,Fasteners,Vendor 23,235.69,134.86,100.83,310,4882,4.6,564,no
SKU51011,2020-11-05,Brand E,Safety,Vendor 08,40.92,35.96,4.96,287,1427,2.5,363,no
SKU51012,2019-05-15,Brand H,Adhesives,Vendor 05,327.56,186.02,141.54,574,1926,2.85,291,no
SKU51013,2023-01-25,Brand D,Measuring,Vendor 11,574.26,346.63,227.63,279,367,3.71,772,no
SKU51014,2020-10-30,Brand J,Tools,Vendor 24,155.14,96.88,58.26,761,4420,4.47,254,no
SKU51015,2021-04-13,Brand B,Lighting,Vendor 20,268.88,174.24,94.64,646,4499,2.17,358,yes
SKU51016,2019-01-27,Brand H,Fasteners,Vendor 20,219.2,160.67,58.53,275,4991,4.59,676,no
SKU51017,2019-05-26,Brand K,Safety,Vendor 09,37.26,16.99,20.27,463,3955,4.48,831,no
SKU51018,2022-09-02,Brand F,Adhesives,Vendor 13,256.84,127.47,129.37,1029,417,3.35,275,no
SKU51019,2019-05-11,Brand E,Measuring,Vendor 07,104.08,78.0,26.08,1385,2258,4.44,554,no
SKU51020,2024-12-04,Brand K,Tools,Vendor 25,456.65,333.29,123.36,895,1762,4.06,843,no
SKU51021,2020-10-30,Brand L,Lighting,Vendor 10,378.0,264.32,113.68,1652,3741,3.25,53,no
SKU51022,2019-03-16,Brand J,Fasteners,Vendor 21,393.78,248.08,145.7,569,1430,3.83,680,yes
SKU51023,2020-03-27,Brand H,Safety,Vendor 02,350.93,209.73,141.2,448,2573,2.8,282,no
SKU51024,2023-07-16,Brand D,Adhesives,Vendor 07,410.97,282.66,128.31,831,3430,2.96,635,no
SKU51025,2020-03-23,Brand A,Measuring,Vendor 16,399.54,250.35,149.19,919,1597,2.63,121,no
SKU51026,2023-11-18,Brand C,Tools,Vendor 09,377.91,300.75,77.16,1544,4069,3.44,440,no
SKU51027,2022-12-15,Brand A,Lighting,Vendor 16,111.01,78.51,32.5,1761,2206,4.65,193,no
SKU51028,2024-07-24,Brand B,Fasteners,Vendor 25,590.06,328.33,261.73,790,2855,2.86,850,no
SKU51029,2021-07-04,Brand A,Safety,Vendor 02,302.72,271.18,31.54,126,2879,2.56,158,no
SKU51030,2020-05-26,Brand K,Adhesives,Vendor 20,913.94,365.57,548.37,555,1686,4.95,130,no
SKU51031,2023-02-05,Brand E,Measuring,Vendor 25,827.89,329.47,498.42,1673,1191,4.72,797,yes
SKU51032,2020-08-04,Brand D,Tools,Vendor 21,86.34,36.81,49.53,1305,1632,4.46,246,no
SKU51033,2024-03-25,Brand L,Lighting,Vendor 21,605.46,256.42,349.04,791,4365,2.18,764,no
SKU51034,2022-06-23,Brand H,Fasteners,Vendor 07,612.57,385.01,227.56,1357,2083,2.99,533,no
SKU51035,2020-04-06,Brand K,Safety,Vendor 15,291.38,214.52,76.86,1148,1761,2.98,202,no
SKU51036,2024-04-20,Brand J,Adhesives,Vendor 15,39.84,22.13,17.71,640,1439,3.26,261,yes
SKU51037,2020-01-21,Brand A,Measuring,Vendor 06,397.48,241.47,156.01,1365,1313,3.37,507,no
SKU51038,2020-06-02,Brand D,Tools,Vendor 25,388.57,306.34,82.23,873,4371,3.59,504,yes
SKU51039,2022-08-25,Brand E,Lighting,Vendor 24,398.61,216.16,182.45,763,3648,4.48,646,no
SKU51040,2021-06-27,Brand G,Fasteners,Vendor 21,148.85,87.74,61.11,868,687,2.73,503,no
SKU51041,2024-12-19,Brand C,Safety,Vendor 20,152.74,61.54,91.2,1029,4094,2.66,374,no
SKU51042,2022-03-01,Brand K,Adhesives,Vendor 07,409.95,222.05,187.9,338,4145,3.89,486,no
SKU51043,2020-12-03,Brand A,Measuring,Vendor 15,53.72,38.94,14.78,1130,1328,3.06,792,no
SKU51044,2021-09-25,Brand I,Tools,Vendor 06,719.73,294.14,425.59,190,3763,2.56,665,no
SKU51045,2023-05-03,Brand C,Lighting,Vendor 16,718.17,395.01,323.16,1142,3953,2.92,297,no
SKU51046,2024-10-27,Brand G,Fasteners,Vendor 23,803.45,396.43,407.02,133,2498,2.87,274,no
SKU51047,2025-01-02,Brand H,Safety,Vendor 03,270.43,154.33,116.1,987,5189,2.91,789,no
SKU51048,2023-10-04,Brand H,Adhesives,Vendor 07,511.57,310.36,201.21,1399,3388,4.94,120,no
SKU51049,2024-03-24,Brand A,Measuring,Vendor 03,353.1,145.02,208.08,1753,4825,3.0,787,yes
SKU51050,2022-03-18,Brand F,Tools,Vendor 13,393.1,350.75,42.35,659,3203,2.99,675,no
SKU51051,2024-08-29,Brand I,Lighting,Vendor 19,319.12,195.96,123.16,1151,3776,2.72,530,no
SKU51052,2022-11-09,Brand F,Fasteners,Vendor 23,494.49,318.51,175.98,1185,581,3.58,305,no
SKU51053,2021-02-08,Brand J,Safety,Vendor 03,550.54,302.3,248.24,681,3640,3.75,360,no
SKU51054,2021-08-29,Brand K,Adhesives,Vendor 18,167.93,98.97,68.96,946,4271,2.08,724,no
SKU51055,2019-03-04,Brand D,Measuring,Vendor 20,98.06,52.32,45.74,1269,3687,3.28,263,no
SKU51056,2022-01-31,Brand D,Tools,Vendor 03,179.77,132.01,47.76,1450,3148,4.26,651,no
SKU51057,2020-04-10,Brand I,Lighting,Vendor 15,193.05,120.9,72.15,544,3023,2.04,479,no
SKU51058,2022-05-27,Brand E,Fasteners,Vendor 23,296.99,230.37,66.62,172,4798,2.53,425,yes
SKU51059,2019-04-05,Brand E,Safety,Vendor 18,251.38,101.49,149.89,858,3990,4.67,62,no
SKU51060,2023-05-23,Brand B,Adhesives,Vendor 20,285.44,139.69,145.75,57,4394,2.4,141,no
SKU51061,2021-08-28,Brand F,Measuring,Vendor 13,163.76,148.45,15.31,1702,563,2.23,471,no
SKU51062,2021-01-11,Brand C,Tools,Vendor 05,48.21,31.29,16.92,1773,1437,3.87,743,yes
SKU51063,2024-03-22,Brand K,Lighting,Vendor 23,403.55,296.03,107.52,750,4529,3.91,95,yes
SKU51064,2022-12-15,Brand G,Fasteners,Vendor 09,119.31,72.08,47.23,1271,4832,3.5,717,no
SKU51065,2022-10-15,Brand E,Safety,Vendor 19,887.87,385.81,502.06,307,4117,2.87,696,no
SKU51066,2024-02-19,Brand I,Adhesives,Vendor 24,296.76,144.21,152.55,1622,1397,2.85,117,no
SKU51067,2020-10-15,Brand L,Measuring,Vendor 15,110.58,55.04,55.54,970,2716,2.08,649,no
SKU51068,2024-08-07,Brand D,Tools,Vendor 13,659.22,263.29,395.93,801,1077,2.55,169,no
SKU51069,2022-07-11,Brand G,Lighting,Vendor 21,367.02,224.94,142.08,868,2066,4.28,511,no
SKU51070,2023-03-15,Brand L,Fasteners,Vendor 16,279.77,210.38,69.39,242,4199,2.67,876,yes
SKU51071,2022-07-04,Brand E,Safety,Vendor 19,351.61,261.05,90.56,1100,4049,4.42,217,no
SKU51072,2024-06-26,Brand F,Adhesives,Vendor 18,536.23,221.85,314.38,382,878,3.01,47,no
SKU51073,2024-10-04,Brand C,Measuring,Vendor 14,165.65,126.16,39.49,579,504,2.62,387,no
SKU51074,2022-12-23,Brand H,Tools,Vendor 12,694.5,272.8,421.7,1453,3697,2.09,809,no
SKU51075,2024-09-30,Brand F,Lighting,Vendor 20,402.97,310.97,92.0,296,4862,2.21,881,no
SKU51076,2023-11-03,Brand L,Fasteners,Vendor 17,495.74,334.74,161.0,1063,333,4.33,331,no
SKU51077,2023-05-12,Brand D,Safety,Vendor 22,457.46,317.51,139.95,624,3816,3.05,446,no
SKU51078,2021-01-06,Brand J,Adhesives,Vendor 25,162.93,126.63,36.3,448,1844,2.58,764,no
SKU51079,2025-01-03,Brand D,Measuring,Vendor 01,230.3,179.49,50.81,384,2420,4.69,780,yes
SKU51080,2023-01-18,Brand J,Tools,Vendor 21,131.8,54.9,76.9,1000,3578,3.91,254,no
SKU51081,2023-06-17,Brand B,Lighting,Vendor 11,289.32,136.12,153.2,768,2574,2.72,459,no
SKU51082,2024-10-16,Brand E,Fasteners,Vendor 01,145.64,84.38,61.26,320,3792,3.95,96,no
SKU51083,2021-11-01,Brand A,Safety,Vendor 17,516.07,204.87,311.2,1435,1598,3.07,116,no
SKU51084,2019-05-15,Brand J,Adhesives,Vendor 20,51.6,44.07,7.53,1789,1140,3.11,762,yes
SKU51085,2019-09-17,Brand D,Measuring,Vendor 23,667.19,284.95,382.24,473,272,2.37,430,no
SKU51086,2021-04-08,Brand H,Tools,Vendor 05,183.4,100.74,82.66,966,4162,2.08,647,no
SKU51087,2023-08-25,Brand B,Lighting,Vendor 18,100.68,38.87,61.81,831,2346,4.47,106,no
SKU51088,2022-04-30,Brand B,Fasteners,Vendor 23,233.88,136.11,97.77,1352,4275,3.39,128,no
SKU51089,2019-05-08,Brand D,Safety,Vendor 23,69.07,26.93,42.14,839,2808,4.15,550,no
SKU51090,2023-11-20,Brand J,Adhesives,Vendor 16,519.38,383.1,136.28,599,120,2.59,570,no
SKU51091,2020-11-05,Brand K,Measuring,Vendor 25,644.05,339.5,304.55,554,4359,2.2,665,no
SKU51092,2021-09-10,Brand K,Tools,Vendor 19,311.14,220.66,90.48,1435,2856,3.9,419,no
SKU51093,2021-12-30,Brand I,Lighting,Vendor 17,528.34,341.14,187.2,236,2497,4.38,784,no
SKU51094,2020-12-28,Brand K,Fasteners,Vendor 21,179.93,148.92,31.01,961,4989,2.46,547,no
SKU51095,2019-06-29,Brand J,Safety,Vendor 20,325.84,131.89,193.95,1669,3201,3.09,475,no
SKU51096,2019-09-24,Brand A,Adhesives,Vendor 14,317.45,215.98,101.47,166,2903,2.03,17,no
SKU51097,2023-12-16,Brand F,Measuring,Vendor 13,372.62,302.63,69.99,425,4780,2.08,432,no
SKU51098,2021-03-31,Brand C,Tools,Vendor 15,475.13,197.0,278.13,850,1006,3.93,414,no
SKU51099,2023-04-24,Brand C,Lighting,Vendor 08,122.05,81.66,40.39,1387,4455,2.4,191,no
SKU51100,2022-01-07,Brand I,Fasteners,Vendor 02,169.8,142.66,27.14,1507,162,4.28,611,no
SKU51101,2019-08-22,Brand L,Safety,Vendor 07,178.83,153.95,24.88,1045,4696,2.13,336,no
SKU51102,2021-02-20,Brand A,Adhesives,Vendor 23,52.95,44.77,8.18,73,4776,2.8,12,yes
SKU51103,2020-10-16,Brand H,Measuring,Vendor 13,586.61,327.27,259.34,1566,2865,4.77,554,no
SKU51104,2023-02-14,Brand F,Tools,Vendor 23,520.35,334.7,185.65,284,1805,3.18,680,no
SKU51105,2019-02-08,Brand B,Lighting,Vendor 05,925.25,365.64,559.61,113,3765,2.25,235,yes
SKU51106,2023-09-16,Brand A,Fasteners,Vendor 11,149.8,86.14,63.66,175,4796,2.53,272,yes
SKU51107,2024-11-22,Brand B,Safety,Vendor 18,212.62,92.2,120.42,171,2453,2.08,844,yes
SKU51108,2022-08-12,Brand J,Adhesives,Vendor 24,39.95,17.76,22.19,1581,1921,2.43,699,no
SKU51109,2021-10-31,Brand B,Measuring,Vendor 18,174.09,98.58,75.51,1082,4743,3.87,83,no
SKU51110,2019-04-06,Brand J,Tools,Vendor 14,241.76,116.44,125.32,1215,2448,2.22,816,yes
SKU51111,2023-12-15,Brand B,Lighting,Vendor 10,552.01,376.84,175.17,1555,1512,3.24,712,no
SKU51112,2021-08-06,Brand F,Fasteners,Vendor 23,708.88,321.59,387.29,586,639,3.32,859,no
SKU51113,2021-08-21,Brand A,Safety,Vendor 08,85.41,55.33,30.08,109,205,4.97,446,no
SKU51114,2024-09-07,Brand I,Adhesives,Vendor 09,484.05,224.13,259.92,578,595,2.27,624,no
SKU51115,2021-07-07,Brand A,Measuring,Vendor 19,459.3,293.56,165.74,1026,4674,4.85,613,yes
SKU51116,2024-12-07,Brand E,Tools,Vendor 25,382.98,185.59,197.39,260,4815,3.41,528,no
SKU51117,2020-12-13,Brand J,Lighting,Vendor 16,231.82,89.32,142.5,278,123,2.4,61,no
SKU51118,2023-07-22,Brand L,Fasteners,Vendor 16,325.06,234.68,90.38,129,2155,3.38,619,no
SKU51119,2019-07-24,Brand G,Safety,Vendor 15,258.89,100.74,158.15,1616,184,4.81,202,no
SKU51120,2024-07-31,Brand H,Adhesives,Vendor 13,78.82,60.21,18.61,1639,4799,2.45,355,no
SKU51121,2019-03-05,Brand F,Measuring,Vendor 21,256.24,145.82,110.42,1220,393,3.44,277,no
SKU51122,2020-12-28,Brand L,Tools,Vendor 06,9.58,8.38,1.2,51,3893,3.69,17,no
SKU51123,2022-03-19,Brand K,Lighting,Vendor 19,84.51,57.85,26.66,17,1057,2.42,636,no
SKU51124,2020-04-17,Brand E,Fasteners,Vendor 14,412.01,219.93,192.08,1051,2756,3.01,280,yes
SKU51125,2023-08-09,Brand K,Safety,Vendor 04,385.15,316.07,69.08,1769,4155,3.4,540,no
SKU51126,2020-06-22,Brand L,Adhesives,Vendor 01,4.78,2.09,2.69,392,3484,2.16,117,no
SKU51127,2024-01-15,Brand A,Measuring,Vendor 04,298.99,234.48,64.51,931,111,3.65,101,no
SKU51128,2024-01-12,Brand L,Tools,Vendor 15,903.32,394.53,508.79,1508,1738,2.85,763,no
SKU51129,2019-06-02,Brand G,Lighting,Vendor 25,498.16,283.38,214.78,132,2775,2.75,207,no
SKU51130,2024-07-23,Brand I,Fasteners,Vendor 07,382.16,308.72,73.44,1057,731,4.03,177,no
SKU51131,2019-04-22,Brand K,Safety,Vendor 18,492.76,304.12,188.64,1429,2386,3.79,509,no
SKU51132,2023-04-30,Brand L,Adhesives,Vendor 08,265.21,123.75,141.46,1511,1745,3.65,387,yes
SKU51133,2023-04-08,Brand E,Measuring,Vendor 15,187.62,141.85,45.77,809,3087,2.79,503,no
SKU51134,2020-04-20,Brand K,Tools,Vendor 24,639.98,330.67,309.31,1620,358,3.75,251,no
SKU51135,2021-04-17,Brand C,Lighting,Vendor 20,322.07,219.29,102.78,359,2748,4.7,420,no
SKU51136,2024-12-31,Brand E,Fasteners,Vendor 09,17.28,14.76,2.52,1156,5094,2.94,433,no
SKU51137,2021-11-16,Brand K,Safety,Vendor 01,575.44,366.11,209.33,247,571,2.09,615,no
SKU51138,2020-06-16,Brand J,Adhesives,Vendor 23,615.54,362.53,253.01,1026,4518,2.36,126,no
SKU51139,2019-09-15,Brand I,Measuring,Vendor 23,443.27,347.51,95.76,413,3516,3.58,718,yes
SKU51140,2024-12-28,Brand D,Tools,Vendor 13,510.8,350.22,160.58,1658,325,3.36,811,no
SKU51141,2024-09-07,Brand D,Lighting,Vendor 25,517.16,245.24,271.92,831,4866,2.05,517,no
SKU51142,2022-12-03,Brand J,Fasteners,Vendor 01,529.48,332.89,196.59,1370,4791,3.56,689,no
SKU51143,2022-08-02,Brand L,Safety,Vendor 03,399.16,201.96,197.2,1155,1972,3.8,143,no
SKU51144,2023-05-06,Brand G,Adhesives,Vendor 07,161.68,82.58,79.1,799,1028,3.57,371,no
SKU51145,2019-12-07,Brand I,Measuring,Vendor 25,487.08,282.34,204.74,228,3743,2.85,781,no
SKU51146,2022-11-25,Brand A,Tools,Vendor 20,254.76,98.43,156.33,1124,2005,4.05,656,no
SKU51147,2022-06-03,Brand L,Lighting,Vendor 11,413.86,276.08,137.78,1587,1511,3.93,302,no
SKU51148,2024-11-29,Brand D,Fasteners,Vendor 24,45.47,17.98,27.49,1546,1401,2.99,829,no
SKU51149,2022-05-08,Brand I,Safety,Vendor 17,99.14,47.1,52.04,339,4130,3.74,46,no
SKU51150,2020-05-03,Brand G,Adhesives,Vendor 03,840.33,368.14,472.19,1407,2276,2.53,609,no
SKU51151,2019-11-02,Brand G,Measuring,Vendor 25,505.96,233.69,272.27,112,4855,2.04,97,no
SKU51152,2020-01-09,Brand K,Tools,Vendor 21,875.7,379.09,496.61,198,1098,3.45,845,no
SKU51153,2020-09-27,Brand J,Lighting,Vendor 23,241.41,126.18,115.23,1582,676,2.85,673,no
SKU51154,2024-07-12,Brand E,Fasteners,Vendor 05,546.72,383.64,163.08,747,5058,4.22,624,no
SKU51155,2023-03-02,Brand J,Safety,Vendor 11,285.43,198.22,87.21,861,1143,2.32,131,no
SKU51156,2023-12-17,Brand H,Adhesives,Vendor 17,422.84,224.35,198.49,164,4770,2.76,410,no
SKU51157,2023-01-16,Brand J,Measuring,Vendor 23,693.11,353.59,339.52,200,397,3.9,212,no
SKU51158,2019-08-15,Brand C,Tools,Vendor 21,471.34,203.27,268.07,886,2350,2.5,400,no
SKU51159,2024-10-04,Brand L,Lighting,Vendor 09,240.87,210.21,30.66,1588,2660,4.67,690,no
SKU51160,2023-10-11,Brand C,Fasteners,Vendor 20,367.99,240.8,127.19,1729,3853,4.6,35,yes
SKU51161,2020-08-24,Brand E,Safety,Vendor 01,49.49,39.96,9.53,399,1723,3.37,773,no
SKU51162,2022-10-15,Brand G,Adhesives,Vendor 12,240.19,155.13,85.06,1653,3021,3.85,2,no
SKU51163,2020-05-23,Brand A,Measuring,Vendor 03,690.95,301.85,389.1,358,3623,4.16,829,no
SKU51164,2021-04-07,Brand F,Tools,Vendor 14,291.97,234.12,57.85,485,705,3.33,358,yes
SKU51165,2020-01-15,Brand L,Lighting,Vendor 20,304.5,239.37,65.13,1157,2207,2.14,374,no
SKU51166,2019-03-24,Brand H,Fasteners,Vendor 03,46.27,34.19,12.08,448,5176,2.34,592,no
SKU51167,2024-10-03,Brand G,Safety,Vendor 17,726.84,348.43,378.41,1367,1685,4.56,73,no
SKU51168,2019-10-05,Brand C,Adhesives,Vendor 25,60.05,35.74,24.31,1213,2413,2.91,86,no
SKU51169,2020-09-30,Brand L,Measuring,Vendor 20,53.61,48.61,5.0,1695,1732,4.06,538,no
SKU51170,2022-11-20,Brand D,Tools,Vendor 22,129.86,60.37,69.49,1097,1870,4.77,16,yes
SKU51171,2025-01-05,Brand D,Lighting,Vendor 07,449.32,376.22,73.1,1596,2127,3.7,74,yes
SKU51172,2019-07-02,Brand K,Fasteners,Vendor 01,94.13,83.03,11.1,947,2334,4.56,414,no
SKU51173,2021-11-10,Brand H,Safety,Vendor 09,758.81,384.58,374.23,1009,2040,3.08,745,yes
SKU51174,2019-05-28,Brand F,Adhesives,Vendor 07,160.79,96.63,64.16,83,4859,3.64,745,yes
SKU51175,2021-08-22,Brand E,Measuring,Vendor 20,310.49,131.87,178.62,209,1051,4.57,301,no
SKU51176,2024-02-20,Brand F,Tools,Vendor 01,287.59,163.6,123.99,754,614,3.08,833,no
SKU51177,2020-09-29,Brand D,Lighting,Vendor 21,131.56,83.18,48.38,601,873,3.68,247,no
SKU51178,2024-08-26,Brand E,Fasteners,Vendor 02,274.18,135.44,138.74,1517,2312,2.37,846,no
SKU51179,2020-07-31,Brand D,Safety,Vendor 02,369.77,170.25,199.52,132,1048,5.0,41,no
SKU51180,2021-04-22,Brand H,Adhesives,Vendor 03,328.01,229.29,98.72,29,3522,3.88,466,yes
SKU51181,2024-09-16,Brand E,Measuring,Vendor 18,271.02,243.33,27.69,1031,1125,2.06,174,yes
SKU51182,2019-10-16,Brand K,Tools,Vendor 05,53.17,26.72,26.45,537,1877,3.93,561,no
SKU51183,2020-05-20,Brand J,Lighting,Vendor 10,22.1,8.84,13.26,1383,469,4.46,202,no
SKU51184,2021-10-20,Brand H,Fasteners,Vendor 12,87.98,77.09,10.89,1403,327,2.54,779,no
SKU51185,2020-07-03,Brand E,Safety,Vendor 10,202.5,150.71,51.79,368,348,3.03,405,no
SKU51186,2019-12-25,Brand E,Adhesives,Vendor 15,798.48,379.58,418.9,1101,3563,4.11,518,no
SKU51187,2020-07-03,Brand D,Measuring,Vendor 22,429.69,199.76,229.93,1281,3037,3.59,248,no
SKU51188,2023-10-24,Brand D,Tools,Vendor 04,449.31,223.27,226.04,46,67,2.22,278,no
SKU51189,2022-06-08,Brand E,Lighting,Vendor 10,586.58,330.92,255.66,713,4536,2.1,721,yes
SKU51190,2019-03-02,Brand C,Fasteners,Vendor 05,916.48,389.9,526.58,1560,2852,3.55,653,no
SKU51191,2023-12-24,Brand D,Safety,Vendor 13,800.47,372.28,428.19,108,3889,4.62,534,no
SKU51192,2023-07-21,Brand J,Adhesives,Vendor 24,518.85,318.34,200.51,371,811,2.19,342,no
SKU51193,2019-06-25,Brand D,Measuring,Vendor 09,470.96,312.07,158.89,1245,1890,4.47,173,no
SKU51194,2019-02-06,Brand D,Tools,Vendor 03,810.22,333.39,476.83,580,684,4.3,822,no
SKU51195,2025-01-07,Brand H,Lighting,Vendor 12,34.22,30.17,4.05,1044,2341,2.33,543,no
SKU51196,2020-12-08,Brand D,Fasteners,Vendor 25,296.54,114.4,182.14,1426,925,4.26,554,no
SKU51197,2023-06-24,Brand J,Safety,Vendor 07,410.37,323.92,86.45,366,186,4.0,845,no
SKU51198,2020-11-19,Brand E,Adhesives,Vendor 09,154.43,80.94,73.49,333,318,4.91,198,no
SKU51199,2022-01-22,Brand J,Measuring,Vendor 13,170.82,106.12,64.7,1102,2648,4.23,74,no
SKU51200,2020-06-25,Brand C,Tools,Vendor 13,1024.54,398.33,626.21,1526,1362,4.23,389,no
SKU51201,2020-03-29,Brand L,Lighting,Vendor 07,37.5,20.36,17.14,1383,3218,4.97,722,no
SKU51202,2020-02-03,Brand E,Fasteners,Vendor 04,428.18,330.13,98.05,392,523,2.56,266,no
SKU51203,2019-01-12,Brand J,Safety,Vendor 23,406.44,172.97,233.47,1488,4205,2.18,532,no
SKU51204,2024-04-29,Brand H,Adhesives,Vendor 23,659.18,264.29,394.89,571,1601,3.85,871,no
SKU51205,2023-11-13,Brand J,Measuring,Vendor 04,284.1,119.84,164.26,334,2812,3.5,103,no
SKU51206,2019-07-14,Brand I,Tools,Vendor 17,829.21,391.5,437.71,1070,1860,4.1,544,no
SKU51207,2024-03-22,Brand J,Lighting,Vendor 15,20.77,9.61,11.16,346,3485,2.39,497,no
SKU51208,2023-02-25,Brand H,Fasteners,Vendor 12,629.37,326.74,302.63,311,3949,4.67,662,no
SKU51209,2021-02-17,Brand C,Safety,Vendor 12,609.56,248.97,360.59,1109,22,2.91,881,no
SKU51210,2021-12-20,Brand L,Adhesives,Vendor 08,1017.68,399.49,618.19,470,2535,3.21,697,no
SKU51211,2021-06-26,Brand H,Measuring,Vendor 23,337.25,281.06,56.19,378,1139,4.58,89,no
SKU51212,2024-10-07,Brand F,Tools,Vendor 07,35.57,26.49,9.08,25,3035,3.31,747,no
SKU51213,2023-11-23,Brand C,Lighting,Vendor 11,335.7,182.02,153.68,681,4902,2.5,861,yes
SKU51214,2024-05-14,Brand F,Fasteners,Vendor 17,257.06,139.94,117.12,1312,3722,3.82,535,no
SKU51215,2021-01-06,Brand H,Safety,Vendor 05,216.31,137.56,78.75,1370,208,4.68,179,no
SKU51216,2019-08-13,Brand C,Adhesives,Vendor 13,275.82,171.06,104.76,1478,3198,2.07,788,no
SKU51217,2022-02-20,Brand F,Measuring,Vendor 15,31.55,20.1,11.45,3,4037,4.32,685,no
SKU51218,2020-11-01,Brand D,Tools,Vendor 02,823.53,356.67,466.86,875,4427,4.13,214,no
SKU51219,2023-02-20,Brand D,Lighting,Vendor 19,184.2,120.79,63.41,653,920,2.9,571,no
SKU51220,2020-07-13,Brand L,Fasteners,Vendor 23,107.64,64.51,43.13,1196,1389,4.17,847,yes
SKU51221,2024-03-03,Brand C,Safety,Vendor 25,646.41,254.84,391.57,1237,943,2.11,739,no
SKU51222,2022-03-10,Brand G,Adhesives,Vendor 23,268.91,148.16,120.75,1671,3303,3.22,330,no
SKU51223,2020-10-19,Brand E,Measuring,Vendor 01,577.85,275.96,301.89,1545,4798,3.17,162,no
SKU51224,2020-08-23,Brand J,Tools,Vendor 16,238.49,191.54,46.95,370,4527,2.35,162,no
SKU51225,2024-08-31,Brand A,Lighting,Vendor 14,292.22,155.56,136.66,675,3255,4.35,144,no
SKU51226,2023-04-17,Brand K,Fasteners,Vendor 08,81.7,59.43,22.27,1601,1736,2.71,322,no
SKU51227,2019-09-17,Brand G,Safety,Vendor 08,469.71,282.88,186.83,661,63,2.63,893,no
SKU51228,2023-11-06,Brand G,Adhesives,Vendor 03,18.98,9.48,9.5,1249,4312,2.91,157,no
SKU51229,2021-03-17,Brand H,Measuring,Vendor 10,399.84,161.93,237.91,552,1153,2.4,591,yes
SKU51230,2024-10-05,Brand C,Tools,Vendor 12,30.7,16.62,14.08,559,4665,4.91,817,no
SKU51231,2021-11-26,Brand D,Lighting,Vendor 09,24.32,14.31,10.01,1211,0,3.88,158,no
SKU51232,2024-03-08,Brand J,Fasteners,Vendor 08,151.76,126.22,25.54,26,2221,2.93,14,no
SKU51233,2025-01-08,Brand L,Safety,Vendor 11,717.23,325.96,391.27,1199,3052,3.64,343,no
SKU51234,2019-09-11,Brand F,Adhesives,Vendor 10,411.14,214.42,196.72,1273,633,2.4,856,no
SKU51235,2020-03-17,Brand L,Measuring,Vendor 03,112.6,88.59,24.01,660,1693,2.76,192,no
SKU51236,2024-09-02,Brand E,Tools,Vendor 23,110.68,66.2,44.48,1751,2402,2.12,71,no
SKU51237,2023-07-12,Brand B,Lighting,Vendor 22,446.19,195.88,250.31,1660,4355,4.55,481,no
SKU51238,2021-08-18,Brand E,Fasteners,Vendor 25,404.91,191.2,213.71,977,2154,3.52,145,no
SKU51239,2023-07-16,Brand K,Safety,Vendor 20,74.82,64.78,10.04,813,4012,3.3,407,yes
SKU51240,2023-10-02,Brand H,Adhesives,Vendor 22,311.69,214.35,97.34,887,193,3.61,601,no
SKU51241,2020-11-06,Brand G,Measuring,Vendor 18,816.39,344.45,471.94,417,2448,4.74,35,no
SKU51242,2024-09-02,Brand J,Tools,Vendor 10,687.53,351.67,335.86,263,2511,3.33,293,no
SKU51243,2021-12-28,Brand B,Lighting,Vendor 10,117.73,55.95,61.78,1212,4953,2.25,1,no
SKU51244,2024-10-23,Brand D,Fasteners,Vendor 23,610.86,250.26,360.6,1505,2620,2.21,121,no
SKU51245,2019-04-28,Brand E,Safety,Vendor 12,415.99,281.73,134.26,273,68,4.28,830,no
SKU51246,2019-02-03,Brand L,Adhesives,Vendor 22,436.37,235.26,201.11,384,4445,3.59,866,no
SKU51247,2024-02-28,Brand C,Measuring,Vendor 06,198.21,83.72,114.49,939,4924,3.29,713,no
SKU51248,2023-02-07,Brand F,Tools,Vendor 11,217.59,155.85,61.74,925,2397,3.69,603,no
SKU51249,2022-03-09,Brand J,Lighting,Vendor 22,788.31,330.54,457.77,955,964,4.16,110,no
SKU51250,2021-01-12,Brand E,Fasteners,Vendor 03,561.15,272.75,288.4,87,3648,4.05,12,no
SKU51251,2019-05-12,Brand C,Safety,Vendor 20,766.25,303.89,462.36,229,1634,3.68,479,no
SKU51252,2020-06-05,Brand D,Adhesives,Vendor 16,62.46,35.71,26.75,263,3234,2.36,295,no
SKU51253,2019-10-09,Brand H,Measuring,Vendor 08,695.85,317.16,378.69,560,781,3.72,1,no
SKU51254,2020-12-20,Brand B,Tools,Vendor 04,95.08,59.42,35.66,29,3413,4.38,428,no
SKU51255,2024-07-07,Brand A,Lighting,Vendor 17,868.55,381.95,486.6,1569,2036,3.88,148,no
SKU51256,2022-11-13,Brand D,Fasteners,Vendor 24,609.41,354.5,254.91,1350,1992,4.78,681,no
SKU51257,2022-03-29,Brand G,Safety,Vendor 06,129.16,61.71,67.45,1187,1126,4.83,328,no
SKU51258,2021-11-25,Brand J,Adhesives,Vendor 23,230.07,188.2,41.87,1374,1764,3.2,386,no
SKU51259,2019-05-04,Brand D,Measuring,Vendor 21,729.73,392.76,336.97,66,3496,3.76,271,no
SKU51260,2024-12-05,Brand D,Tools,Vendor 02,351.49,252.03,99.46,450,5117,3.16,122,no
SKU51261,2023-10-12,Brand L,Lighting,Vendor 02,18.92,12.94,5.98,1083,3533,2.4,310,no
SKU51262,2020-04-29,Brand E,Fasteners,Vendor 13,245.97,201.68,44.29,923,3428,3.11,799,yes
SKU51263,2021-08-10,Brand H,Safety,Vendor 08,522.8,339.67,183.13,993,1864,2.78,768,no
SKU51264,2023-12-05,Brand J,Adhesives,Vendor 08,14.42,5.66,8.76,804,2172,2.61,804,no
SKU51265,2020-02-04,Brand L,Measuring,Vendor 11,490.8,240.71,250.09,1705,2783,2.28,287,yes
SKU51266,2019-08-07,Brand F,Tools,Vendor 22,29.15,14.94,14.21,1782,192,4.7,341,no
SKU51267,2019-08-26,Brand J,Lighting,Vendor 06,58.88,43.25,15.63,278,4263,3.49,713,no
SKU51268,2022-10-26,Brand D,Fasteners,Vendor 22,298.56,254.3,44.26,670,3691,2.61,558,no
SKU51269,2019-08-20,Brand I,Safety,Vendor 10,33.6,24.08,9.52,183,554,4.42,423,no
SKU51270,2019-10-02,Brand L,Adhesives,Vendor 09,48.97,22.86,26.11,1739,506,3.39,888,no
SKU51271,2023-08-09,Brand E,Measuring,Vendor 15,701.9,376.1,325.8,899,1658,2.59,280,no
SKU51272,2022-08-25,Brand E,Tools,Vendor 14,163.71,91.18,72.53,987,258,2.51,372,no
SKU51273,2020-08-14,Brand L,Lighting,Vendor 23,94.02,55.3,38.72,863,128,4.56,581,no
SKU51274,2023-07-25,Brand B,Fasteners,Vendor 05,335.59,208.89,126.7,1616,210,2.03,519,no
SKU51275,2023-05-21,Brand F,Safety,Vendor 24,463.7,348.76,114.94,849,3630,3.31,609,no
SKU51276,2020-06-30,Brand E,Adhesives,Vendor 19,183.82,137.58,46.24,699,1683,4.77,218,no
SKU51277,2020-12-18,Brand J,Measuring,Vendor 05,740.4,294.25,446.15,1699,4913,3.55,786,no
SKU51278,2019-05-24,Brand K,Tools,Vendor 02,71.78,44.95,26.83,25,3902,3.34,814,yes
SKU51279,2020-03-04,Brand B,Lighting,Vendor 12,373.6,327.11,46.49,300,549,2.79,91,yes
SKU51280,2022-11-03,Brand H,Fasteners,Vendor 16,66.12,47.94,18.18,1202,4038,2.67,819,no
SKU51281,2024-02-13,Brand D,Safety,Vendor 23,114.18,54.93,59.25,185,610,2.69,95,no
SKU51282,2020-07-24,Brand C,Adhesives,Vendor 17,550.3,326.43,223.87,1283,2634,2.44,504,no
SKU51283,2021-02-17,Brand G,Measuring,Vendor 08,72.92,60.76,12.16,527,3182,3.98,352,yes
SKU51284,2019-07-27,Brand L,Tools,Vendor 02,945.16,368.61,576.55,642,2693,3.79,127,no
SKU51285,2019-05-06,Brand L,Lighting,Vendor 19,786.97,358.92,428.05,719,4724,2.48,516,no
SKU51286,2019-10-19,Brand G,Fasteners,Vendor 10,856.33,336.24,520.09,592,2193,3.56,36,no
SKU51287,2019-05-10,Brand J,Safety,Vendor 18,441.05,303.8,137.25,1574,612,3.64,519,no
SKU51288,2021-12-28,Brand B,Adhesives,Vendor 03,124.62,109.05,15.57,1602,265,4.57,773,no
SKU51289,2024-02-08,Brand C,Measuring,Vendor 06,209.51,107.88,101.63,462,3111,2.48,252,no
SKU51290,2022-05-12,Brand J,Tools,Vendor 22,43.51,39.44,4.07,213,3441,4.64,5,yes
SKU51291,2020-08-22,Brand H,Lighting,Vendor 08,56.94,39.44,17.5,135,407,4.25,501,no
SKU51292,2024-11-28,Brand L,Fasteners,Vendor 07,218.98,118.04,100.94,1506,4199,2.77,255,no
SKU51293,2020-12-30,Brand D,Safety,Vendor 25,263.76,185.53,78.23,1315,3602,4.35,103,no
SKU51294,2019-08-26,Brand A,Adhesives,Vendor 16,69.49,34.5,34.99,67,1404,4.47,553,no
SKU51295,2024-04-18,Brand F,Measuring,Vendor 15,828.54,361.86,466.68,1027,340,2.32,793,no
SKU51296,2024-02-15,Brand J,Tools,Vendor 14,700.06,271.36,428.7,604,4176,2.15,503,no
SKU51297,2024-02-05,Brand L,Lighting,Vendor 03,235.03,163.41,71.62,549,4626,4.82,436,no
SKU51298,2021-01-28,Brand F,Fasteners,Vendor 16,230.8,153.83,76.97,134,547,4.04,168,no
SKU51299,2021-08-27,Brand A,Safety,Vendor 19,738.52,345.1,393.42,1076,2171,2.1,255,no
SKU51300,2020-02-20,Brand C,Adhesives,Vendor 23,197.85,135.61,62.24,791,2360,4.81,350,no
SKU51301,2023-03-01,Brand H,Measuring,Vendor 04,197.2,121.19,76.01,1486,1467,3.18,885,no
SKU51302,2024-11-08,Brand G,Tools,Vendor 02,1008.94,391.61,617.33,80,954,2.58,861,yes
SKU51303,2023-12-17,Brand G,Lighting,Vendor 01,403.48,182.08,221.4,162,4167,4.04,268,no
SKU51304,2021-07-13,Brand L,Fasteners,Vendor 19,285.07,256.35,28.72,438,3562,2.66,489,no
SKU51305,2021-10-18,Brand L,Safety,Vendor 07,193.23,86.16,107.07,1786,740,2.23,273,no
SKU51306,2020-11-13,Brand F,Adhesives,Vendor 20,357.81,201.53,156.28,970,3266,4.57,240,no
SKU51307,2021-12-09,Brand I,Measuring,Vendor 22,244.41,182.9,61.51,1683,2897,4.08,418,no
SKU51308,2021-01-02,Brand I,Tools,Vendor 20,99.7,82.05,17.65,716,2558,2.96,577,no
SKU51309,2020-10-06,Brand C,Lighting,Vendor 16,188.48,147.96,40.52,1619,4089,2.33,838,no
SKU51310,2020-02-26,Brand I,Fasteners,Vendor 25,97.49,61.17,36.32,1283,1571,2.79,361,no
SKU51311,2023-10-14,Brand H,Safety,Vendor 13,490.66,203.24,287.42,71,1841,2.67,585,no
SKU51312,2021-10-09,Brand K,Adhesives,Vendor 21,224.99,115.56,109.43,985,868,3.34,378,no
SKU51313,2024-04-28,Brand D,Measuring,Vendor 22,19.11,12.07,7.04,1559,775,2.32,513,no
SKU51314,2019-02-10,Brand B,Tools,Vendor 19,850.54,365.41,485.13,403,991,3.88,874,no
SKU51315,2023-05-08,Brand I,Lighting,Vendor 18,471.16,343.31,127.85,1174,419,3.97,723,no
SKU51316,2024-03-24,Brand H,Fasteners,Vendor 07,481.82,234.58,247.24,1098,1588,2.85,499,no
SKU51317,2019-01-27,Brand H,Safety,Vendor 19,21.08,8.46,12.62,1627,2683,3.05,259,no
SKU51318,2024-03-07,Brand B,Adhesives,Vendor 21,428.88,263.28,165.6,209,2056,4.64,635,no
SKU51319,2021-11-02,Brand B,Measuring,Vendor 12,662.13,351.12,311.01,139,1416,2.52,258,no
SKU51320,2023-01-19,Brand B,Tools,Vendor 11,107.2,48.21,58.99,886,726,4.93,781,no
SKU51321,2021-03-23,Brand K,Lighting,Vendor 10,156.33,141.68,14.65,1516,2738,4.42,813,no
SKU51322,2019-01-26,Brand B,Fasteners,Vendor 23,598.4,324.42,273.98,721,2519,4.46,381,no
SKU51323,2022-07-10,Brand A,Safety,Vendor 05,412.51,364.45,48.06,203,280,4.7,792,yes
SKU51324,2024-03-23,Brand A,Adhesives,Vendor 22,371.41,336.13,35.28,898,3902,3.39,34,no
SKU51325,2019-12-11,Brand K,Measuring,Vendor 23,53.31,21.38,31.93,591,2663,3.22,644,no
SKU51326,2020-05-21,Brand I,Tools,Vendor 13,898.24,346.64,551.6,1597,924,2.9,15,no
SKU51327,2019-10-02,Brand H,Lighting,Vendor 11,248.48,186.66,61.82,1020,2374,4.83,309,no
SKU51328,2020-11-25,Brand F,Fasteners,Vendor 01,659.6,334.68,324.92,1481,3288,2.84,169,no
SKU51329,2022-08-07,Brand C,Safety,Vendor 20,400.08,333.18,66.9,90,2451,4.43,579,no
SKU51330,2021-01-31,Brand F,Adhesives,Vendor 11,192.62,85.28,107.34,1529,558,4.1,782,no
SKU51331,2022-04-20,Brand G,Measuring,Vendor 01,96.69,51.72,44.97,459,3725,4.09,805,no
SKU51332,2020-06-28,Brand A,Tools,Vendor 08,211.79,116.88,94.91,749,2012,2.87,654,no
SKU51333,2024-07-25,Brand B,Lighting,Vendor 18,910.57,353.29,557.28,1669,3323,3.1,468,no
SKU51334,2023-04-13,Brand D,Fasteners,Vendor 20,344.3,162.06,182.24,369,3606,4.34,13,no
SKU51335,2024-01-31,Brand C,Safety,Vendor 04,639.65,273.8,365.85,1370,3492,3.22,575,no
SKU51336,2020-07-21,Brand D,Adhesives,Vendor 07,429.48,215.76,213.72,329,2441,3.69,830,yes
SKU51337,2021-12-07,Brand E,Measuring,Vendor 09,272.16,246.31,25.85,180,300,4.83,387,no
SKU51338,2021-11-09,Brand B,Tools,Vendor 16,481.16,382.41,98.75,471,5049,2.87,789,no
SKU51339,2023-03-16,Brand I,Lighting,Vendor 14,325.85,165.06,160.79,898,238,4.0,311,no
SKU51340,2020-01-10,Brand E,Fasteners,Vendor 15,553.33,274.07,279.26,904,3211,2.37,412,no
SKU51341,2021-09-16,Brand E,Safety,Vendor 17,182.24,86.05,96.19,1775,887,2.21,276,no
SKU51342,2024-04-28,Brand L,Adhesives,Vendor 25,98.8,76.85,21.95,1368,658,4.51,692,no
SKU51343,2023-12-06,Brand J,Measuring,Vendor 19,205.29,125.21,80.08,281,3920,2.53,174,no
SKU51344,2020-09-14,Brand B,Tools,Vendor 23,163.68,83.45,80.23,855,2185,3.09,280,no
SKU51345,2019-11-03,Brand C,Lighting,Vendor 01,247.9,110.54,137.36,584,3927,3.86,627,no
SKU51346,2022-11-07,Brand A,Fasteners,Vendor 13,884.95,359.08,525.87,442,1523,4.43,316,no
SKU51347,2023-02-19,Brand L,Safety,Vendor 04,536.02,332.01,204.01,1265,175,3.52,702,no
SKU51348,2021-04-04,Brand A,Adhesives,Vendor 23,188.31,75.68,112.63,1504,3986,2.08,56,yes
SKU51349,2022-09-20,Brand E,Measuring,Vendor 16,648.45,277.07,371.38,1782,685,3.53,258,no
SKU51350,2020-02-29,Brand I,Tools,Vendor 04,470.35,325.52,144.83,1648,2259,3.33,818,no
SKU51351,2024-08-16,Brand B,Lighting,Vendor 03,628.07,275.48,352.59,1757,3821,4.5,295,no
SKU51352,2021-12-16,Brand H,Fasteners,Vendor 25,229.24,177.92,51.32,1453,3862,4.93,274,no
SKU51353,2023-08-25,Brand F,Safety,Vendor 14,907.09,378.58,528.51,1749,3288,3.32,134,no
SKU51354,2024-07-26,Brand A,Adhesives,Vendor 12,5.97,4.37,1.6,1715,2409,4.76,92,no
SKU51355,2020-10-04,Brand G,Measuring,Vendor 03,194.35,86.28,108.07,1448,4732,2.53,117,no
SKU51356,2023-01-17,Brand K,Tools,Vendor 18,23.82,19.42,4.4,422,397,3.14,749,no
SKU51357,2024-12-14,Brand G,Lighting,Vendor 03,430.53,232.97,197.56,112,1535,4.07,177,yes
SKU51358,2024-09-10,Brand I,Fasteners,Vendor 25,467.5,220.11,247.39,1615,1841,3.56,856,no
SKU51359,2022-05-16,Brand I,Safety,Vendor 08,216.95,134.27,82.68,1470,4069,4.34,540,no
SKU51360,2024-08-20,Brand F,Adhesives,Vendor 16,204.89,104.36,100.53,1598,3682,2.43,841,no
SKU51361,2019-10-03,Brand H,Measuring,Vendor 09,24.56,13.35,11.21,979,1734,3.83,1,no
SKU51362,2021-02-22,Brand J,Tools,Vendor 08,307.9,194.69,113.21,337,2956,3.86,577,no
SKU51363,2024-04-04,Brand E,Lighting,Vendor 02,405.35,194.91,210.44,1782,4729,3.75,556,no
SKU51364,2023-09-27,Brand K,Fasteners,Vendor 21,263.6,156.55,107.05,573,1397,2.07,185,yes
SKU51365,2024-09-07,Brand C,Safety,Vendor 18,779.86,322.57,457.29,378,3279,2.84,456,no
SKU51366,2024-08-31,Brand K,Adhesives,Vendor 07,14.98,9.47,5.51,879,2352,2.55,538,no
SKU51367,2021-02-20,Brand E,Measuring,Vendor 12,686.63,276.97,409.66,1780,2333,3.3,114,yes
SKU51368,2022-08-23,Brand A,Tools,Vendor 24,806.31,382.5,423.81,1504,2852,3.5,238,no
SKU51369,2021-07-14,Brand I,Lighting,Vendor 11,469.95,348.55,121.4,1209,227,4.32,545,no
SKU51370,2020-03-25,Brand F,Fasteners,Vendor 15,563.91,307.27,256.64,1383,570,2.12,690,no
SKU51371,2023-02-28,Brand E,Safety,Vendor 04,587.44,357.33,230.11,1377,2732,2.58,132,yes
SKU51372,2024-12-18,Brand C,Adhesives,Vendor 05,348.46,138.23,210.23,448,2065,3.63,721,no
SKU51373,2022-06-17,Brand G,Measuring,Vendor 16,160.99,72.11,88.88,713,2100,3.29,894,no
SKU51374,2023-09-16,Brand D,Tools,Vendor 25,107.64,96.43,11.21,1360,4070,4.31,332,no
SKU51375,2022-02-08,Brand C,Lighting,Vendor 20,178.44,87.7,90.74,813,1618,2.0,626,no
SKU51376,2022-07-25,Brand I,Fasteners,Vendor 21,243.85,184.1,59.75,1625,377,2.08,866,no
SKU51377,2021-12-24,Brand J,Safety,Vendor 10,79.66,58.61,21.05,550,3986,3.45,98,no
SKU51378,2022-07-16,Brand A,Adhesives,Vendor 13,285.5,213.91,71.59,364,5117,3.07,242,yes
SKU51379,2020-02-09,Brand H,Measuring,Vendor 06,379.51,170.39,209.12,702,3010,3.97,390,no
SKU51380,2020-07-14,Brand G,Tools,Vendor 24,224.04,117.31,106.73,247,3580,3.97,568,no
SKU51381,2024-09-04,Brand E,Lighting,Vendor 07,622.54,310.37,312.17,1141,3461,4.31,520,no
SKU51382,2019-10-25,Brand H,Fasteners,Vendor 06,34.84,18.2,16.64,353,433,2.47,107,no
SKU51383,2024-02-22,Brand J,Safety,Vendor 09,187.12,106.02,81.1,876,4210,2.75,371,yes
SKU51384,2023-12-13,Brand J,Adhesives,Vendor 02,646.46,301.63,344.83,1708,5096,2.9,80,no
SKU51385,2022-10-31,Brand J,Measuring,Vendor 17,297.23,160.08,137.15,1730,656,3.54,202,no
SKU51386,2021-02-05,Brand K,Tools,Vendor 03,317.01,134.95,182.06,901,1692,4.52,678,no
SKU51387,2024-12-19,Brand I,Lighting,Vendor 06,179.54,162.74,16.8,1532,2130,4.86,868,yes
SKU51388,2019-08-05,Brand D,Fasteners,Vendor 12,483.28,324.85,158.43,735,2131,3.53,299,no
SKU51389,2021-09-24,Brand C,Safety,Vendor 23,91.47,41.8,49.67,592,306,2.56,675,no
SKU51390,2022-03-30,Brand J,Adhesives,Vendor 04,110.39,90.13,20.26,289,4210,4.01,785,no
SKU51391,2021-03-30,Brand I,Measuring,Vendor 17,473.24,293.6,179.64,342,227,2.77,454,no
SKU51392,2021-08-20,Brand B,Tools,Vendor 10,223.75,106.06,117.69,1076,1293,2.63,722,no
SKU51393,2022-01-29,Brand F,Lighting,Vendor 08,311.51,220.85,90.66,1271,2463,2.67,324,no
SKU51394,2023-10-17,Brand E,Fasteners,Vendor 04,149.89,61.34,88.55,179,1383,4.28,514,no
SKU51395,2024-06-08,Brand B,Safety,Vendor 24,323.48,156.07,167.41,1512,4328,2.57,159,no
SKU51396,2024-06-16,Brand F,Adhesives,Vendor 21,636.37,272.19,364.18,1410,1479,2.24,2,no
SKU51397,2020-10-17,Brand E,Measuring,Vendor 05,590.39,311.79,278.6,610,1421,2.23,95,no
SKU51398,2020-08-21,Brand B,Tools,Vendor 25,214.07,110.95,103.12,179,1345,4.62,777,no
SKU51399,2019-06-24,Brand I,Lighting,Vendor 03,21.0,18.72,2.28,1154,2953,3.31,898,no
SKU51400,2022-12-06,Brand E,Fasteners,Vendor 18,227.75,87.69,140.06,744,4900,3.73,227,no
SKU51401,2020-07-20,Brand L,Safety,Vendor 18,469.31,365.18,104.13,1123,345,2.09,572,no
SKU51402,2022-09-03,Brand F,Adhesives,Vendor 14,125.11,56.26,68.85,397,798,2.16,334,no
SKU51403,2020-02-15,Brand B,Measuring,Vendor 21,117.84,82.85,34.99,528,649,4.8,206,no
SKU51404,2021-07-08,Brand A,Tools,Vendor 16,576.04,245.15,330.89,1480,1475,3.4,785,no
SKU51405,2024-06-09,Brand G,Lighting,Vendor 11,461.68,325.59,136.09,1736,3003,3.78,807,no
SKU51406,2024-01-16,Brand H,Fasteners,Vendor 19,246.78,170.94,75.84,523,2056,2.74,207,no
SKU51407,2024-06-11,Brand F,Safety,Vendor 23,441.12,249.77,191.35,407,3494,4.17,535,no
SKU51408,2022-11-25,Brand D,Adhesives,Vendor 25,679.16,272.59,406.57,1425,3579,2.58,484,no
SKU51409,2021-04-06,Brand J,Measuring,Vendor 25,78.36,63.72,14.64,499,1381,4.7,298,no
SKU51410,2019-10-11,Brand G,Tools,Vendor 19,456.5,290.31,166.19,1505,5115,3.65,408,no
SKU51411,2021-08-14,Brand A,Lighting,Vendor 03,306.45,155.29,151.16,1060,1790,3.09,535,no
SKU51412,2021-03-04,Brand G,Fasteners,Vendor 03,171.63,138.81,32.82,800,1402,3.28,48,no
SKU51413,2024-10-31,Brand I,Safety,Vendor 11,277.28,153.16,124.12,149,1643,4.58,337,yes
SKU51414,2023-06-27,Brand A,Adhesives,Vendor 18,431.84,293.04,138.8,1104,2439,2.53,162,no
SKU51415,2021-02-04,Brand E,Measuring,Vendor 06,96.91,55.75,41.16,243,997,4.53,891,no
SKU51416,2021-04-13,Brand B,Tools,Vendor 19,406.75,262.85,143.9,1515,3229,4.29,751,no
SKU51417,2022-01-31,Brand C,Lighting,Vendor 24,321.46,141.69,179.77,1448,3811,3.46,785,no
SKU51418,2020-03-26,Brand L,Fasteners,Vendor 06,367.07,207.6,159.47,158,4941,4.06,236,no
SKU51419,2020-05-05,Brand E,Safety,Vendor 12,175.81,95.42,80.39,1769,3642,2.4,861,yes
SKU51420,2022-08-26,Brand J,Adhesives,Vendor 07,581.48,312.69,268.79,540,1228,2.42,415,no
SKU51421,2019-03-28,Brand B,Measuring,Vendor 24,530.53,207.67,322.86,1283,2285,2.93,173,no
SKU51422,2023-06-07,Brand K,Tools,Vendor 25,340.57,294.63,45.94,1753,2149,4.82,458,no
SKU51423,2024-03-02,Brand L,Lighting,Vendor 09,536.63,324.67,211.96,90,1815,4.11,234,no
SKU51424,2024-06-20,Brand F,Fasteners,Vendor 06,598.68,314.58,284.1,581,325,2.55,32,no
SKU51425,2020-03-11,Brand F,Safety,Vendor 22,696.91,327.28,369.63,378,4770,2.5,185,no
SKU51426,2019-01-12,Brand G,Adhesives,Vendor 03,38.1,14.79,23.31,664,2325,4.67,499,no
SKU51427,2023-05-09,Brand B,Measuring,Vendor 13,512.36,393.05,119.31,712,2340,4.23,6,no
SKU51428,2021-03-04,Brand H,Tools,Vendor 06,110.53,59.02,51.51,1589,3265,2.59,468,no
SKU51429,2022-03-25,Brand H,Lighting,Vendor 25,497.22,246.79,250.43,583,2936,2.72,0,no
SKU51430,2022-03-22,Brand A,Fasteners,Vendor 21,175.69,71.08,104.61,1336,398,4.58,577,no
SKU51431,2023-01-02,Brand L,Safety,Vendor 25,529.8,368.01,161.79,507,1868,2.29,508,no
SKU51432,2019-01-18,Brand A,Adhesives,Vendor 24,404.13,208.56,195.57,631,3659,3.68,250,no
SKU51433,2021-02-26,Brand K,Measuring,Vendor 21,499.38,258.82,240.56,1536,4906,4.46,756,no
SKU51434,2019-01-13,Brand L,Tools,Vendor 04,930.88,371.07,559.81,961,2433,4.53,597,no
SKU51435,2023-08-24,Brand E,Lighting,Vendor 04,68.17,30.29,37.88,907,2411,3.79,216,no
SKU51436,2024-09-13,Brand L,Fasteners,Vendor 04,333.39,135.27,198.12,1672,1255,2.18,172,no
SKU51437,2023-07-16,Brand F,Safety,Vendor 05,261.86,176.34,85.52,1403,1233,2.75,286,no
SKU51438,2020-05-29,Brand L,Adhesives,Vendor 13,394.75,182.51,212.24,1139,4486,4.64,103,no
SKU51439,2023-03-03,Brand E,Measuring,Vendor 02,710.6,284.6,426.0,512,1203,2.07,264,no
SKU51440,2023-08-28,Brand L,Tools,Vendor 22,308.3,151.68,156.62,90,4130,4.27,877,yes
SKU51441,2024-10-25,Brand K,Lighting,Vendor 25,6.86,2.96,3.9,1770,2342,3.6,557,no
SKU51442,2021-02-03,Brand A,Fasteners,Vendor 13,350.31,257.97,92.34,1178,1709,2.86,821,yes
SKU51443,2020-02-10,Brand J,Safety,Vendor 20,49.97,27.79,22.18,1680,2705,4.74,464,no
SKU51444,2023-04-08,Brand G,Adhesives,Vendor 09,317.58,190.49,127.09,454,3270,3.85,55,no
SKU51445,2022-01-02,Brand B,Measuring,Vendor 15,657.55,386.15,271.4,1368,3512,2.1,244,no
SKU51446,2024-07-05,Brand C,Tools,Vendor 20,650.88,275.52,375.36,994,4082,2.85,244,no
SKU51447,2023-05-18,Brand H,Lighting,Vendor 24,95.43,69.79,25.64,784,915,2.41,529,yes
SKU51448,2019-12-19,Brand C,Fasteners,Vendor 06,139.89,85.61,54.28,810,1565,2.85,571,yes
SKU51449,2020-06-01,Brand J,Safety,Vendor 25,12.43,5.87,6.56,1117,1318,4.57,566,yes
SKU51450,2021-02-19,Brand A,Adhesives,Vendor 25,404.13,318.56,85.57,945,3142,2.6,487,no
SKU51451,2021-08-13,Brand A,Measuring,Vendor 21,126.81,100.13,26.68,780,572,2.3,881,no
SKU51452,2021-07-14,Brand H,Tools,Vendor 19,436.84,217.12,219.72,1513,819,2.53,398,no
SKU51453,2022-11-10,Brand B,Lighting,Vendor 01,185.91,122.69,63.22,76,485,3.93,810,no
SKU51454,2022-11-16,Brand K,Fasteners,Vendor 05,735.3,288.35,446.95,1086,662,4.06,895,no
SKU51455,2024-07-20,Brand G,Safety,Vendor 22,675.75,303.1,372.65,1082,3650,4.56,50,no
SKU51456,2020-10-29,Brand C,Adhesives,Vendor 12,780.05,332.44,447.61,1430,2810,2.8,666,no
SKU51457,2024-06-19,Brand A,Measuring,Vendor 16,140.91,97.31,43.6,601,293,4.15,310,no
SKU51458,2020-02-29,Brand E,Tools,Vendor 20,210.23,92.55,117.68,1535,1326,3.74,478,no
SKU51459,2023-12-24,Brand L,Lighting,Vendor 14,678.3,322.77,355.53,1447,1906,2.63,646,no
SKU51460,2023-07-26,Brand G,Fasteners,Vendor 20,324.39,207.73,116.66,1057,822,3.08,771,no
SKU51461,2024-08-28,Brand B,Safety,Vendor 16,873.86,350.69,523.17,1614,5079,2.41,682,yes
SKU51462,2022-12-06,Brand D,Adhesives,Vendor 18,329.34,135.79,193.55,367,4081,2.89,596,no
SKU51463,2024-08-12,Brand E,Measuring,Vendor 18,114.48,87.72,26.76,497,2984,2.26,883,no
SKU51464,2020-06-16,Brand I,Tools,Vendor 16,89.2,70.6,18.6,462,1611,3.11,613,yes
SKU51465,2022-02-11,Brand L,Lighting,Vendor 14,478.9,223.44,255.46,1536,4933,4.15,118,no
SKU51466,2024-11-03,Brand H,Fasteners,Vendor 23,236.87,108.34,128.53,1491,2374,3.47,355,no
SKU51467,2019-01-23,Brand G,Safety,Vendor 21,577.29,292.89,284.4,1415,8,3.47,294,no
SKU51468,2020-09-18,Brand H,Adhesives,Vendor 24,162.01,110.21,51.8,919,3984,3.66,808,yes
SKU51469,2023-12-08,Brand D,Measuring,Vendor 14,757.3,303.64,453.66,987,1170,4.14,602,no
SKU51470,2023-07-09,Brand A,Tools,Vendor 23,314.2,138.51,175.69,939,4737,3.27,193,no
SKU51471,2022-03-24,Brand G,Lighting,Vendor 14,184.5,114.99,69.51,560,869,2.44,341,no
SKU51472,2021-01-22,Brand F,Fasteners,Vendor 20,362.84,289.9,72.94,1381,573,4.08,830,no
SKU51473,2020-01-07,Brand H,Safety,Vendor 01,30.01,16.44,13.57,797,736,3.48,69,no
SKU51474,2019-07-11,Brand L,Adhesives,Vendor 17,298.53,159.35,139.18,443,68,4.09,678,no
SKU51475,2021-01-12,Brand H,Measuring,Vendor 05,159.35,118.52,40.83,1454,4293,4.33,326,yes
SKU51476,2024-11-13,Brand B,Tools,Vendor 18,48.19,18.7,29.49,567,3834,2.89,180,no
SKU51477,2021-02-21,Brand L,Lighting,Vendor 05,361.11,238.81,122.3,1381,79,3.17,849,no
SKU51478,2019-02-25,Brand L,Fasteners,Vendor 24,418.91,271.61,147.3,276,456,4.38,688,no
SKU51479,2020-03-11,Brand J,Safety,Vendor 17,250.16,104.51,145.65,472,4360,2.83,457,no
SKU51480,2023-02-15,Brand A,Adhesives,Vendor 21,298.13,258.93,39.2,1281,313,2.67,864,no
SKU51481,2022-05-22,Brand L,Measuring,Vendor 25,660.13,291.02,369.11,369,4208,4.42,362,no
SKU51482,2019-12-17,Brand B,Tools,Vendor 05,499.23,240.09,259.14,1195,2102,2.37,87,no
SKU51483,2020-06-08,Brand C,Lighting,Vendor 21,51.88,27.99,23.89,1207,4987,2.73,489,no
SKU51484,2022-07-27,Brand L,Fasteners,Vendor 04,693.04,318.39,374.65,1208,5100,3.65,592,yes
SKU51485,2023-12-24,Brand A,Safety,Vendor 02,273.75,138.97,134.78,1329,2981,4.05,733,no
SKU51486,2022-08-15,Brand I,Adhesives,Vendor 14,230.96,122.21,108.75,425,4273,2.95,332,no
SKU51487,2024-05-27,Brand L,Measuring,Vendor 11,676.49,378.93,297.56,107,5127,2.48,478,no
SKU51488,2020-12-03,Brand D,Tools,Vendor 03,455.84,373.84,82.0,1256,771,2.29,812,yes
SKU51489,2022-07-01,Brand K,Lighting,Vendor 25,35.58,16.33,19.25,283,639,3.42,500,no
SKU51490,2020-01-09,Brand D,Fasteners,Vendor 06,685.79,393.81,291.98,64,1665,3.88,40,no
SKU51491,2020-04-24,Brand J,Safety,Vendor 25,301.44,267.6,33.84,1290,1231,4.32,117,no
SKU51492,2024-10-04,Brand C,Adhesives,Vendor 07,51.66,30.62,21.04,327,4310,4.07,434,no
SKU51493,2021-07-03,Brand E,Measuring,Vendor 05,353.31,174.84,178.47,1443,4953,2.59,448,no
SKU51494,2021-08-27,Brand C,Tools,Vendor 15,364.8,262.71,102.09,1793,1916,3.28,454,no
SKU51495,2023-07-16,Brand J,Lighting,Vendor 18,300.35,190.92,109.43,632,5105,2.02,16,no
SKU51496,2019-01-19,Brand C,Fasteners,Vendor 01,431.67,304.32,127.35,988,394,3.81,844,no
SKU51497,2022-03-05,Brand J,Safety,Vendor 23,308.25,140.25,168.0,38,3938,4.89,756,no
SKU51498,2022-03-05,Brand G,Adhesives,Vendor 19,929.69,387.7,541.99,138,416,3.78,717,no
SKU51499,2024-04-21,Brand K,Measuring,Vendor 07,315.95,268.54,47.41,767,1284,4.8,72,no
SKU51500,2022-03-13,Brand L,Tools,Vendor 03,92.95,70.8,22.15,1779,4133,3.62,195,no
SKU51501,2021-04-08,Brand J,Lighting,Vendor 11,281.61,143.67,137.94,107,2871,3.37,617,yes
SKU51502,2022-08-05,Brand C,Fasteners,Vendor 12,58.0,48.45,9.55,1693,1587,4.29,67,no
SKU51503,2022-11-27,Brand B,Safety,Vendor 04,390.18,349.89,40.29,576,2783,3.92,279,no
SKU51504,2023-04-25,Brand G,Adhesives,Vendor 08,249.08,143.92,105.16,1080,1356,3.93,228,no
SKU51505,2020-03-07,Brand B,Measuring,Vendor 24,153.62,124.53,29.09,1122,1489,2.62,121,no
SKU51506,2024-08-17,Brand J,Tools,Vendor 22,233.46,89.94,143.52,1048,4800,3.5,666,no
SKU51507,2021-01-12,Brand C,Lighting,Vendor 09,700.91,365.86,335.05,221,3841,3.1,172,no
SKU51508,2025-01-03,Brand A,Fasteners,Vendor 16,430.76,255.0,175.76,1200,4242,4.9,329,no
SKU51509,2019-01-28,Brand G,Safety,Vendor 11,624.01,399.13,224.88,1201,3121,2.29,389,no
SKU51510,2022-11-23,Brand J,Adhesives,Vendor 23,383.86,223.19,160.67,1610,315,3.02,583,no
SKU51511,2020-05-19,Brand D,Measuring,Vendor 05,523.8,262.35,261.45,1080,2458,3.89,426,no
SKU51512,2024-05-04,Brand I,Tools,Vendor 05,438.74,181.92,256.82,1458,3123,2.35,287,no
SKU51513,2020-05-25,Brand A,Lighting,Vendor 06,421.32,304.94,116.38,1447,4136,3.42,101,yes
SKU51514,2024-10-04,Brand C,Fasteners,Vendor 07,415.24,256.98,158.26,1209,3346,2.72,846,yes
SKU51515,2022-06-14,Brand F,Safety,Vendor 04,253.89,165.17,88.72,215,1247,2.23,470,no
SKU51516,2020-08-15,Brand A,Adhesives,Vendor 21,652.14,258.77,393.37,978,3329,3.37,159,no
SKU51517,2019-10-27,Brand F,Measuring,Vendor 11,345.27,193.21,152.06,1021,3604,2.44,752,no
SKU51518,2024-04-11,Brand G,Tools,Vendor 06,674.77,382.95,291.82,1448,3461,2.64,712,no
SKU51519,2024-11-15,Brand D,Lighting,Vendor 01,680.63,398.34,282.29,894,2506,4.05,219,no
SKU51520,2019-05-22,Brand C,Fasteners,Vendor 12,167.26,94.24,73.02,1462,610,2.08,167,no
SKU51521,2024-03-02,Brand I,Safety,Vendor 16,103.44,44.99,58.45,1199,1986,2.45,877,no
SKU51522,2024-08-31,Brand H,Adhesives,Vendor 19,432.06,187.93,244.13,50,1639,4.85,421,no
SKU51523,2022-12-31,Brand C,Measuring,Vendor 06,183.06,103.43,79.63,876,3410,2.81,370,no
SKU51524,2024-12-21,Brand L,Tools,Vendor 17,745.1,292.71,452.39,1750,3982,2.62,400,no
SKU51525,2021-09-29,Brand D,Lighting,Vendor 11,469.36,194.19,275.17,886,1857,2.26,229,no
SKU51526,2021-03-02,Brand D,Fasteners,Vendor 15,369.66,293.48,76.18,863,5098,2.87,64,no
SKU51527,2019-01-06,Brand D,Safety,Vendor 15,724.81,335.3,389.51,493,3673,3.65,32,no
SKU51528,2022-12-06,Brand J,Adhesives,Vendor 13,349.16,197.34,151.82,551,2134,2.98,864,no
SKU51529,2023-04-10,Brand K,Measuring,Vendor 24,427.39,174.58,252.81,1528,4132,4.33,630,no
SKU51530,2020-07-22,Brand F,Tools,Vendor 17,17.54,7.88,9.66,440,3772,2.71,278,no
SKU51531,2024-07-23,Brand F,Lighting,Vendor 05,623.64,317.13,306.51,1259,4346,2.54,207,no
SKU51532,2021-02-11,Brand I,Fasteners,Vendor 03,199.45,103.78,95.67,94,4797,4.7,869,no
SKU51533,2020-01-07,Brand K,Safety,Vendor 18,206.34,103.01,103.33,438,998,4.4,764,no
SKU51534,2024-10-11,Brand H,Adhesives,Vendor 03,632.07,264.03,368.04,1615,3808,3.28,559,no
SKU51535,2020-10-27,Brand J,Measuring,Vendor 24,581.92,398.28,183.64,561,2698,3.66,398,no
SKU51536,2023-04-12,Brand A,Tools,Vendor 19,794.79,333.3,461.49,1088,4941,3.53,43,no
SKU51537,2022-10-19,Brand D,Lighting,Vendor 05,475.84,374.1,101.74,1006,354,4.43,390,no
SKU51538,2024-06-06,Brand B,Fasteners,Vendor 25,67.17,44.98,22.19,1073,617,3.13,501,no
SKU51539,2022-02-21,Brand C,Safety,Vendor 01,633.24,366.27,266.97,777,181,2.61,809,no
SKU51540,2022-02-10,Brand L,Adhesives,Vendor 23,747.09,345.78,401.31,1445,3917,2.71,501,no
SKU51541,2024-05-16,Brand J,Measuring,Vendor 11,479.52,244.64,234.88,587,675,2.06,793,yes
SKU51542,2024-03-02,Brand I,Tools,Vendor 18,510.17,382.17,128.0,56,3624,2.02,172,no
SKU51543,2019-11-30,Brand I,Lighting,Vendor 15,723.22,294.98,428.24,333,2882,3.75,254,yes
SKU51544,2024-02-15,Brand I,Fasteners,Vendor 04,88.67,51.47,37.2,743,1549,3.63,795,no
SKU51545,2021-11-26,Brand G,Safety,Vendor 14,235.8,137.47,98.33,333,1985,3.44,447,no
SKU51546,2021-11-16,Brand C,Adhesives,Vendor 13,247.38,118.89,128.49,1757,2982,2.33,141,no
SKU51547,2019-01-13,Brand F,Measuring,Vendor 09,124.53,75.95,48.58,893,2131,2.95,544,no
SKU51548,2020-07-28,Brand L,Tools,Vendor 01,175.98,141.61,34.37,1647,2677,2.19,261,no
SKU51549,2020-08-04,Brand H,Lighting,Vendor 12,169.8,85.87,83.93,1497,322,3.13,848,no
SKU51550,2024-06-08,Brand J,Fasteners,Vendor 03,514.0,340.29,173.71,1158,4151,3.4,394,no
SKU51551,2024-03-18,Brand H,Safety,Vendor 03,434.44,187.97,246.47,990,262,3.41,442,no
SKU51552,2022-10-24,Brand I,Adhesives,Vendor 06,41.63,33.41,8.22,959,2475,2.7,389,no
SKU51553,2020-02-20,Brand E,Measuring,Vendor 23,241.12,181.57,59.55,1144,655,2.08,177,yes
SKU51554,2024-02-19,Brand H,Tools,Vendor 05,528.64,211.66,316.98,1557,4340,3.25,876,no
SKU51555,2020-10-21,Brand F,Lighting,Vendor 20,109.74,53.93,55.81,592,1661,3.4,350,no
SKU51556,2019-03-13,Brand A,Fasteners,Vendor 16,107.78,75.86,31.92,1062,4114,4.97,548,no
SKU51557,2022-11-30,Brand A,Safety,Vendor 05,764.25,329.71,434.54,818,3245,5.0,145,no
SKU51558,2024-07-10,Brand D,Adhesives,Vendor 06,494.89,332.14,162.75,509,1248,4.96,857,yes
SKU51559,2024-05-19,Brand E,Measuring,Vendor 22,92.97,83.64,9.33,1729,3071,4.61,700,no
SKU51560,2022-05-10,Brand F,Tools,Vendor 12,642.5,365.74,276.76,1253,4296,4.91,801,no
SKU51561,2023-04-28,Brand A,Lighting,Vendor 25,629.89,252.23,377.66,583,3747,4.48,541,no
SKU51562,2024-03-30,Brand A,Fasteners,Vendor 24,296.06,123.49,172.57,86,465,4.17,723,yes
SKU51563,2022-03-28,Brand G,Safety,Vendor 05,263.87,157.3,106.57,326,529,2.49,194,no
SKU51564,2019-10-28,Brand E,Adhesives,Vendor 10,185.3,84.31,100.99,1294,1935,3.95,841,no
SKU51565,2019-12-27,Brand J,Measuring,Vendor 25,47.25,19.54,27.71,1213,392,4.36,789,no
SKU51566,2022-09-16,Brand G,Tools,Vendor 07,547.88,366.7,181.18,1057,4723,3.68,273,no
SKU51567,2023-07-09,Brand H,Lighting,Vendor 10,403.55,224.84,178.71,1345,3492,2.81,431,no
SKU51568,2022-01-06,Brand B,Fasteners,Vendor 15,215.43,83.0,132.43,326,3016,3.14,498,no
SKU51569,2024-10-27,Brand F,Safety,Vendor 24,25.95,10.64,15.31,557,1256,4.63,608,no
SKU51570,2021-11-11,Brand L,Adhesives,Vendor 11,376.52,270.09,106.43,560,5083,4.68,28,no
SKU51571,2022-05-20,Brand E,Measuring,Vendor 22,149.89,58.91,90.98,41,534,3.33,764,no
SKU51572,2024-10-14,Brand B,Tools,Vendor 05,428.77,335.37,93.4,1782,2915,3.94,400,no
SKU51573,2023-06-11,Brand K,Lighting,Vendor 23,436.63,300.26,136.37,820,1881,3.58,205,no
SKU51574,2020-01-22,Brand E,Fasteners,Vendor 19,257.44,178.42,79.02,581,906,3.05,137,no
SKU51575,2022-11-25,Brand L,Safety,Vendor 23,498.74,215.6,283.14,1228,2541,3.67,241,no
SKU51576,2021-05-25,Brand J,Adhesives,Vendor 23,95.27,52.04,43.23,678,2964,4.28,471,no
SKU51577,2019-01-30,Brand H,Measuring,Vendor 14,334.39,149.7,184.69,1711,1693,4.9,337,no
SKU51578,2019-03-12,Brand I,Tools,Vendor 24,396.44,171.7,224.74,1619,5003,2.51,560,no
SKU51579,2019-02-09,Brand G,Lighting,Vendor 12,367.39,187.02,180.37,831,4632,3.49,448,no
SKU51580,2021-02-19,Brand E,Fasteners,Vendor 14,325.69,289.83,35.86,406,330,4.31,117,no
SKU51581,2022-08-22,Brand B,Safety,Vendor 01,221.9,91.45,130.45,477,3051,2.96,600,no
SKU51582,2023-04-28,Brand C,Adhesives,Vendor 13,49.09,20.05,29.04,1420,2603,2.02,753,no
SKU51583,2019-01-07,Brand A,Measuring,Vendor 03,749.43,293.83,455.6,1049,2746,4.0,849,no
SKU51584,2023-12-31,Brand K,Tools,Vendor 24,436.9,390.16,46.74,21,1308,2.53,105,no
SKU51585,2023-12-22,Brand I,Lighting,Vendor 23,411.11,225.42,185.69,273,706,4.42,455,yes
SKU51586,2021-12-09,Brand J,Fasteners,Vendor 21,332.1,134.64,197.46,1136,41,3.51,432,no
SKU51587,2020-02-29,Brand F,Safety,Vendor 08,360.04,193.46,166.58,169,2029,4.1,436,yes
SKU51588,2023-03-23,Brand H,Adhesives,Vendor 15,759.81,372.52,387.29,926,3880,4.82,408,no
SKU51589,2022-04-08,Brand J,Measuring,Vendor 24,439.0,233.24,205.76,2,1792,4.17,217,yes
SKU51590,2021-02-21,Brand G,Tools,Vendor 20,9.23,6.86,2.37,659,4047,3.16,284,no
SKU51591,2019-03-08,Brand J,Lighting,Vendor 23,372.35,206.73,165.62,1631,4967,2.65,386,yes
SKU51592,2021-10-22,Brand D,Fasteners,Vendor 24,71.61,29.83,41.78,12,4798,3.6,482,no
SKU51593,2022-08-06,Brand I,Safety,Vendor 22,370.74,268.19,102.55,358,1413,4.4,886,no
SKU51594,2019-11-30,Brand A,Adhesives,Vendor 01,805.88,371.71,434.17,1355,1253,3.88,736,no
SKU51595,2021-02-19,Brand G,Measuring,Vendor 05,154.08,133.76,20.32,1204,4760,4.76,405,no
SKU51596,2022-04-06,Brand E,Tools,Vendor 01,91.03,43.98,47.05,390,2972,2.93,217,yes
SKU51597,2020-02-14,Brand J,Lighting,Vendor 09,272.6,182.74,89.86,1289,4385,2.59,616,no
SKU51598,2019-11-17,Brand L,Fasteners,Vendor 11,620.0,260.66,359.34,1738,576,4.17,631,no
SKU51599,2023-12-20,Brand G,Safety,Vendor 23,263.02,124.78,138.24,1416,4206,2.3,587,no
SKU51600,2023-09-23,Brand J,Adhesives,Vendor 01,85.12,33.38,51.74,1031,4591,3.29,166,no
SKU51601,2020-04-29,Brand F,Measuring,Vendor 24,116.45,98.42,18.03,357,1560,4.52,372,no
SKU51602,2020-05-23,Brand F,Tools,Vendor 12,439.05,383.9,55.15,1199,4356,4.57,190,no
SKU51603,2021-11-04,Brand F,Lighting,Vendor 12,305.46,178.78,126.68,508,1260,2.86,504,no
SKU51604,2023-06-28,Brand I,Fasteners,Vendor 25,587.35,258.81,328.54,1594,4590,2.43,223,no
SKU51605,2023-07-15,Brand H,Safety,Vendor 11,718.85,366.27,352.58,66,5007,3.4,700,yes
SKU51606,2024-05-27,Brand K,Adhesives,Vendor 25,4.68,2.24,2.44,308,4183,2.16,40,no
SKU51607,2021-06-27,Brand D,Measuring,Vendor 11,446.98,189.65,257.33,994,2285,3.52,400,no
SKU51608,2020-08-11,Brand D,Tools,Vendor 18,48.12,40.78,7.34,670,1434,4.31,273,no
SKU51609,2024-02-27,Brand D,Lighting,Vendor 25,123.44,47.85,75.59,829,4002,4.57,410,no
SKU51610,2021-05-10,Brand B,Fasteners,Vendor 15,362.55,149.68,212.87,1468,5184,3.44,404,no
SKU51611,2020-12-14,Brand L,Safety,Vendor 01,397.84,289.66,108.18,1394,3557,2.37,807,no
SKU51612,2022-12-11,Brand H,Adhesives,Vendor 22,406.9,362.11,44.79,639,2483,4.41,254,no
SKU51613,2024-04-27,Brand L,Measuring,Vendor 16,91.69,60.67,31.02,1189,3663,4.69,276,no
SKU51614,2019-02-15,Brand J,Tools,Vendor 01,394.2,166.15,228.05,1048,2234,4.75,744,no
SKU51615,2022-03-19,Brand L,Lighting,Vendor 22,207.82,163.91,43.91,1018,2418,4.65,693,yes
SKU51616,2024-12-12,Brand B,Fasteners,Vendor 21,161.26,109.62,51.64,449,582,2.38,606,no
SKU51617,2024-05-06,Brand A,Safety,Vendor 05,3.34,2.81,0.53,551,4914,3.64,195,yes
SKU51618,2023-06-03,Brand G,Adhesives,Vendor 23,767.29,337.8,429.49,1276,3421,2.05,184,no
SKU51619,2022-02-25,Brand L,Measuring,Vendor 09,359.05,256.53,102.52,540,2593,2.17,674,yes
SKU51620,2020-12-02,Brand A,Tools,Vendor 07,278.19,218.08,60.11,287,2259,2.95,108,no
SKU51621,2020-04-14,Brand E,Lighting,Vendor 05,29.7,19.19,10.51,385,3946,2.3,240,yes
SKU51622,2021-01-07,Brand C,Fasteners,Vendor 05,441.12,221.51,219.61,311,3901,2.55,535,no
SKU51623,2020-06-29,Brand A,Safety,Vendor 22,319.63,171.08,148.55,88,1743,4.28,592,no
SKU51624,2022-10-11,Brand L,Adhesives,Vendor 01,197.31,92.6,104.71,270,4682,3.62,889,no
SKU51625,2019-07-02,Brand K,Measuring,Vendor 14,571.02,248.65,322.37,1198,843,2.63,726,no
SKU51626,2020-05-18,Brand G,Tools,Vendor 03,810.12,315.59,494.53,1142,2149,4.61,469,no
SKU51627,2023-10-16,Brand A,Lighting,Vendor 12,624.65,322.85,301.8,1381,1647,3.58,62,no
SKU51628,2024-10-23,Brand G,Fasteners,Vendor 10,207.66,103.29,104.37,481,1387,3.84,842,no
SKU51629,2019-09-10,Brand A,Safety,Vendor 13,270.13,131.65,138.48,431,453,4.02,830,yes
SKU51630,2024-11-03,Brand G,Adhesives,Vendor 04,306.28,210.64,95.64,788,856,2.02,896,yes
SKU51631,2023-09-19,Brand A,Measuring,Vendor 21,387.38,187.06,200.32,1065,730,4.13,803,no
SKU51632,2019-05-04,Brand B,Tools,Vendor 25,227.73,100.5,127.23,743,4444,3.33,523,no
SKU51633,2024-01-23,Brand K,Lighting,Vendor 12,555.58,270.74,284.84,1344,1010,3.02,227,no
SKU51634,2022-03-02,Brand F,Fasteners,Vendor 13,387.5,193.48,194.02,675,3950,4.52,347,no
SKU51635,2024-02-26,Brand I,Safety,Vendor 10,831.99,361.91,470.08,1710,3371,4.09,775,no
SKU51636,2024-02-28,Brand B,Adhesives,Vendor 15,388.95,191.21,197.74,1583,4532,2.08,678,no
SKU51637,2020-08-23,Brand E,Measuring,Vendor 01,856.74,370.96,485.78,562,1144,4.12,713,no
SKU51638,2021-09-02,Brand A,Tools,Vendor 15,460.88,395.47,65.41,606,1714,4.2,230,no
SKU51639,2023-12-19,Brand G,Lighting,Vendor 03,176.25,82.64,93.61,570,694,2.3,626,no
SKU51640,2023-10-21,Brand B,Fasteners,Vendor 25,208.13,93.77,114.36,1696,2061,4.95,696,no
SKU51641,2020-12-21,Brand D,Safety,Vendor 13,371.3,308.75,62.55,1362,3448,2.28,118,yes
SKU51642,2022-10-07,Brand G,Adhesives,Vendor 04,476.77,395.93,80.84,662,1748,3.92,183,no
SKU51643,2023-01-05,Brand C,Measuring,Vendor 25,29.37,18.5,10.87,803,933,2.59,503,no
SKU51644,2020-10-08,Brand B,Tools,Vendor 02,316.82,124.05,192.77,417,822,3.52,461,no
SKU51645,2021-03-19,Brand F,Lighting,Vendor 16,583.75,314.39,269.36,758,4657,4.81,357,no
SKU51646,2019-10-03,Brand E,Fasteners,Vendor 11,60.69,26.07,34.62,1464,3875,2.29,658,no
SKU51647,2020-09-21,Brand A,Safety,Vendor 08,233.4,90.77,142.63,635,4252,3.49,789,no
SKU51648,2021-06-05,Brand G,Adhesives,Vendor 04,584.95,324.05,260.9,1287,3795,2.02,305,yes
SKU51649,2024-03-31,Brand I,Measuring,Vendor 22,853.45,366.35,487.1,1620,1823,2.7,319,no
SKU51650,2020-06-20,Brand F,Tools,Vendor 18,207.23,130.71,76.52,1555,3819,2.84,272,no
SKU51651,2020-11-28,Brand I,Lighting,Vendor 11,318.06,186.42,131.64,312,141,2.15,74,yes
SKU51652,2023-11-05,Brand I,Fasteners,Vendor 22,761.79,399.48,362.31,1081,4952,2.64,891,no
SKU51653,2019-03-05,Brand C,Safety,Vendor 02,75.56,61.35,14.21,164,2622,4.67,254,no
SKU51654,2019-06-20,Brand F,Adhesives,Vendor 24,238.35,107.25,131.1,284,2006,4.64,78,no
SKU51655,2023-06-02,Brand H,Measuring,Vendor 16,188.25,111.02,77.23,349,5004,2.96,273,no
SKU51656,2020-07-08,Brand D,Tools,Vendor 10,401.81,207.3,194.51,1505,2792,4.02,683,no
SKU51657,2024-05-23,Brand F,Lighting,Vendor 19,296.55,266.28,30.27,658,4175,3.81,331,no
SKU51658,2024-03-05,Brand L,Fasteners,Vendor 21,313.78,137.88,175.9,1639,649,3.31,446,no
SKU51659,2020-01-19,Brand J,Safety,Vendor 02,244.39,191.06,53.33,1481,1905,2.26,517,no
SKU51660,2021-04-26,Brand I,Adhesives,Vendor 23,314.26,163.65,150.61,190,1955,2.62,16,no
SKU51661,2022-07-04,Brand E,Measuring,Vendor 14,241.77,211.07,30.7,932,962,3.89,205,no
SKU51662,2021-03-23,Brand C,Tools,Vendor 14,12.05,6.77,5.28,1494,1026,3.13,366,no
SKU51663,2020-06-15,Brand I,Lighting,Vendor 14,530.38,206.75,323.63,1358,627,4.97,731,no
SKU51664,2020-06-22,Brand B,Fasteners,Vendor 19,409.7,344.82,64.88,1613,1384,2.97,4,no
SKU51665,2023-11-29,Brand A,Safety,Vendor 09,382.02,159.91,222.11,1184,0,3.32,434,no
SKU51666,2023-12-06,Brand K,Adhesives,Vendor 24,121.36,56.64,64.72,205,4288,3.03,766,no
SKU51667,2023-04-22,Brand H,Measuring,Vendor 17,281.67,127.2,154.47,199,4525,2.86,270,no
SKU51668,2022-05-07,Brand B,Tools,Vendor 17,457.57,393.04,64.53,1480,341,2.83,176,yes
SKU51669,2019-10-30,Brand L,Lighting,Vendor 18,621.04,263.06,357.98,685,1430,2.77,69,no
SKU51670,2020-02-28,Brand B,Fasteners,Vendor 08,489.32,260.75,228.57,526,1164,3.19,737,no
SKU51671,2024-01-09,Brand H,Safety,Vendor 02,412.66,319.66,93.0,954,3703,3.59,766,no
SKU51672,2019-08-12,Brand D,Adhesives,Vendor 24,336.17,182.9,153.27,902,4208,4.68,881,yes
SKU51673,2024-02-14,Brand K,Measuring,Vendor 20,375.9,204.76,171.14,925,96,2.19,43,no
SKU51674,2022-04-13,Brand J,Tools,Vendor 08,344.17,262.97,81.2,197,5120,3.41,226,yes
SKU51675,2020-09-30,Brand A,Lighting,Vendor 07,346.28,157.12,189.16,699,4456,3.5,363,no
SKU51676,2019-12-29,Brand C,Fasteners,Vendor 19,517.44,262.39,255.05,1156,1640,4.66,674,no
SKU51677,2023-07-17,Brand H,Safety,Vendor 14,795.03,398.0,397.03,1561,2349,2.96,81,no
SKU51678,2024-12-27,Brand B,Adhesives,Vendor 20,484.71,376.96,107.75,1089,919,3.92,151,no
SKU51679,2020-07-02,Brand K,Measuring,Vendor 16,977.32,399.93,577.39,790,3225,3.91,342,no
SKU51680,2024-03-12,Brand G,Tools,Vendor 13,336.15,154.56,181.59,969,26,4.43,456,yes
SKU51681,2024-05-15,Brand E,Lighting,Vendor 24,89.99,40.44,49.55,426,3794,3.71,34,no
SKU51682,2024-05-07,Brand E,Fasteners,Vendor 14,600.5,347.63,252.87,1528,2226,3.7,431,no
SKU51683,2020-01-22,Brand K,Safety,Vendor 19,384.33,303.04,81.29,1262,4159,3.26,627,no
SKU51684,2023-07-25,Brand F,Adhesives,Vendor 20,399.03,166.62,232.41,165,4422,4.65,62,no
SKU51685,2022-12-26,Brand A,Measuring,Vendor 13,516.17,315.81,200.36,788,2742,4.93,641,no
SKU51686,2021-06-15,Brand A,Tools,Vendor 07,461.45,256.67,204.78,936,3710,2.34,292,no
SKU51687,2024-07-29,Brand L,Lighting,Vendor 10,668.77,262.63,406.14,100,2444,3.5,588,no
SKU51688,2019-05-29,Brand A,Fasteners,Vendor 08,585.05,333.53,251.52,1052,2531,4.76,62,no
SKU51689,2019-08-08,Brand G,Safety,Vendor 16,245.42,114.37,131.05,1589,471,3.6,519,no
SKU51690,2022-10-19,Brand I,Adhesives,Vendor 16,619.1,264.17,354.93,955,2069,2.58,130,no
SKU51691,2020-08-30,Brand F,Measuring,Vendor 18,432.29,228.0,204.29,932,2439,3.89,63,no
SKU51692,2020-09-11,Brand L,Tools,Vendor 14,149.35,62.07,87.28,143,845,2.57,454,no
SKU51693,2024-04-16,Brand E,Lighting,Vendor 03,983.31,396.29,587.02,559,4753,4.85,124,no
SKU51694,2024-10-04,Brand I,Fasteners,Vendor 25,389.94,332.84,57.1,574,4787,3.9,299,no
SKU51695,2019-04-23,Brand D,Safety,Vendor 02,319.13,233.43,85.7,1280,1729,2.47,792,no
SKU51696,2023-01-08,Brand K,Adhesives,Vendor 07,161.97,121.28,40.69,181,4710,2.23,870,no
SKU51697,2019-03-07,Brand G,Measuring,Vendor 11,668.04,262.54,405.5,1745,4719,3.68,112,no
SKU51698,2022-12-29,Brand A,Tools,Vendor 13,271.09,239.18,31.91,710,1234,2.87,682,no
SKU51699,2024-06-10,Brand C,Lighting,Vendor 09,420.27,344.24,76.03,899,4356,2.45,601,no
SKU51700,2019-12-09,Brand I,Fasteners,Vendor 10,76.03,69.07,6.96,1351,2486,3.58,823,no
SKU51701,2019-12-05,Brand H,Safety,Vendor 11,215.14,168.48,46.66,1346,1041,4.12,499,no
SKU51702,2021-03-16,Brand B,Adhesives,Vendor 04,624.92,324.66,300.26,711,2917,2.15,217,no
SKU51703,2022-01-15,Brand A,Measuring,Vendor 04,662.0,352.42,309.58,607,4722,3.43,501,no
SKU51704,2023-03-26,Brand F,Tools,Vendor 02,563.21,368.72,194.49,409,3453,2.4,193,yes
SKU51705,2021-02-13,Brand F,Lighting,Vendor 19,141.32,64.43,76.89,596,2872,2.97,381,no
SKU51706,2020-07-14,Brand I,Fasteners,Vendor 19,152.95,69.81,83.14,132,2907,3.97,828,no
SKU51707,2021-03-03,Brand K,Safety,Vendor 06,900.99,367.7,533.29,1736,5008,2.39,818,no
SKU51708,2024-11-16,Brand L,Adhesives,Vendor 03,659.28,302.41,356.87,562,4917,4.35,702,yes
SKU51709,2021-03-28,Brand E,Measuring,Vendor 12,208.61,110.43,98.18,831,1830,4.33,873,no
SKU51710,2021-12-22,Brand G,Tools,Vendor 15,28.16,11.96,16.2,260,2343,2.32,64,no
SKU51711,2020-05-06,Brand G,Lighting,Vendor 06,402.75,199.57,203.18,452,2036,3.31,781,yes
SKU51712,2021-10-16,Brand I,Fasteners,Vendor 15,678.35,367.88,310.47,480,545,4.47,195,no
SKU51713,2024-10-23,Brand D,Safety,Vendor 13,416.99,215.37,201.62,805,538,2.01,428,yes
SKU51714,2021-01-04,Brand G,Adhesives,Vendor 17,279.61,159.91,119.7,1636,1560,2.23,418,no
SKU51715,2022-04-04,Brand E,Measuring,Vendor 15,62.14,36.29,25.85,1364,3807,4.14,212,no
SKU51716,2022-01-06,Brand E,Tools,Vendor 23,788.37,390.69,397.68,942,4691,4.6,442,no
SKU51717,2019-09-25,Brand J,Lighting,Vendor 15,215.17,139.18,75.99,1342,4226,3.32,838,no
SKU51718,2019-04-11,Brand L,Fasteners,Vendor 24,400.23,334.21,66.02,23,255,2.51,664,no
SKU51719,2020-05-05,Brand A,Safety,Vendor 20,917.27,399.43,517.84,1314,4893,3.5,67,no
SKU51720,2019-10-23,Brand C,Adhesives,Vendor 14,195.82,147.43,48.39,168,3920,3.47,340,yes
SKU51721,2019-09-21,Brand A,Measuring,Vendor 21,822.05,351.01,471.04,1612,2839,4.21,847,yes
SKU51722,2020-11-24,Brand A,Tools,Vendor 01,242.32,200.47,41.85,760,2585,4.88,188,no
SKU51723,2023-06-16,Brand G,Lighting,Vendor 14,317.31,135.37,181.94,17,1199,2.13,298,no
SKU51724,2024-01-30,Brand I,Fasteners,Vendor 24,273.51,135.29,138.22,899,4915,2.79,175,no
SKU51725,2022-01-09,Brand B,Safety,Vendor 15,114.65,97.19,17.46,1349,2041,3.55,794,yes
SKU51726,2024-03-21,Brand G,Adhesives,Vendor 09,76.34,32.82,43.52,132,2238,2.19,191,no
SKU51727,2021-06-28,Brand F,Measuring,Vendor 12,675.75,292.25,383.5,396,648,4.35,176,no
SKU51728,2024-10-09,Brand K,Tools,Vendor 14,600.77,237.9,362.87,1156,4429,4.09,841,no
SKU51729,2021-06-05,Brand L,Lighting,Vendor 22,307.67,136.38,171.29,568,1212,2.48,185,no
SKU51730,2021-09-14,Brand A,Fasteners,Vendor 09,149.32,118.76,30.56,1732,2504,2.99,890,no
SKU51731,2021-05-12,Brand I,Safety,Vendor 16,490.51,253.66,236.85,362,2364,2.69,623,no
SKU51732,2022-06-10,Brand B,Adhesives,Vendor 08,129.49,50.05,79.44,643,3194,3.34,226,no
SKU51733,2021-06-21,Brand K,Measuring,Vendor 17,452.98,210.51,242.47,920,2891,2.09,142,no
SKU51734,2023-11-02,Brand C,Tools,Vendor 04,777.83,356.83,421.0,1259,36,2.45,788,no
SKU51735,2022-04-20,Brand J,Lighting,Vendor 21,853.12,391.56,461.56,1284,4147,3.04,356,no
SKU51736,2024-06-01,Brand H,Fasteners,Vendor 01,14.59,7.04,7.55,1773,3414,4.38,789,no
SKU51737,2021-04-30,Brand E,Safety,Vendor 06,442.27,283.51,158.76,720,711,4.5,231,no
SKU51738,2022-09-24,Brand G,Adhesives,Vendor 07,189.32,74.76,114.56,55,903,4.4,867,no
SKU51739,2024-08-15,Brand G,Measuring,Vendor 15,245.77,110.85,134.92,1674,3421,4.51,627,yes
SKU51740,2024-12-25,Brand E,Tools,Vendor 09,747.74,366.48,381.26,760,3028,3.19,643,no
SKU51741,2022-06-07,Brand K,Lighting,Vendor 23,662.7,282.14,380.56,577,3076,2.45,103,no
SKU51742,2019-06-11,Brand I,Fasteners,Vendor 20,274.95,146.8,128.15,430,726,4.85,606,no
SKU51743,2020-10-06,Brand K,Safety,Vendor 18,79.1,43.06,36.04,201,4887,4.92,463,no
SKU51744,2019-05-03,Brand D,Adhesives,Vendor 12,244.87,99.07,145.8,283,1763,2.36,653,no
SKU51745,2019-12-02,Brand C,Measuring,Vendor 11,724.95,306.73,418.22,1193,4856,4.68,347,no
SKU51746,2022-03-21,Brand I,Tools,Vendor 14,44.92,19.12,25.8,1224,1392,3.59,17,no
SKU51747,2020-03-14,Brand L,Lighting,Vendor 24,545.42,220.02,325.4,1627,4022,4.51,524,no
SKU51748,2021-10-29,Brand B,Fasteners,Vendor 13,65.43,28.74,36.69,358,3102,3.07,655,yes
SKU51749,2019-09-25,Brand D,Safety,Vendor 06,41.23,17.31,23.92,4,4972,2.55,781,no
SKU51750,2022-02-23,Brand H,Adhesives,Vendor 19,628.28,267.59,360.69,979,1180,3.74,4,yes
SKU51751,2020-04-21,Brand K,Measuring,Vendor 07,862.06,338.35,523.71,1331,2557,3.44,636,no
SKU51752,2024-10-03,Brand F,Tools,Vendor 01,243.28,116.53,126.75,416,3321,4.27,224,no
SKU51753,2022-05-16,Brand H,Lighting,Vendor 17,84.8,57.57,27.23,381,4535,3.76,500,no
SKU51754,2022-02-28,Brand L,Fasteners,Vendor 11,372.27,210.75,161.52,284,4984,3.54,897,no
SKU51755,2021-11-19,Brand L,Safety,Vendor 24,126.25,57.75,68.5,833,2012,3.89,521,no
SKU51756,2022-09-07,Brand D,Adhesives,Vendor 04,83.64,68.44,15.2,767,3324,3.54,169,no
SKU51757,2022-01-11,Brand D,Measuring,Vendor 09,603.73,362.31,241.42,887,2485,3.12,427,no
SKU51758,2019-01-14,Brand C,Tools,Vendor 03,108.9,59.83,49.07,95,4804,3.71,449,no
SKU51759,2022-04-24,Brand C,Lighting,Vendor 12,433.26,363.56,69.7,1436,1515,2.47,99,no
SKU51760,2023-07-12,Brand J,Fasteners,Vendor 24,605.95,380.56,225.39,525,2504,2.93,583,no
SKU51761,2024-04-03,Brand I,Safety,Vendor 01,227.39,177.65,49.74,786,1879,2.71,115,no
SKU51762,2023-05-16,Brand J,Adhesives,Vendor 22,328.28,177.36,150.92,1623,4244,4.4,17,no
SKU51763,2023-10-30,Brand D,Measuring,Vendor 21,176.93,155.5,21.43,1029,3772,4.13,477,no
SKU51764,2023-09-15,Brand C,Tools,Vendor 17,129.18,88.89,40.29,503,3546,4.3,727,no
SKU51765,2021-08-20,Brand G,Lighting,Vendor 20,205.14,116.99,88.15,1559,3558,3.7,55,no
SKU51766,2020-08-31,Brand I,Fasteners,Vendor 25,672.9,388.99,283.91,996,2605,3.46,780,no
SKU51767,2022-10-06,Brand I,Safety,Vendor 14,316.53,126.0,190.53,512,2281,3.14,294,no
SKU51768,2022-08-18,Brand A,Adhesives,Vendor 07,98.27,79.75,18.52,1649,3458,3.69,816,no
SKU51769,2023-02-12,Brand D,Measuring,Vendor 20,844.07,376.32,467.75,1726,2501,3.51,285,no
SKU51770,2021-09-28,Brand J,Tools,Vendor 19,333.99,269.39,64.6,1639,834,3.57,327,no
SKU51771,2019-03-28,Brand C,Lighting,Vendor 19,769.48,355.0,414.48,853,341,4.1,109,no
SKU51772,2023-11-13,Brand E,Fasteners,Vendor 18,69.08,47.58,21.5,991,2783,4.21,561,no
SKU51773,2023-09-15,Brand L,Safety,Vendor 09,525.49,340.03,185.46,526,1140,4.8,104,no
SKU51774,2024-09-01,Brand E,Adhesives,Vendor 18,454.36,352.18,102.18,1050,4594,4.12,848,yes
SKU51775,2021-07-01,Brand K,Measuring,Vendor 23,162.42,132.41,30.01,1441,1538,4.7,110,no
SKU51776,2021-05-15,Brand K,Tools,Vendor 25,362.07,189.76,172.31,1460,1026,4.89,301,no
SKU51777,2019-11-18,Brand D,Lighting,Vendor 06,68.14,39.66,28.48,1143,4888,2.79,364,no
SKU51778,2021-12-03,Brand B,Fasteners,Vendor 15,393.21,207.58,185.63,513,1910,3.44,665,no
SKU51779,2022-11-04,Brand L,Safety,Vendor 11,492.08,245.88,246.2,263,1508,2.75,779,no
SKU51780,2024-01-16,Brand G,Adhesives,Vendor 14,107.27,49.31,57.96,488,2089,2.55,386,no
SKU51781,2022-02-08,Brand L,Measuring,Vendor 13,271.91,232.86,39.05,732,701,2.55,113,no
SKU51782,2019-07-21,Brand K,Tools,Vendor 09,186.18,75.21,110.97,1743,401,4.67,169,yes
SKU51783,2023-11-03,Brand C,Lighting,Vendor 08,802.35,317.13,485.22,1758,4202,3.54,687,no
SKU51784,2024-06-09,Brand A,Fasteners,Vendor 04,213.88,155.29,58.59,754,1867,4.94,631,no
SKU51785,2024-02-18,Brand F,Safety,Vendor 21,322.1,275.98,46.12,1170,2425,2.41,791,no
SKU51786,2024-12-15,Brand A,Adhesives,Vendor 20,848.32,356.95,491.37,1354,3869,3.81,496,no
SKU51787,2024-01-04,Brand F,Measuring,Vendor 20,766.29,314.55,451.74,1413,3149,3.69,321,no
SKU51788,2023-02-04,Brand A,Tools,Vendor 08,9.64,6.59,3.05,788,641,3.61,706,no
SKU51789,2023-03-25,Brand K,Lighting,Vendor 09,487.5,386.5,101.0,1615,5073,2.62,302,yes
SKU51790,2019-07-12,Brand E,Fasteners,Vendor 17,678.41,295.58,382.83,329,1575,4.21,326,yes
SKU51791,2019-11-23,Brand B,Safety,Vendor 17,471.55,341.53,130.02,607,3955,3.41,167,no
SKU51792,2023-10-29,Brand B,Adhesives,Vendor 25,735.37,296.95,438.42,981,855,4.42,233,no
SKU51793,2021-02-15,Brand A,Measuring,Vendor 02,530.46,295.5,234.96,931,1729,2.93,81,yes
SKU51794,2022-11-02,Brand J,Tools,Vendor 06,132.59,56.0,76.59,240,3233,4.48,383,no
SKU51795,2022-05-31,Brand G,Lighting,Vendor 06,480.63,392.11,88.52,1718,3895,4.13,802,no
SKU51796,2023-12-12,Brand H,Fasteners,Vendor 15,300.94,196.07,104.87,268,3318,4.83,22,yes
SKU51797,2021-04-29,Brand E,Safety,Vendor 23,46.23,22.91,23.32,1337,4734,4.64,809,yes
SKU51798,2021-03-31,Brand L,Adhesives,Vendor 15,377.61,229.62,147.99,1166,3335,4.5,804,no
SKU51799,2024-11-19,Brand H,Measuring,Vendor 06,831.87,338.9,492.97,1458,3988,3.16,510,no
SKU51800,2024-10-21,Brand D,Tools,Vendor 12,712.52,337.42,375.1,99,1563,2.93,750,no
SKU51801,2022-12-18,Brand F,Lighting,Vendor 25,422.38,216.98,205.4,868,2103,2.4,142,no
SKU51802,2021-05-24,Brand I,Fasteners,Vendor 18,321.9,229.67,92.23,1292,341,4.35,555,no
SKU51803,2020-03-22,Brand G,Safety,Vendor 14,22.18,8.79,13.39,1012,4006,3.95,795,no
SKU51804,2022-09-24,Brand F,Adhesives,Vendor 16,174.24,105.04,69.2,675,936,4.22,763,no
SKU51805,2020-08-08,Brand F,Measuring,Vendor 15,816.75,377.19,439.56,1328,1963,2.26,173,no
SKU51806,2023-09-08,Brand H,Tools,Vendor 03,793.34,328.74,464.6,466,1539,2.34,61,no
SKU51807,2023-05-26,Brand B,Lighting,Vendor 03,437.57,176.62,260.95,1357,1089,3.38,792,yes
SKU51808,2024-01-11,Brand E,Fasteners,Vendor 17,38.47,21.61,16.86,1748,2040,2.54,329,no
SKU51809,2024-01-29,Brand I,Safety,Vendor 16,574.55,269.18,305.37,52,5134,2.99,308,no
SKU51810,2022-09-26,Brand L,Adhesives,Vendor 08,339.17,228.81,110.36,1332,2065,4.15,270,yes
SKU51811,2024-08-20,Brand J,Measuring,Vendor 23,79.88,43.33,36.55,755,4226,4.32,325,no
SKU51812,2022-04-09,Brand E,Tools,Vendor 17,290.11,179.61,110.5,367,889,4.24,86,no
SKU51813,2021-06-06,Brand E,Lighting,Vendor 21,472.03,183.72,288.31,845,4368,3.65,62,no
SKU51814,2021-05-14,Brand E,Fasteners,Vendor 24,192.23,141.73,50.5,403,954,2.3,143,yes
SKU51815,2020-09-20,Brand C,Safety,Vendor 07,141.72,63.19,78.53,146,110,3.27,206,no
SKU51816,2022-05-13,Brand I,Adhesives,Vendor 15,75.39,61.56,13.83,721,990,4.58,714,no
SKU51817,2023-05-16,Brand D,Measuring,Vendor 04,88.27,58.07,30.2,678,2367,2.62,466,no
SKU51818,2021-02-13,Brand I,Tools,Vendor 23,390.21,214.2,176.01,42,4049,4.52,857,no
SKU51819,2020-07-29,Brand I,Lighting,Vendor 09,238.65,158.79,79.86,1010,430,2.2,345,no
SKU51820,2020-06-07,Brand A,Fasteners,Vendor 19,656.43,388.07,268.36,1403,2007,3.69,806,no
SKU51821,2024-01-04,Brand F,Safety,Vendor 12,244.66,154.26,90.4,1196,2180,3.7,373,no
SKU51822,2021-04-04,Brand E,Adhesives,Vendor 02,253.01,109.84,143.17,1650,4868,3.28,390,no
SKU51823,2024-02-08,Brand D,Measuring,Vendor 07,787.67,340.41,447.26,1746,3121,3.17,732,no
SKU51824,2021-01-03,Brand E,Tools,Vendor 25,51.31,25.22,26.09,653,4937,4.09,585,no
SKU51825,2019-02-06,Brand L,Lighting,Vendor 23,627.14,371.81,255.33,842,170,4.94,92,no
SKU51826,2020-10-15,Brand E,Fasteners,Vendor 09,75.09,39.11,35.98,1322,2519,4.95,623,no
SKU51827,2021-08-13,Brand G,Safety,Vendor 18,170.38,100.9,69.48,273,2625,2.98,351,no
SKU51828,2023-08-24,Brand G,Adhesives,Vendor 08,439.44,203.65,235.79,583,2230,4.23,9,yes
SKU51829,2023-06-22,Brand B,Measuring,Vendor 01,487.81,247.33,240.48,1647,1964,3.07,263,no
SKU51830,2020-08-15,Brand H,Tools,Vendor 01,600.39,356.88,243.51,159,2847,3.56,583,no
SKU51831,2020-06-29,Brand C,Lighting,Vendor 20,298.21,178.52,119.69,172,4081,2.36,673,no
SKU51832,2022-08-29,Brand A,Fasteners,Vendor 18,386.34,188.78,197.56,1155,1341,3.8,681,no
SKU51833,2023-03-17,Brand D,Safety,Vendor 23,367.57,271.78,95.79,743,3995,4.76,776,no
SKU51834,2019-07-14,Brand G,Adhesives,Vendor 12,588.07,279.1,308.97,751,951,2.02,885,no
SKU51835,2022-01-19,Brand D,Measuring,Vendor 08,28.62,18.7,9.92,1546,3046,2.59,87,no
SKU51836,2023-12-11,Brand F,Tools,Vendor 16,482.87,305.1,177.77,1035,3490,2.8,487,no
SKU51837,2021-11-10,Brand A,Lighting,Vendor 01,724.38,287.34,437.04,767,2931,3.54,155,no
SKU51838,2023-08-25,Brand J,Fasteners,Vendor 13,37.06,17.67,19.39,183,4281,2.61,567,no
SKU51839,2020-06-30,Brand H,Safety,Vendor 15,739.19,293.89,445.3,811,959,4.57,237,no
SKU51840,2019-01-17,Brand D,Adhesives,Vendor 07,146.35,61.1,85.25,1440,351,4.97,266,no
SKU51841,2019-03-09,Brand K,Measuring,Vendor 06,118.2,46.85,71.35,702,2384,2.61,830,no
SKU51842,2023-03-03,Brand D,Tools,Vendor 04,235.28,190.14,45.14,1247,2261,4.32,55,no
SKU51843,2020-05-24,Brand L,Lighting,Vendor 07,607.04,248.99,358.05,691,3879,2.62,635,yes
SKU51844,2022-09-28,Brand C,Fasteners,Vendor 07,506.65,306.42,200.23,1275,3058,2.93,710,no
SKU51845,2023-09-20,Brand H,Safety,Vendor 21,106.11,86.81,19.3,65,1957,4.39,672,no
SKU51846,2021-06-03,Brand J,Adhesives,Vendor 12,225.22,122.61,102.61,1771,3377,2.9,877,no
SKU51847,2023-03-28,Brand F,Measuring,Vendor 01,400.22,181.92,218.3,1466,466,3.43,372,no
SKU51848,2019-10-14,Brand K,Tools,Vendor 15,65.64,30.63,35.01,1781,3453,4.29,283,yes
SKU51849,2024-01-02,Brand G,Lighting,Vendor 13,95.41,60.29,35.12,18,3732,3.7,490,yes
SKU51850,2022-06-17,Brand A,Fasteners,Vendor 19,519.3,398.68,120.62,137,1233,3.84,424,no
SKU51851,2021-04-26,Brand H,Safety,Vendor 07,859.1,339.38,519.72,1559,3909,4.1,420,no
SKU51852,2019-01-19,Brand J,Adhesives,Vendor 20,410.99,267.56,143.43,485,4165,3.99,520,no
SKU51853,2019-02-11,Brand J,Measuring,Vendor 07,322.8,126.23,196.57,1222,2230,4.86,826,no
SKU51854,2022-06-21,Brand F,Tools,Vendor 09,376.5,147.01,229.49,262,482,4.07,707,no
SKU51855,2021-07-08,Brand B,Lighting,Vendor 24,23.97,11.53,12.44,224,4444,4.38,691,no
SKU51856,2021-05-02,Brand I,Fasteners,Vendor 02,383.93,159.48,224.45,716,170,2.37,677,no
SKU51857,2019-08-10,Brand L,Safety,Vendor 15,360.94,243.27,117.67,336,2891,3.91,466,no
SKU51858,2020-07-30,Brand L,Adhesives,Vendor 20,358.79,188.53,170.26,1227,4964,3.38,486,no
SKU51859,2021-11-23,Brand I,Measuring,Vendor 02,730.64,291.33,439.31,381,128,3.44,512,no
SKU51860,2023-07-27,Brand I,Tools,Vendor 13,591.68,304.57,287.11,999,4230,2.89,304,no
SKU51861,2024-05-14,Brand F,Lighting,Vendor 14,507.3,333.76,173.54,1159,609,4.0,624,no
SKU51862,2019-08-30,Brand B,Fasteners,Vendor 18,152.9,71.63,81.27,1748,2880,4.36,28,no
SKU51863,2021-08-02,Brand J,Safety,Vendor 08,235.27,116.91,118.36,1117,2324,2.94,89,yes
SKU51864,2022-02-22,Brand E,Adhesives,Vendor 09,101.44,71.39,30.05,12,2962,4.62,3,no
SKU51865,2021-10-02,Brand H,Measuring,Vendor 08,268.86,171.88,96.98,631,1028,2.85,98,no
SKU51866,2021-10-16,Brand K,Tools,Vendor 04,398.11,281.77,116.34,1009,4736,3.51,506,no
SKU51867,2021-06-10,Brand E,Lighting,Vendor 23,137.18,87.96,49.22,1537,651,3.75,146,no
SKU51868,2024-07-16,Brand G,Fasteners,Vendor 18,672.11,291.31,380.8,1446,481,2.43,892,no
SKU51869,2023-12-13,Brand I,Safety,Vendor 09,177.2,72.37,104.83,1029,1896,4.38,424,no
SKU51870,2021-11-23,Brand I,Adhesives,Vendor 03,410.03,226.63,183.4,609,2934,4.55,504,no
SKU51871,2020-06-08,Brand D,Measuring,Vendor 15,837.92,323.13,514.79,422,3763,2.88,69,no
SKU51872,2022-01-24,Brand H,Tools,Vendor 04,147.96,89.75,58.21,437,4526,4.0,599,no
SKU51873,2023-05-24,Brand G,Lighting,Vendor 11,206.36,126.28,80.08,664,1884,4.68,65,no
SKU51874,2021-06-06,Brand H,Fasteners,Vendor 09,270.77,133.84,136.93,283,4525,3.3,105,no
SKU51875,2024-09-23,Brand E,Safety,Vendor 03,162.3,75.94,86.36,1512,330,3.5,26,no
SKU51876,2021-07-31,Brand C,Adhesives,Vendor 08,109.41,79.89,29.52,1634,4950,3.94,312,no
SKU51877,2024-05-24,Brand D,Measuring,Vendor 19,257.33,164.42,92.91,1568,3642,2.76,286,yes
SKU51878,2024-07-02,Brand J,Tools,Vendor 21,473.03,380.95,92.08,1563,5196,3.75,444,no
SKU51879,2020-08-17,Brand E,Lighting,Vendor 03,224.28,186.99,37.29,1374,984,2.64,638,no
SKU51880,2024-03-08,Brand H,Fasteners,Vendor 11,774.07,310.35,463.72,926,159,2.13,526,no
SKU51881,2020-09-08,Brand E,Safety,Vendor 13,645.1,336.28,308.82,780,2524,2.53,750,no
SKU51882,2023-05-06,Brand E,Adhesives,Vendor 06,776.22,373.58,402.64,225,2417,4.43,760,no
SKU51883,2019-05-07,Brand L,Measuring,Vendor 08,274.51,167.23,107.28,858,3409,2.63,894,no
SKU51884,2024-01-25,Brand K,Tools,Vendor 04,258.69,127.41,131.28,490,5074,2.65,630,no
SKU51885,2021-02-26,Brand E,Lighting,Vendor 21,261.79,169.64,92.15,751,1733,3.57,432,no
SKU51886,2019-10-28,Brand C,Fasteners,Vendor 22,356.38,199.25,157.13,1305,956,4.83,551,no
SKU51887,2023-05-06,Brand L,Safety,Vendor 21,236.63,119.4,117.23,436,842,4.68,316,no
SKU51888,2024-02-06,Brand B,Adhesives,Vendor 11,191.52,158.76,32.76,1329,761,2.04,107,no
SKU51889,2021-04-16,Brand H,Measuring,Vendor 05,449.09,322.9,126.19,1355,76,2.63,274,no
SKU51890,2022-07-06,Brand A,Tools,Vendor 14,616.56,245.58,370.98,1505,2866,4.13,443,no
SKU51891,2019-08-14,Brand L,Lighting,Vendor 13,459.75,224.36,235.39,511,48,2.17,168,yes
SKU51892,2024-12-07,Brand G,Fasteners,Vendor 05,47.68,27.57,20.11,1148,1076,2.73,564,no
SKU51893,2022-03-09,Brand G,Safety,Vendor 24,349.21,274.54,74.67,1046,3148,2.51,470,no
SKU51894,2024-08-26,Brand G,Adhesives,Vendor 05,249.99,134.48,115.51,1187,461,3.94,893,no
SKU51895,2021-02-13,Brand J,Measuring,Vendor 12,237.06,113.49,123.57,698,2745,2.58,665,no
SKU51896,2020-08-27,Brand E,Tools,Vendor 23,54.65,40.56,14.09,1481,1665,3.61,574,no
SKU51897,2019-06-19,Brand A,Lighting,Vendor 10,283.34,137.79,145.55,26,1731,2.5,373,no
SKU51898,2024-03-23,Brand A,Fasteners,Vendor 03,248.16,124.35,123.81,1543,829,4.26,569,no
SKU51899,2024-02-28,Brand I,Safety,Vendor 02,230.22,98.2,132.02,1026,5195,2.08,0,no
SKU51900,2021-04-15,Brand H,Adhesives,Vendor 22,656.87,342.86,314.01,150,4141,2.69,466,no
SKU51901,2019-06-03,Brand D,Measuring,Vendor 12,431.74,270.58,161.16,1545,452,2.56,808,no
SKU51902,2019-04-06,Brand A,Tools,Vendor 17,53.04,31.62,21.42,1250,3034,2.5,158,no
SKU51903,2020-06-29,Brand I,Lighting,Vendor 02,556.87,334.33,222.54,570,2751,4.15,549,no
SKU51904,2022-09-28,Brand D,Fasteners,Vendor 05,39.64,19.82,19.82,488,1635,3.92,843,no
SKU51905,2019-04-23,Brand K,Safety,Vendor 16,486.71,278.4,208.31,989,1380,3.43,824,no
SKU51906,2019-05-17,Brand K,Adhesives,Vendor 12,43.31,17.26,26.05,1792,4045,2.08,296,no
SKU51907,2021-10-07,Brand B,Measuring,Vendor 01,184.35,74.21,110.14,1731,2677,4.7,126,no
SKU51908,2019-08-16,Brand E,Tools,Vendor 25,283.54,151.55,131.99,141,1629,4.99,457,no
SKU51909,2019-02-22,Brand K,Lighting,Vendor 25,9.88,5.54,4.34,1160,1348,3.47,638,no
SKU51910,2020-06-16,Brand H,Fasteners,Vendor 23,8.79,5.65,3.14,575,337,2.12,512,no
SKU51911,2023-08-14,Brand F,Safety,Vendor 01,106.71,80.08,26.63,1348,3037,4.19,659,no
SKU51912,2024-05-26,Brand H,Adhesives,Vendor 12,387.29,171.45,215.84,1729,4363,3.92,213,no
SKU51913,2020-03-29,Brand F,Measuring,Vendor 22,259.84,153.42,106.42,1441,1874,2.55,651,no
SKU51914,2021-11-02,Brand J,Tools,Vendor 03,188.77,115.63,73.14,1234,1788,4.12,836,no
SKU51915,2020-01-23,Brand C,Lighting,Vendor 13,106.17,45.29,60.88,693,3468,2.74,514,no
SKU51916,2023-03-31,Brand B,Fasteners,Vendor 25,191.43,113.74,77.69,824,5077,4.27,408,no
SKU51917,2021-02-06,Brand A,Safety,Vendor 09,309.76,177.89,131.87,17,3283,2.77,340,no
SKU51918,2020-05-06,Brand G,Adhesives,Vendor 15,474.4,191.46,282.94,427,4874,3.3,321,no
SKU51919,2022-07-26,Brand C,Measuring,Vendor 05,517.34,200.93,316.41,681,2834,4.3,470,no
SKU51920,2024-09-08,Brand K,Tools,Vendor 23,68.04,26.68,41.36,1593,4144,4.02,315,no
SKU51921,2021-08-01,Brand D,Lighting,Vendor 11,292.76,146.39,146.37,225,2922,3.43,124,no
SKU51922,2023-07-05,Brand J,Fasteners,Vendor 09,141.19,79.41,61.78,185,1919,4.89,891,no
SKU51923,2021-05-07,Brand A,Safety,Vendor 13,193.1,105.9,87.2,887,2253,3.52,586,no
SKU51924,2022-02-26,Brand A,Adhesives,Vendor 08,368.02,267.1,100.92,570,1799,4.7,732,no
SKU51925,2022-10-19,Brand K,Measuring,Vendor 20,89.61,44.22,45.39,1144,2155,3.82,469,no
SKU51926,2021-12-20,Brand F,Tools,Vendor 20,293.88,133.59,160.29,1593,1486,4.22,787,no
SKU51927,2021-04-30,Brand F,Lighting,Vendor 01,135.19,70.64,64.55,754,1977,4.45,447,no
SKU51928,2019-01-22,Brand K,Fasteners,Vendor 18,157.01,62.09,94.92,732,4125,3.62,305,no
SKU51929,2020-02-07,Brand K,Safety,Vendor 19,431.53,366.91,64.62,1207,758,3.54,168,no
SKU51930,2022-05-22,Brand L,Adhesives,Vendor 01,521.01,287.82,233.19,1702,2174,3.45,199,no
SKU51931,2024-01-29,Brand C,Measuring,Vendor 04,419.16,291.39,127.77,194,3538,4.92,76,no
SKU51932,2024-08-02,Brand C,Tools,Vendor 04,594.25,346.38,247.87,1735,1620,3.17,510,no
SKU51933,2021-05-24,Brand K,Lighting,Vendor 07,325.68,195.52,130.16,831,1635,4.57,256,no
SKU51934,2024-09-03,Brand G,Fasteners,Vendor 15,197.92,99.45,98.47,1376,974,2.65,120,yes
SKU51935,2023-02-18,Brand F,Safety,Vendor 12,99.46,88.65,10.81,1422,1025,4.99,111,no
SKU51936,2023-09-02,Brand A,Adhesives,Vendor 16,109.48,65.76,43.72,519,2794,4.78,691,no
SKU51937,2020-05-17,Brand I,Measuring,Vendor 01,199.21,170.43,28.78,1746,4836,3.43,467,no
SKU51938,2021-09-25,Brand C,Tools,Vendor 07,116.36,50.87,65.49,1218,2406,3.04,6,no
SKU51939,2024-02-17,Brand D,Lighting,Vendor 10,384.99,262.48,122.51,961,577,4.24,295,yes
SKU51940,2021-03-02,Brand H,Fasteners,Vendor 20,563.92,322.82,241.1,540,1491,3.05,42,no
SKU51941,2019-01-29,Brand B,Safety,Vendor 24,489.85,239.7,250.15,1407,4854,3.52,114,no
SKU51942,2024-07-30,Brand F,Adhesives,Vendor 12,952.91,375.92,576.99,1333,4347,3.18,37,yes
SKU51943,2022-10-22,Brand B,Measuring,Vendor 04,271.98,233.53,38.45,1705,1014,2.54,697,yes
SKU51944,2021-06-26,Brand F,Tools,Vendor 07,329.62,181.8,147.82,547,5068,3.4,333,no
SKU51945,2019-05-07,Brand J,Lighting,Vendor 11,213.92,113.63,100.29,1494,1290,4.62,4,no
SKU51946,2024-11-17,Brand C,Fasteners,Vendor 09,89.99,63.26,26.73,621,693,4.42,197,no
SKU51947,2022-05-19,Brand B,Safety,Vendor 11,180.56,88.49,92.07,847,4050,4.72,62,no
SKU51948,2020-01-07,Brand K,Adhesives,Vendor 19,646.97,380.77,266.2,932,4357,3.55,322,no
SKU51949,2024-06-10,Brand J,Measuring,Vendor 01,214.01,123.41,90.6,865,3438,4.27,134,no
SKU51950,2019-06-01,Brand A,Tools,Vendor 22,639.85,253.08,386.77,685,2207,3.72,103,yes
SKU51951,2022-01-14,Brand K,Lighting,Vendor 07,109.25,47.62,61.63,514,3327,2.03,307,yes
SKU51952,2023-10-21,Brand B,Fasteners,Vendor 11,178.22,132.65,45.57,934,3870,2.52,136,no
SKU51953,2021-12-26,Brand D,Safety,Vendor 23,566.95,277.77,289.18,1771,1082,2.78,876,no
SKU51954,2024-10-01,Brand L,Adhesives,Vendor 12,297.35,206.01,91.34,691,106,4.17,353,no
SKU51955,2023-03-03,Brand L,Measuring,Vendor 10,641.95,364.39,277.56,1605,224,2.75,471,no
SKU51956,2021-05-21,Brand I,Tools,Vendor 23,169.48,144.1,25.38,1247,1622,3.22,331,no
SKU51957,2020-04-02,Brand D,Lighting,Vendor 16,74.06,38.28,35.78,546,2206,4.24,464,no
SKU51958,2019-08-31,Brand A,Fasteners,Vendor 04,124.61,68.76,55.85,149,1737,4.63,112,no
SKU51959,2019-10-01,Brand H,Safety,Vendor 19,836.36,325.06,511.3,325,4049,2.52,861,no
SKU51960,2020-04-08,Brand G,Adhesives,Vendor 23,173.06,85.07,87.99,1088,2105,2.61,521,no
SKU51961,2019-06-24,Brand E,Measuring,Vendor 12,310.84,144.41,166.43,208,3396,2.3,774,no
SKU51962,2020-12-27,Brand K,Tools,Vendor 02,472.32,356.06,116.26,1664,1777,3.03,173,no
SKU51963,2023-03-14,Brand I,Lighting,Vendor 24,13.83,5.56,8.27,984,1668,3.26,617,no
SKU51964,2022-10-28,Brand F,Fasteners,Vendor 17,354.18,204.42,149.76,354,1818,3.36,140,no
SKU51965,2021-03-28,Brand I,Safety,Vendor 22,251.67,109.25,142.42,901,1391,2.16,141,no
SKU51966,2021-03-22,Brand E,Adhesives,Vendor 24,492.96,318.64,174.32,637,3180,3.1,659,no
SKU51967,2024-04-19,Brand A,Measuring,Vendor 01,42.93,19.41,23.52,541,369,3.25,413,no
SKU51968,2021-03-07,Brand I,Tools,Vendor 24,409.19,371.37,37.82,34,2727,3.11,252,no
SKU51969,2024-06-11,Brand E,Lighting,Vendor 17,168.01,86.36,81.65,1581,3321,3.65,379,yes
SKU51970,2024-06-24,Brand I,Fasteners,Vendor 19,335.46,175.9,159.56,507,4210,4.34,587,no
SKU51971,2021-02-17,Brand B,Safety,Vendor 13,492.11,348.41,143.7,1682,3721,4.79,255,no
SKU51972,2021-02-17,Brand G,Adhesives,Vendor 10,527.61,332.48,195.13,618,83,2.72,85,no
SKU51973,2020-05-06,Brand I,Measuring,Vendor 03,725.35,313.2,412.15,847,3009,3.1,547,no
SKU51974,2024-12-28,Brand A,Tools,Vendor 24,291.97,214.9,77.07,492,138,4.91,759,no
SKU51975,2019-08-09,Brand H,Lighting,Vendor 11,286.33,117.26,169.07,793,986,2.15,548,no
SKU51976,2019-12-03,Brand F,Fasteners,Vendor 08,479.42,327.84,151.58,1157,4912,2.08,394,no
SKU51977,2021-04-24,Brand J,Safety,Vendor 25,102.15,48.92,53.23,1339,411,2.94,200,no
SKU51978,2022-12-03,Brand K,Adhesives,Vendor 03,560.01,364.29,195.72,474,477,4.25,144,no
SKU51979,2019-06-18,Brand F,Measuring,Vendor 02,240.54,100.62,139.92,1281,4011,3.41,882,yes
SKU51980,2021-10-10,Brand G,Tools,Vendor 12,445.85,346.24,99.61,1683,2045,3.61,510,no
SKU51981,2021-10-10,Brand B,Lighting,Vendor 05,25.88,19.98,5.9,1508,2796,2.09,803,no
SKU51982,2020-01-05,Brand L,Fasteners,Vendor 06,8.27,7.25,1.02,1545,4030,3.79,272,no
SKU51983,2023-08-24,Brand L,Safety,Vendor 23,326.82,225.24,101.58,1114,916,3.23,548,no
SKU51984,2022-04-05,Brand H,Adhesives,Vendor 19,566.99,223.46,343.53,731,2287,2.64,46,no
SKU51985,2021-10-15,Brand L,Measuring,Vendor 06,647.41,250.33,397.08,409,1874,2.25,606,yes
SKU51986,2024-08-12,Brand F,Tools,Vendor 14,695.39,366.79,328.6,812,982,2.65,453,no
SKU51987,2021-10-31,Brand C,Lighting,Vendor 09,335.22,180.32,154.9,255,152,2.42,10,no
SKU51988,2021-11-11,Brand D,Fasteners,Vendor 20,329.57,133.14,196.43,1061,679,3.7,405,no
SKU51989,2021-07-26,Brand J,Safety,Vendor 16,276.07,245.71,30.36,269,646,3.76,108,yes
SKU51990,2021-10-17,Brand K,Adhesives,Vendor 11,693.5,384.9,308.6,806,3596,3.67,371,yes
SKU51991,2019-07-16,Brand H,Measuring,Vendor 22,925.05,359.94,565.11,39,1165,3.86,794,yes
SKU51992,2022-12-06,Brand E,Tools,Vendor 04,187.01,163.34,23.67,1466,4542,3.29,402,yes
SKU51993,2023-09-18,Brand L,Lighting,Vendor 12,396.81,252.7,144.11,263,4626,4.72,162,no
SKU51994,2023-08-29,Brand C,Fasteners,Vendor 14,813.24,318.05,495.19,777,3661,3.56,271,no
SKU51995,2023-05-29,Brand D,Safety,Vendor 08,361.4,237.76,123.64,154,2209,3.46,638,no
SKU51996,2019-01-14,Brand D,Adhesives,Vendor 07,454.6,253.01,201.59,1414,3962,3.41,385,no
SKU51997,2019-01-25,Brand B,Measuring,Vendor 12,336.96,179.74,157.22,277,1838,4.69,159,no
SKU51998,2024-09-13,Brand K,Tools,Vendor 10,24.11,20.19,3.92,313,4321,2.05,513,no
SKU51999,2023-09-02,Brand B,Lighting,Vendor 22,783.99,385.52,398.47,1273,445,4.97,15,no
SKU52000,2022-05-02,Brand H,Fasteners,Vendor 24,575.68,279.2,296.48,1519,3016,4.17,789,no
SKU52001,2024-10-01,Brand G,Safety,Vendor 02,779.31,333.84,445.47,785,4088,4.47,425,no
SKU52002,2023-01-24,Brand K,Adhesives,Vendor 21,415.77,192.13,223.64,1722,2627,2.95,618,no
SKU52003,2022-05-10,Brand L,Measuring,Vendor 09,444.22,282.07,162.15,754,1899,2.68,270,no
SKU52004,2021-01-15,Brand L,Tools,Vendor 05,431.18,307.04,124.14,600,2091,4.43,681,no
SKU52005,2021-07-17,Brand E,Lighting,Vendor 02,230.49,91.61,138.88,1217,2371,4.38,544,no
SKU52006,2019-04-02,Brand B,Fasteners,Vendor 04,65.95,38.64,27.31,72,3728,3.42,186,no
SKU52007,2020-05-03,Brand L,Safety,Vendor 24,490.3,233.88,256.42,1196,4407,2.84,536,no
SKU52008,2023-01-27,Brand B,Adhesives,Vendor 03,99.34,53.56,45.78,1346,3907,2.85,448,no
SKU52009,2023-12-30,Brand B,Measuring,Vendor 16,130.51,73.54,56.97,6,2246,3.43,445,no
SKU52010,2024-11-22,Brand D,Tools,Vendor 12,173.32,157.29,16.03,1556,5144,3.17,633,yes
SKU52011,2020-07-18,Brand B,Lighting,Vendor 01,139.61,97.37,42.24,1286,2150,2.87,379,yes
SKU52012,2020-03-18,Brand C,Fasteners,Vendor 10,13.09,6.38,6.71,1214,184,4.25,129,yes
SKU52013,2024-10-04,Brand G,Safety,Vendor 09,533.32,284.82,248.5,19,2822,4.9,763,no
SKU52014,2021-07-30,Brand K,Adhesives,Vendor 17,321.13,163.48,157.65,294,3247,3.37,614,no
SKU52015,2021-02-24,Brand I,Measuring,Vendor 06,359.1,192.34,166.76,248,2252,3.13,644,no
SKU52016,2023-02-18,Brand I,Tools,Vendor 24,80.1,68.8,11.3,1015,2572,3.25,865,yes
SKU52017,2024-04-24,Brand I,Lighting,Vendor 14,206.08,178.21,27.87,722,4789,3.84,211,no
SKU52018,2023-09-18,Brand K,Fasteners,Vendor 09,477.29,280.2,197.09,201,136,2.94,171,no
SKU52019,2020-07-19,Brand B,Safety,Vendor 11,99.74,50.46,49.28,574,3849,2.13,377,no
SKU52020,2022-04-23,Brand I,Adhesives,Vendor 09,390.05,226.94,163.11,1386,1312,2.22,730,no
SKU52021,2020-06-17,Brand E,Measuring,Vendor 07,411.78,268.07,143.71,408,4149,4.11,481,no
SKU52022,2022-08-23,Brand A,Tools,Vendor 01,354.93,250.19,104.74,1732,2527,2.84,844,no
SKU52023,2023-11-03,Brand I,Lighting,Vendor 19,368.35,171.22,197.13,1520,3001,3.23,449,no
SKU52024,2021-05-10,Brand F,Fasteners,Vendor 15,679.12,340.54,338.58,1020,276,4.96,753,no
SKU52025,2024-07-07,Brand J,Safety,Vendor 10,197.04,112.06,84.98,1735,1539,4.42,819,no
SKU52026,2022-07-26,Brand C,Adhesives,Vendor 19,536.5,279.66,256.84,1023,5083,4.47,881,no
SKU52027,2019-01-27,Brand I,Measuring,Vendor 12,69.43,33.19,36.24,396,693,4.31,21,no
SKU52028,2023-08-03,Brand B,Tools,Vendor 20,104.47,54.86,49.61,718,4418,2.22,519,no
SKU52029,2024-04-03,Brand G,Lighting,Vendor 04,353.21,210.04,143.17,772,4373,2.74,613,yes
SKU52030,2019-08-09,Brand J,Fasteners,Vendor 09,60.87,54.87,6.0,1744,4239,3.62,483,no
SKU52031,2023-03-09,Brand E,Safety,Vendor 17,199.99,126.34,73.65,846,547,2.65,27,no
SKU52032,2023-02-23,Brand E,Adhesives,Vendor 15,26.99,18.69,8.3,1529,4609,2.92,468,yes
SKU52033,2019-12-27,Brand B,Measuring,Vendor 08,74.02,47.85,26.17,1015,4761,3.81,478,no
SKU52034,2022-11-29,Brand L,Tools,Vendor 18,333.8,303.3,30.5,1296,1404,2.23,356,no
SKU52035,2019-10-31,Brand K,Lighting,Vendor 14,467.38,293.35,174.03,1270,2433,3.21,385,no
SKU52036,2024-01-28,Brand K,Fasteners,Vendor 21,250.49,219.92,30.57,1723,1751,4.61,836,no
SKU52037,2024-08-28,Brand A,Safety,Vendor 06,209.11,167.39,41.72,1792,1843,3.7,360,yes
SKU52038,2024-04-26,Brand G,Adhesives,Vendor 23,9.2,5.93,3.27,1146,3092,2.65,134,no
SKU52039,2019-08-04,Brand B,Measuring,Vendor 05,515.61,213.29,302.32,1793,3968,2.17,45,no
SKU52040,2019-03-05,Brand D,Tools,Vendor 17,952.3,383.93,568.37,695,2043,3.95,72,no
SKU52041,2019-04-01,Brand J,Lighting,Vendor 19,254.92,176.07,78.85,1631,382,4.89,132,no
SKU52042,2019-05-26,Brand B,Fasteners,Vendor 09,170.76,89.62,81.14,1330,2125,4.24,319,no
SKU52043,2022-07-03,Brand K,Safety,Vendor 01,802.66,341.74,460.92,561,432,2.68,550,no
SKU52044,2019-06-17,Brand F,Adhesives,Vendor 04,470.57,263.56,207.01,1119,429,2.78,157,no
SKU52045,2022-09-26,Brand E,Measuring,Vendor 05,367.21,168.53,198.68,1643,1867,4.63,131,yes
SKU52046,2024-04-16,Brand D,Tools,Vendor 09,218.09,164.42,53.67,1122,1812,3.05,257,no
SKU52047,2021-02-04,Brand K,Lighting,Vendor 09,109.81,92.73,17.08,483,1987,4.14,802,no
SKU52048,2023-11-24,Brand H,Fasteners,Vendor 24,204.14,95.5,108.64,1439,3750,3.0,534,no
SKU52049,2024-10-24,Brand E,Safety,Vendor 12,488.8,247.02,241.78,818,3078,3.54,197,no
SKU52050,2024-03-25,Brand K,Adhesives,Vendor 09,59.83,50.4,9.43,284,1220,3.06,752,yes
SKU52051,2020-12-05,Brand D,Measuring,Vendor 15,779.85,320.24,459.61,1758,4998,3.41,749,no
SKU52052,2020-01-28,Brand J,Tools,Vendor 11,205.11,108.38,96.73,110,1900,3.51,232,no
SKU52053,2020-02-03,Brand K,Lighting,Vendor 03,299.69,185.38,114.31,1378,4233,3.31,227,no
SKU52054,2020-02-14,Brand A,Fasteners,Vendor 25,707.17,339.51,367.66,1631,1740,3.45,80,yes
SKU52055,2023-08-26,Brand H,Safety,Vendor 18,710.6,315.77,394.83,97,2372,2.32,181,no
SKU52056,2024-09-28,Brand L,Adhesives,Vendor 20,299.13,179.02,120.11,1120,3450,4.5,321,no
SKU52057,2022-02-09,Brand B,Measuring,Vendor 21,509.77,213.54,296.23,1707,1388,4.74,237,no
SKU52058,2021-12-15,Brand I,Tools,Vendor 20,330.6,209.59,121.01,1420,3706,3.37,472,no
SKU52059,2023-10-11,Brand B,Lighting,Vendor 13,531.66,242.18,289.48,924,3795,3.21,173,no
SKU52060,2020-12-31,Brand B,Fasteners,Vendor 10,526.99,356.49,170.5,904,3240,2.55,882,no
SKU52061,2022-01-17,Brand B,Safety,Vendor 01,305.81,122.56,183.25,1238,765,3.7,699,yes
SKU52062,2020-10-21,Brand B,Adhesives,Vendor 04,486.5,285.42,201.08,804,2002,2.82,593,no
SKU52063,2022-01-10,Brand J,Measuring,Vendor 19,165.1,127.48,37.62,1642,545,2.75,48,no
SKU52064,2023-11-11,Brand C,Tools,Vendor 18,568.22,313.76,254.46,217,1620,4.73,843,no
SKU52065,2022-01-16,Brand K,Lighting,Vendor 15,805.6,385.18,420.42,1437,240,2.1,422,no
SKU52066,2021-06-13,Brand K,Fasteners,Vendor 04,647.09,269.66,377.43,303,4512,2.02,547,yes
SKU52067,2020-08-07,Brand G,Safety,Vendor 03,196.78,169.63,27.15,1124,2979,2.79,313,no
SKU52068,2019-06-23,Brand E,Adhesives,Vendor 02,717.5,294.62,422.88,1301,178,2.65,729,no
SKU52069,2021-07-26,Brand H,Measuring,Vendor 04,124.52,106.85,17.67,1372,395,4.55,511,no
SKU52070,2022-11-12,Brand L,Tools,Vendor 14,254.63,144.82,109.81,874,1352,3.92,551,no
SKU52071,2024-02-06,Brand G,Lighting,Vendor 20,727.97,286.09,441.88,1706,1579,4.92,442,no
SKU52072,2024-12-26,Brand D,Fasteners,Vendor 13,397.28,305.93,91.35,27,1558,3.35,358,no
SKU52073,2022-09-10,Brand K,Safety,Vendor 19,648.24,320.4,327.84,1425,1885,4.5,681,no
SKU52074,2021-04-23,Brand D,Adhesives,Vendor 24,329.51,193.36,136.15,967,4180,2.43,618,no
SKU52075,2020-07-22,Brand B,Measuring,Vendor 25,668.04,305.54,362.5,545,4197,3.79,401,no
SKU52076,2023-08-25,Brand F,Tools,Vendor 16,103.49,74.49,29.0,1136,737,3.91,837,no
SKU52077,2022-10-09,Brand C,Lighting,Vendor 01,217.47,152.83,64.64,491,1467,2.58,555,no
SKU52078,2022-02-19,Brand C,Fasteners,Vendor 20,390.7,174.72,215.98,362,65,2.6,744,no
SKU52079,2022-05-09,Brand I,Safety,Vendor 16,473.33,248.49,224.84,1015,1105,4.14,257,no
SKU52080,2022-05-23,Brand I,Adhesives,Vendor 07,442.83,183.58,259.25,443,4942,2.55,138,no
SKU52081,2023-10-23,Brand G,Measuring,Vendor 23,161.61,70.52,91.09,1357,2207,4.05,506,no
SKU52082,2024-06-27,Brand I,Tools,Vendor 07,483.96,391.0,92.96,664,3230,2.37,565,no
SKU52083,2024-05-14,Brand K,Lighting,Vendor 03,563.12,248.98,314.14,44,183,4.51,633,no
SKU52084,2021-05-23,Brand D,Fasteners,Vendor 16,224.65,130.99,93.66,1749,4371,4.95,255,no
SKU52085,2020-04-02,Brand D,Safety,Vendor 08,35.25,29.45,5.8,1419,3943,3.34,518,no
SKU52086,2021-01-24,Brand D,Adhesives,Vendor 22,426.88,326.88,100.0,1537,3892,3.25,351,no
SKU52087,2024-07-10,Brand K,Measuring,Vendor 19,425.03,208.0,217.03,589,2675,3.71,137,no
SKU52088,2023-08-02,Brand I,Tools,Vendor 13,203.44,120.78,82.66,132,195,2.98,796,no
SKU52089,2023-08-07,Brand J,Lighting,Vendor 16,445.57,323.17,122.4,187,4879,3.78,778,no
SKU52090,2023-03-18,Brand B,Fasteners,Vendor 24,524.27,202.85,321.42,1278,4024,2.36,381,no
SKU52091,2023-06-07,Brand F,Safety,Vendor 01,182.98,99.03,83.95,1031,1704,3.72,660,no
SKU52092,2021-01-06,Brand C,Adhesives,Vendor 11,251.63,207.12,44.51,192,4936,4.29,812,no
SKU52093,2020-05-07,Brand K,Measuring,Vendor 17,864.18,388.34,475.84,1658,2103,3.84,452,no
SKU52094,2023-04-14,Brand C,Tools,Vendor 16,255.8,152.43,103.37,468,4342,4.46,205,no
SKU52095,2023-08-03,Brand H,Lighting,Vendor 03,204.62,113.39,91.23,1195,454,3.97,295,no
SKU52096,2020-10-16,Brand K,Fasteners,Vendor 14,104.6,78.35,26.25,1328,3343,3.33,678,no
SKU52097,2022-04-05,Brand L,Safety,Vendor 05,484.2,243.07,241.13,398,5148,4.54,316,no
SKU52098,2024-04-07,Brand C,Adhesives,Vendor 05,278.59,149.79,128.8,106,4427,2.03,608,no
SKU52099,2020-04-30,Brand L,Measuring,Vendor 03,91.82,68.49,23.33,806,1423,4.79,830,no
SKU52100,2021-07-03,Brand C,Tools,Vendor 25,759.92,380.37,379.55,1214,4729,4.52,426,yes
SKU52101,2022-04-16,Brand J,Lighting,Vendor 22,129.83,59.3,70.53,1012,1182,2.24,419,no
SKU52102,2024-04-11,Brand E,Fasteners,Vendor 08,438.77,219.14,219.63,1342,4910,2.63,255,no
SKU52103,2021-04-07,Brand B,Safety,Vendor 20,445.23,204.76,240.47,601,5129,2.13,709,yes
SKU52104,2022-07-31,Brand K,Adhesives,Vendor 12,445.38,311.06,134.32,1516,1491,2.02,683,no
SKU52105,2021-04-01,Brand F,Measuring,Vendor 10,198.47,160.47,38.0,914,4541,3.7,269,no
SKU52106,2022-08-25,Brand J,Tools,Vendor 19,369.66,181.93,187.73,940,2916,2.92,795,no
SKU52107,2021-03-02,Brand B,Lighting,Vendor 25,770.44,336.24,434.2,1436,1365,3.92,526,yes
SKU52108,2019-01-02,Brand G,Fasteners,Vendor 18,244.77,96.07,148.7,203,2383,2.04,388,no
SKU52109,2023-08-17,Brand J,Safety,Vendor 15,107.05,54.36,52.69,95,32,3.52,897,no
SKU52110,2024-11-03,Brand G,Adhesives,Vendor 02,360.19,203.11,157.08,1454,3318,3.42,227,yes
SKU52111,2022-06-30,Brand I,Measuring,Vendor 23,431.46,379.54,51.92,1042,2671,2.26,624,no
SKU52112,2022-03-15,Brand B,Tools,Vendor 12,444.55,314.73,129.82,1124,3117,4.14,576,no
SKU52113,2020-08-23,Brand D,Lighting,Vendor 11,123.17,93.58,29.59,1047,2068,2.44,120,no
SKU52114,2023-08-06,Brand F,Fasteners,Vendor 13,268.8,207.7,61.1,564,2713,4.96,657,no
SKU52115,2022-08-30,Brand D,Safety,Vendor 10,489.84,363.66,126.18,1154,912,2.07,560,no
SKU52116,2021-03-26,Brand I,Adhesives,Vendor 09,249.43,131.34,118.09,785,4347,2.41,885,no
SKU52117,2024-04-06,Brand F,Measuring,Vendor 13,22.73,15.68,7.05,779,3693,4.79,685,no
SKU52118,2021-09-25,Brand L,Tools,Vendor 09,230.61,118.68,111.93,891,3305,4.81,655,no
SKU52119,2021-07-24,Brand L,Lighting,Vendor 04,283.02,171.99,111.03,783,2200,3.92,794,no
SKU52120,2020-02-14,Brand I,Fasteners,Vendor 03,443.0,350.31,92.69,364,2844,2.02,611,no
SKU52121,2024-06-23,Brand H,Safety,Vendor 21,74.85,58.01,16.84,862,4382,2.84,293,no
SKU52122,2021-02-02,Brand E,Adhesives,Vendor 22,149.92,65.07,84.85,932,3398,3.19,438,no
SKU52123,2022-10-04,Brand L,Measuring,Vendor 17,654.4,380.27,274.13,740,3942,3.89,328,no
SKU52124,2020-10-15,Brand L,Tools,Vendor 24,35.8,19.89,15.91,1648,4306,3.97,793,no
SKU52125,2024-09-24,Brand A,Lighting,Vendor 09,269.45,153.52,115.93,889,4675,2.82,380,no
SKU52126,2020-10-17,Brand F,Fasteners,Vendor 11,644.71,364.05,280.66,727,1765,3.87,261,no
SKU52127,2019-03-08,Brand C,Safety,Vendor 03,116.5,89.37,27.13,892,3552,2.17,788,no
SKU52128,2019-10-07,Brand B,Adhesives,Vendor 23,972.34,396.36,575.98,605,2364,4.42,190,no
SKU52129,2021-03-29,Brand D,Measuring,Vendor 12,230.56,117.56,113.0,880,4162,3.96,772,yes
SKU52130,2022-03-30,Brand B,Tools,Vendor 01,423.71,203.83,219.88,370,924,2.43,189,no
SKU52131,2021-01-04,Brand J,Lighting,Vendor 04,174.83,70.87,103.96,97,2374,2.46,681,yes
SKU52132,2023-06-03,Brand B,Fasteners,Vendor 21,256.05,152.05,104.0,54,3370,4.93,17,no
SKU52133,2024-01-21,Brand I,Safety,Vendor 07,332.69,237.21,95.48,851,2930,4.99,310,no
SKU52134,2020-03-03,Brand B,Adhesives,Vendor 25,85.75,56.77,28.98,387,1343,2.41,236,yes
SKU52135,2019-03-29,Brand A,Measuring,Vendor 20,829.31,380.04,449.27,1517,1846,4.7,259,yes
SKU52136,2022-06-03,Brand L,Tools,Vendor 03,783.79,349.74,434.05,1405,3374,3.6,868,no
SKU52137,2024-08-13,Brand C,Lighting,Vendor 15,357.05,151.91,205.14,711,4627,4.21,232,no
SKU52138,2022-12-30,Brand J,Fasteners,Vendor 25,222.99,86.35,136.64,416,1079,3.5,529,no
SKU52139,2021-06-21,Brand L,Safety,Vendor 03,459.68,289.88,169.8,841,1803,2.94,348,no
SKU52140,2019-11-07,Brand B,Adhesives,Vendor 13,710.99,312.14,398.85,1710,3395,4.88,383,no
SKU52141,2023-08-23,Brand C,Measuring,Vendor 14,464.46,313.45,151.01,303,3818,4.01,499,no
SKU52142,2020-08-26,Brand J,Tools,Vendor 18,333.93,226.85,107.08,633,4471,3.17,187,no
SKU52143,2020-08-30,Brand H,Lighting,Vendor 10,659.17,286.04,373.13,899,4666,2.32,745,yes
SKU52144,2024-02-04,Brand J,Fasteners,Vendor 02,50.28,32.4,17.88,1551,2134,4.89,334,yes
SKU52145,2021-04-24,Brand A,Safety,Vendor 05,287.93,218.64,69.29,351,3884,4.46,485,no
SKU52146,2022-07-29,Brand G,Adhesives,Vendor 02,513.05,354.31,158.74,715,255,4.21,467,yes
SKU52147,2019-12-21,Brand B,Measuring,Vendor 13,408.4,329.7,78.7,341,3843,4.71,858,no
SKU52148,2021-04-09,Brand I,Tools,Vendor 09,16.6,10.81,5.79,1252,1970,4.04,486,no
SKU52149,2019-10-20,Brand G,Lighting,Vendor 25,107.72,56.64,51.08,864,1900,2.32,204,no
SKU52150,2019-11-06,Brand C,Fasteners,Vendor 07,243.38,183.91,59.47,1418,3547,2.05,798,no
SKU52151,2020-09-27,Brand A,Safety,Vendor 21,643.72,299.69,344.03,948,2624,2.58,705,no
SKU52152,2024-06-14,Brand I,Adhesives,Vendor 24,3.83,2.83,1.0,427,264,4.01,24,no
SKU52153,2021-11-24,Brand D,Measuring,Vendor 12,464.39,376.71,87.68,26,1674,3.17,231,no
SKU52154,2021-01-11,Brand J,Tools,Vendor 17,849.36,342.82,506.54,429,3832,3.96,615,no
SKU52155,2021-01-08,Brand I,Lighting,Vendor 15,233.36,146.08,87.28,112,4138,4.32,308,no
SKU52156,2020-09-03,Brand C,Fasteners,Vendor 22,383.83,263.2,120.63,1606,3806,2.29,73,no
SKU52157,2023-11-19,Brand F,Safety,Vendor 01,417.0,190.17,226.83,159,505,4.88,548,no
SKU52158,2024-12-24,Brand A,Adhesives,Vendor 06,172.67,94.58,78.09,976,4650,3.34,425,no
SKU52159,2020-06-11,Brand B,Measuring,Vendor 10,65.35,54.05,11.3,1698,5000,4.18,459,no
SKU52160,2019-07-23,Brand I,Tools,Vendor 02,929.83,358.93,570.9,1781,3229,4.2,531,no
SKU52161,2021-06-17,Brand F,Lighting,Vendor 13,33.67,16.23,17.44,1293,3780,4.79,219,no
SKU52162,2022-10-13,Brand A,Fasteners,Vendor 05,370.26,269.04,101.22,987,2749,4.08,850,no
SKU52163,2019-10-01,Brand H,Safety,Vendor 10,167.93,135.62,32.31,865,5136,3.2,139,no
SKU52164,2021-12-27,Brand G,Adhesives,Vendor 16,573.11,316.6,256.51,1380,1481,3.22,429,no
SKU52165,2024-08-16,Brand J,Measuring,Vendor 02,367.4,222.39,145.01,751,1131,4.33,742,no
SKU52166,2024-11-15,Brand H,Tools,Vendor 15,589.77,335.0,254.77,189,4902,3.73,834,no
SKU52167,2023-12-01,Brand F,Lighting,Vendor 14,180.73,158.14,22.59,133,2010,3.23,313,no
SKU52168,2019-01-09,Brand A,Fasteners,Vendor 13,629.77,289.72,340.05,1309,2649,4.18,505,yes
SKU52169,2020-12-08,Brand E,Safety,Vendor 08,777.15,340.82,436.33,1080,2059,2.28,775,no
SKU52170,2023-08-22,Brand B,Adhesives,Vendor 04,186.74,155.87,30.87,349,1083,2.75,774,yes
SKU52171,2023-10-03,Brand I,Measuring,Vendor 01,552.23,376.68,175.55,1251,2266,2.14,376,no
SKU52172,2019-02-23,Brand F,Tools,Vendor 17,335.95,200.21,135.74,1636,1839,2.69,274,no
SKU52173,2019-01-17,Brand E,Lighting,Vendor 09,443.78,218.24,225.54,1720,4518,3.41,518,no
SKU52174,2023-09-08,Brand A,Fasteners,Vendor 25,16.66,13.28,3.38,1223,1525,3.6,785,no
SKU52175,2021-05-08,Brand L,Safety,Vendor 14,254.77,114.67,140.1,866,1032,3.28,268,no
SKU52176,2024-09-18,Brand G,Adhesives,Vendor 16,25.87,18.05,7.82,425,1576,2.3,477,no
SKU52177,2024-09-25,Brand C,Measuring,Vendor 12,530.62,370.85,159.77,646,7,2.55,828,no
SKU52178,2024-06-02,Brand A,Tools,Vendor 03,260.59,230.33,30.26,1453,1084,3.74,27,no
SKU52179,2020-02-19,Brand H,Lighting,Vendor 04,854.06,334.2,519.86,1510,3276,4.82,43,no
SKU52180,2020-09-10,Brand L,Fasteners,Vendor 07,410.78,265.18,145.6,510,2626,2.52,295,no
SKU52181,2021-04-09,Brand J,Safety,Vendor 24,113.24,90.04,23.2,714,4906,3.31,232,no
SKU52182,2023-12-08,Brand E,Adhesives,Vendor 17,189.56,100.99,88.57,1389,240,3.5,897,no
SKU52183,2023-06-20,Brand E,Measuring,Vendor 12,71.82,36.72,35.1,1620,1444,2.53,313,no
SKU52184,2019-01-22,Brand C,Tools,Vendor 06,699.72,316.7,383.02,1525,2518,4.86,10,no
SKU52185,2023-08-12,Brand G,Lighting,Vendor 23,444.67,193.74,250.93,221,650,3.02,96,no
SKU52186,2020-01-06,Brand B,Fasteners,Vendor 23,279.17,182.64,96.53,639,1460,4.98,703,no
SKU52187,2019-01-16,Brand C,Safety,Vendor 14,971.03,396.23,574.8,1511,4501,4.83,405,no
SKU52188,2023-11-12,Brand J,Adhesives,Vendor 01,430.29,288.47,141.82,18,2632,3.97,602,no
SKU52189,2019-10-18,Brand B,Measuring,Vendor 13,616.45,266.52,349.93,1438,5146,3.85,427,no
SKU52190,2019-09-11,Brand F,Tools,Vendor 06,996.15,389.15,607.0,12,3434,3.89,759,no
SKU52191,2020-12-29,Brand G,Lighting,Vendor 09,823.8,382.22,441.58,440,494,2.12,711,no
SKU52192,2019-12-06,Brand E,Fasteners,Vendor 15,103.96,49.6,54.36,578,596,2.3,140,no
SKU52193,2021-04-17,Brand E,Safety,Vendor 13,658.91,358.37,300.54,96,565,3.43,56,no
SKU52194,2019-08-15,Brand G,Adhesives,Vendor 11,109.91,53.62,56.29,1016,5016,4.14,234,no
SKU52195,2019-10-03,Brand K,Measuring,Vendor 11,914.04,351.97,562.07,764,4236,3.13,419,no
SKU52196,2022-12-21,Brand A,Tools,Vendor 08,335.54,214.02,121.52,1186,4054,3.42,452,yes
SKU52197,2020-10-26,Brand F,Lighting,Vendor 05,408.01,239.29,168.72,277,1915,4.29,203,no
SKU52198,2023-06-02,Brand B,Fasteners,Vendor 07,97.16,67.7,29.46,817,474,3.28,448,no
SKU52199,2019-03-23,Brand B,Safety,Vendor 13,259.22,213.86,45.36,143,3524,4.92,879,no
SKU52200,2021-03-30,Brand F,Adhesives,Vendor 04,291.54,198.81,92.73,994,1153,3.1,765,no
SKU52201,2022-09-04,Brand G,Measuring,Vendor 11,21.41,8.6,12.81,1256,4929,4.45,158,no
SKU52202,2024-05-22,Brand F,Tools,Vendor 08,174.07,137.68,36.39,719,1814,4.28,374,no
SKU52203,2024-07-14,Brand D,Lighting,Vendor 10,447.63,177.51,270.12,295,407,2.12,590,no
SKU52204,2020-11-21,Brand D,Fasteners,Vendor 14,405.4,331.71,73.69,1016,4773,4.66,773,no
SKU52205,2019-07-26,Brand I,Safety,Vendor 22,381.36,223.02,158.34,471,3036,3.78,636,no
SKU52206,2019-11-23,Brand D,Adhesives,Vendor 21,54.26,41.81,12.45,1202,4594,3.16,192,no
SKU52207,2024-06-08,Brand B,Measuring,Vendor 02,373.93,154.47,219.46,1695,1053,3.33,390,no
SKU52208,2024-06-18,Brand A,Tools,Vendor 05,163.62,94.66,68.96,1750,2065,3.33,182,no
SKU52209,2021-01-20,Brand I,Lighting,Vendor 24,842.59,362.72,479.87,1517,4846,2.43,810,no
SKU52210,2023-02-25,Brand D,Fasteners,Vendor 04,26.13,10.99,15.14,268,2931,3.2,536,no
SKU52211,2020-08-16,Brand B,Safety,Vendor 23,222.69,86.82,135.87,125,679,2.68,614,no
SKU52212,2019-03-21,Brand J,Adhesives,Vendor 10,325.34,150.85,174.49,1073,2031,2.62,805,yes
SKU52213,2021-03-31,Brand D,Measuring,Vendor 23,571.36,271.15,300.21,883,2588,4.89,267,yes
SKU52214,2024-10-30,Brand I,Tools,Vendor 19,675.57,270.01,405.56,1776,1737,4.93,625,no
SKU52215,2023-11-25,Brand C,Lighting,Vendor 08,647.88,356.46,291.42,47,4668,2.46,451,no
SKU52216,2020-12-02,Brand J,Fasteners,Vendor 07,836.79,360.26,476.53,216,2622,4.79,260,no
SKU52217,2021-11-13,Brand B,Safety,Vendor 03,650.0,354.66,295.34,1440,3213,2.46,429,no
SKU52218,2022-10-30,Brand E,Adhesives,Vendor 10,214.08,87.32,126.76,813,4934,3.05,803,no
SKU52219,2023-08-01,Brand A,Measuring,Vendor 24,657.31,340.34,316.97,1720,1581,3.79,818,no
SKU52220,2020-09-15,Brand I,Tools,Vendor 11,8.09,4.89,3.2,1557,2068,4.62,582,no
SKU52221,2020-04-12,Brand E,Lighting,Vendor 04,46.5,34.95,11.55,1304,3574,3.74,766,no
SKU52222,2019-10-13,Brand B,Fasteners,Vendor 13,29.49,14.93,14.56,1504,3251,3.48,7,no
SKU52223,2021-12-02,Brand B,Safety,Vendor 04,234.93,122.6,112.33,910,1430,3.72,96,yes
SKU52224,2020-01-15,Brand K,Adhesives,Vendor 25,278.96,214.51,64.45,669,1222,4.11,174,no
SKU52225,2021-12-16,Brand H,Measuring,Vendor 10,344.71,152.19,192.52,1509,2020,2.38,283,no
SKU52226,2023-04-12,Brand A,Tools,Vendor 11,275.77,153.97,121.8,1324,4078,4.9,703,yes
SKU52227,2023-09-26,Brand E,Lighting,Vendor 07,621.71,254.03,367.68,409,2899,2.27,136,no
SKU52228,2022-06-01,Brand K,Fasteners,Vendor 18,468.14,244.11,224.03,506,769,4.74,509,no
SKU52229,2023-03-10,Brand F,Safety,Vendor 02,153.29,74.5,78.79,20,350,2.59,720,no
SKU52230,2022-02-22,Brand A,Adhesives,Vendor 10,713.06,333.02,380.04,907,1117,3.36,786,no
SKU52231,2022-12-13,Brand A,Measuring,Vendor 14,57.29,28.15,29.14,1046,4719,2.48,601,no
SKU52232,2024-11-02,Brand J,Tools,Vendor 08,8.7,6.38,2.32,341,2288,3.01,450,no
SKU52233,2019-05-23,Brand C,Lighting,Vendor 03,571.91,308.0,263.91,387,3105,4.46,662,yes
SKU52234,2022-03-30,Brand J,Fasteners,Vendor 05,299.03,159.04,139.99,159,3144,3.72,37,no
SKU52235,2019-05-27,Brand J,Safety,Vendor 14,210.89,89.69,121.2,1788,3520,2.53,832,no
SKU52236,2022-02-04,Brand A,Adhesives,Vendor 15,638.62,392.78,245.84,1286,3956,4.05,403,no
SKU52237,2024-01-14,Brand B,Measuring,Vendor 15,142.15,93.95,48.2,27,4937,3.67,433,no
SKU52238,2020-04-05,Brand D,Tools,Vendor 04,174.22,71.68,102.54,480,100,3.11,335,no
SKU52239,2019-02-02,Brand A,Lighting,Vendor 20,628.77,253.03,375.74,1479,3352,2.76,211,no
SKU52240,2024-09-04,Brand I,Fasteners,Vendor 11,290.21,197.45,92.76,781,4436,2.02,104,no
SKU52241,2024-11-03,Brand C,Safety,Vendor 09,787.2,370.18,417.02,49,1114,2.67,456,no
SKU52242,2021-05-22,Brand L,Adhesives,Vendor 11,608.26,355.49,252.77,907,2414,4.54,631,no
SKU52243,2021-04-17,Brand C,Measuring,Vendor 23,403.04,200.36,202.68,1303,97,4.32,582,no
SKU52244,2019-02-22,Brand F,Tools,Vendor 17,66.68,38.54,28.14,1622,1681,4.28,561,no
SKU52245,2019-08-17,Brand A,Lighting,Vendor 05,586.73,369.6,217.13,1091,2860,2.55,307,no
SKU52246,2022-03-25,Brand F,Fasteners,Vendor 05,479.92,265.89,214.03,262,4140,4.83,900,no
SKU52247,2024-07-09,Brand B,Safety,Vendor 19,751.26,396.52,354.74,1282,309,4.04,324,no
SKU52248,2024-03-24,Brand G,Adhesives,Vendor 19,425.82,170.84,254.98,1595,3091,4.84,584,yes
SKU52249,2020-04-10,Brand L,Measuring,Vendor 24,291.04,125.04,166.0,789,1466,2.11,755,yes
SKU52250,2024-10-09,Brand H,Tools,Vendor 20,522.43,329.19,193.24,744,5056,2.13,666,no
SKU52251,2022-11-15,Brand G,Lighting,Vendor 15,62.04,29.02,33.02,291,228,4.69,616,no
SKU52252,2021-07-25,Brand E,Fasteners,Vendor 24,276.67,184.18,92.49,1744,2375,4.67,579,no
SKU52253,2023-07-02,Brand C,Safety,Vendor 25,513.34,370.5,142.84,536,1788,3.67,550,no
SKU52254,2021-10-14,Brand L,Adhesives,Vendor 20,166.22,73.3,92.92,1800,3922,4.48,749,no
SKU52255,2019-12-08,Brand A,Measuring,Vendor 18,449.66,241.07,208.59,944,1661,4.87,139,no
SKU52256,2022-11-16,Brand L,Tools,Vendor 16,529.11,212.33,316.78,844,210,4.59,856,no
SKU52257,2020-09-25,Brand H,Lighting,Vendor 03,123.74,106.19,17.55,57,369,2.58,826,no
SKU52258,2019-12-26,Brand J,Fasteners,Vendor 05,371.59,157.24,214.35,849,3903,4.34,678,no
SKU52259,2019-10-18,Brand I,Safety,Vendor 17,359.84,188.69,171.15,629,205,3.38,439,no
SKU52260,2021-09-02,Brand I,Adhesives,Vendor 17,287.07,146.5,140.57,1428,3525,3.42,76,no
SKU52261,2024-02-18,Brand B,Measuring,Vendor 11,103.34,85.59,17.75,1010,4994,3.47,266,no
SKU52262,2019-03-05,Brand L,Tools,Vendor 18,470.86,221.92,248.94,1068,2976,4.26,335,no
SKU52263,2019-10-09,Brand D,Lighting,Vendor 24,822.86,369.76,453.1,1578,1420,4.51,861,no
SKU52264,2019-05-18,Brand E,Fasteners,Vendor 01,224.77,159.55,65.22,823,1635,3.91,286,yes
SKU52265,2022-06-17,Brand A,Safety,Vendor 07,50.24,20.42,29.82,1303,1120,2.68,234,no
SKU52266,2024-03-27,Brand A,Adhesives,Vendor 13,67.1,53.1,14.0,1661,4274,4.31,653,no
SKU52267,2021-11-03,Brand E,Measuring,Vendor 15,58.53,49.72,8.81,1458,3195,4.3,302,no
SKU52268,2022-09-11,Brand B,Tools,Vendor 11,464.57,321.16,143.41,1203,2324,2.66,57,no
SKU52269,2023-10-24,Brand F,Lighting,Vendor 05,140.77,115.5,25.27,1624,4480,2.17,261,yes
SKU52270,2023-03-19,Brand F,Fasteners,Vendor 18,270.23,146.58,123.65,1699,3735,2.77,855,no
SKU52271,2019-10-10,Brand L,Safety,Vendor 19,55.0,47.98,7.02,1391,225,2.83,224,no
SKU52272,2022-05-15,Brand H,Adhesives,Vendor 19,175.83,140.32,35.51,375,130,3.53,215,no
SKU52273,2022-03-08,Brand I,Measuring,Vendor 13,577.88,333.27,244.61,557,2742,4.16,851,no
SKU52274,2022-02-25,Brand K,Tools,Vendor 06,550.14,222.31,327.83,1584,4137,2.46,445,no
SKU52275,2022-07-16,Brand J,Lighting,Vendor 05,635.67,322.47,313.2,930,4185,4.88,177,no
SKU52276,2023-11-04,Brand J,Fasteners,Vendor 13,194.5,83.06,111.44,190,1143,2.65,37,no
SKU52277,2023-02-11,Brand I,Safety,Vendor 10,70.64,41.1,29.54,1221,2741,2.61,337,no
SKU52278,2024-06-20,Brand E,Adhesives,Vendor 06,114.29,60.12,54.17,1035,1226,4.67,260,no
SKU52279,2024-08-25,Brand D,Measuring,Vendor 18,271.84,117.0,154.84,89,3166,2.38,205,no
SKU52280,2023-11-03,Brand F,Tools,Vendor 08,471.07,259.83,211.24,173,2073,4.6,661,no
SKU52281,2021-05-01,Brand G,Lighting,Vendor 13,638.08,314.81,323.27,787,4555,2.61,722,no
SKU52282,2022-02-21,Brand B,Fasteners,Vendor 21,331.06,284.95,46.11,344,2104,3.81,614,yes
SKU52283,2024-10-17,Brand A,Safety,Vendor 17,209.41,114.42,94.99,252,663,4.56,482,yes
SKU52284,2019-01-14,Brand L,Adhesives,Vendor 20,301.02,126.53,174.49,1266,4049,3.1,542,no
SKU52285,2020-08-29,Brand H,Measuring,Vendor 14,589.82,243.78,346.04,1433,2949,2.58,809,yes
SKU52286,2022-02-27,Brand G,Tools,Vendor 07,167.49,142.87,24.62,293,1888,2.49,603,no
SKU52287,2022-09-27,Brand A,Lighting,Vendor 08,478.43,209.94,268.49,1068,4174,3.89,822,no
SKU52288,2019-10-12,Brand B,Fasteners,Vendor 22,362.64,219.93,142.71,258,3375,4.68,310,no
SKU52289,2024-05-06,Brand L,Safety,Vendor 01,60.14,27.63,32.51,1721,3108,2.32,600,no
SKU52290,2022-03-11,Brand G,Adhesives,Vendor 09,322.46,132.51,189.95,1731,4318,4.24,602,no
SKU52291,2019-01-12,Brand B,Measuring,Vendor 24,297.72,209.82,87.9,1439,3883,2.14,261,no
SKU52292,2019-09-11,Brand I,Tools,Vendor 03,641.04,285.26,355.78,118,1762,2.95,780,no
SKU52293,2024-02-04,Brand A,Lighting,Vendor 15,413.74,194.59,219.15,1,2966,2.29,342,no
SKU52294,2019-05-18,Brand C,Fasteners,Vendor 10,115.54,62.11,53.43,644,3694,2.29,631,no
SKU52295,2019-03-24,Brand A,Safety,Vendor 15,220.27,190.27,30.0,1756,4092,2.97,825,no
SKU52296,2019-10-25,Brand K,Adhesives,Vendor 25,177.75,137.91,39.84,180,3171,4.24,443,no
SKU52297,2023-07-05,Brand E,Measuring,Vendor 21,297.42,209.46,87.96,407,3107,3.65,494,no
SKU52298,2022-09-18,Brand A,Tools,Vendor 22,740.27,320.36,419.91,1786,3376,3.67,203,no
SKU52299,2022-11-29,Brand G,Lighting,Vendor 03,388.28,287.82,100.46,1127,417,4.36,896,no
SKU52300,2020-04-13,Brand J,Fasteners,Vendor 23,399.56,177.72,221.84,220,141,4.31,856,no
SKU52301,2024-08-30,Brand K,Safety,Vendor 05,398.48,155.76,242.72,772,2871,4.67,741,no
SKU52302,2022-01-12,Brand C,Adhesives,Vendor 19,281.57,204.86,76.71,765,4758,4.27,560,no
SKU52303,2019-03-22,Brand D,Measuring,Vendor 17,112.59,55.45,57.14,1018,3640,3.21,45,yes
SKU52304,2019-01-01,Brand B,Tools,Vendor 21,514.67,264.89,249.78,1314,1639,2.91,693,no
SKU52305,2022-05-12,Brand L,Lighting,Vendor 23,741.33,302.78,438.55,1271,2835,2.36,100,no
SKU52306,2024-12-12,Brand B,Fasteners,Vendor 20,519.49,370.11,149.38,1490,2350,3.45,804,no
SKU52307,2024-07-09,Brand F,Safety,Vendor 04,276.86,237.0,39.86,410,266,4.77,352,no
SKU52308,2019-10-25,Brand F,Adhesives,Vendor 15,12.93,5.63,7.3,1078,1961,2.17,81,yes
SKU52309,2023-03-16,Brand J,Measuring,Vendor 05,8.64,5.89,2.75,1769,48,2.34,810,no
SKU52310,2020-12-26,Brand L,Tools,Vendor 05,113.39,81.91,31.48,1513,686,4.97,328,no
SKU52311,2021-11-25,Brand B,Lighting,Vendor 22,531.52,233.07,298.45,1578,733,2.1,727,no
SKU52312,2023-10-24,Brand G,Fasteners,Vendor 10,554.07,386.48,167.59,607,4673,2.24,73,no
SKU52313,2019-06-15,Brand J,Safety,Vendor 13,466.1,246.01,220.09,1500,3400,2.54,295,no
SKU52314,2020-08-15,Brand J,Adhesives,Vendor 24,361.17,170.27,190.9,1020,535,2.96,517,no
SKU52315,2020-06-11,Brand I,Measuring,Vendor 23,223.53,113.47,110.06,1684,2807,2.96,193,no
SKU52316,2024-04-19,Brand G,Tools,Vendor 13,62.35,27.03,35.32,717,1231,4.91,898,no
SKU52317,2021-11-27,Brand C,Lighting,Vendor 25,486.97,372.29,114.68,1263,3030,2.94,123,no
SKU52318,2020-08-12,Brand L,Fasteners,Vendor 12,735.84,388.93,346.91,500,2000,2.99,340,no
SKU52319,2020-11-03,Brand E,Safety,Vendor 17,37.04,33.6,3.44,1799,131,3.39,874,no
SKU52320,2019-01-04,Brand H,Adhesives,Vendor 04,389.59,289.88,99.71,1456,1051,4.04,532,no
SKU52321,2023-05-07,Brand I,Measuring,Vendor 22,682.69,293.69,389.0,906,1462,4.67,326,no
SKU52322,2021-04-22,Brand L,Tools,Vendor 12,470.81,229.86,240.95,675,4500,2.23,128,no
SKU52323,2021-08-07,Brand B,Lighting,Vendor 06,11.55,9.85,1.7,571,370,2.67,726,no
SKU52324,2022-03-14,Brand F,Fasteners,Vendor 18,139.92,93.13,46.79,558,1787,3.99,170,no
SKU52325,2021-01-18,Brand I,Safety,Vendor 05,29.83,20.01,9.82,1750,734,4.72,496,no
SKU52326,2024-10-17,Brand J,Adhesives,Vendor 23,284.47,201.53,82.94,1652,4052,4.74,287,no
SKU52327,2021-02-08,Brand D,Measuring,Vendor 02,986.14,389.25,596.89,420,3242,4.21,403,no
SKU52328,2019-07-08,Brand J,Tools,Vendor 08,180.19,115.41,64.78,704,4358,2.94,227,no
SKU52329,2019-06-16,Brand J,Lighting,Vendor 08,305.95,158.85,147.1,754,4688,3.14,258,no
SKU52330,2021-07-19,Brand I,Fasteners,Vendor 15,761.04,343.03,418.01,1089,953,4.55,26,no
SKU52331,2019-02-23,Brand D,Safety,Vendor 11,370.92,293.64,77.28,1325,4566,3.88,821,no
SKU52332,2024-12-21,Brand F,Adhesives,Vendor 05,469.38,214.42,254.96,542,1578,2.14,333,no
SKU52333,2019-09-04,Brand J,Measuring,Vendor 11,83.88,42.84,41.04,328,2828,3.21,635,no
SKU52334,2022-07-10,Brand C,Tools,Vendor 06,460.64,346.42,114.22,1739,1050,2.24,91,no
SKU52335,2021-08-28,Brand D,Lighting,Vendor 05,198.28,141.65,56.63,1466,3015,2.82,356,no
SKU52336,2022-07-29,Brand K,Fasteners,Vendor 19,84.49,42.52,41.97,1764,4701,2.07,866,no
SKU52337,2020-06-07,Brand A,Safety,Vendor 02,317.3,237.08,80.22,1052,79,3.03,106,no
SKU52338,2021-01-23,Brand G,Adhesives,Vendor 21,483.48,212.39,271.09,1217,1487,4.3,582,yes
SKU52339,2021-06-03,Brand K,Measuring,Vendor 11,445.22,251.45,193.77,1685,1151,4.11,613,no
SKU52340,2019-09-16,Brand F,Tools,Vendor 05,400.39,222.6,177.79,790,1205,4.77,635,no
SKU52341,2019-01-19,Brand D,Lighting,Vendor 13,326.22,170.57,155.65,1022,1774,2.68,616,no
SKU52342,2023-02-02,Brand G,Fasteners,Vendor 16,251.46,103.25,148.21,775,1572,2.88,328,no
SKU52343,2023-06-28,Brand K,Safety,Vendor 22,217.75,93.46,124.29,1650,4617,3.26,601,no
SKU52344,2020-10-15,Brand A,Adhesives,Vendor 06,380.18,331.46,48.72,1103,3027,4.67,618,no
SKU52345,2021-05-28,Brand L,Measuring,Vendor 01,558.9,372.49,186.41,1443,3901,2.31,495,no
SKU52346,2024-11-02,Brand L,Tools,Vendor 15,432.68,217.4,215.28,1625,4688,4.38,177,no
SKU52347,2020-06-06,Brand K,Lighting,Vendor 18,484.18,196.11,288.07,202,2973,5.0,310,no
SKU52348,2021-07-03,Brand G,Fasteners,Vendor 09,638.09,332.23,305.86,26,4425,3.01,355,no
SKU52349,2023-01-02,Brand J,Safety,Vendor 15,445.92,302.09,143.83,454,3445,2.53,320,no
SKU52350,2024-03-27,Brand H,Adhesives,Vendor 23,319.23,178.95,140.28,1511,2245,4.91,575,no
SKU52351,2022-04-08,Brand E,Measuring,Vendor 22,236.64,178.85,57.79,30,2552,4.25,103,no
SKU52352,2024-10-25,Brand A,Tools,Vendor 16,434.83,173.39,261.44,680,1413,4.53,844,no
SKU52353,2023-03-03,Brand E,Lighting,Vendor 04,525.63,359.68,165.95,136,1205,4.2,50,no
SKU52354,2020-10-22,Brand J,Fasteners,Vendor 09,292.25,159.84,132.41,644,2089,2.8,515,no
SKU52355,2021-12-20,Brand I,Safety,Vendor 14,703.54,373.22,330.32,1462,1660,4.93,866,no
SKU52356,2021-07-01,Brand F,Adhesives,Vendor 14,558.2,259.37,298.83,1052,4949,2.97,293,no
SKU52357,2019-01-06,Brand A,Measuring,Vendor 16,30.05,24.14,5.91,859,2626,3.44,848,no
SKU52358,2022-01-02,Brand B,Tools,Vendor 17,425.3,372.78,52.52,936,3742,2.95,229,yes
SKU52359,2019-10-03,Brand F,Lighting,Vendor 04,328.65,184.9,143.75,875,1285,3.58,288,no
SKU52360,2022-12-18,Brand B,Fasteners,Vendor 19,388.71,273.39,115.32,610,1821,3.36,585,no
SKU52361,2023-07-22,Brand K,Safety,Vendor 15,640.79,278.31,362.48,841,4600,2.51,580,no
SKU52362,2023-07-16,Brand I,Adhesives,Vendor 07,694.73,320.87,373.86,476,2479,4.09,760,no
SKU52363,2019-12-17,Brand B,Measuring,Vendor 03,462.99,265.37,197.62,99,509,3.46,715,no
SKU52364,2020-01-06,Brand F,Tools,Vendor 23,178.89,84.31,94.58,617,3576,3.56,178,no
SKU52365,2024-06-07,Brand F,Lighting,Vendor 09,459.96,187.38,272.58,361,629,2.1,661,no
SKU52366,2021-10-13,Brand J,Fasteners,Vendor 17,467.2,332.91,134.29,1504,897,4.54,440,no
SKU52367,2022-10-29,Brand F,Safety,Vendor 10,927.39,394.57,532.82,1072,1067,4.98,399,no
SKU52368,2021-05-27,Brand E,Adhesives,Vendor 24,394.94,189.41,205.53,238,3387,2.7,309,no
SKU52369,2023-08-12,Brand F,Measuring,Vendor 08,103.86,70.96,32.9,2,2908,3.92,398,no
SKU52370,2020-03-01,Brand J,Tools,Vendor 07,230.2,179.43,50.77,989,2762,4.42,494,no
SKU52371,2020-11-19,Brand E,Lighting,Vendor 12,94.49,41.18,53.31,958,3567,2.14,331,no
SKU52372,2020-03-15,Brand H,Fasteners,Vendor 06,352.44,170.63,181.81,896,3696,2.59,240,no
SKU52373,2024-02-24,Brand L,Safety,Vendor 04,138.56,78.7,59.86,1034,238,4.54,156,no
SKU52374,2019-05-08,Brand H,Adhesives,Vendor 24,737.6,326.67,410.93,1118,1674,2.82,856,no
SKU52375,2024-03-31,Brand E,Measuring,Vendor 08,723.85,329.13,394.72,1686,4730,3.34,644,no
SKU52376,2023-08-06,Brand K,Tools,Vendor 01,612.7,243.78,368.92,1669,4789,2.9,860,no
SKU52377,2020-12-10,Brand K,Lighting,Vendor 11,480.3,318.05,162.25,1482,3051,4.87,479,yes
SKU52378,2020-03-13,Brand D,Fasteners,Vendor 07,461.7,243.52,218.18,1313,494,3.1,22,no
SKU52379,2020-10-26,Brand B,Safety,Vendor 05,194.42,165.37,29.05,485,4306,3.57,226,no
SKU52380,2024-08-26,Brand J,Adhesives,Vendor 06,111.15,87.51,23.64,192,1668,2.49,255,no
SKU52381,2020-01-13,Brand K,Measuring,Vendor 23,111.85,43.68,68.17,62,4701,4.94,272,no
SKU52382,2021-04-07,Brand B,Tools,Vendor 08,410.86,362.48,48.38,1353,1204,3.34,370,no
SKU52383,2024-11-12,Brand D,Lighting,Vendor 20,549.48,274.97,274.51,858,3869,3.71,520,no
SKU52384,2021-07-18,Brand G,Fasteners,Vendor 04,612.79,350.76,262.03,380,3823,3.06,846,yes
SKU52385,2022-06-09,Brand G,Safety,Vendor 19,414.08,261.05,153.03,708,1069,2.24,711,yes
SKU52386,2022-12-01,Brand K,Adhesives,Vendor 06,291.15,257.28,33.87,1276,1083,3.32,10,no
SKU52387,2020-11-25,Brand D,Measuring,Vendor 23,433.88,205.1,228.78,1401,3668,4.86,101,no
SKU52388,2022-08-24,Brand D,Tools,Vendor 24,436.57,396.01,40.56,1090,3090,4.49,341,no
SKU52389,2022-03-06,Brand H,Lighting,Vendor 19,66.89,45.13,21.76,906,1732,3.59,228,no
SKU52390,2023-04-30,Brand E,Fasteners,Vendor 02,119.46,82.78,36.68,545,965,4.41,331,no
SKU52391,2019-10-21,Brand B,Safety,Vendor 08,535.78,323.42,212.36,1095,1555,3.56,374,no
SKU52392,2022-11-20,Brand D,Adhesives,Vendor 22,605.66,392.47,213.19,1614,4708,2.64,384,no
SKU52393,2022-08-07,Brand D,Measuring,Vendor 01,787.32,394.17,393.15,799,1981,2.14,289,no
SKU52394,2024-08-12,Brand B,Tools,Vendor 08,600.34,399.18,201.16,909,3367,4.47,671,yes
SKU52395,2022-08-15,Brand A,Lighting,Vendor 25,452.58,191.02,261.56,1382,4200,3.55,548,no
SKU52396,2023-03-29,Brand H,Fasteners,Vendor 07,654.62,351.97,302.65,743,4939,3.68,619,no
SKU52397,2019-10-19,Brand K,Safety,Vendor 02,214.81,107.44,107.37,1621,2650,2.02,3,no
SKU52398,2019-06-02,Brand L,Adhesives,Vendor 06,332.04,137.91,194.13,1337,3581,2.98,313,no
SKU52399,2020-08-02,Brand G,Measuring,Vendor 21,486.86,374.01,112.85,929,4530,4.48,615,no
SKU52400,2022-03-01,Brand K,Tools,Vendor 09,464.44,388.47,75.97,630,2236,2.74,452,no
SKU52401,2023-03-21,Brand B,Lighting,Vendor 12,442.92,388.02,54.9,205,2432,3.1,178,yes
SKU52402,2020-05-12,Brand E,Fasteners,Vendor 21,198.22,114.28,83.94,569,3951,2.76,253,no
SKU52403,2024-01-23,Brand G,Safety,Vendor 01,626.03,366.43,259.6,426,1554,4.01,387,no
SKU52404,2020-01-06,Brand A,Adhesives,Vendor 10,559.67,324.06,235.61,382,2645,2.39,3,no
SKU52405,2020-12-13,Brand L,Measuring,Vendor 11,323.18,267.38,55.8,171,4922,4.47,690,no
SKU52406,2021-06-05,Brand I,Tools,Vendor 08,816.62,393.92,422.7,533,4326,3.04,125,no
SKU52407,2021-03-20,Brand G,Lighting,Vendor 18,562.28,269.4,292.88,525,4823,3.67,485,no
SKU52408,2019-11-20,Brand K,Fasteners,Vendor 03,217.98,192.59,25.39,1550,2889,3.28,638,yes
SKU52409,2021-12-05,Brand H,Safety,Vendor 10,80.39,62.9,17.49,594,45,3.28,522,no
SKU52410,2021-08-30,Brand B,Adhesives,Vendor 24,494.85,365.95,128.9,881,2973,4.24,236,no
SKU52411,2023-02-01,Brand K,Measuring,Vendor 18,159.41,119.31,40.1,464,2362,4.56,296,no
SKU52412,2021-08-09,Brand E,Tools,Vendor 25,382.6,233.2,149.4,296,1038,4.34,569,no
SKU52413,2024-09-13,Brand A,Lighting,Vendor 11,911.88,375.12,536.76,1682,2082,2.03,167,no
SKU52414,2019-06-02,Brand F,Fasteners,Vendor 17,82.88,42.2,40.68,731,1852,4.24,847,yes
SKU52415,2024-06-14,Brand F,Safety,Vendor 07,507.31,337.58,169.73,197,2626,3.0,410,yes
SKU52416,2024-09-05,Brand H,Adhesives,Vendor 13,357.86,159.03,198.83,1492,2144,3.67,590,no
SKU52417,2021-06-11,Brand I,Measuring,Vendor 13,817.86,315.2,502.66,877,182,4.42,158,no
SKU52418,2019-11-06,Brand I,Tools,Vendor 10,585.8,249.55,336.25,15,3397,4.52,537,no
SKU52419,2022-03-19,Brand A,Lighting,Vendor 08,769.14,336.44,432.7,576,4549,2.17,141,no
SKU52420,2022-03-23,Brand J,Fasteners,Vendor 05,83.3,45.73,37.57,588,1494,2.56,815,no
SKU52421,2024-10-06,Brand C,Safety,Vendor 01,517.13,388.52,128.61,123,4928,2.52,73,no
SKU52422,2023-07-27,Brand A,Adhesives,Vendor 02,428.72,204.91,223.81,1652,3874,4.85,128,no
SKU52423,2024-12-02,Brand C,Measuring,Vendor 21,296.03,166.17,129.86,596,4199,4.55,726,no
SKU52424,2023-05-22,Brand I,Tools,Vendor 12,199.55,83.44,116.11,1513,2361,2.59,188,no
SKU52425,2019-05-11,Brand G,Lighting,Vendor 16,708.78,319.78,389.0,834,5070,2.95,531,no
SKU52426,2019-11-26,Brand F,Fasteners,Vendor 20,208.98,155.62,53.36,1415,1581,4.44,380,no
SKU52427,2020-03-10,Brand E,Safety,Vendor 17,191.95,129.23,62.72,1487,3213,3.2,651,no
SKU52428,2023-03-15,Brand D,Adhesives,Vendor 09,26.5,14.93,11.57,1117,353,4.0,10,no
SKU52429,2024-08-18,Brand C,Measuring,Vendor 23,604.35,299.03,305.32,730,1725,4.92,518,yes
SKU52430,2020-08-08,Brand F,Tools,Vendor 25,573.72,340.17,233.55,1793,1887,3.19,382,no
SKU52431,2023-10-05,Brand H,Lighting,Vendor 18,113.2,44.08,69.12,31,4041,3.65,378,no
SKU52432,2020-05-15,Brand B,Fasteners,Vendor 08,197.08,82.91,114.17,1587,460,4.84,274,no
SKU52433,2019-04-04,Brand L,Safety,Vendor 22,266.7,147.98,118.72,188,4315,4.77,325,no
SKU52434,2021-10-09,Brand L,Adhesives,Vendor 25,445.04,182.73,262.31,1670,565,2.87,118,no
SKU52435,2024-08-15,Brand D,Measuring,Vendor 17,284.09,118.64,165.45,1451,3681,4.75,302,no
SKU52436,2024-02-06,Brand G,Tools,Vendor 24,164.45,91.29,73.16,943,3361,2.11,80,no
SKU52437,2019-01-11,Brand F,Lighting,Vendor 07,58.52,29.54,28.98,670,860,2.78,285,no
SKU52438,2020-05-30,Brand J,Fasteners,Vendor 01,446.5,389.13,57.37,305,2726,4.93,509,no
SKU52439,2019-07-13,Brand L,Safety,Vendor 06,425.0,231.64,193.36,1342,1867,2.75,325,no
SKU52440,2019-05-28,Brand D,Adhesives,Vendor 12,596.38,376.51,219.87,856,4399,3.87,715,no
SKU52441,2023-11-25,Brand E,Measuring,Vendor 13,311.03,219.56,91.47,536,1009,3.46,668,no
SKU52442,2023-07-24,Brand C,Tools,Vendor 06,536.26,230.02,306.24,1328,3965,4.36,121,no
SKU52443,2023-08-03,Brand I,Lighting,Vendor 25,94.22,78.74,15.48,665,3882,4.13,734,no
SKU52444,2022-09-07,Brand B,Fasteners,Vendor 23,872.29,355.27,517.02,861,3078,3.85,547,no
SKU52445,2019-01-25,Brand F,Safety,Vendor 12,233.29,190.82,42.47,1420,4342,4.55,631,no
SKU52446,2020-05-28,Brand L,Adhesives,Vendor 15,510.16,216.46,293.7,761,2415,4.42,742,no
SKU52447,2019-03-15,Brand D,Measuring,Vendor 16,315.41,262.22,53.19,1386,4544,2.11,57,no
SKU52448,2021-05-30,Brand I,Tools,Vendor 10,458.01,295.83,162.18,204,3354,4.34,158,no
SKU52449,2020-02-26,Brand L,Lighting,Vendor 16,268.49,113.58,154.91,1534,3958,4.95,703,no
SKU52450,2019-08-31,Brand I,Fasteners,Vendor 04,671.78,334.04,337.74,857,3292,3.6,300,no
SKU52451,2024-06-06,Brand C,Safety,Vendor 16,191.35,115.77,75.58,849,4265,4.73,655,yes
SKU52452,2024-01-10,Brand D,Adhesives,Vendor 01,327.63,143.9,183.73,1000,2108,4.9,152,no
SKU52453,2021-03-13,Brand D,Measuring,Vendor 15,131.2,50.7,80.5,1572,3159,4.06,15,no
SKU52454,2019-03-02,Brand J,Tools,Vendor 13,570.87,279.42,291.45,63,4485,3.93,721,no
SKU52455,2023-12-28,Brand K,Lighting,Vendor 18,1008.92,397.65,611.27,239,2221,2.33,186,no
SKU52456,2024-09-17,Brand F,Fasteners,Vendor 23,107.12,83.45,23.67,20,1163,3.15,787,no
SKU52457,2020-12-22,Brand I,Safety,Vendor 04,501.9,371.72,130.18,1569,4876,4.82,314,no
SKU52458,2024-10-31,Brand K,Adhesives,Vendor 02,271.65,236.02,35.63,1336,1932,3.81,622,no
SKU52459,2022-05-06,Brand F,Measuring,Vendor 07,49.07,24.15,24.92,1285,3251,3.74,469,no
SKU52460,2020-01-08,Brand B,Tools,Vendor 10,117.6,64.17,53.43,86,453,2.1,175,no
SKU52461,2020-12-11,Brand F,Lighting,Vendor 24,140.16,98.47,41.69,94,3788,3.66,743,no
SKU52462,2020-11-18,Brand L,Fasteners,Vendor 11,633.09,251.74,381.35,507,4115,4.8,565,no
SKU52463,2021-05-03,Brand A,Safety,Vendor 12,490.32,328.94,161.38,631,2508,4.67,324,no
SKU52464,2019-12-31,Brand H,Adhesives,Vendor 08,18.0,13.99,4.01,1281,2263,3.59,265,no
SKU52465,2020-05-04,Brand K,Measuring,Vendor 08,15.76,7.54,8.22,1253,1411,4.22,771,no
SKU52466,2024-01-15,Brand H,Tools,Vendor 19,733.01,312.92,420.09,304,3446,2.56,211,no
SKU52467,2024-11-30,Brand D,Lighting,Vendor 18,486.91,393.52,93.39,1660,3447,4.11,357,no
SKU52468,2021-12-01,Brand B,Fasteners,Vendor 05,331.84,186.26,145.58,567,4518,4.58,867,yes
SKU52469,2019-11-19,Brand I,Safety,Vendor 16,86.15,54.74,31.41,889,4661,2.15,650,no
SKU52470,2020-01-30,Brand I,Adhesives,Vendor 01,226.46,96.1,130.36,900,2488,3.26,242,no
SKU52471,2019-10-19,Brand J,Measuring,Vendor 08,165.96,84.78,81.18,1071,4241,4.99,845,no
SKU52472,2022-12-10,Brand C,Tools,Vendor 20,46.3,23.79,22.51,1683,3671,4.39,650,no
SKU52473,2024-07-16,Brand I,Lighting,Vendor 13,379.76,207.43,172.33,1231,702,2.22,261,no
SKU52474,2019-01-07,Brand B,Fasteners,Vendor 05,281.57,126.38,155.19,92,2469,4.63,282,no
SKU52475,2023-05-18,Brand K,Safety,Vendor 10,418.97,164.57,254.4,586,707,4.91,48,no
SKU52476,2022-06-04,Brand B,Adhesives,Vendor 18,168.61,73.56,95.05,60,1063,3.11,100,no
SKU52477,2022-07-08,Brand H,Measuring,Vendor 11,496.18,309.14,187.04,1758,5023,3.72,128,no
SKU52478,2019-11-06,Brand D,Tools,Vendor 10,361.47,218.43,143.04,782,969,2.15,540,no
SKU52479,2022-03-26,Brand L,Lighting,Vendor 07,264.18,193.1,71.08,1718,1539,4.32,114,no
SKU52480,2021-02-02,Brand I,Fasteners,Vendor 20,655.49,260.46,395.03,797,873,3.83,365,no
SKU52481,2023-10-23,Brand A,Safety,Vendor 15,4.11,2.36,1.75,116,2284,2.74,649,no
SKU52482,2023-12-23,Brand L,Adhesives,Vendor 13,68.14,42.82,25.32,1524,2240,2.61,28,no
SKU52483,2021-08-23,Brand D,Measuring,Vendor 11,481.85,208.13,273.72,1758,1337,3.47,501,no
SKU52484,2020-09-19,Brand L,Tools,Vendor 09,412.75,185.64,227.11,854,2041,2.92,140,no
SKU52485,2022-09-25,Brand D,Lighting,Vendor 02,350.05,164.38,185.67,1686,2645,4.0,467,no
SKU52486,2021-11-18,Brand F,Fasteners,Vendor 14,564.1,342.73,221.37,582,766,4.29,189,no
SKU52487,2023-06-20,Brand K,Safety,Vendor 24,604.01,342.47,261.54,1544,1540,2.22,331,no
SKU52488,2022-10-19,Brand B,Adhesives,Vendor 05,657.49,304.18,353.31,1772,229,4.9,414,no
SKU52489,2024-05-09,Brand D,Measuring,Vendor 13,365.61,170.01,195.6,863,788,2.68,405,no
SKU52490,2023-09-12,Brand C,Tools,Vendor 25,377.68,147.43,230.25,1758,1215,3.32,366,no
SKU52491,2020-10-29,Brand F,Lighting,Vendor 19,138.8,97.98,40.82,220,5088,2.2,437,no
SKU52492,2020-02-17,Brand F,Fasteners,Vendor 25,227.29,108.25,119.04,524,3258,2.97,284,no
SKU52493,2019-04-08,Brand I,Safety,Vendor 18,329.1,219.37,109.73,754,721,4.21,511,no
SKU52494,2023-07-16,Brand D,Adhesives,Vendor 08,261.51,102.33,159.18,6,3809,3.38,95,no
SKU52495,2019-05-21,Brand H,Measuring,Vendor 09,359.57,222.73,136.84,1723,462,2.32,362,no
SKU52496,2023-09-27,Brand K,Tools,Vendor 01,393.75,219.29,174.46,1266,3843,4.45,138,no
SKU52497,2022-01-23,Brand D,Lighting,Vendor 25,271.22,135.16,136.06,1598,3530,4.66,801,no
SKU52498,2023-10-21,Brand K,Fasteners,Vendor 11,652.15,382.79,269.36,956,4060,4.4,692,no
SKU52499,2023-03-24,Brand I,Safety,Vendor 22,136.53,89.04,47.49,769,1200,3.27,181,no
SKU52500,2023-03-11,Brand A,Adhesives,Vendor 06,258.18,126.5,131.68,759,3474,2.83,535,no
SKU52501,2019-01-11,Brand D,Measuring,Vendor 14,305.79,159.38,146.41,863,1051,2.39,773,no
SKU52502,2019-10-23,Brand A,Tools,Vendor 03,58.63,45.43,13.2,666,4823,2.74,449,no
SKU52503,2020-07-07,Brand H,Lighting,Vendor 24,465.86,398.14,67.72,1487,1457,3.93,202,no
SKU52504,2021-10-28,Brand C,Fasteners,Vendor 12,502.0,305.33,196.67,1771,5128,3.66,91,no
SKU52505,2024-07-25,Brand B,Safety,Vendor 22,440.55,232.26,208.29,1465,2323,3.4,39,yes
SKU52506,2022-12-18,Brand L,Adhesives,Vendor 22,520.17,226.46,293.71,1383,1025,2.98,768,no
SKU52507,2024-08-02,Brand L,Measuring,Vendor 09,355.01,189.95,165.06,1491,4460,3.4,894,no
SKU52508,2024-11-21,Brand H,Tools,Vendor 03,508.2,385.22,122.98,738,4513,4.48,439,no
SKU52509,2021-01-30,Brand C,Lighting,Vendor 17,620.03,293.47,326.56,189,599,2.73,762,no
SKU52510,2021-04-12,Brand A,Fasteners,Vendor 05,789.9,346.83,443.07,842,3198,4.67,396,no
SKU52511,2020-05-05,Brand I,Safety,Vendor 03,125.08,58.66,66.42,145,4830,4.76,695,yes
SKU52512,2022-03-22,Brand L,Adhesives,Vendor 22,259.15,131.26,127.89,593,5194,4.98,744,no
SKU52513,2024-09-02,Brand I,Measuring,Vendor 21,383.79,342.49,41.3,250,4918,4.36,511,yes
SKU52514,2021-04-27,Brand H,Tools,Vendor 07,533.25,346.24,187.01,674,3659,3.2,424,no
SKU52515,2020-05-07,Brand K,Lighting,Vendor 06,93.23,73.7,19.53,969,1650,3.58,129,no
SKU52516,2024-04-29,Brand K,Fasteners,Vendor 03,151.56,72.81,78.75,1067,2784,4.07,528,no
SKU52517,2024-10-05,Brand B,Safety,Vendor 13,73.81,65.81,8.0,1783,1029,3.01,860,yes
SKU52518,2020-12-13,Brand D,Adhesives,Vendor 18,345.42,240.32,105.1,917,22,2.85,218,no
SKU52519,2023-03-18,Brand H,Measuring,Vendor 02,26.15,12.61,13.54,1396,4390,2.73,692,no
SKU52520,2022-04-01,Brand E,Tools,Vendor 21,527.38,341.85,185.53,1310,3897,2.81,363,no
SKU52521,2019-12-12,Brand C,Lighting,Vendor 08,402.51,351.06,51.45,755,120,2.26,658,no
SKU52522,2020-12-16,Brand J,Fasteners,Vendor 21,531.93,241.39,290.54,763,2789,2.02,663,yes
SKU52523,2022-05-15,Brand G,Safety,Vendor 05,490.55,281.03,209.52,908,1946,3.25,669,no
SKU52524,2019-05-28,Brand I,Adhesives,Vendor 04,403.47,278.23,125.24,256,4906,2.81,586,yes
SKU52525,2020-03-13,Brand A,Measuring,Vendor 12,186.97,127.98,58.99,747,3579,3.98,703,no
SKU52526,2024-09-12,Brand D,Tools,Vendor 11,496.62,227.94,268.68,1604,957,4.13,703,no
SKU52527,2021-06-02,Brand K,Lighting,Vendor 06,176.05,134.97,41.08,324,4267,4.52,150,yes
SKU52528,2021-08-28,Brand D,Fasteners,Vendor 05,398.46,271.0,127.46,1417,2795,4.7,122,no
SKU52529,2019-03-14,Brand L,Safety,Vendor 05,507.26,197.76,309.5,122,1397,4.06,242,no
SKU52530,2019-07-07,Brand D,Adhesives,Vendor 20,542.21,316.15,226.06,1047,5045,4.36,777,no
SKU52531,2022-03-05,Brand B,Measuring,Vendor 05,213.85,146.27,67.58,1688,4268,2.1,680,no
SKU52532,2022-10-14,Brand D,Tools,Vendor 02,675.53,288.15,387.38,72,4338,2.33,891,no
SKU52533,2019-08-04,Brand K,Lighting,Vendor 10,460.92,351.4,109.52,862,3643,2.69,2,no
SKU52534,2021-07-21,Brand E,Fasteners,Vendor 14,876.64,354.99,521.65,1009,4045,4.59,227,no
SKU52535,2021-09-11,Brand B,Safety,Vendor 04,287.8,258.27,29.53,1330,3416,3.04,142,no
SKU52536,2019-10-05,Brand A,Adhesives,Vendor 09,158.49,104.21,54.28,1172,2970,3.55,706,no
SKU52537,2024-01-17,Brand K,Measuring,Vendor 17,428.8,264.54,164.26,1669,555,4.24,23,no
SKU52538,2024-07-06,Brand C,Tools,Vendor 15,265.24,173.08,92.16,159,961,2.4,374,no
SKU52539,2019-08-24,Brand A,Lighting,Vendor 17,58.52,27.26,31.26,1328,4910,4.81,648,no
SKU52540,2020-05-27,Brand G,Fasteners,Vendor 05,71.89,58.16,13.73,1198,374,3.29,837,no
SKU52541,2019-06-20,Brand H,Safety,Vendor 07,388.4,348.85,39.55,545,1188,4.76,618,no
SKU52542,2022-11-18,Brand G,Adhesives,Vendor 25,15.94,11.29,4.65,1236,1799,4.39,283,no
SKU52543,2023-11-29,Brand G,Measuring,Vendor 25,71.32,42.01,29.31,1365,595,2.81,900,no
SKU52544,2022-11-20,Brand F,Tools,Vendor 12,550.87,375.28,175.59,1452,5167,4.21,766,yes
SKU52545,2020-01-20,Brand D,Lighting,Vendor 08,319.68,148.08,171.6,1649,3669,2.56,456,no
SKU52546,2023-02-02,Brand J,Fasteners,Vendor 17,447.31,305.19,142.12,730,4026,3.06,53,no
SKU52547,2020-02-05,Brand D,Safety,Vendor 03,293.07,164.24,128.83,661,3544,4.32,762,no
SKU52548,2024-06-11,Brand J,Adhesives,Vendor 12,166.46,148.64,17.82,1446,3647,3.4,732,no
SKU52549,2019-12-29,Brand H,Measuring,Vendor 04,412.87,220.96,191.91,388,3326,2.53,176,no
SKU52550,2021-09-21,Brand A,Tools,Vendor 16,487.75,312.45,175.3,1486,4398,3.23,348,no
SKU52551,2022-01-23,Brand I,Lighting,Vendor 19,273.38,117.9,155.48,473,476,3.33,34,no
SKU52552,2023-09-16,Brand D,Fasteners,Vendor 18,240.59,95.13,145.46,1095,1400,4.5,561,no
SKU52553,2019-12-20,Brand G,Safety,Vendor 04,563.77,289.61,274.16,229,1843,2.72,503,no
SKU52554,2020-10-19,Brand C,Adhesives,Vendor 14,285.24,238.59,46.65,977,2712,2.11,822,no
SKU52555,2020-10-04,Brand C,Measuring,Vendor 21,94.51,47.97,46.54,1483,2046,2.87,131,no
SKU52556,2024-01-07,Brand B,Tools,Vendor 19,538.05,262.72,275.33,375,4530,2.11,428,no
SKU52557,2021-03-30,Brand A,Lighting,Vendor 09,645.76,375.09,270.67,1578,4826,4.52,506,no
SKU52558,2019-05-27,Brand D,Fasteners,Vendor 19,683.64,326.2,357.44,289,4653,3.25,11,no
SKU52559,2024-04-11,Brand J,Safety,Vendor 21,405.89,287.64,118.25,201,2257,4.25,193,no
SKU52560,2023-11-05,Brand I,Adhesives,Vendor 21,22.32,19.39,2.93,906,4325,2.65,854,no
SKU52561,2020-08-12,Brand E,Measuring,Vendor 11,220.66,102.1,118.56,1129,543,3.69,504,no
SKU52562,2019-01-20,Brand I,Tools,Vendor 08,316.22,136.75,179.47,797,129,4.18,442,no
SKU52563,2024-02-13,Brand K,Lighting,Vendor 09,392.73,245.21,147.52,32,1153,3.58,743,no
SKU52564,2023-08-15,Brand F,Fasteners,Vendor 20,431.32,313.13,118.19,394,2231,2.73,859,yes
SKU52565,2023-01-05,Brand E,Safety,Vendor 03,646.02,312.63,333.39,851,2491,2.13,55,no
SKU52566,2022-10-02,Brand A,Adhesives,Vendor 07,802.0,373.17,428.83,299,4185,3.28,127,no
SKU52567,2022-10-05,Brand F,Measuring,Vendor 01,91.14,54.11,37.03,847,689,4.82,796,yes
SKU52568,2022-02-23,Brand F,Tools,Vendor 20,114.68,86.2,28.48,809,4710,2.29,401,no
SKU52569,2022-11-20,Brand J,Lighting,Vendor 11,91.1,53.59,37.51,193,995,3.72,768,no
SKU52570,2022-02-05,Brand D,Fasteners,Vendor 14,640.5,295.46,345.04,691,2907,2.25,448,no
SKU52571,2024-02-19,Brand C,Safety,Vendor 10,665.89,259.09,406.8,1696,4996,2.59,191,no
SKU52572,2019-01-16,Brand F,Adhesives,Vendor 01,252.39,205.01,47.38,482,1168,2.96,884,no
SKU52573,2021-08-28,Brand C,Measuring,Vendor 08,338.77,275.18,63.59,599,2705,2.74,332,no
SKU52574,2019-02-05,Brand A,Tools,Vendor 08,40.61,21.59,19.02,353,369,2.59,622,no
SKU52575,2020-10-13,Brand C,Lighting,Vendor 24,31.91,15.74,16.17,333,1078,3.05,708,yes
SKU52576,2023-04-27,Brand B,Fasteners,Vendor 03,93.99,65.3,28.69,341,4268,4.33,451,no
SKU52577,2020-09-11,Brand I,Safety,Vendor 21,614.68,303.35,311.33,169,3073,2.86,372,yes
SKU52578,2022-06-03,Brand B,Adhesives,Vendor 19,72.04,61.59,10.45,1491,5112,3.16,297,no
SKU52579,2019-03-26,Brand C,Measuring,Vendor 01,203.67,79.35,124.32,1068,4015,3.09,340,no
SKU52580,2022-10-10,Brand H,Tools,Vendor 06,106.77,51.63,55.14,645,3179,2.6,465,no
SKU52581,2020-06-06,Brand I,Lighting,Vendor 25,484.62,258.11,226.51,315,3301,3.07,449,no
SKU52582,2024-07-05,Brand A,Fasteners,Vendor 17,440.01,271.2,168.81,472,4106,2.8,593,no
SKU52583,2020-01-01,Brand F,Safety,Vendor 06,362.76,144.79,217.97,378,5043,2.65,733,no
SKU52584,2023-06-20,Brand I,Adhesives,Vendor 10,366.64,156.96,209.68,273,3793,2.64,134,no
SKU52585,2022-07-18,Brand J,Measuring,Vendor 12,467.81,226.01,241.8,1434,2095,2.04,632,no
SKU52586,2019-04-12,Brand J,Tools,Vendor 01,214.51,136.75,77.76,1162,2963,3.02,539,yes
SKU52587,2022-02-04,Brand D,Lighting,Vendor 08,234.6,209.4,25.2,1493,4333,2.23,94,no
SKU52588,2023-11-17,Brand I,Fasteners,Vendor 07,9.1,3.7,5.4,457,1250,3.92,102,no
SKU52589,2021-11-12,Brand J,Safety,Vendor 19,282.95,122.16,160.79,898,5134,3.88,286,no
SKU52590,2024-02-08,Brand I,Adhesives,Vendor 20,357.19,147.47,209.72,790,1207,2.35,862,no
SKU52591,2021-09-26,Brand I,Measuring,Vendor 06,383.6,154.44,229.16,867,2319,3.15,411,no
SKU52592,2020-12-20,Brand C,Tools,Vendor 18,122.71,71.94,50.77,1142,3776,4.82,506,no
SKU52593,2020-08-02,Brand H,Lighting,Vendor 19,545.7,367.71,177.99,1777,1194,4.14,33,no
SKU52594,2021-12-14,Brand C,Fasteners,Vendor 19,366.9,181.19,185.71,1110,3809,2.42,129,no
SKU52595,2020-09-08,Brand F,Safety,Vendor 01,105.6,73.51,32.09,1588,2762,2.13,86,no
SKU52596,2020-01-03,Brand L,Adhesives,Vendor 17,228.54,179.84,48.7,1282,4034,4.73,890,yes
SKU52597,2019-05-17,Brand D,Measuring,Vendor 21,30.02,13.0,17.02,112,2012,4.22,276,no
SKU52598,2023-07-03,Brand C,Tools,Vendor 06,279.19,218.09,61.1,1138,2804,4.0,589,no
SKU52599,2022-06-19,Brand C,Lighting,Vendor 24,41.41,27.88,13.53,633,1641,4.3,42,no
SKU52600,2019-12-10,Brand C,Fasteners,Vendor 14,363.29,258.49,104.8,706,139,2.84,312,no
SKU52601,2019-05-22,Brand L,Safety,Vendor 19,265.26,130.82,134.44,1342,1135,4.68,224,no
SKU52602,2022-09-11,Brand K,Adhesives,Vendor 06,117.52,65.86,51.66,926,1926,4.07,225,no
SKU52603,2022-04-17,Brand I,Measuring,Vendor 13,910.15,383.71,526.44,755,1339,3.67,498,no
SKU52604,2021-12-26,Brand L,Tools,Vendor 07,426.21,178.11,248.1,459,799,2.39,607,yes
SKU52605,2024-06-01,Brand C,Lighting,Vendor 01,815.05,371.7,443.35,951,1718,3.77,630,no
SKU52606,2020-12-08,Brand D,Fasteners,Vendor 19,483.2,244.84,238.36,770,2595,3.24,437,no
SKU52607,2021-06-23,Brand I,Safety,Vendor 22,556.06,260.92,295.14,640,3393,3.23,49,no
SKU52608,2020-12-12,Brand B,Adhesives,Vendor 12,605.99,380.56,225.43,1426,1170,2.97,774,no
SKU52609,2021-01-04,Brand F,Measuring,Vendor 11,372.89,283.98,88.91,398,3159,4.25,852,no
SKU52610,2023-11-23,Brand L,Tools,Vendor 13,414.23,279.57,134.66,1231,918,2.92,661,no
SKU52611,2019-03-15,Brand E,Lighting,Vendor 11,160.74,71.04,89.7,1601,2946,3.99,567,no
SKU52612,2023-01-08,Brand D,Fasteners,Vendor 24,121.83,109.33,12.5,634,4148,3.4,670,no
SKU52613,2024-01-26,Brand K,Safety,Vendor 01,449.19,309.97,139.22,298,2876,4.74,659,no
SKU52614,2020-10-05,Brand J,Adhesives,Vendor 15,472.11,243.74,228.37,1660,1381,4.68,870,no
SKU52615,2022-10-06,Brand A,Measuring,Vendor 03,642.55,265.66,376.89,1654,3322,3.74,839,no
SKU52616,2022-09-18,Brand D,Tools,Vendor 16,33.4,25.81,7.59,1271,2345,4.97,741,no
SKU52617,2022-12-01,Brand D,Lighting,Vendor 11,282.88,171.38,111.5,1144,383,2.54,49,no
SKU52618,2019-07-29,Brand D,Fasteners,Vendor 03,339.94,179.74,160.2,674,966,4.48,672,yes
SKU52619,2019-11-19,Brand J,Safety,Vendor 25,135.61,54.69,80.92,1108,4341,3.98,199,no
SKU52620,2024-12-23,Brand A,Adhesives,Vendor 25,15.89,7.41,8.48,147,5151,2.1,541,no
SKU52621,2020-05-08,Brand C,Measuring,Vendor 06,123.56,49.9,73.66,361,905,4.23,28,no
SKU52622,2023-04-28,Brand K,Tools,Vendor 14,567.18,267.89,299.29,83,4934,3.77,730,no
SKU52623,2023-10-02,Brand L,Lighting,Vendor 15,303.13,185.54,117.59,1474,3382,4.09,659,no
SKU52624,2020-05-08,Brand D,Fasteners,Vendor 20,197.5,96.86,100.64,726,4930,2.56,310,no
SKU52625,2023-05-09,Brand F,Safety,Vendor 23,131.31,82.9,48.41,479,4824,3.76,579,no
SKU52626,2024-12-30,Brand J,Adhesives,Vendor 07,563.35,297.68,265.67,154,1848,3.42,576,yes
SKU52627,2023-06-02,Brand I,Measuring,Vendor 25,144.33,71.02,73.31,632,1186,4.09,178,no
SKU52628,2021-01-06,Brand F,Tools,Vendor 15,394.23,176.42,217.81,174,3667,4.58,472,no
SKU52629,2020-05-17,Brand I,Lighting,Vendor 08,338.93,174.83,164.1,1157,3140,2.27,843,no
SKU52630,2022-10-14,Brand C,Fasteners,Vendor 03,394.74,191.51,203.23,259,2718,4.68,73,no
SKU52631,2019-04-11,Brand K,Safety,Vendor 06,679.09,291.13,387.96,326,3790,3.56,435,no
SKU52632,2019-09-28,Brand B,Adhesives,Vendor 07,293.37,148.87,144.5,955,4196,4.76,743,no
SKU52633,2022-12-12,Brand H,Measuring,Vendor 17,894.58,389.82,504.76,1391,2550,4.82,539,no
SKU52634,2024-04-05,Brand G,Tools,Vendor 15,590.67,324.94,265.73,595,4567,5.0,553,no
SKU52635,2021-03-26,Brand I,Lighting,Vendor 11,809.68,372.72,436.96,60,230,2.17,750,no
SKU52636,2019-03-19,Brand B,Fasteners,Vendor 06,177.35,131.8,45.55,477,16,4.8,88,no
SKU52637,2019-11-13,Brand B,Safety,Vendor 10,33.65,15.66,17.99,1525,3145,4.17,373,no
SKU52638,2021-10-16,Brand J,Adhesives,Vendor 21,440.08,390.71,49.37,1319,3630,2.03,407,no
SKU52639,2021-04-21,Brand J,Measuring,Vendor 18,290.44,193.1,97.34,814,2627,2.92,649,no
SKU52640,2023-08-03,Brand K,Tools,Vendor 13,560.36,368.11,192.25,1617,930,4.79,795,no
SKU52641,2021-08-17,Brand K,Lighting,Vendor 12,528.54,246.59,281.95,1644,3284,3.12,705,no
SKU52642,2022-08-10,Brand J,Fasteners,Vendor 25,39.31,23.04,16.27,371,3873,2.09,32,no
SKU52643,2024-03-01,Brand K,Safety,Vendor 14,362.35,310.53,51.82,175,1151,2.62,776,no
SKU52644,2024-05-07,Brand A,Adhesives,Vendor 01,33.59,16.33,17.26,791,646,4.95,537,no
SKU52645,2024-03-18,Brand E,Measuring,Vendor 20,350.05,219.32,130.73,1363,5001,4.41,587,no
SKU52646,2020-06-12,Brand A,Tools,Vendor 18,499.68,301.38,198.3,1465,5064,4.88,648,yes
SKU52647,2023-03-11,Brand B,Lighting,Vendor 18,55.93,44.14,11.79,748,3903,2.71,549,no
SKU52648,2019-06-20,Brand D,Fasteners,Vendor 16,673.05,392.98,280.07,1065,4736,4.77,842,no
SKU52649,2021-10-01,Brand A,Safety,Vendor 02,928.78,399.31,529.47,963,3027,3.54,584,no
SKU52650,2024-09-05,Brand A,Adhesives,Vendor 07,836.46,332.98,503.48,1792,3985,2.55,499,no
SKU52651,2024-01-25,Brand I,Measuring,Vendor 15,108.65,51.1,57.55,828,5109,4.85,170,no
SKU52652,2021-06-20,Brand H,Tools,Vendor 11,471.2,191.36,279.84,214,3121,3.14,85,no
SKU52653,2019-10-28,Brand K,Lighting,Vendor 11,478.36,324.72,153.64,335,887,3.31,256,no
SKU52654,2024-01-26,Brand E,Fasteners,Vendor 20,264.69,205.18,59.51,677,2735,4.99,624,yes
SKU52655,2019-09-05,Brand F,Safety,Vendor 02,166.91,65.82,101.09,939,4111,3.31,607,no
SKU52656,2019-07-06,Brand D,Adhesives,Vendor 16,160.55,125.56,34.99,337,571,2.31,493,no
SKU52657,2024-07-16,Brand A,Measuring,Vendor 08,298.16,166.36,131.8,807,956,2.85,743,no
SKU52658,2019-03-15,Brand E,Tools,Vendor 05,279.69,189.35,90.34,1323,2001,2.36,254,no
SKU52659,2023-02-20,Brand A,Lighting,Vendor 15,148.58,100.36,48.22,376,4950,3.59,103,no
SKU52660,2022-09-20,Brand I,Fasteners,Vendor 20,529.46,253.45,276.01,167,955,4.89,499,no
SKU52661,2019-01-08,Brand E,Safety,Vendor 19,275.42,152.97,122.45,1206,2216,4.96,695,no
SKU52662,2024-01-20,Brand C,Adhesives,Vendor 13,38.58,16.35,22.23,760,4908,4.01,557,no
SKU52663,2022-04-29,Brand L,Measuring,Vendor 09,67.5,47.29,20.21,1307,2233,2.27,520,no
SKU52664,2021-05-08,Brand C,Tools,Vendor 08,404.44,306.87,97.57,1170,5084,2.37,80,no
SKU52665,2022-06-19,Brand L,Lighting,Vendor 08,329.94,135.59,194.35,974,2945,4.9,8,no
SKU52666,2023-03-17,Brand C,Fasteners,Vendor 18,260.86,222.28,38.58,66,1542,2.37,119,no
SKU52667,2022-10-04,Brand L,Safety,Vendor 25,133.16,98.55,34.61,649,2347,4.63,77,no
SKU52668,2023-06-20,Brand C,Adhesives,Vendor 08,401.18,325.17,76.01,1092,3907,2.24,68,no
SKU52669,2019-04-07,Brand J,Measuring,Vendor 15,474.22,298.44,175.78,1202,4500,4.75,192,no
SKU52670,2022-10-28,Brand E,Tools,Vendor 16,247.22,109.36,137.86,1663,1710,3.6,169,no
SKU52671,2022-08-21,Brand C,Lighting,Vendor 11,185.5,130.29,55.21,1269,1639,2.83,718,no
SKU52672,2021-06-28,Brand I,Fasteners,Vendor 06,656.93,334.99,321.94,233,654,3.98,450,no
SKU52673,2021-08-28,Brand G,Safety,Vendor 12,342.88,217.76,125.12,628,786,3.54,0,yes
SKU52674,2022-04-06,Brand H,Adhesives,Vendor 23,281.16,242.65,38.51,33,1091,2.38,2,no
SKU52675,2020-10-02,Brand L,Measuring,Vendor 04,232.3,122.98,109.32,444,3801,4.64,502,no
SKU52676,2023-03-01,Brand C,Tools,Vendor 14,705.67,278.02,427.65,751,1271,3.63,449,no
SKU52677,2023-05-11,Brand K,Lighting,Vendor 08,540.0,280.2,259.8,829,3592,4.93,330,no
SKU52678,2019-05-25,Brand D,Fasteners,Vendor 11,202.07,102.08,99.99,754,2904,2.4,27,no
SKU52679,2020-07-22,Brand C,Safety,Vendor 21,475.3,261.39,213.91,557,630,2.32,637,no
SKU52680,2021-06-28,Brand F,Adhesives,Vendor 01,517.85,199.34,318.51,1405,4476,2.02,4,no
SKU52681,2021-12-03,Brand D,Measuring,Vendor 17,856.4,392.48,463.92,1308,3396,4.5,807,no
SKU52682,2022-01-26,Brand J,Tools,Vendor 16,143.75,114.83,28.92,67,2050,2.49,47,no
SKU52683,2021-07-05,Brand C,Lighting,Vendor 24,191.86,78.9,112.96,955,2990,4.7,196,no
SKU52684,2023-09-27,Brand B,Fasteners,Vendor 25,537.67,218.6,319.07,151,1155,2.27,298,no
SKU52685,2020-06-12,Brand C,Safety,Vendor 02,59.91,24.4,35.51,1151,4947,2.75,829,no
SKU52686,2023-07-28,Brand D,Adhesives,Vendor 22,334.6,273.47,61.13,1417,2290,2.62,597,no
SKU52687,2023-01-24,Brand G,Measuring,Vendor 25,340.96,158.72,182.24,1418,2091,2.5,483,no
SKU52688,2022-10-16,Brand K,Tools,Vendor 15,174.19,124.53,49.66,1445,1919,3.97,437,no
SKU52689,2022-06-14,Brand H,Lighting,Vendor 17,544.52,381.36,163.16,1292,2637,2.96,707,no
SKU52690,2020-07-02,Brand I,Fasteners,Vendor 22,129.38,98.09,31.29,129,2069,4.44,646,no
SKU52691,2023-07-10,Brand L,Safety,Vendor 21,463.71,277.98,185.73,1800,4502,3.07,369,no
SKU52692,2021-06-06,Brand I,Adhesives,Vendor 23,575.8,387.27,188.53,813,4602,4.12,337,no
SKU52693,2023-11-01,Brand A,Measuring,Vendor 02,663.35,352.38,310.97,751,4200,4.93,136,no
SKU52694,2019-08-21,Brand F,Tools,Vendor 05,397.99,222.86,175.13,44,2085,2.48,717,no
SKU52695,2022-07-06,Brand E,Lighting,Vendor 25,310.19,250.38,59.81,772,4230,3.17,255,no
SKU52696,2020-12-23,Brand F,Fasteners,Vendor 12,46.59,18.52,28.07,1275,4934,3.65,453,no
SKU52697,2024-07-02,Brand D,Safety,Vendor 08,382.63,239.25,143.38,1208,4210,4.89,743,no
SKU52698,2019-04-09,Brand D,Adhesives,Vendor 09,402.46,279.35,123.11,573,945,2.97,420,no
SKU52699,2022-07-05,Brand K,Measuring,Vendor 05,409.06,244.98,164.08,428,2825,2.6,850,no
SKU52700,2019-06-27,Brand G,Tools,Vendor 20,297.26,118.56,178.7,265,1842,3.88,567,yes
SKU52701,2020-04-27,Brand J,Lighting,Vendor 04,264.45,107.89,156.56,1257,4331,2.07,724,no
SKU52702,2024-07-11,Brand G,Fasteners,Vendor 22,507.93,217.61,290.32,772,4023,3.58,730,yes
SKU52703,2020-04-23,Brand B,Safety,Vendor 08,928.72,365.95,562.77,1602,2241,4.02,613,no
SKU52704,2022-01-18,Brand F,Adhesives,Vendor 03,402.74,350.11,52.63,324,1288,4.62,680,no
SKU52705,2023-01-11,Brand F,Measuring,Vendor 21,22.05,9.11,12.94,1158,784,2.93,194,yes
SKU52706,2023-12-05,Brand L,Tools,Vendor 16,505.58,371.31,134.27,1777,4517,4.47,730,no
SKU52707,2021-12-27,Brand L,Lighting,Vendor 05,300.41,195.45,104.96,550,463,4.09,697,yes
SKU52708,2024-11-29,Brand I,Fasteners,Vendor 21,137.14,108.15,28.99,162,173,2.61,622,no
SKU52709,2020-10-26,Brand I,Safety,Vendor 16,356.51,209.45,147.06,951,2095,4.3,800,no
SKU52710,2020-12-04,Brand F,Adhesives,Vendor 02,157.54,91.57,65.97,825,2984,2.58,84,no
SKU52711,2023-07-21,Brand H,Measuring,Vendor 11,405.47,311.77,93.7,858,3023,3.65,73,no
SKU52712,2024-10-25,Brand G,Tools,Vendor 23,351.17,314.58,36.59,403,187,2.32,267,no
SKU52713,2020-05-13,Brand F,Lighting,Vendor 02,690.51,397.28,293.23,1646,4403,4.41,148,no
SKU52714,2021-06-22,Brand C,Fasteners,Vendor 17,571.74,304.57,267.17,732,549,2.92,708,no
SKU52715,2019-12-04,Brand I,Safety,Vendor 14,128.33,60.78,67.55,51,4006,2.56,41,no
SKU52716,2020-03-16,Brand H,Adhesives,Vendor 17,431.14,238.18,192.96,517,1882,4.91,452,yes
SKU52717,2024-10-08,Brand I,Measuring,Vendor 06,328.24,265.74,62.5,1434,4788,3.34,583,no
SKU52718,2023-03-14,Brand F,Tools,Vendor 03,723.36,393.06,330.3,147,1213,4.21,287,no
SKU52719,2022-12-05,Brand A,Lighting,Vendor 11,794.72,342.14,452.58,579,2912,4.76,613,no
SKU52720,2021-12-01,Brand C,Fasteners,Vendor 21,127.47,109.48,17.99,227,4206,3.84,704,no
SKU52721,2024-08-28,Brand I,Safety,Vendor 19,559.97,271.47,288.5,693,958,2.3,33,no
SKU52722,2022-11-07,Brand E,Adhesives,Vendor 09,506.03,195.42,310.61,768,579,4.75,609,no
SKU52723,2022-12-17,Brand K,Measuring,Vendor 18,614.5,395.69,218.81,583,3283,3.94,195,no
SKU52724,2023-10-20,Brand E,Tools,Vendor 08,199.55,95.66,103.89,1426,3657,2.79,526,no
SKU52725,2021-09-02,Brand E,Lighting,Vendor 16,565.01,260.36,304.65,1025,3668,4.83,767,no
SKU52726,2020-03-31,Brand B,Fasteners,Vendor 25,355.43,138.03,217.4,1732,2858,3.26,282,no
SKU52727,2020-12-31,Brand J,Safety,Vendor 13,782.65,395.0,387.65,1240,515,4.0,109,yes
SKU52728,2023-04-15,Brand E,Adhesives,Vendor 15,327.43,148.94,178.49,144,1788,4.62,634,no
SKU52729,2022-03-20,Brand I,Measuring,Vendor 02,219.63,97.32,122.31,1216,4367,3.16,149,no
SKU52730,2023-03-26,Brand J,Tools,Vendor 10,202.38,164.62,37.76,861,3116,3.52,290,no
SKU52731,2021-08-13,Brand D,Lighting,Vendor 09,347.01,233.75,113.26,329,4188,4.06,130,no
SKU52732,2020-08-28,Brand L,Fasteners,Vendor 07,455.49,261.02,194.47,32,717,2.99,647,no
SKU52733,2019-12-07,Brand J,Safety,Vendor 12,361.51,155.82,205.69,727,1427,2.44,277,no
SKU52734,2024-02-17,Brand K,Adhesives,Vendor 20,393.83,344.54,49.29,410,5051,4.42,367,no
SKU52735,2019-05-17,Brand E,Measuring,Vendor 11,76.5,48.85,27.65,1651,4984,3.32,9,no
SKU52736,2020-05-16,Brand F,Tools,Vendor 04,151.23,67.66,83.57,310,3435,2.76,371,no
SKU52737,2020-07-01,Brand I,Lighting,Vendor 25,114.24,75.08,39.16,1443,2465,2.15,587,no
SKU52738,2020-08-25,Brand E,Fasteners,Vendor 25,333.59,282.28,51.31,1305,3109,3.21,48,no
SKU52739,2022-04-01,Brand J,Safety,Vendor 06,458.86,208.11,250.75,972,3178,2.31,62,no
SKU52740,2019-01-26,Brand C,Adhesives,Vendor 05,177.1,96.66,80.44,1266,2320,3.88,762,no
SKU52741,2024-06-29,Brand B,Measuring,Vendor 19,453.11,331.55,121.56,724,4183,4.22,424,no
SKU52742,2019-09-14,Brand K,Tools,Vendor 22,820.9,363.68,457.22,1656,2056,4.55,117,no
SKU52743,2021-12-03,Brand L,Lighting,Vendor 20,82.13,37.75,44.38,1391,758,2.19,605,no
SKU52744,2021-05-08,Brand C,Fasteners,Vendor 07,471.3,379.35,91.95,437,1976,4.16,591,no
SKU52745,2022-12-10,Brand L,Safety,Vendor 06,52.62,23.53,29.09,1420,2374,3.23,135,no
SKU52746,2021-11-04,Brand C,Adhesives,Vendor 14,421.36,245.61,175.75,857,587,2.62,24,no
SKU52747,2019-09-06,Brand I,Measuring,Vendor 11,90.28,54.67,35.61,378,1237,3.31,627,no
SKU52748,2024-03-19,Brand G,Tools,Vendor 11,596.0,274.54,321.46,1276,2025,3.66,230,no
SKU52749,2023-07-15,Brand H,Lighting,Vendor 07,524.9,242.43,282.47,1085,2356,4.35,874,no
SKU52750,2024-03-23,Brand F,Fasteners,Vendor 16,163.13,108.9,54.23,504,5060,4.1,340,no
SKU52751,2024-01-30,Brand D,Safety,Vendor 24,260.67,177.42,83.25,1110,2930,4.45,107,no
SKU52752,2021-01-07,Brand F,Adhesives,Vendor 18,124.89,54.41,70.48,1654,2535,4.8,365,no
SKU52753,2022-08-19,Brand K,Measuring,Vendor 06,538.67,372.19,166.48,86,1145,3.72,146,no
SKU52754,2023-07-04,Brand B,Tools,Vendor 08,516.46,290.43,226.03,229,1812,3.23,138,no
SKU52755,2023-09-24,Brand K,Lighting,Vendor 04,210.85,123.45,87.4,332,3432,4.32,656,no
SKU52756,2024-01-16,Brand J,Fasteners,Vendor 19,549.56,301.81,247.75,1648,4694,4.1,780,no
SKU52757,2021-05-15,Brand C,Safety,Vendor 17,162.54,123.7,38.84,1133,1217,3.66,246,no
SKU52758,2020-03-11,Brand L,Adhesives,Vendor 15,352.84,181.66,171.18,1477,3487,4.95,28,no
SKU52759,2021-04-28,Brand A,Measuring,Vendor 15,14.75,5.9,8.85,168,2516,2.2,358,no
SKU52760,2021-01-21,Brand A,Tools,Vendor 02,394.24,165.7,228.54,512,2327,4.05,125,no
SKU52761,2020-02-14,Brand F,Lighting,Vendor 01,563.67,243.88,319.79,466,2083,4.41,853,no
SKU52762,2020-03-14,Brand D,Fasteners,Vendor 09,129.55,71.31,58.24,1694,2726,2.25,706,no
SKU52763,2024-07-11,Brand I,Safety,Vendor 17,288.69,167.99,120.7,1143,3727,4.0,229,no
SKU52764,2024-12-05,Brand F,Adhesives,Vendor 10,596.75,374.74,222.01,307,1479,4.9,640,no
SKU52765,2023-05-31,Brand D,Measuring,Vendor 08,538.72,359.24,179.48,445,2755,4.46,699,yes
SKU52766,2020-06-30,Brand J,Tools,Vendor 24,71.25,53.47,17.78,1242,19,3.16,331,no
SKU52767,2022-06-24,Brand K,Lighting,Vendor 06,317.37,154.24,163.13,217,4148,4.43,324,no
SKU52768,2020-08-25,Brand C,Fasteners,Vendor 03,335.13,147.93,187.2,1087,3142,3.88,138,no
SKU52769,2024-08-02,Brand E,Safety,Vendor 02,759.11,295.5,463.61,489,251,3.89,890,yes
SKU52770,2023-12-15,Brand H,Adhesives,Vendor 15,64.99,30.29,34.7,49,2502,2.88,658,no
SKU52771,2021-10-02,Brand G,Measuring,Vendor 07,303.28,209.81,93.47,457,2894,2.69,388,no
SKU52772,2024-07-23,Brand D,Tools,Vendor 11,644.24,338.63,305.61,204,166,4.26,384,no
SKU52773,2021-03-24,Brand C,Lighting,Vendor 14,349.34,164.43,184.91,1283,3371,2.23,308,yes
SKU52774,2024-10-09,Brand J,Fasteners,Vendor 03,372.94,246.55,126.39,1299,3588,2.99,778,no
SKU52775,2024-08-11,Brand C,Safety,Vendor 13,438.71,295.87,142.84,1619,2153,4.61,793,no
SKU52776,2023-09-27,Brand B,Adhesives,Vendor 15,198.9,167.66,31.24,213,2264,3.33,45,no
SKU52777,2019-02-24,Brand G,Measuring,Vendor 20,54.26,23.02,31.24,933,2268,3.03,464,no
SKU52778,2021-12-11,Brand F,Tools,Vendor 04,435.6,269.86,165.74,705,2736,2.53,131,no
SKU52779,2023-04-25,Brand K,Lighting,Vendor 21,296.4,267.9,28.5,1237,3874,2.61,53,no
SKU52780,2021-02-13,Brand C,Fasteners,Vendor 22,97.19,37.92,59.27,1602,3444,3.44,32,yes
SKU52781,2019-08-29,Brand F,Safety,Vendor 20,480.47,193.37,287.1,645,2240,4.55,273,no
SKU52782,2020-05-13,Brand A,Adhesives,Vendor 22,141.4,93.75,47.65,1468,293,2.48,736,no
SKU52783,2020-02-15,Brand F,Measuring,Vendor 09,842.8,367.83,474.97,668,1274,3.39,34,yes
SKU52784,2019-08-13,Brand J,Tools,Vendor 06,213.24,84.88,128.36,571,3055,2.14,77,yes
SKU52785,2024-05-21,Brand D,Lighting,Vendor 18,166.7,94.78,71.92,1364,922,4.36,520,no
SKU52786,2022-08-22,Brand C,Fasteners,Vendor 18,185.9,110.52,75.38,955,648,4.44,503,no
SKU52787,2021-07-15,Brand A,Safety,Vendor 19,347.1,261.41,85.69,531,1488,2.62,841,no
SKU52788,2019-09-07,Brand J,Adhesives,Vendor 14,544.48,374.44,170.04,1433,4707,4.13,255,no
SKU52789,2023-08-25,Brand A,Measuring,Vendor 02,265.87,220.53,45.34,605,3567,2.76,772,yes
SKU52790,2019-06-09,Brand H,Tools,Vendor 12,56.73,23.42,33.31,1191,878,3.82,233,no
SKU52791,2022-06-19,Brand F,Lighting,Vendor 21,258.93,153.3,105.63,657,3639,3.94,809,no
SKU52792,2022-12-15,Brand H,Fasteners,Vendor 10,454.39,184.64,269.75,421,3875,3.17,439,no
SKU52793,2022-11-24,Brand F,Safety,Vendor 21,347.88,208.93,138.95,400,192,4.13,95,no
SKU52794,2023-04-28,Brand D,Adhesives,Vendor 17,113.5,47.18,66.32,435,1080,4.03,644,no
SKU52795,2020-04-25,Brand E,Measuring,Vendor 01,29.4,14.51,14.89,831,994,2.35,294,no
SKU52796,2024-06-15,Brand L,Tools,Vendor 21,406.23,170.97,235.26,1216,2055,4.03,613,no
SKU52797,2023-02-08,Brand K,Lighting,Vendor 09,529.14,323.54,205.6,1241,4059,4.12,233,no
SKU52798,2019-11-25,Brand B,Fasteners,Vendor 01,616.33,247.1,369.23,138,4626,2.15,722,no
SKU52799,2022-07-25,Brand G,Safety,Vendor 19,365.32,154.58,210.74,215,3697,4.91,200,no
SKU52800,2024-11-08,Brand B,Adhesives,Vendor 18,572.62,239.16,333.46,195,1049,4.28,168,no
SKU52801,2019-04-21,Brand B,Measuring,Vendor 25,263.83,105.35,158.48,534,4759,4.0,522,no
SKU52802,2019-02-15,Brand I,Tools,Vendor 13,555.32,245.18,310.14,1067,529,4.81,264,no
SKU52803,2024-03-17,Brand K,Lighting,Vendor 08,402.05,303.8,98.25,15,923,2.28,432,no
SKU52804,2024-02-07,Brand B,Fasteners,Vendor 16,572.73,236.34,336.39,1390,4745,4.51,623,no
SKU52805,2024-09-09,Brand H,Safety,Vendor 03,788.79,376.61,412.18,1022,1032,2.47,377,no
SKU52806,2024-09-17,Brand K,Adhesives,Vendor 14,93.18,46.0,47.18,92,319,2.76,198,yes
SKU52807,2024-07-08,Brand I,Measuring,Vendor 20,77.82,43.23,34.59,346,307,4.58,750,no
SKU52808,2021-09-14,Brand I,Tools,Vendor 19,341.0,298.5,42.5,567,3111,3.23,409,no
SKU52809,2023-11-30,Brand L,Lighting,Vendor 10,829.21,377.81,451.4,96,2506,4.97,600,no
SKU52810,2020-10-10,Brand H,Fasteners,Vendor 18,678.75,265.74,413.01,721,3379,4.91,536,no
SKU52811,2023-12-12,Brand J,Safety,Vendor 08,282.17,234.39,47.78,1312,2626,4.07,787,no
SKU52812,2024-07-09,Brand F,Adhesives,Vendor 13,576.4,316.6,259.8,1093,715,2.7,201,no
SKU52813,2023-04-28,Brand H,Measuring,Vendor 03,304.39,187.53,116.86,220,3985,2.34,575,no
SKU52814,2020-08-26,Brand A,Tools,Vendor 25,756.57,313.21,443.36,968,2668,2.88,308,no
SKU52815,2024-06-25,Brand E,Lighting,Vendor 21,436.85,335.06,101.79,833,873,4.94,822,no
SKU52816,2024-12-16,Brand F,Fasteners,Vendor 03,523.26,287.03,236.23,1006,1394,4.64,664,no
SKU52817,2019-04-09,Brand J,Safety,Vendor 06,596.36,319.47,276.89,1759,2189,2.28,217,no
SKU52818,2021-07-28,Brand C,Adhesives,Vendor 07,281.06,249.04,32.02,151,3217,3.08,96,no
SKU52819,2020-05-28,Brand L,Measuring,Vendor 19,523.83,359.14,164.69,1220,1854,2.44,676,no
SKU52820,2019-06-20,Brand B,Tools,Vendor 14,289.45,241.28,48.17,824,1346,4.31,189,no
SKU52821,2019-12-06,Brand J,Lighting,Vendor 21,374.39,205.41,168.98,920,136,3.26,525,no
SKU52822,2024-12-13,Brand J,Fasteners,Vendor 02,542.02,209.43,332.59,1579,2922,3.36,557,no
SKU52823,2022-07-20,Brand H,Safety,Vendor 08,430.83,228.05,202.78,1230,4150,2.49,369,no
SKU52824,2023-07-02,Brand J,Adhesives,Vendor 20,744.98,372.14,372.84,70,1715,4.91,217,no
SKU52825,2023-08-10,Brand D,Measuring,Vendor 07,439.07,209.61,229.46,1606,206,3.33,529,no
SKU52826,2019-07-04,Brand I,Tools,Vendor 23,527.87,223.4,304.47,1636,3522,2.26,15,no
SKU52827,2020-12-17,Brand A,Lighting,Vendor 07,627.3,252.78,374.52,826,3701,4.2,189,no
SKU52828,2021-02-17,Brand B,Fasteners,Vendor 11,594.16,273.99,320.17,1438,1419,2.73,298,no
SKU52829,2022-12-16,Brand F,Safety,Vendor 08,682.18,294.35,387.83,687,4299,3.35,835,yes
SKU52830,2024-05-10,Brand E,Adhesives,Vendor 02,431.18,248.95,182.23,587,1841,3.41,348,no
SKU52831,2021-07-23,Brand J,Measuring,Vendor 11,186.91,151.41,35.5,647,4844,4.51,600,no
SKU52832,2019-12-21,Brand A,Tools,Vendor 05,460.2,361.57,98.63,1068,4872,2.57,336,no
SKU52833,2022-06-04,Brand G,Lighting,Vendor 01,163.2,75.41,87.79,506,3385,2.7,575,no
SKU52834,2020-02-09,Brand G,Fasteners,Vendor 10,138.7,114.7,24.0,1170,4336,2.22,539,no
SKU52835,2022-04-05,Brand F,Safety,Vendor 06,420.11,313.61,106.5,966,2866,2.75,880,no
SKU52836,2019-03-12,Brand G,Adhesives,Vendor 20,301.0,136.22,164.78,1011,2342,3.32,153,no
SKU52837,2020-09-22,Brand L,Measuring,Vendor 02,100.22,58.59,41.63,844,2300,2.69,714,no
SKU52838,2022-04-26,Brand F,Tools,Vendor 13,671.11,378.95,292.16,1271,2787,2.61,425,no
SKU52839,2021-05-09,Brand D,Lighting,Vendor 20,417.59,203.98,213.61,990,4673,4.65,845,no
SKU52840,2024-11-04,Brand B,Fasteners,Vendor 12,443.85,314.29,129.56,731,4241,4.97,312,no
SKU52841,2019-04-25,Brand K,Safety,Vendor 08,452.35,252.79,199.56,310,4723,3.87,238,no
SKU52842,2023-02-25,Brand J,Adhesives,Vendor 21,50.48,25.47,25.01,892,3146,4.27,347,no
SKU52843,2019-01-27,Brand G,Measuring,Vendor 08,470.72,264.24,206.48,1441,302,2.1,237,no
SKU52844,2021-03-24,Brand C,Tools,Vendor 11,72.53,44.05,28.48,1117,1242,4.95,745,yes
SKU52845,2020-12-18,Brand E,Lighting,Vendor 10,535.82,339.24,196.58,272,4777,4.37,565,no
SKU52846,2019-11-22,Brand L,Fasteners,Vendor 07,380.33,232.08,148.25,479,3891,4.71,867,no
SKU52847,2023-11-13,Brand F,Safety,Vendor 23,758.08,312.43,445.65,431,4602,4.05,570,no
SKU52848,2024-03-01,Brand H,Adhesives,Vendor 09,126.57,64.87,61.7,1323,2948,3.73,61,no
SKU52849,2021-02-02,Brand H,Measuring,Vendor 13,750.35,308.14,442.21,1227,3052,3.32,465,no
SKU52850,2019-08-21,Brand K,Tools,Vendor 20,511.6,307.8,203.8,1513,2065,3.95,592,no
SKU52851,2020-08-23,Brand K,Lighting,Vendor 14,134.68,69.08,65.6,969,566,4.34,624,no
SKU52852,2020-01-25,Brand G,Fasteners,Vendor 05,355.98,282.92,73.06,852,3852,2.12,892,no
SKU52853,2022-10-18,Brand C,Safety,Vendor 04,14.36,5.79,8.57,1709,428,2.9,500,no
SKU52854,2022-05-13,Brand D,Adhesives,Vendor 11,123.08,59.58,63.5,1327,3446,3.36,505,no
SKU52855,2023-02-21,Brand K,Measuring,Vendor 03,459.86,215.38,244.48,1271,2343,2.42,282,yes
SKU52856,2024-09-05,Brand B,Tools,Vendor 23,142.04,116.34,25.7,310,3126,4.17,465,no
SKU52857,2021-09-10,Brand F,Lighting,Vendor 07,49.3,41.79,7.51,1387,2813,4.43,366,yes
SKU52858,2023-02-16,Brand G,Fasteners,Vendor 19,259.76,160.26,99.5,1012,323,4.91,676,yes
SKU52859,2023-07-23,Brand F,Safety,Vendor 14,370.54,301.13,69.41,1766,4422,2.32,79,no
SKU52860,2019-07-23,Brand C,Adhesives,Vendor 24,259.47,194.57,64.9,1243,3712,2.67,715,no
SKU52861,2024-02-12,Brand E,Measuring,Vendor 10,337.36,285.72,51.64,894,107,3.4,223,no
SKU52862,2019-02-28,Brand J,Tools,Vendor 09,750.57,360.51,390.06,1024,2385,3.72,558,no
SKU52863,2023-06-15,Brand I,Lighting,Vendor 01,156.67,62.68,93.99,1012,2968,2.79,192,no
SKU52864,2021-07-03,Brand H,Fasteners,Vendor 02,427.3,187.94,239.36,835,4977,2.02,235,no
SKU52865,2024-08-23,Brand D,Safety,Vendor 23,360.07,155.23,204.84,392,4032,2.27,86,no
SKU52866,2020-09-30,Brand H,Adhesives,Vendor 09,574.0,396.71,177.29,1280,4313,2.46,476,no
SKU52867,2021-09-17,Brand I,Measuring,Vendor 15,171.79,151.04,20.75,58,1814,4.84,211,no
SKU52868,2022-11-18,Brand B,Tools,Vendor 13,188.62,152.28,36.34,128,1595,4.23,871,no
SKU52869,2023-09-11,Brand A,Lighting,Vendor 05,622.09,388.6,233.49,577,1208,3.18,723,no
SKU52870,2024-04-24,Brand A,Fasteners,Vendor 21,682.37,305.84,376.53,1606,1058,4.63,212,no
SKU52871,2022-06-17,Brand B,Safety,Vendor 22,257.06,216.04,41.02,1718,4202,2.03,237,yes
SKU52872,2023-08-19,Brand B,Adhesives,Vendor 04,180.32,118.42,61.9,44,459,3.9,61,no
SKU52873,2022-01-24,Brand J,Measuring,Vendor 03,1001.48,395.4,606.08,1035,3299,4.83,478,no
SKU52874,2021-07-14,Brand B,Tools,Vendor 06,621.56,249.54,372.02,839,3789,3.3,280,no
SKU52875,2022-07-07,Brand D,Lighting,Vendor 08,785.6,378.56,407.04,1612,2628,4.47,263,no
SKU52876,2021-10-23,Brand K,Fasteners,Vendor 17,431.59,173.3,258.29,1766,985,3.02,492,no
SKU52877,2020-08-11,Brand D,Safety,Vendor 01,158.45,70.05,88.4,1674,2665,2.03,592,no
SKU52878,2021-02-09,Brand C,Adhesives,Vendor 18,137.67,117.96,19.71,1330,413,2.51,617,no
SKU52879,2024-10-20,Brand E,Measuring,Vendor 16,688.48,280.74,407.74,875,1312,2.63,859,no
SKU52880,2020-11-05,Brand L,Tools,Vendor 04,500.33,331.4,168.93,124,4719,3.51,373,no
SKU52881,2024-09-07,Brand C,Lighting,Vendor 09,138.12,79.34,58.78,917,1015,2.52,433,no
SKU52882,2024-11-02,Brand C,Fasteners,Vendor 16,235.71,209.5,26.21,1033,3259,2.15,642,no
SKU52883,2020-08-14,Brand L,Safety,Vendor 06,569.08,237.8,331.28,688,1579,4.54,394,no
SKU52884,2023-04-05,Brand F,Adhesives,Vendor 01,262.6,127.38,135.22,902,4085,3.82,526,no
SKU52885,2021-03-31,Brand E,Measuring,Vendor 23,487.71,227.21,260.5,531,2720,3.27,454,no
SKU52886,2022-05-31,Brand H,Tools,Vendor 02,947.79,370.8,576.99,1,3023,4.95,279,no
SKU52887,2020-03-26,Brand L,Lighting,Vendor 14,277.05,244.31,32.74,877,5023,2.75,590,no
SKU52888,2021-03-05,Brand C,Fasteners,Vendor 21,242.15,149.1,93.05,1368,2798,4.32,137,no
SKU52889,2021-07-02,Brand K,Safety,Vendor 02,435.24,288.2,147.04,426,4814,2.47,77,no
SKU52890,2024-11-08,Brand B,Adhesives,Vendor 03,282.82,158.91,123.91,1475,829,2.65,108,no
SKU52891,2020-05-26,Brand E,Measuring,Vendor 19,42.02,30.44,11.58,1152,753,2.64,20,yes
SKU52892,2021-04-23,Brand B,Tools,Vendor 24,83.75,71.06,12.69,1083,1925,2.56,650,no
SKU52893,2020-08-07,Brand C,Lighting,Vendor 01,146.73,79.51,67.22,1773,704,3.12,734,yes
SKU52894,2022-03-30,Brand F,Fasteners,Vendor 05,144.12,109.19,34.93,1425,2022,4.19,836,no
SKU52895,2020-01-05,Brand F,Safety,Vendor 17,232.8,91.27,141.53,1484,1797,4.51,715,no
SKU52896,2019-10-31,Brand B,Adhesives,Vendor 17,445.37,181.07,264.3,145,1436,3.79,536,no
SKU52897,2023-01-02,Brand F,Measuring,Vendor 03,440.6,235.68,204.92,1425,641,4.82,103,no
SKU52898,2022-11-11,Brand L,Tools,Vendor 15,461.86,269.43,192.43,1386,1370,2.4,372,no
SKU52899,2024-10-16,Brand A,Lighting,Vendor 23,720.19,335.49,384.7,337,2160,3.84,867,no
SKU52900,2023-10-22,Brand E,Fasteners,Vendor 17,67.11,35.37,31.74,1375,18,2.9,174,no
SKU52901,2020-05-08,Brand L,Safety,Vendor 13,29.24,13.65,15.59,1396,4204,2.98,55,no
SKU52902,2022-01-31,Brand F,Adhesives,Vendor 11,67.49,28.5,38.99,1601,4887,3.52,51,no
SKU52903,2023-03-16,Brand F,Measuring,Vendor 17,161.76,90.45,71.31,848,3182,3.18,209,yes
SKU52904,2023-06-06,Brand L,Tools,Vendor 10,524.66,270.71,253.95,273,3142,2.27,317,yes
SKU52905,2020-08-22,Brand C,Lighting,Vendor 17,20.75,8.46,12.29,942,4165,4.93,551,no
SKU52906,2024-08-05,Brand H,Fasteners,Vendor 12,409.18,211.89,197.29,1359,2097,3.52,322,no
SKU52907,2023-06-15,Brand I,Safety,Vendor 01,472.06,282.11,189.95,1602,1788,2.17,304,no
SKU52908,2023-11-28,Brand A,Adhesives,Vendor 20,73.39,55.66,17.73,418,3736,4.81,436,no
SKU52909,2020-11-25,Brand D,Measuring,Vendor 20,94.58,58.7,35.88,1634,1146,2.72,244,no
SKU52910,2024-04-11,Brand J,Tools,Vendor 09,471.65,192.96,278.69,765,5041,4.44,58,no
SKU52911,2023-02-15,Brand K,Lighting,Vendor 02,274.66,122.4,152.26,1351,4706,3.29,515,no
SKU52912,2021-02-23,Brand L,Fasteners,Vendor 15,667.15,265.71,401.44,47,1322,4.17,114,no
SKU52913,2020-06-04,Brand A,Safety,Vendor 23,199.01,87.73,111.28,1758,2334,4.42,832,no
SKU52914,2024-04-04,Brand C,Adhesives,Vendor 22,11.63,5.26,6.37,881,1352,4.93,707,no
SKU52915,2023-01-22,Brand K,Measuring,Vendor 07,364.37,209.87,154.5,1013,873,4.62,857,no
SKU52916,2020-05-06,Brand E,Tools,Vendor 22,428.73,261.44,167.29,827,3515,4.65,359,yes
SKU52917,2023-01-06,Brand G,Lighting,Vendor 01,355.16,234.23,120.93,1329,4873,4.34,402,no
SKU52918,2022-10-13,Brand D,Fasteners,Vendor 08,349.53,264.91,84.62,619,4329,2.2,22,no
SKU52919,2022-02-04,Brand F,Safety,Vendor 23,514.33,318.24,196.09,550,202,2.65,212,no
SKU52920,2022-05-18,Brand K,Adhesives,Vendor 06,492.63,215.06,277.57,673,1025,3.11,158,no
SKU52921,2024-11-29,Brand J,Measuring,Vendor 06,120.1,61.72,58.38,813,4237,2.56,191,no
SKU52922,2023-02-08,Brand E,Tools,Vendor 08,193.13,82.49,110.64,1403,1722,2.27,594,yes
SKU52923,2019-08-09,Brand I,Lighting,Vendor 07,886.32,368.91,517.41,1296,4357,2.62,780,no
SKU52924,2020-03-30,Brand G,Fasteners,Vendor 19,139.47,92.63,46.84,1728,1578,4.15,167,yes
SKU52925,2024-01-27,Brand I,Safety,Vendor 21,241.16,153.77,87.39,590,4912,3.03,287,no
SKU52926,2024-05-27,Brand J,Adhesives,Vendor 18,44.43,33.76,10.67,177,202,3.63,714,no
SKU52927,2020-09-15,Brand J,Measuring,Vendor 18,221.14,102.39,118.75,1690,938,3.55,404,no
SKU52928,2021-02-15,Brand E,Tools,Vendor 07,99.5,58.96,40.54,1623,4704,4.11,409,no
SKU52929,2021-04-15,Brand K,Lighting,Vendor 07,155.88,90.31,65.57,220,788,4.95,156,no
SKU52930,2023-09-07,Brand H,Fasteners,Vendor 14,84.75,37.37,47.38,125,1155,4.4,367,no
SKU52931,2023-11-17,Brand J,Safety,Vendor 22,422.34,271.11,151.23,611,2418,2.45,278,no
SKU52932,2024-06-28,Brand L,Adhesives,Vendor 16,622.81,247.96,374.85,1145,871,3.22,98,no
SKU52933,2024-08-11,Brand A,Measuring,Vendor 20,243.2,138.34,104.86,100,3496,3.66,823,no
SKU52934,2024-11-14,Brand F,Tools,Vendor 01,39.15,20.36,18.79,1225,124,4.32,215,yes
SKU52935,2020-07-31,Brand L,Lighting,Vendor 01,248.91,145.83,103.08,35,4187,2.82,130,no
SKU52936,2020-03-22,Brand K,Fasteners,Vendor 02,261.89,203.24,58.65,829,1449,2.65,614,no
SKU52937,2020-12-04,Brand L,Safety,Vendor 02,570.46,270.25,300.21,748,2542,3.71,315,no
SKU52938,2020-08-05,Brand L,Adhesives,Vendor 05,4.83,3.66,1.17,540,251,4.02,762,no
SKU52939,2020-06-25,Brand B,Measuring,Vendor 13,860.99,390.99,470.0,154,1582,2.84,710,no
SKU52940,2022-06-26,Brand H,Tools,Vendor 02,194.67,129.52,65.15,1672,5147,3.13,150,no
SKU52941,2023-03-04,Brand L,Lighting,Vendor 14,492.75,353.23,139.52,433,4628,3.87,238,no
SKU52942,2023-02-15,Brand A,Fasteners,Vendor 20,35.19,24.81,10.38,530,2707,3.18,813,no
SKU52943,2024-06-06,Brand K,Safety,Vendor 02,165.04,140.3,24.74,298,3646,3.54,66,yes
SKU52944,2024-02-14,Brand I,Adhesives,Vendor 17,169.1,129.07,40.03,303,1107,4.01,507,no
SKU52945,2020-02-29,Brand L,Measuring,Vendor 19,542.9,259.39,283.51,17,2509,2.29,199,no
SKU52946,2023-09-29,Brand K,Tools,Vendor 12,210.37,81.58,128.79,1314,4676,2.74,584,no
SKU52947,2021-02-08,Brand F,Lighting,Vendor 13,356.73,142.03,214.7,1638,2183,2.64,564,no
SKU52948,2023-12-30,Brand B,Fasteners,Vendor 13,154.93,104.69,50.24,279,3713,4.16,663,no
SKU52949,2023-05-10,Brand F,Safety,Vendor 16,128.0,105.42,22.58,691,3078,2.65,344,no
SKU52950,2024-05-22,Brand F,Adhesives,Vendor 23,105.55,56.16,49.39,750,3834,2.15,685,no
SKU52951,2019-01-12,Brand E,Measuring,Vendor 12,404.88,221.51,183.37,1610,3979,2.21,493,no
SKU52952,2019-05-27,Brand G,Tools,Vendor 08,68.23,54.54,13.69,1265,2914,4.61,41,no
SKU52953,2022-03-02,Brand E,Lighting,Vendor 07,13.31,6.91,6.4,1023,1326,3.33,725,no
SKU52954,2020-03-12,Brand B,Fasteners,Vendor 01,571.37,393.22,178.15,442,2378,2.72,164,yes
SKU52955,2022-12-16,Brand D,Safety,Vendor 24,598.82,245.67,353.15,1308,3700,4.53,505,no
SKU52956,2022-07-12,Brand A,Adhesives,Vendor 19,541.48,213.23,328.25,525,2837,3.71,898,no
SKU52957,2024-10-27,Brand I,Measuring,Vendor 06,464.34,199.58,264.76,1585,2196,2.69,179,no
SKU52958,2024-04-01,Brand A,Tools,Vendor 04,252.33,100.85,151.48,46,1122,4.33,604,no
SKU52959,2022-09-15,Brand H,Lighting,Vendor 18,237.89,106.67,131.22,1028,4472,3.08,592,no
SKU52960,2019-11-18,Brand E,Fasteners,Vendor 21,807.77,396.47,411.3,1580,4705,3.58,895,no
SKU52961,2019-07-01,Brand I,Safety,Vendor 22,618.97,257.53,361.44,1482,2331,2.39,618,no
SKU52962,2023-11-15,Brand E,Adhesives,Vendor 03,195.35,116.44,78.91,1033,834,4.02,394,no
SKU52963,2019-06-03,Brand A,Measuring,Vendor 20,660.51,337.67,322.84,769,3739,4.97,550,no
SKU52964,2020-12-03,Brand F,Tools,Vendor 23,501.36,274.73,226.63,636,524,4.52,113,no
SKU52965,2023-02-17,Brand J,Lighting,Vendor 23,511.23,364.73,146.5,66,3710,4.73,415,no
SKU52966,2021-07-07,Brand C,Fasteners,Vendor 24,577.49,324.54,252.95,1205,176,4.22,129,no
SKU52967,2022-12-18,Brand G,Safety,Vendor 02,96.02,40.81,55.21,1496,1807,3.36,588,yes
SKU52968,2024-04-17,Brand B,Adhesives,Vendor 22,419.28,275.35,143.93,1248,3139,4.49,861,no
SKU52969,2023-10-29,Brand F,Measuring,Vendor 07,716.38,360.97,355.41,1525,329,3.51,524,no
SKU52970,2023-11-12,Brand J,Tools,Vendor 13,513.37,332.18,181.19,443,65,2.33,167,no
SKU52971,2019-02-11,Brand J,Lighting,Vendor 14,22.34,8.98,13.36,96,4400,3.21,372,no
SKU52972,2024-03-25,Brand C,Fasteners,Vendor 21,140.78,113.15,27.63,1748,3202,4.45,563,no
SKU52973,2019-08-24,Brand H,Safety,Vendor 23,340.46,299.03,41.43,921,4848,4.91,25,no
SKU52974,2024-02-24,Brand J,Adhesives,Vendor 01,137.33,53.4,83.93,91,3598,2.52,789,no
SKU52975,2020-11-24,Brand D,Measuring,Vendor 22,9.55,5.7,3.85,1243,3126,3.3,282,yes
SKU52976,2023-05-28,Brand J,Tools,Vendor 09,196.56,122.56,74.0,462,2716,2.18,722,yes
SKU52977,2020-11-15,Brand D,Lighting,Vendor 14,399.31,294.17,105.14,428,3901,4.53,568,no
SKU52978,2020-12-26,Brand F,Fasteners,Vendor 09,238.68,191.37,47.31,1288,4335,3.57,715,no
SKU52979,2022-07-24,Brand I,Safety,Vendor 09,800.0,334.65,465.35,581,1808,2.09,39,no
SKU52980,2022-06-29,Brand J,Adhesives,Vendor 19,818.26,375.24,443.02,879,2707,3.21,136,no
SKU52981,2022-03-30,Brand E,Measuring,Vendor 24,395.7,225.64,170.06,246,969,3.45,240,no
SKU52982,2023-07-26,Brand A,Tools,Vendor 02,200.52,110.28,90.24,1131,1421,4.18,465,no
SKU52983,2019-01-25,Brand F,Lighting,Vendor 07,61.98,30.49,31.49,1607,2259,2.3,134,no
SKU52984,2023-06-28,Brand J,Fasteners,Vendor 14,242.24,217.98,24.26,1373,497,3.69,849,yes
SKU52985,2021-06-18,Brand L,Safety,Vendor 06,60.75,44.47,16.28,1581,3175,4.67,41,no
SKU52986,2021-05-13,Brand F,Adhesives,Vendor 05,23.15,20.18,2.97,1070,1422,3.08,616,no
SKU52987,2022-03-24,Brand D,Measuring,Vendor 16,633.53,308.74,324.79,533,14,2.21,277,no
SKU52988,2020-07-20,Brand L,Tools,Vendor 22,455.55,301.44,154.11,736,4787,3.12,528,no
SKU52989,2021-07-18,Brand J,Lighting,Vendor 18,440.85,172.74,268.11,1347,887,3.96,66,no
SKU52990,2023-08-29,Brand I,Fasteners,Vendor 25,145.58,58.54,87.04,58,363,3.2,776,no
SKU52991,2023-09-17,Brand E,Safety,Vendor 21,71.72,64.42,7.3,1441,5160,4.54,814,no
SKU52992,2021-12-17,Brand K,Adhesives,Vendor 11,326.77,183.67,143.1,17,3561,3.21,762,no
SKU52993,2024-01-16,Brand D,Measuring,Vendor 23,769.45,371.91,397.54,575,4984,3.59,586,no
SKU52994,2023-12-18,Brand E,Tools,Vendor 06,527.75,260.95,266.8,1452,3334,2.78,344,no
SKU52995,2023-03-27,Brand J,Lighting,Vendor 04,94.03,69.7,24.33,100,2482,3.73,651,no
SKU52996,2019-08-23,Brand I,Fasteners,Vendor 11,442.62,187.45,255.17,1693,4294,4.5,855,no
SKU52997,2024-03-07,Brand A,Safety,Vendor 17,38.1,15.14,22.96,264,744,3.01,840,no
SKU52998,2019-10-22,Brand K,Adhesives,Vendor 04,209.1,142.6,66.5,1340,1480,4.11,12,no
SKU52999,2024-02-14,Brand I,Measuring,Vendor 13,272.3,117.1,155.2,94,2790,2.75,349,yes
