txn_id,txn_date,store,store_region,category,channel,units,unit_cost,net_sales,cogs,returned,loyalty_member
T100000,2024-07-30,Store 07,North,Grocery,Online,39,201.65,16172.23,7864.35,no,no
T100001,2023-07-26,Store 16,South,Apparel,Curbside,30,152.28,7528.21,4568.4,no,yes
T100002,2023-10-07,Store 05,East,Toys,Curbside,10,116.29,1901.12,1162.9,no,no
T100003,2024-04-05,Store 14,West,Toys,Curbside,39,20.37,981.32,794.43,no,no
T100004,2024-12-21,Store 16,South,Electronics,In-Store,38,214.31,10516.6,8143.78,no,no
T100005,2024-04-07,Store 17,East,Electronics,Curbside,7,6.27,78.22,43.89,no,no
T100006,2023-10-01,Store 08,South,Beauty,In-Store,23,211.97,5628.2,4875.31,no,no
T100007,2024-06-24,Store 10,West,Grocery,Curbside,36,166.82,11122.9,6005.52,no,yes
T100008,2023-10-29,Store 12,South,Electronics,Curbside,18,54.48,1357.5,980.64,no,yes
T100009,2023-04-28,Store 18,West,Grocery,Curbside,32,34.66,2079.74,1109.12,no,yes
T100010,2023-06-16,Store 13,East,Apparel,Curbside,14,89.15,1628.36,1248.1,no,yes
T100011,2023-01-24,Store 16,South,Toys,Online,17,23.9,679.84,406.3,no,yes
T100012,2023-07-14,Store 18,West,Electronics,Online,35,145.89,7743.22,5106.15,no,yes
T100013,2024-04-23,Store 16,South,Electronics,Online,4,107.72,745.63,430.88,yes,yes
T100014,2024-10-19,Store 11,North,Electronics,Online,16,183.25,4530.91,2932.0,no,no
T100015,2024-04-29,Store 14,West,Apparel,In-Store,38,40.19,3176.33,1527.22,no,no
T100016,2023-06-21,Store 13,East,Apparel,Curbside,6,14.72,132.81,88.32,yes,yes
T100017,2024-11-04,Store 08,South,Electronics,In-Store,27,196.2,10154.26,5297.4,no,no
T100018,2023-04-24,Store 02,West,Toys,Curbside,6,39.9,446.54,239.4,no,yes
T100019,2023-08-19,Store 06,West,Home,Online,39,195.57,14848.85,7627.23,no,no
T100020,2023-09-28,Store 12,South,Home,In-Store,29,152.45,7804.83,4421.05,no,no
T100021,2023-09-12,Store 14,West,Home,Online,6,104.57,1055.72,627.42,no,yes
T100022,2024-02-25,Store 04,South,Apparel,In-Store,18,155.9,3800.22,2806.2,no,no
T100023,2024-08-08,Store 04,South,Electronics,In-Store,33,103.66,4501.35,3420.78,no,no
T100024,2023-08-08,Store 02,West,Home,Curbside,22,72.41,2549.16,1593.02,no,yes
T100025,2024-06-14,Store 06,West,Apparel,Online,10,131.24,2653.56,1312.4,no,no
T100026,2023-02-15,Store 03,North,Toys,Online,21,197.67,5548.96,4151.07,no,no
T100027,2023-10-28,Store 18,West,Home,Online,14,114.88,2013.91,1608.32,yes,no
T100028,2024-05-14,Store 17,East,Toys,In-Store,32,76.47,5032.5,2447.04,no,no
T100029,2023-08-25,Store 14,West,Electronics,Online,26,179.59,7875.3,4669.34,yes,no
T100030,2023-10-13,Store 03,North,Beauty,In-Store,14,69.1,1513.85,967.4,no,yes
T100031,2023-09-23,Store 13,East,Toys,Curbside,25,198.82,6213.62,4970.5,no,no
T100032,2024-01-14,Store 07,North,Electronics,In-Store,14,49.08,1383.33,687.12,no,no
T100033,2024-05-16,Store 08,South,Grocery,In-Store,27,204.73,10800.98,5527.71,no,no
T100034,2023-05-10,Store 04,South,Home,Online,7,142.93,1956.43,1000.51,no,yes
T100035,2024-11-24,Store 01,East,Electronics,Curbside,7,121.72,1511.72,852.04,yes,yes
T100036,2023-06-27,Store 12,South,Home,Curbside,36,47.04,2673.31,1693.44,no,yes
T100037,2024-11-12,Store 18,West,Home,Online,2,43.61,140.53,87.22,no,no
T100038,2023-11-21,Store 06,West,Apparel,Online,7,153.45,1609.34,1074.15,no,no
T100039,2023-06-07,Store 05,East,Toys,Online,29,37.65,2277.07,1091.85,no,yes
T100040,2023-10-16,Store 09,East,Grocery,Online,10,98.46,1200.19,984.6,no,yes
T100041,2024-03-22,Store 12,South,Home,Online,35,95.21,6293.0,3332.35,no,no
T100042,2024-06-14,Store 06,West,Beauty,In-Store,15,190.49,5101.35,2857.35,no,yes
T100043,2023-01-18,Store 08,South,Home,Online,4,36.2,281.23,144.8,no,no
T100044,2024-03-20,Store 02,West,Beauty,In-Store,36,179.59,11888.89,6465.24,no,no
T100045,2023-08-29,Store 18,West,Apparel,Curbside,3,30.93,180.55,92.79,no,no
T100046,2024-09-03,Store 02,West,Apparel,In-Store,21,3.49,123.14,73.29,no,yes
T100047,2023-06-23,Store 10,West,Apparel,In-Store,25,105.24,4766.26,2631.0,no,no
T100048,2023-02-24,Store 02,West,Beauty,Curbside,24,172.17,7596.13,4132.08,no,no
T100049,2024-03-12,Store 17,East,Apparel,Curbside,15,52.95,989.9,794.25,no,yes
T100050,2024-02-04,Store 05,East,Toys,Curbside,32,88.93,4889.44,2845.76,no,yes
T100051,2023-01-17,Store 09,East,Toys,Curbside,35,93.11,6013.53,3258.85,no,no
T100052,2024-09-14,Store 09,East,Electronics,Online,38,191.59,13524.8,7280.42,yes,yes
T100053,2024-12-09,Store 15,North,Apparel,Curbside,8,142.53,1525.93,1140.24,no,no
T100054,2023-12-07,Store 05,East,Beauty,Online,8,180.78,1711.82,1446.24,no,no
T100055,2023-11-16,Store 18,West,Toys,In-Store,26,82.47,4343.66,2144.22,no,no
T100056,2024-11-06,Store 18,West,Electronics,Curbside,27,101.55,3571.99,2741.85,no,yes
T100057,2023-10-11,Store 11,North,Electronics,Online,22,171.66,5655.51,3776.52,no,no
T100058,2023-06-20,Store 01,East,Home,In-Store,29,87.88,3620.21,2548.52,no,no
T100059,2023-11-26,Store 05,East,Electronics,In-Store,19,132.38,3498.61,2515.22,no,yes
T100060,2023-04-21,Store 02,West,Home,Online,17,116.45,3662.61,1979.65,no,no
T100061,2024-09-17,Store 11,North,Grocery,Curbside,19,166.63,4979.46,3165.97,no,no
T100062,2024-06-11,Store 08,South,Grocery,Curbside,1,218.88,310.58,218.88,no,no
T100063,2023-09-21,Store 01,East,Apparel,Curbside,37,154.87,10935.2,5730.19,no,no
T100064,2024-04-20,Store 08,South,Home,Curbside,3,46.43,277.27,139.29,no,no
T100065,2024-04-30,Store 13,East,Electronics,In-Store,1,109.55,194.5,109.55,no,yes
T100066,2023-08-06,Store 04,South,Toys,Curbside,39,127.07,10063.25,4955.73,no,yes
T100067,2024-04-26,Store 09,East,Apparel,Online,40,151.66,8108.75,6066.4,no,yes
T100068,2023-08-11,Store 14,West,Electronics,Curbside,37,68.77,3392.22,2544.49,no,no
T100069,2024-05-08,Store 16,South,Apparel,Online,6,94.81,746.72,568.86,no,no
T100070,2024-12-24,Store 03,North,Grocery,Curbside,10,162.94,2871.74,1629.4,no,yes
T100071,2023-04-02,Store 07,North,Home,In-Store,13,185.45,4988.31,2410.85,no,no
T100072,2024-02-20,Store 13,East,Electronics,In-Store,4,96.82,465.99,387.28,no,yes
T100073,2024-04-25,Store 04,South,Apparel,Online,33,195.71,11308.13,6458.43,no,yes
T100074,2023-06-07,Store 07,North,Toys,Curbside,21,70.23,2934.8,1474.83,no,no
T100075,2024-05-28,Store 17,East,Apparel,In-Store,32,153.77,7059.72,4920.64,no,yes
T100076,2024-03-23,Store 16,South,Apparel,Curbside,6,194.04,2279.85,1164.24,yes,no
T100077,2024-12-30,Store 12,South,Home,Online,17,158.35,3875.55,2691.95,no,yes
T100078,2024-09-04,Store 02,West,Electronics,In-Store,17,171.41,3711.65,2913.97,yes,yes
T100079,2023-08-17,Store 08,South,Beauty,In-Store,10,26.85,414.03,268.5,no,yes
T100080,2024-08-06,Store 04,South,Apparel,Curbside,4,28.92,221.28,115.68,no,yes
T100081,2024-09-03,Store 18,West,Home,Online,14,84.78,1555.63,1186.92,no,no
T100082,2024-06-27,Store 03,North,Grocery,Curbside,10,162.93,1886.28,1629.3,no,no
T100083,2023-12-26,Store 01,East,Electronics,In-Store,36,157.24,9077.62,5660.64,no,no
T100084,2024-11-24,Store 11,North,Electronics,Curbside,16,90.52,2500.51,1448.32,no,yes
T100085,2024-01-25,Store 01,East,Grocery,In-Store,36,206.32,9718.8,7427.52,no,no
T100086,2023-11-12,Store 03,North,Home,Curbside,28,13.93,578.12,390.04,no,no
T100087,2024-01-13,Store 16,South,Toys,Curbside,39,31.04,1596.58,1210.56,no,no
T100088,2024-09-14,Store 11,North,Electronics,Curbside,24,122.99,4081.91,2951.76,no,no
T100089,2023-02-18,Store 11,North,Grocery,In-Store,28,188.46,10878.49,5276.88,no,no
T100090,2024-08-14,Store 10,West,Apparel,In-Store,2,132.38,438.94,264.76,no,no
T100091,2024-09-15,Store 12,South,Home,Online,36,218.46,9140.79,7864.56,no,yes
T100092,2023-07-05,Store 03,North,Grocery,Curbside,16,108.39,3095.5,1734.24,no,yes
T100093,2023-10-04,Store 02,West,Toys,Online,12,194.59,3010.75,2335.08,no,no
T100094,2023-01-22,Store 17,East,Electronics,Online,21,161.88,4445.02,3399.48,no,no
T100095,2024-08-06,Store 05,East,Home,In-Store,21,153.47,3716.08,3222.87,no,no
T100096,2023-06-19,Store 17,East,Beauty,Curbside,36,199.59,13581.87,7185.24,no,no
T100097,2024-07-24,Store 02,West,Home,Curbside,26,64.84,3240.34,1685.84,no,yes
T100098,2023-01-19,Store 08,South,Electronics,Online,10,147.51,2686.91,1475.1,no,no
T100099,2023-01-25,Store 14,West,Electronics,Curbside,36,158.98,8327.74,5723.28,no,no
T100100,2023-02-12,Store 10,West,Toys,Online,27,38.39,1254.14,1036.53,no,yes
T100101,2023-02-26,Store 10,West,Apparel,Online,33,44.36,2851.24,1463.88,no,no
T100102,2024-08-01,Store 03,North,Apparel,In-Store,26,25.81,1293.51,671.06,no,no
T100103,2023-06-18,Store 14,West,Apparel,In-Store,6,100.15,899.64,600.9,no,no
T100104,2024-07-04,Store 08,South,Home,Online,24,183.92,9251.88,4414.08,no,yes
T100105,2023-10-18,Store 08,South,Apparel,Online,7,207.01,2585.98,1449.07,no,yes
T100106,2023-07-16,Store 18,West,Electronics,Online,29,4.96,232.42,143.84,no,yes
T100107,2023-01-09,Store 04,South,Apparel,Curbside,2,182.66,723.58,365.32,no,no
T100108,2024-04-03,Store 16,South,Apparel,In-Store,11,24.14,517.89,265.54,no,yes
T100109,2024-10-01,Store 10,West,Beauty,Online,13,8.24,198.65,107.12,no,no
T100110,2024-01-30,Store 02,West,Grocery,Curbside,24,117.39,5627.95,2817.36,no,no
T100111,2024-07-26,Store 06,West,Beauty,Online,3,37.33,170.86,111.99,no,yes
T100112,2024-10-13,Store 18,West,Apparel,In-Store,23,152.22,5267.88,3501.06,no,no
T100113,2023-07-21,Store 03,North,Apparel,In-Store,10,136.45,1663.91,1364.5,no,yes
T100114,2024-07-25,Store 04,South,Apparel,Curbside,3,87.32,302.83,261.96,no,no
T100115,2023-05-27,Store 12,South,Beauty,Online,10,135.33,2337.27,1353.3,no,no
T100116,2023-01-28,Store 03,North,Grocery,Online,10,209.83,3970.86,2098.3,no,yes
T100117,2024-01-08,Store 15,North,Home,Online,39,110.18,7496.76,4297.02,yes,no
T100118,2024-05-19,Store 09,East,Grocery,In-Store,24,31.02,1000.29,744.48,no,no
T100119,2024-10-08,Store 17,East,Grocery,Online,27,34.87,1149.59,941.49,no,yes
T100120,2024-01-25,Store 18,West,Home,In-Store,33,176.8,7741.88,5834.4,no,no
T100121,2023-05-20,Store 16,South,Grocery,Online,2,141.71,381.75,283.42,no,no
T100122,2024-09-11,Store 14,West,Grocery,In-Store,20,51.11,1284.03,1022.2,no,no
T100123,2023-03-24,Store 17,East,Toys,Online,19,175.59,5261.36,3336.21,no,no
T100124,2024-12-21,Store 17,East,Grocery,Curbside,3,117.43,576.08,352.29,no,no
T100125,2023-07-06,Store 11,North,Home,In-Store,11,21.5,355.54,236.5,no,yes
T100126,2023-07-01,Store 07,North,Home,In-Store,40,154.78,10084.08,6191.2,no,yes
T100127,2023-09-30,Store 18,West,Beauty,In-Store,33,189.75,11447.82,6261.75,no,no
T100128,2024-07-25,Store 16,South,Apparel,In-Store,7,34.93,338.67,244.51,no,no
T100129,2023-04-23,Store 18,West,Toys,Online,37,193.44,12045.27,7157.28,no,no
T100130,2024-04-06,Store 12,South,Electronics,In-Store,18,93.53,3429.73,1683.54,no,no
T100131,2024-06-10,Store 02,West,Home,In-Store,18,185.15,4330.51,3332.7,no,yes
T100132,2023-03-07,Store 15,North,Beauty,In-Store,33,18.28,895.96,603.24,no,no
T100133,2024-10-27,Store 07,North,Toys,Online,19,67.28,2539.26,1278.32,no,no
T100134,2024-07-27,Store 08,South,Electronics,Online,1,92.59,184.89,92.59,no,no
T100135,2024-03-02,Store 02,West,Home,In-Store,18,171.06,3755.19,3079.08,no,yes
T100136,2023-12-16,Store 04,South,Apparel,In-Store,27,61.11,2219.85,1649.97,no,yes
T100137,2023-10-21,Store 05,East,Beauty,Online,14,215.91,4532.17,3022.74,no,yes
T100138,2023-01-22,Store 09,East,Grocery,Online,35,72.87,2982.15,2550.45,no,no
T100139,2024-07-27,Store 01,East,Home,Curbside,40,210.86,14049.49,8434.4,no,yes
T100140,2024-07-26,Store 09,East,Toys,Online,12,43.04,709.23,516.48,no,yes
T100141,2023-08-01,Store 18,West,Electronics,Curbside,10,202.14,3415.68,2021.4,no,no
T100142,2024-10-16,Store 07,North,Apparel,Curbside,40,64.12,3752.81,2564.8,no,yes
T100143,2023-03-28,Store 02,West,Apparel,Online,39,20.48,993.39,798.72,no,yes
T100144,2023-04-08,Store 12,South,Home,Online,4,129.17,984.9,516.68,yes,no
T100145,2024-11-26,Store 18,West,Toys,In-Store,2,114.13,456.21,228.26,no,yes
T100146,2023-01-28,Store 18,West,Apparel,Curbside,23,130.47,6257.65,3000.81,no,yes
T100147,2024-02-21,Store 09,East,Toys,In-Store,39,75.57,4449.79,2947.23,no,yes
T100148,2024-02-19,Store 01,East,Apparel,In-Store,30,88.89,4974.98,2666.7,no,yes
T100149,2023-12-15,Store 12,South,Apparel,Online,40,81.98,5988.38,3279.2,no,no
T100150,2023-02-16,Store 03,North,Electronics,Curbside,39,51.97,3050.28,2026.83,no,no
T100151,2023-02-16,Store 01,East,Electronics,Online,11,203.05,3931.62,2233.55,no,no
T100152,2024-03-07,Store 17,East,Apparel,In-Store,40,210.04,15991.5,8401.6,no,yes
T100153,2023-04-17,Store 05,East,Electronics,Online,28,196.06,10095.83,5489.68,no,yes
T100154,2024-01-22,Store 06,West,Apparel,Curbside,38,138.22,10807.09,5252.36,yes,no
T100155,2024-04-13,Store 12,South,Electronics,In-Store,31,85.53,4614.21,2651.43,no,no
T100156,2024-09-19,Store 10,West,Electronics,Curbside,37,45.26,2038.16,1674.62,yes,yes
T100157,2024-01-15,Store 12,South,Toys,Curbside,25,202.14,6257.5,5053.5,no,yes
T100158,2024-05-13,Store 11,North,Grocery,Online,12,42.71,815.85,512.52,no,no
T100159,2023-12-08,Store 06,West,Electronics,Online,5,121.85,1070.5,609.25,no,yes
T100160,2024-12-27,Store 03,North,Beauty,In-Store,25,183.75,7735.97,4593.75,no,no
T100161,2023-05-09,Store 11,North,Beauty,Curbside,18,147.23,5335.62,2650.14,no,yes
T100162,2024-11-29,Store 03,North,Toys,Online,11,58.93,1110.75,648.23,no,no
T100163,2024-01-26,Store 17,East,Beauty,Curbside,14,186.69,5050.54,2613.66,no,yes
T100164,2024-07-02,Store 10,West,Electronics,Online,6,106.16,837.44,636.96,no,yes
T100165,2024-01-20,Store 17,East,Home,Online,18,75.78,2227.26,1364.04,no,yes
T100166,2024-11-15,Store 07,North,Home,In-Store,29,153.87,6228.53,4462.23,no,no
T100167,2024-11-07,Store 18,West,Toys,Curbside,2,134.98,385.27,269.96,no,no
T100168,2024-09-14,Store 12,South,Apparel,In-Store,28,191.9,7348.88,5373.2,no,no
T100169,2023-02-15,Store 02,West,Beauty,Curbside,22,155.35,6016.5,3417.7,no,yes
T100170,2024-06-29,Store 06,West,Beauty,In-Store,38,203.61,11911.64,7737.18,yes,no
T100171,2023-01-20,Store 05,East,Home,Online,9,26.29,362.66,236.61,no,yes
T100172,2024-10-14,Store 13,East,Electronics,In-Store,19,58.14,2198.91,1104.66,yes,no
T100173,2023-08-10,Store 05,East,Electronics,In-Store,32,97.63,4804.06,3124.16,no,yes
T100174,2023-02-03,Store 10,West,Electronics,Curbside,39,88.23,5588.37,3440.97,no,yes
T100175,2023-11-09,Store 15,North,Grocery,In-Store,20,134.12,5093.26,2682.4,no,no
T100176,2023-04-12,Store 01,East,Electronics,Online,7,7.14,75.57,49.98,no,no
T100177,2023-03-22,Store 05,East,Apparel,Curbside,16,79.69,1615.55,1275.04,no,yes
T100178,2024-12-06,Store 04,South,Beauty,Online,33,98.32,4890.34,3244.56,no,yes
T100179,2023-02-20,Store 03,North,Electronics,Online,33,48.11,3254.27,1587.63,no,no
T100180,2023-11-05,Store 01,East,Grocery,Curbside,24,39.61,1627.56,950.64,no,no
T100181,2024-04-04,Store 18,West,Toys,Online,17,140.3,2771.89,2385.1,yes,yes
T100182,2024-02-05,Store 18,West,Electronics,Curbside,8,181.77,2192.36,1454.16,no,no
T100183,2024-01-10,Store 17,East,Toys,Online,6,88.23,924.59,529.38,no,yes
T100184,2023-12-27,Store 11,North,Home,Online,11,144.86,1872.46,1593.46,no,no
T100185,2023-01-22,Store 07,North,Grocery,Online,31,182.84,7613.06,5668.04,no,yes
T100186,2024-06-10,Store 02,West,Grocery,In-Store,25,55.58,2102.83,1389.5,no,no
T100187,2023-08-24,Store 13,East,Home,Curbside,13,219.82,5353.73,2857.66,no,no
T100188,2024-08-02,Store 03,North,Beauty,Curbside,38,76.23,4440.47,2896.74,no,yes
T100189,2024-10-20,Store 07,North,Beauty,Curbside,32,183.94,10710.68,5886.08,yes,yes
T100190,2023-08-13,Store 08,South,Toys,In-Store,36,35.11,1683.62,1263.96,no,yes
T100191,2023-08-22,Store 04,South,Grocery,Curbside,40,202.21,14500.01,8088.4,no,no
T100192,2023-12-16,Store 04,South,Electronics,Online,7,193.48,2371.7,1354.36,no,no
T100193,2024-06-02,Store 02,West,Grocery,Online,28,213.73,11329.15,5984.44,yes,no
T100194,2023-01-07,Store 18,West,Home,In-Store,5,75.81,440.39,379.05,no,no
T100195,2023-01-24,Store 01,East,Grocery,In-Store,6,209.75,1846.87,1258.5,no,no
T100196,2023-05-12,Store 05,East,Electronics,In-Store,40,124.01,9976.74,4960.4,no,no
T100197,2023-07-29,Store 12,South,Electronics,Curbside,18,104.65,2582.75,1883.7,yes,no
T100198,2024-01-31,Store 01,East,Beauty,Online,36,62.91,4437.45,2264.76,no,no
T100199,2024-03-12,Store 13,East,Electronics,Curbside,22,152.52,5822.34,3355.44,no,no
T100200,2023-01-06,Store 17,East,Home,In-Store,22,197.59,6856.5,4346.98,no,no
T100201,2024-08-11,Store 06,West,Grocery,Curbside,28,96.47,3153.45,2701.16,no,yes
T100202,2023-11-02,Store 16,South,Electronics,In-Store,9,198.07,2414.47,1782.63,no,no
T100203,2023-01-23,Store 09,East,Grocery,Online,1,207.73,328.52,207.73,no,yes
T100204,2023-01-09,Store 04,South,Home,Online,39,189.36,11622.94,7385.04,no,no
T100205,2024-04-30,Store 04,South,Beauty,Curbside,19,201.14,7129.04,3821.66,no,no
T100206,2023-04-27,Store 10,West,Electronics,Curbside,4,47.88,334.69,191.52,no,yes
T100207,2023-08-18,Store 01,East,Toys,Curbside,36,160.38,10644.65,5773.68,no,no
T100208,2024-09-04,Store 12,South,Home,In-Store,40,181.92,9678.68,7276.8,no,yes
T100209,2023-10-14,Store 10,West,Grocery,Curbside,39,57.74,4507.18,2251.86,no,no
T100210,2024-07-28,Store 05,East,Beauty,Online,21,97.99,2366.59,2057.79,no,no
T100211,2024-06-02,Store 06,West,Home,Online,37,10.41,656.16,385.17,no,no
T100212,2023-07-27,Store 15,North,Toys,Online,11,160.19,2917.67,1762.09,no,yes
T100213,2023-10-25,Store 05,East,Electronics,Online,23,23.22,788.95,534.06,no,no
T100214,2023-11-18,Store 16,South,Grocery,In-Store,28,51.23,2737.45,1434.44,no,no
T100215,2024-02-24,Store 07,North,Grocery,Curbside,2,79.79,203.2,159.58,no,no
T100216,2023-07-08,Store 17,East,Toys,Online,3,63.42,378.85,190.26,no,no
T100217,2024-12-15,Store 14,West,Electronics,In-Store,26,5.23,275.2,135.98,no,no
T100218,2024-01-22,Store 08,South,Electronics,In-Store,39,193.82,13319.53,7558.98,no,no
T100219,2024-01-15,Store 10,West,Toys,In-Store,2,92.6,213.7,185.2,no,yes
T100220,2024-12-21,Store 10,West,Home,In-Store,2,109.83,421.75,219.66,no,no
T100221,2024-04-12,Store 06,West,Apparel,In-Store,15,142.69,3318.92,2140.35,no,yes
T100222,2023-03-31,Store 16,South,Electronics,Online,16,193.36,3621.63,3093.76,no,yes
T100223,2023-08-12,Store 05,East,Grocery,Online,24,9.17,365.14,220.08,no,no
T100224,2023-01-03,Store 17,East,Electronics,Online,6,75.85,585.17,455.1,yes,yes
T100225,2023-06-03,Store 13,East,Home,Online,12,168.19,3100.71,2018.28,no,yes
T100226,2023-07-19,Store 06,West,Grocery,In-Store,10,67.51,1109.21,675.1,no,no
T100227,2024-09-27,Store 09,East,Electronics,Curbside,22,8.78,310.24,193.16,no,no
T100228,2023-12-13,Store 03,North,Electronics,Online,40,205.67,13484.65,8226.8,no,yes
T100229,2024-07-22,Store 13,East,Electronics,Online,19,198.47,6565.76,3770.93,no,no
T100230,2024-02-18,Store 11,North,Grocery,Online,37,212.56,10147.2,7864.72,no,no
T100231,2023-01-05,Store 06,West,Toys,Online,27,23.42,1163.28,632.34,no,yes
T100232,2024-10-18,Store 17,East,Toys,Curbside,13,42.2,850.0,548.6,no,yes
T100233,2023-09-15,Store 08,South,Toys,Curbside,29,3.51,122.31,101.79,no,yes
T100234,2023-12-22,Store 09,East,Grocery,Curbside,18,141.59,4575.59,2548.62,no,yes
T100235,2023-06-04,Store 04,South,Electronics,Online,25,123.36,4242.67,3084.0,no,yes
T100236,2023-08-26,Store 18,West,Beauty,In-Store,12,212.66,5294.48,2551.92,no,no
T100237,2024-11-15,Store 09,East,Home,Curbside,18,79.13,1711.7,1424.34,no,no
T100238,2024-12-19,Store 05,East,Electronics,Online,16,133.25,3386.25,2132.0,no,no
T100239,2024-06-01,Store 12,South,Beauty,Curbside,32,174.22,11177.3,5575.04,no,yes
T100240,2024-10-22,Store 12,South,Apparel,Curbside,9,52.75,914.03,474.75,no,yes
T100241,2024-06-16,Store 04,South,Home,In-Store,31,55.33,3145.64,1715.23,no,yes
T100242,2024-12-21,Store 14,West,Beauty,Online,38,203.45,14427.61,7731.1,no,yes
T100243,2024-05-12,Store 12,South,Home,Online,4,100.71,807.17,402.84,no,yes
T100244,2023-09-15,Store 09,East,Grocery,In-Store,12,40.87,777.18,490.44,no,no
T100245,2023-06-06,Store 02,West,Electronics,Online,13,68.77,1710.36,894.01,no,no
T100246,2024-06-15,Store 08,South,Apparel,Online,23,123.9,4881.73,2849.7,no,no
T100247,2023-01-28,Store 18,West,Apparel,Curbside,20,47.91,1874.54,958.2,no,yes
T100248,2023-01-01,Store 15,North,Electronics,Online,2,181.77,723.54,363.54,no,yes
T100249,2023-06-25,Store 02,West,Grocery,Curbside,25,161.69,7164.94,4042.25,no,yes
T100250,2024-06-10,Store 07,North,Grocery,Curbside,37,209.1,12115.24,7736.7,no,no
T100251,2024-05-07,Store 05,East,Beauty,In-Store,3,121.32,722.31,363.96,yes,yes
T100252,2024-11-10,Store 02,West,Electronics,Online,18,202.78,7427.6,3650.04,no,no
T100253,2023-11-05,Store 07,North,Beauty,Curbside,36,176.59,10154.62,6357.24,no,no
T100254,2023-07-10,Store 10,West,Beauty,Curbside,23,135.99,6287.43,3127.77,no,no
T100255,2023-10-24,Store 05,East,Electronics,Curbside,33,80.8,3333.15,2666.4,yes,yes
T100256,2023-10-05,Store 08,South,Home,In-Store,40,51.75,3858.14,2070.0,no,no
T100257,2024-04-07,Store 14,West,Toys,In-Store,34,215.79,13564.8,7336.86,no,no
T100258,2023-12-29,Store 07,North,Toys,Curbside,17,118.7,3640.5,2017.9,no,no
T100259,2023-09-04,Store 12,South,Apparel,Online,1,65.03,83.37,65.03,yes,yes
T100260,2023-10-01,Store 16,South,Home,In-Store,27,206.6,8839.93,5578.2,no,yes
T100261,2024-07-06,Store 12,South,Toys,In-Store,19,19.34,616.75,367.46,no,no
T100262,2023-02-06,Store 07,North,Apparel,Curbside,20,159.43,5700.36,3188.6,no,no
T100263,2023-05-31,Store 17,East,Apparel,In-Store,22,167.45,5065.89,3683.9,no,no
T100264,2023-07-24,Store 07,North,Electronics,Online,9,108.05,1171.05,972.45,no,yes
T100265,2024-01-29,Store 01,East,Beauty,Online,37,175.9,11259.36,6508.3,no,no
T100266,2023-05-19,Store 06,West,Electronics,In-Store,8,87.34,986.39,698.72,no,yes
T100267,2024-05-13,Store 10,West,Home,In-Store,35,11.68,537.62,408.8,no,no
T100268,2024-08-22,Store 12,South,Electronics,Online,38,177.66,7863.06,6751.08,no,yes
T100269,2023-11-18,Store 01,East,Grocery,Online,29,52.12,1799.6,1511.48,no,no
T100270,2023-10-12,Store 18,West,Grocery,Online,33,88.84,3566.43,2931.72,no,no
T100271,2023-09-12,Store 14,West,Home,Curbside,13,110.75,2157.51,1439.75,no,no
T100272,2023-10-29,Store 01,East,Electronics,Curbside,26,101.06,5447.01,2627.56,no,yes
T100273,2023-11-25,Store 08,South,Apparel,In-Store,39,177.04,13300.68,6904.56,no,no
T100274,2024-01-05,Store 11,North,Beauty,Curbside,36,10.06,651.54,362.16,no,no
T100275,2024-10-11,Store 15,North,Apparel,In-Store,7,102.96,1163.58,720.72,no,yes
T100276,2024-08-31,Store 17,East,Grocery,Curbside,13,21.66,479.81,281.58,no,no
T100277,2023-03-09,Store 16,South,Grocery,In-Store,1,134.89,223.72,134.89,no,yes
T100278,2024-03-07,Store 03,North,Beauty,Curbside,13,151.75,3262.9,1972.75,no,no
T100279,2024-08-10,Store 04,South,Grocery,In-Store,13,196.75,3256.69,2557.75,yes,no
T100280,2023-12-05,Store 03,North,Home,Online,39,6.38,438.1,248.82,no,yes
T100281,2024-11-04,Store 16,South,Beauty,Curbside,33,149.1,9659.06,4920.3,yes,no
T100282,2024-02-04,Store 03,North,Grocery,In-Store,6,96.92,979.37,581.52,no,yes
T100283,2023-10-09,Store 09,East,Beauty,Online,32,173.75,6713.64,5560.0,no,yes
T100284,2023-01-05,Store 15,North,Electronics,Curbside,3,118.34,611.39,355.02,no,no
T100285,2024-12-28,Store 17,East,Home,Curbside,7,26.6,377.18,186.2,no,yes
T100286,2023-09-14,Store 04,South,Beauty,Online,15,10.33,242.37,154.95,no,no
T100287,2023-01-12,Store 03,North,Apparel,Online,29,137.26,6126.73,3980.54,no,no
T100288,2024-11-03,Store 01,East,Electronics,Online,13,115.17,1902.65,1497.21,no,yes
T100289,2024-10-30,Store 15,North,Electronics,Online,37,173.65,8797.07,6425.05,no,no
T100290,2023-03-02,Store 06,West,Apparel,In-Store,13,142.27,2736.25,1849.51,no,no
T100291,2024-06-12,Store 05,East,Home,Curbside,13,51.52,1307.42,669.76,no,yes
T100292,2023-02-16,Store 12,South,Grocery,Curbside,34,77.32,3665.13,2628.88,no,no
T100293,2024-06-12,Store 15,North,Apparel,Online,37,194.71,13170.77,7204.27,no,yes
T100294,2023-10-29,Store 01,East,Home,Curbside,19,48.27,1059.99,917.13,no,no
T100295,2024-01-28,Store 10,West,Toys,In-Store,37,62.37,2923.56,2307.69,yes,no
T100296,2024-06-17,Store 13,East,Apparel,Curbside,28,154.48,5663.39,4325.44,no,no
T100297,2023-09-10,Store 07,North,Toys,Online,11,80.68,1148.51,887.48,no,no
T100298,2024-10-24,Store 01,East,Home,Curbside,36,121.36,7327.86,4368.96,no,yes
T100299,2024-04-15,Store 12,South,Beauty,In-Store,15,170.18,3828.41,2552.7,yes,yes
T100300,2024-05-31,Store 15,North,Toys,Curbside,23,188.59,5489.26,4337.57,no,no
T100301,2023-08-15,Store 10,West,Grocery,Curbside,18,162.48,4221.07,2924.64,no,yes
T100302,2023-02-08,Store 01,East,Apparel,Online,8,6.02,95.06,48.16,no,yes
T100303,2023-10-02,Store 06,West,Electronics,Curbside,30,200.8,10555.78,6024.0,no,no
T100304,2023-11-15,Store 01,East,Beauty,Online,23,137.78,5203.29,3168.94,no,no
T100305,2023-03-28,Store 10,West,Beauty,Online,15,21.52,558.67,322.8,no,no
T100306,2023-07-31,Store 18,West,Toys,Online,27,37.58,2035.11,1014.66,no,yes
T100307,2024-06-30,Store 10,West,Home,In-Store,24,5.14,254.61,123.36,no,yes
T100308,2023-08-18,Store 06,West,Beauty,In-Store,30,219.93,13747.41,6597.9,no,yes
T100309,2023-09-26,Store 18,West,Electronics,Curbside,11,85.72,1589.4,942.92,no,yes
T100310,2024-05-22,Store 02,West,Apparel,Online,32,98.15,5526.79,3140.8,no,no
T100311,2023-01-18,Store 16,South,Toys,Curbside,12,62.45,880.51,749.4,no,yes
T100312,2023-11-30,Store 18,West,Grocery,Online,35,102.02,6387.52,3570.7,no,no
T100313,2023-01-10,Store 16,South,Home,Curbside,32,185.41,11836.22,5933.12,no,yes
T100314,2024-02-13,Store 09,East,Grocery,In-Store,24,11.41,550.28,273.84,no,no
T100315,2024-05-24,Store 05,East,Grocery,In-Store,4,42.25,328.97,169.0,no,no
T100316,2024-02-11,Store 06,West,Home,Curbside,18,92.85,3504.65,1671.3,no,no
T100317,2024-01-21,Store 03,North,Apparel,Online,34,88.65,5549.81,3014.1,no,no
T100318,2024-08-17,Store 04,South,Apparel,In-Store,29,218.03,9996.91,6322.87,no,yes
T100319,2024-11-03,Store 01,East,Toys,In-Store,32,172.68,7766.82,5525.76,no,yes
T100320,2024-08-20,Store 04,South,Toys,Online,14,210.94,4825.73,2953.16,no,yes
T100321,2023-11-08,Store 16,South,Home,In-Store,19,137.81,4731.45,2618.39,no,no
T100322,2024-06-21,Store 13,East,Toys,Online,16,105.49,2222.29,1687.84,no,no
T100323,2024-02-29,Store 17,East,Toys,In-Store,26,128.21,4713.5,3333.46,no,yes
T100324,2023-05-04,Store 16,South,Apparel,In-Store,23,68.19,2927.93,1568.37,no,no
T100325,2023-09-08,Store 08,South,Grocery,Curbside,15,55.38,1333.56,830.7,no,no
T100326,2023-06-09,Store 07,North,Home,Online,34,61.0,3428.81,2074.0,no,no
T100327,2024-09-19,Store 10,West,Grocery,Curbside,35,9.79,557.8,342.65,no,no
T100328,2024-06-13,Store 07,North,Beauty,Curbside,34,143.27,8295.55,4871.18,no,no
T100329,2023-05-05,Store 08,South,Grocery,In-Store,36,186.89,13726.27,6728.04,no,yes
T100330,2023-02-10,Store 13,East,Toys,In-Store,26,197.0,7415.38,5122.0,no,no
T100331,2024-11-03,Store 14,West,Apparel,In-Store,35,45.8,3022.0,1603.0,no,no
T100332,2024-07-02,Store 04,South,Electronics,In-Store,35,25.32,1496.71,886.2,no,yes
T100333,2024-07-28,Store 11,North,Grocery,Curbside,37,134.92,6813.39,4992.04,no,no
T100334,2024-10-31,Store 16,South,Apparel,Online,27,191.73,6949.37,5176.71,yes,yes
T100335,2023-12-25,Store 04,South,Electronics,Online,1,93.37,194.41,93.37,yes,yes
T100336,2023-10-01,Store 03,North,Electronics,Online,20,121.27,3840.03,2425.4,no,no
T100337,2023-07-09,Store 12,South,Apparel,Curbside,24,78.28,3430.32,1878.72,no,no
T100338,2024-06-20,Store 08,South,Electronics,Online,27,8.26,351.9,223.02,no,no
T100339,2024-12-23,Store 13,East,Beauty,Online,20,164.59,4201.65,3291.8,no,no
T100340,2024-04-25,Store 14,West,Grocery,In-Store,32,80.26,5119.68,2568.32,yes,no
T100341,2023-09-01,Store 02,West,Beauty,In-Store,2,190.39,528.54,380.78,no,no
T100342,2023-05-24,Store 17,East,Apparel,Curbside,19,26.1,617.48,495.9,no,no
T100343,2023-12-17,Store 16,South,Electronics,In-Store,17,215.27,6079.11,3659.59,no,yes
T100344,2023-01-22,Store 10,West,Electronics,In-Store,39,124.27,7810.25,4846.53,no,no
T100345,2024-11-18,Store 16,South,Home,In-Store,7,131.71,1310.04,921.97,no,yes
T100346,2023-05-07,Store 08,South,Apparel,Curbside,35,129.35,8311.24,4527.25,no,no
T100347,2023-12-27,Store 17,East,Home,Curbside,6,95.51,1010.56,573.06,no,yes
T100348,2023-05-04,Store 09,East,Apparel,In-Store,4,139.45,1075.58,557.8,no,no
T100349,2023-01-16,Store 10,West,Toys,Online,1,150.54,247.95,150.54,no,no
T100350,2024-12-24,Store 14,West,Home,Curbside,10,189.75,2910.56,1897.5,no,yes
T100351,2024-01-05,Store 05,East,Beauty,Online,26,211.43,7857.17,5497.18,no,no
T100352,2024-02-12,Store 11,North,Grocery,Online,9,4.84,87.39,43.56,no,no
T100353,2024-01-27,Store 16,South,Beauty,Online,4,100.74,616.9,402.96,no,yes
T100354,2023-09-12,Store 04,South,Electronics,Online,28,166.66,8402.07,4666.48,no,no
T100355,2023-02-14,Store 06,West,Apparel,In-Store,10,142.0,2958.32,1420.0,no,yes
T100356,2024-10-07,Store 11,North,Toys,Online,31,68.05,3690.18,2109.55,no,no
T100357,2024-06-06,Store 15,North,Electronics,Online,1,51.65,63.67,51.65,no,yes
T100358,2023-04-27,Store 14,West,Beauty,In-Store,4,126.1,798.91,504.4,yes,no
T100359,2023-08-06,Store 12,South,Beauty,Online,29,19.05,928.98,552.45,no,no
T100360,2024-10-08,Store 17,East,Beauty,Curbside,38,180.54,12575.32,6860.52,yes,no
T100361,2024-08-11,Store 02,West,Toys,In-Store,40,123.46,8431.06,4938.4,no,no
T100362,2024-12-05,Store 15,North,Grocery,In-Store,36,32.96,1921.4,1186.56,no,no
T100363,2023-03-05,Store 08,South,Toys,Curbside,21,95.63,4103.38,2008.23,no,no
T100364,2024-04-04,Store 07,North,Apparel,Curbside,35,12.79,848.57,447.65,no,no
T100365,2024-09-26,Store 02,West,Home,Online,17,66.4,2162.91,1128.8,no,no
T100366,2023-03-29,Store 01,East,Apparel,Curbside,31,212.49,13421.24,6587.19,no,yes
T100367,2023-06-24,Store 10,West,Home,Curbside,9,164.87,2351.31,1483.83,no,no
T100368,2024-05-08,Store 12,South,Beauty,Curbside,26,168.98,5865.01,4393.48,no,yes
T100369,2024-11-28,Store 16,South,Toys,Online,25,48.84,2084.37,1221.0,no,no
T100370,2023-03-17,Store 08,South,Grocery,In-Store,30,26.67,1051.71,800.1,no,no
T100371,2023-07-31,Store 07,North,Home,Curbside,17,192.99,4432.69,3280.83,no,no
T100372,2023-07-10,Store 02,West,Beauty,In-Store,21,26.35,1100.14,553.35,no,no
T100373,2024-05-05,Store 04,South,Beauty,In-Store,10,214.77,3014.05,2147.7,yes,yes
T100374,2023-07-06,Store 16,South,Grocery,In-Store,27,104.84,4761.51,2830.68,no,yes
T100375,2023-04-18,Store 03,North,Grocery,In-Store,15,106.91,2246.09,1603.65,no,no
T100376,2024-02-08,Store 12,South,Home,Curbside,5,95.4,951.5,477.0,no,no
T100377,2024-03-31,Store 04,South,Toys,Online,20,182.27,6477.15,3645.4,no,yes
T100378,2023-07-20,Store 14,West,Apparel,Online,17,207.68,6995.06,3530.56,no,no
T100379,2024-08-17,Store 17,East,Toys,Online,12,186.02,3047.16,2232.24,no,no
T100380,2024-10-01,Store 03,North,Apparel,Online,14,104.26,1941.63,1459.64,no,yes
T100381,2024-01-24,Store 06,West,Electronics,In-Store,27,41.34,1680.02,1116.18,no,no
T100382,2023-07-11,Store 06,West,Toys,In-Store,16,219.04,6388.19,3504.64,no,no
T100383,2023-05-18,Store 12,South,Grocery,Online,28,176.45,10075.98,4940.6,no,no
T100384,2024-09-13,Store 12,South,Beauty,Curbside,7,21.91,294.37,153.37,no,no
T100385,2024-01-25,Store 10,West,Toys,In-Store,28,60.34,2333.93,1689.52,no,no
T100386,2024-04-21,Store 07,North,Electronics,Online,13,33.37,649.22,433.81,no,yes
T100387,2023-07-12,Store 05,East,Beauty,Online,18,96.6,2824.72,1738.8,no,no
T100388,2024-05-29,Store 06,West,Home,Online,26,166.4,8451.91,4326.4,no,yes
T100389,2023-12-16,Store 03,North,Toys,Curbside,3,69.93,352.78,209.79,no,no
T100390,2023-01-19,Store 07,North,Beauty,Online,13,173.28,3982.15,2252.64,no,yes
T100391,2024-10-10,Store 14,West,Home,Online,36,34.53,2425.37,1243.08,no,yes
T100392,2023-08-30,Store 16,South,Beauty,Online,13,17.43,460.31,226.59,no,no
T100393,2024-02-20,Store 05,East,Electronics,Online,34,124.68,5977.33,4239.12,no,no
T100394,2024-06-12,Store 14,West,Home,Curbside,23,20.08,602.49,461.84,no,no
T100395,2023-08-27,Store 12,South,Apparel,Online,33,115.51,7095.92,3811.83,no,no
T100396,2023-11-10,Store 14,West,Home,In-Store,26,164.94,4947.0,4288.44,no,no
T100397,2023-04-18,Store 01,East,Grocery,Curbside,18,200.89,6042.7,3616.02,no,yes
T100398,2023-01-05,Store 17,East,Grocery,In-Store,38,83.02,5463.64,3154.76,no,yes
T100399,2024-03-21,Store 16,South,Toys,Online,25,75.9,3451.17,1897.5,no,no
T100400,2023-07-27,Store 02,West,Electronics,In-Store,25,151.78,4685.94,3794.5,no,no
T100401,2023-03-10,Store 02,West,Grocery,Curbside,9,215.64,2251.27,1940.76,no,yes
T100402,2023-07-29,Store 11,North,Toys,Curbside,8,40.0,516.34,320.0,no,no
T100403,2023-08-11,Store 12,South,Apparel,Curbside,1,172.89,263.74,172.89,no,yes
T100404,2024-04-12,Store 15,North,Home,Curbside,16,167.84,5404.23,2685.44,no,no
T100405,2024-05-27,Store 18,West,Apparel,Online,12,10.16,158.32,121.92,no,no
T100406,2023-02-24,Store 05,East,Electronics,Online,7,12.78,124.33,89.46,no,yes
T100407,2023-03-07,Store 05,East,Apparel,Curbside,1,27.28,41.45,27.28,no,no
T100408,2024-01-18,Store 12,South,Home,Online,34,119.79,4848.06,4072.86,yes,no
T100409,2024-10-11,Store 12,South,Home,Curbside,33,54.45,2832.24,1796.85,no,no
T100410,2023-12-03,Store 10,West,Toys,Online,23,96.77,3297.03,2225.71,no,no
T100411,2024-04-13,Store 10,West,Apparel,Curbside,12,134.91,2311.73,1618.92,no,no
T100412,2024-11-14,Store 10,West,Beauty,In-Store,3,86.46,422.92,259.38,no,yes
T100413,2024-08-01,Store 12,South,Grocery,Curbside,11,187.98,2550.5,2067.78,no,yes
T100414,2024-07-27,Store 06,West,Toys,Online,23,45.67,1228.26,1050.41,no,no
T100415,2023-04-15,Store 13,East,Toys,In-Store,24,87.47,4198.96,2099.28,no,yes
T100416,2024-07-27,Store 14,West,Beauty,Online,38,55.33,2537.3,2102.54,no,yes
T100417,2023-09-08,Store 06,West,Grocery,Curbside,26,77.88,2387.97,2024.88,no,no
T100418,2023-08-27,Store 12,South,Electronics,In-Store,12,47.09,862.15,565.08,no,yes
T100419,2023-12-11,Store 10,West,Electronics,Curbside,17,193.72,5003.04,3293.24,no,no
T100420,2023-02-04,Store 06,West,Electronics,Online,7,127.03,1190.76,889.21,no,yes
T100421,2023-07-29,Store 13,East,Toys,Curbside,19,78.86,2070.25,1498.34,yes,no
T100422,2024-08-15,Store 13,East,Apparel,In-Store,38,214.66,12958.83,8157.08,no,no
T100423,2023-07-05,Store 09,East,Electronics,In-Store,8,132.71,1621.69,1061.68,no,no
T100424,2024-07-28,Store 08,South,Home,Online,11,3.74,72.32,41.14,no,yes
T100425,2023-02-05,Store 17,East,Toys,Online,27,192.67,9317.16,5202.09,no,no
T100426,2024-11-21,Store 16,South,Beauty,Online,2,19.96,56.77,39.92,no,yes
T100427,2023-04-13,Store 08,South,Electronics,Curbside,9,112.17,1741.85,1009.53,no,no
T100428,2024-03-21,Store 02,West,Grocery,In-Store,3,166.97,1023.41,500.91,no,no
T100429,2024-08-14,Store 10,West,Toys,In-Store,16,89.51,2187.51,1432.16,no,yes
T100430,2023-06-24,Store 11,North,Beauty,Curbside,26,114.95,6129.9,2988.7,no,no
T100431,2024-02-07,Store 06,West,Electronics,In-Store,29,199.31,9321.04,5779.99,no,no
T100432,2023-07-07,Store 06,West,Home,Online,19,143.42,5706.14,2724.98,no,yes
T100433,2024-12-09,Store 12,South,Grocery,In-Store,36,3.52,235.12,126.72,no,no
T100434,2023-02-11,Store 17,East,Apparel,Online,33,207.97,10144.74,6863.01,no,yes
T100435,2024-09-19,Store 05,East,Electronics,Online,20,196.33,8044.72,3926.6,yes,no
T100436,2023-03-20,Store 13,East,Grocery,Curbside,5,203.69,1289.04,1018.45,no,no
T100437,2024-06-03,Store 05,East,Grocery,Curbside,1,102.07,133.27,102.07,no,no
T100438,2023-03-03,Store 18,West,Toys,Online,30,135.48,5027.96,4064.4,no,no
T100439,2023-12-14,Store 12,South,Electronics,Curbside,20,210.35,8037.69,4207.0,no,no
T100440,2024-10-27,Store 14,West,Electronics,Online,9,206.41,2199.3,1857.69,no,no
T100441,2024-02-26,Store 03,North,Beauty,Curbside,16,69.0,1645.66,1104.0,no,no
T100442,2023-04-05,Store 10,West,Electronics,Online,25,27.78,966.67,694.5,no,no
T100443,2024-12-25,Store 16,South,Grocery,Curbside,11,183.87,3780.8,2022.57,no,yes
T100444,2024-05-31,Store 15,North,Grocery,Curbside,8,95.79,1141.46,766.32,no,no
T100445,2023-09-05,Store 01,East,Toys,Curbside,23,9.51,311.62,218.73,no,no
T100446,2024-01-12,Store 08,South,Electronics,Online,30,213.74,8272.29,6412.2,no,no
T100447,2024-03-19,Store 06,West,Electronics,Online,1,47.04,69.51,47.04,no,yes
T100448,2024-07-22,Store 07,North,Toys,Online,34,84.69,5301.18,2879.46,no,no
T100449,2023-09-29,Store 14,West,Grocery,Online,14,20.66,357.27,289.24,no,yes
T100450,2024-02-21,Store 11,North,Grocery,Online,20,168.54,4437.86,3370.8,no,yes
T100451,2024-03-03,Store 02,West,Grocery,Curbside,1,57.32,95.05,57.32,yes,no
T100452,2024-12-07,Store 17,East,Grocery,In-Store,11,9.99,142.53,109.89,no,no
T100453,2024-12-19,Store 06,West,Apparel,In-Store,28,213.61,7287.53,5981.08,no,yes
T100454,2024-01-26,Store 16,South,Home,Online,11,213.18,3321.22,2344.98,no,no
T100455,2023-03-12,Store 10,West,Toys,Online,8,106.26,1674.65,850.08,no,no
T100456,2024-09-28,Store 09,East,Beauty,Online,39,136.14,9316.52,5309.46,no,yes
T100457,2023-05-01,Store 11,North,Toys,Curbside,25,159.48,5194.72,3987.0,no,no
T100458,2023-12-07,Store 09,East,Toys,Online,18,124.54,3236.22,2241.72,no,no
T100459,2023-03-04,Store 14,West,Toys,Curbside,13,77.86,1905.89,1012.18,no,no
T100460,2024-06-02,Store 14,West,Toys,Curbside,27,172.5,5788.21,4657.5,no,no
T100461,2023-03-07,Store 01,East,Beauty,Curbside,24,176.19,8533.75,4228.56,no,no
T100462,2023-09-07,Store 06,West,Apparel,In-Store,21,35.53,941.19,746.13,no,yes
T100463,2024-08-16,Store 07,North,Grocery,In-Store,23,180.78,7990.16,4157.94,no,no
T100464,2023-01-30,Store 11,North,Home,Curbside,7,41.22,353.0,288.54,no,no
T100465,2024-07-14,Store 09,East,Grocery,In-Store,37,216.06,15762.95,7994.22,no,no
T100466,2024-02-18,Store 17,East,Electronics,In-Store,9,166.22,2990.68,1495.98,no,yes
T100467,2024-12-03,Store 16,South,Grocery,Online,18,113.17,2716.78,2037.06,no,yes
T100468,2024-06-14,Store 04,South,Electronics,Curbside,28,96.88,5527.87,2712.64,no,no
T100469,2023-03-26,Store 10,West,Grocery,In-Store,35,211.09,14092.78,7388.15,no,no
T100470,2023-04-26,Store 09,East,Apparel,Curbside,40,27.88,2105.05,1115.2,no,yes
T100471,2023-09-06,Store 06,West,Home,In-Store,24,191.67,7710.47,4600.08,no,no
T100472,2024-09-18,Store 08,South,Home,In-Store,1,181.04,213.12,181.04,no,no
T100473,2023-01-19,Store 01,East,Beauty,Curbside,36,77.95,5008.21,2806.2,no,no
T100474,2023-07-13,Store 01,East,Electronics,Curbside,38,55.8,4096.72,2120.4,no,no
T100475,2023-05-07,Store 14,West,Beauty,Online,3,55.01,231.38,165.03,no,no
T100476,2024-03-02,Store 06,West,Home,In-Store,3,31.78,163.4,95.34,no,no
T100477,2024-12-17,Store 06,West,Grocery,Online,12,188.19,2992.65,2258.28,no,yes
T100478,2023-11-28,Store 15,North,Beauty,In-Store,25,195.61,9206.79,4890.25,no,no
T100479,2023-08-14,Store 13,East,Electronics,Curbside,19,158.39,5894.57,3009.41,no,no
T100480,2023-10-02,Store 17,East,Apparel,In-Store,38,83.38,6448.8,3168.44,no,no
T100481,2024-12-26,Store 10,West,Toys,Curbside,2,169.06,470.4,338.12,no,yes
T100482,2023-04-24,Store 01,East,Apparel,Online,6,172.93,1744.83,1037.58,no,yes
T100483,2024-10-20,Store 18,West,Grocery,Curbside,15,4.8,114.86,72.0,no,no
T100484,2023-04-05,Store 02,West,Home,In-Store,30,188.77,7108.44,5663.1,no,no
T100485,2024-09-07,Store 12,South,Beauty,Curbside,21,60.06,2088.65,1261.26,no,yes
T100486,2023-12-03,Store 18,West,Electronics,Curbside,15,84.56,1757.53,1268.4,no,yes
T100487,2024-05-19,Store 03,North,Toys,In-Store,14,142.85,3812.98,1999.9,yes,no
T100488,2024-12-27,Store 07,North,Apparel,Curbside,34,203.77,11978.36,6928.18,no,no
T100489,2024-11-10,Store 18,West,Beauty,In-Store,25,157.35,5385.01,3933.75,no,no
T100490,2023-07-17,Store 06,West,Beauty,In-Store,1,138.09,224.04,138.09,no,no
T100491,2024-10-22,Store 17,East,Electronics,In-Store,14,156.51,2650.33,2191.14,no,no
T100492,2023-04-28,Store 06,West,Apparel,Curbside,26,6.92,278.41,179.92,no,yes
T100493,2023-09-04,Store 17,East,Beauty,In-Store,17,39.37,1140.09,669.29,no,no
T100494,2023-12-11,Store 06,West,Beauty,In-Store,36,113.76,8239.95,4095.36,no,yes
T100495,2024-04-18,Store 14,West,Home,Curbside,5,65.96,629.91,329.8,no,yes
T100496,2024-04-26,Store 03,North,Toys,In-Store,2,78.9,242.95,157.8,no,no
T100497,2023-05-01,Store 09,East,Apparel,In-Store,38,31.67,2312.23,1203.46,no,yes
T100498,2023-03-13,Store 11,North,Home,Curbside,14,146.6,3629.71,2052.4,no,no
T100499,2023-10-13,Store 07,North,Apparel,Online,7,165.74,2174.71,1160.18,no,yes
T100500,2024-05-23,Store 04,South,Grocery,Curbside,34,47.45,2028.91,1613.3,no,no
T100501,2023-09-09,Store 06,West,Toys,Online,8,189.75,2381.44,1518.0,no,yes
T100502,2023-10-12,Store 12,South,Electronics,In-Store,2,108.04,413.55,216.08,no,no
T100503,2024-03-18,Store 17,East,Electronics,Curbside,28,96.06,3636.86,2689.68,no,no
T100504,2023-06-16,Store 06,West,Toys,In-Store,5,82.84,536.11,414.2,no,no
T100505,2024-12-26,Store 01,East,Beauty,Online,35,151.17,10732.64,5290.95,no,yes
T100506,2023-04-11,Store 02,West,Electronics,Curbside,18,115.86,4233.01,2085.48,no,yes
T100507,2023-11-28,Store 10,West,Apparel,In-Store,19,47.06,1741.53,894.14,no,yes
T100508,2023-09-06,Store 03,North,Apparel,Curbside,36,37.91,2255.31,1364.76,no,yes
T100509,2023-07-13,Store 18,West,Home,Online,17,97.88,3258.97,1663.96,no,no
T100510,2024-09-22,Store 12,South,Beauty,In-Store,9,163.17,2544.86,1468.53,no,yes
T100511,2024-03-02,Store 10,West,Electronics,Curbside,15,31.6,756.85,474.0,no,no
T100512,2023-10-26,Store 11,North,Beauty,In-Store,37,13.96,677.77,516.52,no,no
T100513,2024-05-14,Store 01,East,Apparel,In-Store,36,108.43,4966.19,3903.48,no,yes
T100514,2024-05-12,Store 04,South,Toys,In-Store,2,108.12,437.69,216.24,no,yes
T100515,2023-05-28,Store 11,North,Beauty,Curbside,25,155.34,7190.35,3883.5,no,no
T100516,2024-09-15,Store 04,South,Home,In-Store,38,204.88,12638.43,7785.44,no,no
T100517,2024-04-24,Store 01,East,Apparel,In-Store,38,81.5,5182.33,3097.0,no,yes
T100518,2023-04-07,Store 12,South,Apparel,Online,38,125.98,7877.59,4787.24,no,no
T100519,2023-02-04,Store 05,East,Toys,In-Store,7,40.29,401.55,282.03,no,yes
T100520,2023-03-27,Store 01,East,Electronics,Online,7,70.05,859.35,490.35,no,yes
T100521,2024-07-23,Store 09,East,Grocery,Curbside,2,40.71,169.81,81.42,no,yes
T100522,2023-11-07,Store 12,South,Toys,Online,40,175.4,10750.33,7016.0,no,yes
T100523,2024-03-31,Store 09,East,Electronics,In-Store,36,147.19,10401.85,5298.84,no,no
T100524,2023-08-18,Store 17,East,Toys,Curbside,1,135.28,241.94,135.28,no,yes
T100525,2024-02-16,Store 06,West,Home,In-Store,30,68.77,3550.78,2063.1,no,yes
T100526,2023-06-01,Store 05,East,Grocery,In-Store,27,100.05,4340.06,2701.35,no,yes
T100527,2023-11-26,Store 10,West,Toys,Curbside,9,125.37,1406.6,1128.33,no,no
T100528,2024-05-18,Store 12,South,Home,Curbside,2,133.12,460.67,266.24,no,yes
T100529,2023-04-08,Store 14,West,Toys,Curbside,36,95.64,5600.88,3443.04,no,yes
T100530,2024-10-30,Store 11,North,Electronics,In-Store,15,183.2,4372.54,2748.0,no,no
T100531,2024-03-22,Store 18,West,Home,Curbside,2,160.39,494.59,320.78,no,yes
T100532,2023-10-25,Store 15,North,Electronics,Online,27,177.34,8599.61,4788.18,yes,no
T100533,2023-09-23,Store 15,North,Electronics,Online,12,216.21,4472.55,2594.52,no,no
T100534,2023-05-06,Store 11,North,Home,Online,6,136.77,1269.79,820.62,no,no
T100535,2024-05-11,Store 05,East,Apparel,In-Store,40,194.91,15542.87,7796.4,no,no
T100536,2023-10-15,Store 18,West,Grocery,Curbside,1,204.34,366.11,204.34,no,no
T100537,2023-06-02,Store 06,West,Toys,Curbside,5,148.71,1448.5,743.55,no,yes
T100538,2023-11-12,Store 09,East,Grocery,Online,28,46.08,2195.67,1290.24,no,yes
T100539,2024-04-28,Store 04,South,Beauty,In-Store,20,122.12,4738.57,2442.4,no,no
T100540,2024-05-11,Store 17,East,Beauty,Online,27,102.81,5469.06,2775.87,no,no
T100541,2023-12-24,Store 06,West,Apparel,Online,38,191.34,10512.57,7270.92,no,yes
T100542,2023-04-10,Store 14,West,Beauty,Online,10,77.06,1573.87,770.6,no,yes
T100543,2023-09-29,Store 06,West,Electronics,In-Store,28,55.96,3069.66,1566.88,no,yes
T100544,2024-05-30,Store 08,South,Home,In-Store,37,208.55,15949.76,7716.35,no,yes
T100545,2023-11-30,Store 01,East,Beauty,Curbside,7,44.83,388.85,313.81,no,no
T100546,2023-02-13,Store 14,West,Grocery,Online,27,122.59,4658.11,3309.93,no,no
T100547,2024-09-24,Store 13,East,Home,Online,9,53.02,606.56,477.18,yes,yes
T100548,2024-10-12,Store 07,North,Apparel,Online,14,9.98,221.74,139.72,no,no
T100549,2023-02-15,Store 18,West,Beauty,Online,28,132.6,7646.53,3712.8,no,no
T100550,2023-01-22,Store 08,South,Home,Online,35,54.28,2561.36,1899.8,no,no
T100551,2024-05-26,Store 06,West,Beauty,Curbside,28,98.63,4357.33,2761.64,no,yes
T100552,2023-01-15,Store 13,East,Grocery,Online,11,64.94,1362.77,714.34,no,yes
T100553,2023-12-26,Store 05,East,Beauty,Online,11,163.4,2834.82,1797.4,no,no
T100554,2024-03-21,Store 11,North,Apparel,Curbside,25,43.73,1335.5,1093.25,no,yes
T100555,2024-09-01,Store 17,East,Toys,Curbside,1,83.93,130.36,83.93,no,no
T100556,2023-03-17,Store 05,East,Home,Online,2,208.83,566.15,417.66,no,yes
T100557,2023-05-04,Store 18,West,Beauty,Curbside,40,133.36,8017.33,5334.4,no,yes
T100558,2024-01-01,Store 11,North,Home,In-Store,15,61.7,1859.35,925.5,no,no
T100559,2023-11-21,Store 14,West,Beauty,Curbside,22,41.06,1540.62,903.32,no,no
T100560,2023-02-12,Store 11,North,Home,In-Store,27,75.64,4116.41,2042.28,no,yes
T100561,2023-04-28,Store 12,South,Home,In-Store,7,84.26,1033.5,589.82,no,no
T100562,2024-12-06,Store 16,South,Grocery,Online,34,176.7,11365.51,6007.8,no,no
T100563,2024-09-18,Store 05,East,Beauty,In-Store,6,6.77,82.94,40.62,no,no
T100564,2023-04-16,Store 05,East,Toys,Online,31,184.57,10327.4,5721.67,no,no
T100565,2024-03-03,Store 05,East,Beauty,Curbside,8,25.02,338.19,200.16,no,no
T100566,2024-03-09,Store 09,East,Electronics,Curbside,3,61.92,354.53,185.76,no,no
T100567,2024-01-16,Store 11,North,Beauty,In-Store,5,133.72,1089.89,668.6,no,no
T100568,2023-11-01,Store 02,West,Beauty,Curbside,12,32.41,534.31,388.92,no,yes
T100569,2024-09-02,Store 16,South,Apparel,In-Store,36,20.01,1206.51,720.36,no,no
T100570,2023-05-02,Store 01,East,Home,Online,4,117.48,719.25,469.92,no,no
T100571,2023-03-18,Store 07,North,Beauty,Online,11,168.67,3872.61,1855.37,no,no
T100572,2024-12-20,Store 18,West,Grocery,In-Store,15,214.91,4713.54,3223.65,no,no
T100573,2023-03-22,Store 04,South,Home,Curbside,24,168.05,6976.71,4033.2,yes,yes
T100574,2024-03-23,Store 06,West,Home,Curbside,26,137.04,6787.33,3563.04,no,yes
T100575,2024-10-24,Store 18,West,Apparel,Curbside,31,7.2,403.12,223.2,no,yes
T100576,2023-09-10,Store 17,East,Apparel,Curbside,8,46.15,614.19,369.2,no,no
T100577,2024-01-25,Store 14,West,Grocery,In-Store,14,51.6,1296.54,722.4,no,yes
T100578,2024-05-04,Store 05,East,Home,In-Store,25,18.94,684.19,473.5,no,no
T100579,2023-07-02,Store 06,West,Toys,Online,29,167.03,7940.88,4843.87,no,no
T100580,2023-03-18,Store 03,North,Apparel,Curbside,1,199.6,239.43,199.6,no,no
T100581,2023-11-06,Store 13,East,Grocery,In-Store,1,139.32,227.73,139.32,no,no
T100582,2024-04-15,Store 01,East,Beauty,Online,4,42.83,339.34,171.32,no,yes
T100583,2023-11-07,Store 16,South,Toys,In-Store,6,54.41,620.68,326.46,no,yes
T100584,2023-05-20,Store 06,West,Apparel,Curbside,7,152.78,1594.47,1069.46,no,no
T100585,2024-11-25,Store 08,South,Grocery,Curbside,30,72.4,3790.11,2172.0,no,yes
T100586,2023-06-19,Store 09,East,Beauty,In-Store,11,9.22,145.71,101.42,yes,yes
T100587,2024-05-07,Store 04,South,Home,In-Store,28,34.79,1325.15,974.12,no,no
T100588,2023-02-18,Store 15,North,Grocery,In-Store,3,30.48,168.08,91.44,no,no
T100589,2024-01-31,Store 02,West,Electronics,In-Store,32,95.3,4597.98,3049.6,no,no
T100590,2024-04-10,Store 09,East,Apparel,In-Store,5,32.85,289.46,164.25,yes,yes
T100591,2024-04-09,Store 16,South,Apparel,Online,23,19.12,867.95,439.76,yes,yes
T100592,2024-02-28,Store 08,South,Apparel,Curbside,2,216.93,730.9,433.86,no,no
T100593,2024-05-07,Store 16,South,Grocery,In-Store,23,175.13,5279.69,4027.99,no,yes
T100594,2023-08-14,Store 07,North,Grocery,Online,36,215.7,8993.78,7765.2,no,yes
T100595,2023-10-28,Store 09,East,Grocery,Online,14,153.94,4273.68,2155.16,no,no
T100596,2023-11-17,Store 04,South,Apparel,Curbside,30,20.64,1161.98,619.2,no,yes
T100597,2023-12-21,Store 15,North,Beauty,Curbside,32,107.63,5878.68,3444.16,no,no
T100598,2023-04-25,Store 06,West,Electronics,Curbside,33,27.75,1609.43,915.75,no,yes
T100599,2023-07-20,Store 11,North,Grocery,Curbside,7,109.77,1578.26,768.39,no,yes
T100600,2023-02-08,Store 18,West,Electronics,In-Store,3,202.55,711.1,607.65,no,no
T100601,2023-01-08,Store 05,East,Apparel,Online,28,169.96,6416.23,4758.88,no,no
T100602,2024-10-18,Store 09,East,Electronics,Curbside,22,149.67,3814.98,3292.74,no,no
T100603,2023-05-03,Store 06,West,Grocery,Curbside,24,147.16,4432.14,3531.84,no,no
T100604,2023-07-19,Store 02,West,Beauty,In-Store,16,209.77,6541.04,3356.32,no,yes
T100605,2024-04-07,Store 09,East,Electronics,Curbside,25,125.01,3793.29,3125.25,no,no
T100606,2024-12-29,Store 11,North,Beauty,In-Store,6,97.55,811.98,585.3,no,no
T100607,2024-12-02,Store 07,North,Home,In-Store,4,207.64,1322.13,830.56,no,yes
T100608,2023-05-21,Store 01,East,Toys,Online,13,143.82,2385.0,1869.66,no,no
T100609,2024-09-07,Store 12,South,Apparel,In-Store,27,24.2,800.82,653.4,no,no
T100610,2023-03-28,Store 18,West,Toys,In-Store,4,7.19,38.29,28.76,no,yes
T100611,2024-01-31,Store 18,West,Beauty,In-Store,24,157.4,4400.85,3777.6,no,no
T100612,2023-04-04,Store 07,North,Apparel,Curbside,25,154.38,7504.74,3859.5,no,yes
T100613,2024-07-31,Store 14,West,Beauty,Online,1,39.91,63.94,39.91,no,no
T100614,2023-04-18,Store 08,South,Electronics,Curbside,22,131.77,5759.11,2898.94,no,no
T100615,2024-03-22,Store 12,South,Electronics,In-Store,29,148.22,6723.65,4298.38,no,no
T100616,2023-01-17,Store 15,North,Electronics,Online,16,111.65,3608.4,1786.4,no,no
T100617,2024-09-17,Store 05,East,Apparel,In-Store,35,96.83,4505.62,3389.05,no,no
T100618,2024-10-12,Store 09,East,Toys,Curbside,13,117.58,1834.44,1528.54,no,yes
T100619,2024-01-21,Store 13,East,Electronics,In-Store,6,202.25,1670.98,1213.5,no,yes
T100620,2024-03-09,Store 14,West,Apparel,In-Store,1,129.09,250.44,129.09,no,yes
T100621,2024-12-26,Store 12,South,Electronics,Online,37,166.71,7340.5,6168.27,no,no
T100622,2023-05-19,Store 14,West,Beauty,Online,28,167.63,8486.88,4693.64,no,yes
T100623,2024-04-25,Store 17,East,Home,In-Store,31,161.72,8080.74,5013.32,no,no
T100624,2024-05-23,Store 07,North,Grocery,Online,30,195.01,8313.3,5850.3,no,no
T100625,2024-07-23,Store 08,South,Beauty,In-Store,19,125.26,4927.16,2379.94,no,no
T100626,2023-04-03,Store 14,West,Home,Online,8,63.16,583.79,505.28,no,yes
T100627,2023-02-05,Store 17,East,Electronics,Curbside,38,34.31,1882.62,1303.78,no,no
T100628,2023-11-14,Store 03,North,Apparel,Online,40,105.05,8056.27,4202.0,no,yes
T100629,2024-11-05,Store 15,North,Apparel,Curbside,31,63.01,3220.09,1953.31,no,yes
T100630,2023-09-11,Store 06,West,Grocery,Online,30,22.52,1143.47,675.6,no,no
T100631,2024-09-21,Store 04,South,Apparel,In-Store,27,12.22,522.56,329.94,no,no
T100632,2024-04-25,Store 11,North,Beauty,Curbside,9,59.55,763.5,535.95,no,no
T100633,2024-07-05,Store 01,East,Toys,Curbside,23,131.63,4987.51,3027.49,no,no
T100634,2024-03-11,Store 10,West,Toys,In-Store,34,62.61,4278.73,2128.74,no,no
T100635,2023-11-10,Store 16,South,Beauty,In-Store,16,150.04,3451.09,2400.64,no,no
T100636,2023-05-22,Store 06,West,Beauty,Curbside,1,114.3,158.94,114.3,no,yes
T100637,2023-01-27,Store 02,West,Beauty,Online,1,65.19,134.35,65.19,no,no
T100638,2024-08-12,Store 04,South,Electronics,Online,14,108.54,2138.11,1519.56,yes,no
T100639,2023-08-27,Store 01,East,Home,Online,1,24.04,47.76,24.04,no,yes
T100640,2023-11-08,Store 13,East,Beauty,Curbside,6,146.5,1684.58,879.0,no,yes
T100641,2023-09-24,Store 16,South,Home,In-Store,30,52.53,2983.1,1575.9,no,no
T100642,2023-04-29,Store 04,South,Grocery,In-Store,9,197.37,2134.03,1776.33,no,yes
T100643,2024-01-14,Store 11,North,Toys,Curbside,30,75.07,4128.3,2252.1,no,no
T100644,2023-02-06,Store 16,South,Toys,Curbside,22,191.98,8429.82,4223.56,yes,yes
T100645,2023-03-31,Store 04,South,Apparel,Online,11,163.52,2856.25,1798.72,no,no
T100646,2023-05-14,Store 14,West,Grocery,Online,38,41.91,2583.44,1592.58,no,yes
T100647,2024-12-01,Store 15,North,Electronics,Online,37,111.22,5227.92,4115.14,no,yes
T100648,2024-09-25,Store 12,South,Grocery,In-Store,5,198.12,1474.67,990.6,no,no
T100649,2024-04-19,Store 07,North,Home,In-Store,8,101.74,1179.14,813.92,no,no
T100650,2023-10-11,Store 05,East,Electronics,Curbside,10,145.95,2462.5,1459.5,no,no
T100651,2024-02-02,Store 08,South,Beauty,In-Store,24,63.43,3099.06,1522.32,no,no
T100652,2024-09-27,Store 11,North,Home,Curbside,35,87.8,5865.72,3073.0,no,no
T100653,2024-07-28,Store 06,West,Toys,In-Store,2,60.11,142.51,120.22,no,no
T100654,2024-11-10,Store 08,South,Home,Curbside,27,40.5,1937.66,1093.5,no,no
T100655,2024-11-11,Store 13,East,Home,In-Store,34,183.78,11393.48,6248.52,no,yes
T100656,2023-01-29,Store 02,West,Toys,In-Store,19,9.62,292.46,182.78,no,no
T100657,2023-07-11,Store 01,East,Apparel,In-Store,15,219.36,6492.71,3290.4,no,no
T100658,2023-06-03,Store 02,West,Grocery,Online,32,5.57,270.78,178.24,no,yes
T100659,2023-05-28,Store 07,North,Beauty,Online,29,14.23,574.28,412.67,no,yes
T100660,2024-10-18,Store 01,East,Home,Online,6,147.02,1375.05,882.12,no,no
T100661,2024-03-25,Store 14,West,Toys,In-Store,24,134.56,5339.52,3229.44,no,no
T100662,2024-05-13,Store 08,South,Apparel,Online,1,72.11,149.65,72.11,no,yes
T100663,2024-09-01,Store 08,South,Beauty,In-Store,36,38.23,2281.33,1376.28,no,yes
T100664,2023-08-30,Store 09,East,Grocery,Online,16,177.48,4333.15,2839.68,no,no
T100665,2024-11-08,Store 09,East,Grocery,Online,38,83.51,4928.39,3173.38,no,no
T100666,2023-07-10,Store 02,West,Toys,Curbside,29,99.42,4016.61,2883.18,no,no
T100667,2023-10-06,Store 14,West,Electronics,Online,21,155.16,5723.32,3258.36,no,yes
T100668,2024-09-16,Store 06,West,Apparel,Curbside,32,194.3,12029.26,6217.6,no,yes
T100669,2024-01-19,Store 08,South,Electronics,In-Store,24,131.98,6646.89,3167.52,no,no
T100670,2023-05-18,Store 17,East,Toys,In-Store,33,65.58,4487.46,2164.14,no,yes
T100671,2023-03-09,Store 03,North,Beauty,Online,39,50.75,2517.21,1979.25,no,yes
T100672,2023-09-19,Store 14,West,Grocery,Curbside,4,127.86,894.46,511.44,no,yes
T100673,2024-08-01,Store 05,East,Home,Curbside,11,120.92,2584.57,1330.12,yes,yes
T100674,2024-02-22,Store 16,South,Apparel,Online,36,104.33,7303.91,3755.88,no,no
T100675,2024-02-04,Store 16,South,Toys,Online,17,40.94,1008.43,695.98,no,no
T100676,2023-11-30,Store 05,East,Grocery,Curbside,2,187.25,481.55,374.5,no,yes
T100677,2024-12-04,Store 13,East,Beauty,In-Store,38,82.72,6293.56,3143.36,no,no
T100678,2023-09-15,Store 08,South,Grocery,In-Store,39,52.66,4183.23,2053.74,no,no
T100679,2023-01-18,Store 07,North,Beauty,Curbside,4,109.56,810.2,438.24,no,no
T100680,2024-05-29,Store 16,South,Grocery,Curbside,1,51.11,78.02,51.11,no,yes
T100681,2024-05-13,Store 15,North,Electronics,Online,10,93.34,1247.61,933.4,no,yes
T100682,2024-02-10,Store 04,South,Beauty,Curbside,6,52.52,653.21,315.12,no,no
T100683,2023-05-08,Store 13,East,Grocery,In-Store,6,77.99,831.42,467.94,no,no
T100684,2024-12-21,Store 10,West,Toys,Online,30,19.16,957.38,574.8,no,yes
T100685,2024-10-29,Store 12,South,Grocery,Online,29,33.75,1627.03,978.75,no,yes
T100686,2023-04-14,Store 05,East,Electronics,Curbside,2,65.17,217.59,130.34,no,yes
T100687,2024-04-09,Store 06,West,Grocery,In-Store,1,166.21,343.67,166.21,no,no
T100688,2024-11-14,Store 04,South,Beauty,Curbside,31,184.73,6992.04,5726.63,no,no
T100689,2024-05-17,Store 10,West,Home,In-Store,28,64.74,3085.3,1812.72,no,no
T100690,2023-07-18,Store 07,North,Apparel,Online,38,218.67,16886.16,8309.46,no,no
T100691,2023-04-17,Store 02,West,Electronics,Online,23,79.3,2492.28,1823.9,no,yes
T100692,2024-04-01,Store 04,South,Beauty,In-Store,24,26.17,1003.36,628.08,no,yes
T100693,2024-05-23,Store 05,East,Home,Curbside,34,206.11,9395.99,7007.74,no,no
T100694,2023-05-12,Store 11,North,Grocery,In-Store,12,42.85,737.92,514.2,no,yes
T100695,2023-07-25,Store 15,North,Electronics,Curbside,28,147.06,8171.51,4117.68,no,no
T100696,2024-01-17,Store 07,North,Beauty,Online,6,117.06,1070.65,702.36,no,no
T100697,2024-03-16,Store 13,East,Home,Online,17,116.57,3591.15,1981.69,no,yes
T100698,2024-11-29,Store 08,South,Beauty,Curbside,30,30.78,1248.69,923.4,no,no
T100699,2024-09-16,Store 04,South,Home,In-Store,8,168.7,1806.83,1349.6,no,yes
T100700,2024-01-13,Store 08,South,Grocery,Curbside,22,76.72,2156.66,1687.84,no,no
T100701,2024-09-05,Store 03,North,Beauty,Curbside,35,35.79,2144.41,1252.65,no,yes
T100702,2024-09-05,Store 09,East,Apparel,In-Store,34,12.1,600.48,411.4,yes,no
T100703,2024-02-20,Store 14,West,Home,In-Store,29,53.4,2195.07,1548.6,no,yes
T100704,2024-09-03,Store 09,East,Apparel,Curbside,35,141.52,10054.89,4953.2,no,no
T100705,2024-10-28,Store 11,North,Beauty,In-Store,18,8.75,236.26,157.5,no,no
T100706,2024-05-28,Store 04,South,Toys,In-Store,10,123.51,1729.68,1235.1,no,yes
T100707,2024-01-27,Store 06,West,Apparel,Online,11,170.21,2901.21,1872.31,no,no
T100708,2023-09-19,Store 15,North,Apparel,In-Store,34,159.75,8945.64,5431.5,no,yes
T100709,2024-01-10,Store 10,West,Toys,Online,34,194.1,8554.08,6599.4,no,yes
T100710,2024-12-01,Store 09,East,Toys,Online,19,205.44,6716.22,3903.36,no,no
T100711,2024-08-15,Store 06,West,Grocery,Curbside,16,100.82,2689.33,1613.12,no,yes
T100712,2024-08-10,Store 18,West,Apparel,In-Store,23,207.19,7100.16,4765.37,no,no
T100713,2024-06-06,Store 09,East,Toys,Online,32,94.14,3734.26,3012.48,no,no
T100714,2024-02-01,Store 05,East,Apparel,In-Store,14,175.4,5022.43,2455.6,no,no
T100715,2023-09-24,Store 05,East,Home,In-Store,26,184.97,8130.35,4809.22,no,no
T100716,2023-05-10,Store 10,West,Apparel,In-Store,11,202.25,3432.48,2224.75,no,no
T100717,2024-08-30,Store 06,West,Home,In-Store,15,130.09,3336.55,1951.35,no,yes
T100718,2024-06-08,Store 07,North,Electronics,In-Store,28,187.28,8820.46,5243.84,no,yes
T100719,2023-05-01,Store 08,South,Beauty,Online,11,190.31,3880.92,2093.41,no,yes
T100720,2023-12-17,Store 08,South,Home,In-Store,12,199.9,4827.67,2398.8,no,no
T100721,2023-03-12,Store 10,West,Home,Curbside,14,20.68,408.8,289.52,yes,no
T100722,2024-03-02,Store 02,West,Beauty,Online,38,140.61,9061.48,5343.18,no,no
T100723,2023-08-22,Store 02,West,Toys,Curbside,11,163.77,2962.67,1801.47,no,yes
T100724,2023-11-18,Store 15,North,Grocery,Online,4,190.87,1061.93,763.48,no,no
T100725,2024-09-08,Store 01,East,Electronics,Online,2,139.88,399.51,279.76,no,yes
T100726,2023-02-22,Store 12,South,Electronics,In-Store,6,113.05,1209.25,678.3,no,no
T100727,2023-09-23,Store 03,North,Grocery,Curbside,36,49.63,3622.47,1786.68,no,no
T100728,2024-05-03,Store 01,East,Toys,In-Store,1,8.48,11.97,8.48,no,yes
T100729,2023-08-12,Store 11,North,Apparel,In-Store,7,125.46,1563.83,878.22,no,no
T100730,2024-08-28,Store 07,North,Apparel,In-Store,8,81.53,1097.91,652.24,yes,yes
T100731,2024-06-04,Store 15,North,Electronics,Online,35,176.86,8989.86,6190.1,no,no
T100732,2024-03-02,Store 07,North,Apparel,In-Store,36,28.59,1429.82,1029.24,no,no
T100733,2024-03-11,Store 01,East,Beauty,Curbside,39,153.92,9602.61,6002.88,no,no
T100734,2024-04-03,Store 03,North,Electronics,Online,14,156.64,4249.78,2192.96,no,no
T100735,2023-07-26,Store 02,West,Electronics,In-Store,15,114.03,2913.38,1710.45,no,no
T100736,2023-04-16,Store 10,West,Beauty,In-Store,25,115.63,5570.52,2890.75,no,yes
T100737,2023-09-04,Store 13,East,Beauty,Curbside,6,89.0,739.91,534.0,no,no
T100738,2023-05-09,Store 15,North,Electronics,Online,13,200.86,3223.32,2611.18,no,no
T100739,2023-04-21,Store 02,West,Toys,Online,33,123.39,6731.81,4071.87,no,yes
T100740,2024-03-09,Store 06,West,Home,Curbside,11,140.66,2233.48,1547.26,no,yes
T100741,2024-10-12,Store 09,East,Home,Online,23,161.95,6185.17,3724.85,no,yes
T100742,2023-02-27,Store 01,East,Electronics,Online,1,33.17,62.1,33.17,no,no
T100743,2024-02-01,Store 02,West,Apparel,Online,7,185.75,1819.4,1300.25,no,no
T100744,2023-03-15,Store 15,North,Apparel,Online,1,203.77,252.67,203.77,no,yes
T100745,2023-11-17,Store 07,North,Grocery,Online,15,106.24,1993.27,1593.6,no,yes
T100746,2024-07-19,Store 03,North,Toys,In-Store,30,5.85,356.87,175.5,no,no
T100747,2023-12-25,Store 15,North,Home,Curbside,22,206.65,6600.58,4546.3,no,yes
T100748,2023-08-04,Store 18,West,Beauty,In-Store,13,48.31,789.23,628.03,no,yes
T100749,2024-11-16,Store 16,South,Grocery,Online,36,180.93,8740.55,6513.48,no,yes
T100750,2023-09-14,Store 17,East,Toys,In-Store,19,100.33,2976.52,1906.27,yes,no
T100751,2023-02-08,Store 09,East,Beauty,Curbside,15,216.59,5512.06,3248.85,no,yes
T100752,2024-12-09,Store 10,West,Grocery,In-Store,33,18.98,987.53,626.34,no,yes
T100753,2024-04-06,Store 09,East,Grocery,Online,24,26.53,836.22,636.72,no,no
T100754,2024-10-08,Store 09,East,Grocery,In-Store,31,30.42,1090.78,943.02,no,no
T100755,2023-10-21,Store 06,West,Home,In-Store,9,163.12,2168.75,1468.08,no,yes
T100756,2023-06-22,Store 14,West,Electronics,In-Store,19,189.69,6466.69,3604.11,no,yes
T100757,2023-08-12,Store 18,West,Home,In-Store,24,204.65,7517.38,4911.6,no,no
T100758,2024-06-12,Store 17,East,Home,In-Store,4,17.29,128.73,69.16,no,yes
T100759,2024-12-07,Store 09,East,Electronics,In-Store,35,36.58,2356.11,1280.3,no,no
T100760,2023-07-31,Store 13,East,Beauty,In-Store,40,66.18,4050.71,2647.2,no,yes
T100761,2024-05-17,Store 18,West,Beauty,Online,35,68.89,3813.56,2411.15,yes,yes
T100762,2023-08-09,Store 18,West,Grocery,In-Store,40,173.88,12394.8,6955.2,no,yes
T100763,2023-01-29,Store 03,North,Home,Curbside,21,136.35,3942.53,2863.35,yes,no
T100764,2024-11-01,Store 09,East,Electronics,Curbside,9,210.28,2946.86,1892.52,no,no
T100765,2023-01-28,Store 06,West,Toys,In-Store,13,43.31,779.22,563.03,no,no
T100766,2023-10-26,Store 04,South,Toys,Online,12,117.66,2789.11,1411.92,yes,no
T100767,2023-11-24,Store 04,South,Grocery,Curbside,38,111.62,6057.4,4241.56,no,yes
T100768,2023-07-31,Store 18,West,Apparel,Curbside,27,215.41,8331.92,5816.07,no,no
T100769,2024-06-12,Store 01,East,Apparel,Online,40,179.82,10351.09,7192.8,no,yes
T100770,2023-07-10,Store 14,West,Apparel,In-Store,23,195.96,5915.51,4507.08,no,yes
T100771,2023-10-29,Store 17,East,Grocery,Online,5,154.54,1048.9,772.7,no,no
T100772,2023-04-15,Store 04,South,Beauty,Curbside,18,22.81,579.38,410.58,no,yes
T100773,2024-06-30,Store 02,West,Toys,Online,30,202.37,10630.68,6071.1,no,yes
T100774,2023-06-21,Store 03,North,Beauty,In-Store,11,33.36,454.62,366.96,no,no
T100775,2023-05-04,Store 07,North,Home,Online,40,59.06,4631.87,2362.4,no,no
T100776,2024-12-17,Store 15,North,Toys,In-Store,21,214.66,9259.41,4507.86,no,yes
T100777,2024-01-15,Store 11,North,Apparel,Curbside,1,153.84,251.35,153.84,no,no
T100778,2024-11-16,Store 07,North,Toys,Online,31,141.4,6100.42,4383.4,no,yes
T100779,2024-02-05,Store 02,West,Grocery,Online,13,75.43,1564.93,980.59,no,no
T100780,2024-05-04,Store 11,North,Grocery,Curbside,25,172.9,8789.73,4322.5,no,yes
T100781,2024-12-07,Store 12,South,Beauty,Curbside,13,148.88,3668.48,1935.44,no,yes
T100782,2023-03-15,Store 15,North,Grocery,Online,17,133.11,4638.43,2262.87,no,yes
T100783,2023-07-20,Store 07,North,Apparel,Curbside,19,158.02,4502.64,3002.38,no,yes
T100784,2023-02-20,Store 10,West,Apparel,In-Store,20,34.32,928.33,686.4,no,no
T100785,2023-10-11,Store 01,East,Apparel,Curbside,19,167.38,3916.62,3180.22,no,yes
T100786,2024-12-29,Store 04,South,Grocery,Online,2,215.05,522.86,430.1,yes,yes
T100787,2023-06-10,Store 17,East,Apparel,In-Store,17,135.04,3159.68,2295.68,no,yes
T100788,2024-05-12,Store 06,West,Apparel,Online,13,213.73,4140.94,2778.49,no,yes
T100789,2024-08-19,Store 15,North,Apparel,Online,20,214.78,8454.81,4295.6,no,no
T100790,2023-05-08,Store 09,East,Apparel,In-Store,33,23.48,894.51,774.84,no,yes
T100791,2023-11-21,Store 18,West,Electronics,In-Store,4,164.17,1180.75,656.68,no,yes
T100792,2024-03-05,Store 01,East,Grocery,Online,31,21.11,1070.27,654.41,no,no
T100793,2023-02-25,Store 17,East,Home,Curbside,17,179.84,5907.48,3057.28,no,no
T100794,2023-10-26,Store 13,East,Beauty,Online,6,89.0,939.03,534.0,no,no
T100795,2023-03-27,Store 16,South,Apparel,In-Store,39,177.79,10706.91,6933.81,no,no
T100796,2023-01-02,Store 06,West,Beauty,In-Store,29,65.82,2982.07,1908.78,no,yes
T100797,2023-11-21,Store 02,West,Electronics,Curbside,8,104.57,1671.5,836.56,no,no
T100798,2023-02-03,Store 06,West,Home,Curbside,14,214.85,3997.34,3007.9,no,no
T100799,2023-02-11,Store 08,South,Electronics,Online,33,96.76,5569.37,3193.08,no,yes
T100800,2023-06-04,Store 02,West,Beauty,Curbside,27,74.43,3199.21,2009.61,no,no
T100801,2024-11-03,Store 18,West,Electronics,In-Store,18,43.68,1107.66,786.24,no,no
T100802,2023-03-25,Store 09,East,Toys,Online,8,30.99,288.57,247.92,yes,yes
T100803,2023-03-25,Store 11,North,Grocery,Curbside,21,37.86,974.35,795.06,no,no
T100804,2023-01-28,Store 13,East,Toys,Curbside,26,78.86,2377.62,2050.36,no,no
T100805,2024-05-11,Store 16,South,Home,Online,27,96.78,4175.93,2613.06,yes,no
T100806,2024-02-05,Store 09,East,Apparel,Online,1,90.49,185.31,90.49,no,no
T100807,2023-04-21,Store 09,East,Grocery,Online,11,58.75,1288.47,646.25,no,no
T100808,2023-02-27,Store 01,East,Home,Curbside,36,23.32,1277.29,839.52,no,yes
T100809,2023-11-16,Store 02,West,Apparel,In-Store,19,58.59,1342.87,1113.21,no,no
T100810,2024-07-19,Store 11,North,Toys,Curbside,8,58.31,969.77,466.48,no,no
T100811,2023-11-18,Store 15,North,Electronics,Online,34,67.21,4406.9,2285.14,no,no
T100812,2023-05-25,Store 13,East,Apparel,Curbside,39,141.55,7875.65,5520.45,no,no
T100813,2023-11-22,Store 18,West,Toys,Online,4,29.49,141.68,117.96,no,no
T100814,2024-12-11,Store 07,North,Apparel,In-Store,34,155.35,6931.08,5281.9,no,no
T100815,2024-01-14,Store 15,North,Apparel,In-Store,31,56.97,3336.02,1766.07,no,no
T100816,2023-02-26,Store 11,North,Home,Online,21,66.99,1931.62,1406.79,no,no
T100817,2024-06-23,Store 18,West,Electronics,Curbside,16,34.85,1133.32,557.6,no,yes
T100818,2024-10-25,Store 15,North,Home,Curbside,25,167.38,5784.52,4184.5,no,no
T100819,2024-02-22,Store 07,North,Beauty,Online,20,9.0,240.18,180.0,no,yes
T100820,2023-04-15,Store 16,South,Apparel,Online,22,93.52,2643.51,2057.44,no,yes
T100821,2023-05-19,Store 16,South,Electronics,Curbside,4,174.75,1194.54,699.0,no,yes
T100822,2023-04-11,Store 11,North,Home,In-Store,1,142.98,173.47,142.98,no,no
T100823,2024-06-17,Store 14,West,Beauty,In-Store,39,7.74,542.62,301.86,no,yes
T100824,2023-03-10,Store 18,West,Beauty,Online,23,176.34,6514.11,4055.82,no,no
T100825,2023-05-24,Store 05,East,Grocery,Online,13,157.72,3947.13,2050.36,no,no
T100826,2024-10-14,Store 15,North,Apparel,Curbside,36,112.42,6423.47,4047.12,no,yes
T100827,2023-11-30,Store 05,East,Apparel,Curbside,27,57.66,2986.9,1556.82,no,no
T100828,2023-05-12,Store 18,West,Grocery,Curbside,36,151.13,10409.85,5440.68,no,yes
T100829,2024-04-16,Store 04,South,Grocery,Curbside,16,172.13,5589.82,2754.08,no,no
T100830,2023-03-16,Store 13,East,Apparel,Curbside,18,45.64,1382.63,821.52,no,no
T100831,2023-11-23,Store 15,North,Toys,Curbside,24,39.75,1169.85,954.0,yes,no
T100832,2023-09-16,Store 01,East,Grocery,In-Store,9,49.1,631.81,441.9,no,yes
T100833,2023-04-24,Store 04,South,Apparel,Curbside,1,17.58,23.54,17.58,no,no
T100834,2023-06-23,Store 12,South,Electronics,In-Store,25,122.91,6359.96,3072.75,no,no
T100835,2023-12-13,Store 09,East,Beauty,In-Store,40,86.3,6459.62,3452.0,no,no
T100836,2023-11-05,Store 06,West,Apparel,Curbside,10,112.73,1816.39,1127.3,no,no
T100837,2023-12-03,Store 14,West,Home,Curbside,17,24.97,619.44,424.49,no,no
T100838,2023-06-08,Store 05,East,Beauty,Curbside,8,137.71,1617.34,1101.68,no,no
T100839,2024-02-23,Store 05,East,Grocery,Online,31,166.3,8921.29,5155.3,no,no
T100840,2023-02-03,Store 09,East,Apparel,In-Store,39,4.25,254.84,165.75,no,no
T100841,2024-09-17,Store 17,East,Home,In-Store,34,129.12,7743.55,4390.08,no,no
T100842,2024-12-07,Store 10,West,Home,Online,6,133.79,1090.65,802.74,no,yes
T100843,2024-06-26,Store 04,South,Toys,Curbside,14,90.12,1553.24,1261.68,yes,no
T100844,2023-08-10,Store 16,South,Grocery,In-Store,36,5.69,353.65,204.84,no,no
T100845,2023-04-13,Store 07,North,Beauty,Online,15,110.63,2282.01,1659.45,no,yes
T100846,2024-06-14,Store 07,North,Beauty,In-Store,18,80.22,1812.64,1443.96,no,yes
T100847,2023-10-10,Store 02,West,Grocery,Online,28,42.95,1424.48,1202.6,no,no
T100848,2023-10-12,Store 01,East,Home,Curbside,21,131.04,5270.64,2751.84,no,no
T100849,2023-04-12,Store 02,West,Beauty,Curbside,4,99.61,808.01,398.44,no,yes
T100850,2023-12-26,Store 10,West,Toys,Curbside,5,26.0,256.82,130.0,no,yes
T100851,2024-04-09,Store 05,East,Electronics,In-Store,26,67.15,3081.45,1745.9,no,yes
T100852,2023-07-25,Store 16,South,Apparel,Curbside,13,189.96,3609.73,2469.48,no,no
T100853,2023-09-28,Store 04,South,Beauty,In-Store,12,66.19,1545.93,794.28,no,yes
T100854,2023-05-09,Store 04,South,Beauty,Online,29,219.13,7722.58,6354.77,yes,no
T100855,2024-01-18,Store 02,West,Beauty,Online,8,156.2,2244.8,1249.6,no,yes
T100856,2024-07-28,Store 07,North,Home,Online,5,69.02,464.26,345.1,no,yes
T100857,2024-04-10,Store 07,North,Grocery,In-Store,25,143.14,4906.96,3578.5,no,no
T100858,2023-07-11,Store 18,West,Apparel,Online,1,3.18,3.77,3.18,no,no
T100859,2024-07-16,Store 07,North,Apparel,Online,34,52.85,2920.16,1796.9,no,yes
T100860,2024-06-01,Store 01,East,Home,In-Store,21,147.91,5283.49,3106.11,no,no
T100861,2023-09-02,Store 11,North,Home,In-Store,20,51.95,1994.69,1039.0,no,yes
T100862,2024-01-24,Store 02,West,Grocery,Curbside,7,52.23,694.99,365.61,no,no
T100863,2024-02-24,Store 11,North,Apparel,Curbside,15,87.59,1730.01,1313.85,no,yes
T100864,2024-12-18,Store 06,West,Apparel,In-Store,12,15.12,361.23,181.44,no,yes
T100865,2024-03-09,Store 06,West,Apparel,Curbside,6,31.47,340.41,188.82,no,no
T100866,2024-01-08,Store 01,East,Electronics,Online,36,70.47,4508.27,2536.92,no,yes
T100867,2024-07-15,Store 04,South,Electronics,Online,10,139.03,2745.43,1390.3,no,no
T100868,2024-09-21,Store 08,South,Apparel,In-Store,10,14.82,263.39,148.2,no,yes
T100869,2023-11-13,Store 05,East,Home,Curbside,1,55.32,102.52,55.32,no,no
T100870,2024-09-09,Store 11,North,Beauty,Curbside,30,156.28,7826.83,4688.4,no,yes
T100871,2023-09-09,Store 08,South,Electronics,Curbside,11,46.51,685.21,511.61,no,no
T100872,2024-12-16,Store 07,North,Grocery,Online,7,36.21,338.61,253.47,yes,yes
T100873,2024-09-03,Store 01,East,Home,Online,30,8.08,412.26,242.4,no,yes
T100874,2023-12-12,Store 03,North,Apparel,In-Store,23,197.3,7052.26,4537.9,yes,yes
T100875,2023-02-28,Store 11,North,Beauty,In-Store,32,51.13,2821.26,1636.16,no,yes
T100876,2023-11-24,Store 15,North,Grocery,Online,13,13.75,291.49,178.75,no,yes
T100877,2023-01-20,Store 04,South,Home,Online,11,74.82,1405.42,823.02,no,no
T100878,2023-12-07,Store 16,South,Electronics,In-Store,18,213.69,5858.3,3846.42,no,yes
T100879,2023-10-21,Store 15,North,Home,Online,11,15.34,221.03,168.74,yes,yes
T100880,2024-02-26,Store 08,South,Grocery,Curbside,39,120.46,8785.33,4697.94,no,yes
T100881,2023-07-02,Store 12,South,Beauty,In-Store,14,219.42,5177.04,3071.88,no,yes
T100882,2024-06-13,Store 15,North,Toys,Curbside,29,199.59,11726.68,5788.11,no,yes
T100883,2024-07-08,Store 03,North,Toys,In-Store,1,10.86,16.04,10.86,no,no
T100884,2023-05-26,Store 13,East,Electronics,Curbside,40,69.06,4843.27,2762.4,no,yes
T100885,2024-03-11,Store 16,South,Toys,In-Store,26,95.54,4040.87,2484.04,no,yes
T100886,2023-09-01,Store 16,South,Home,Online,1,92.61,178.08,92.61,no,no
T100887,2024-03-09,Store 11,North,Electronics,In-Store,4,80.24,416.96,320.96,no,no
T100888,2024-11-20,Store 15,North,Home,In-Store,10,120.6,1779.08,1206.0,yes,yes
T100889,2024-09-02,Store 06,West,Toys,Curbside,31,41.93,2438.71,1299.83,no,no
T100890,2023-06-28,Store 08,South,Grocery,In-Store,15,127.99,2652.61,1919.85,no,no
T100891,2023-08-22,Store 18,West,Apparel,Online,13,44.07,909.56,572.91,no,yes
T100892,2024-10-30,Store 16,South,Apparel,In-Store,16,155.73,3232.42,2491.68,no,yes
T100893,2024-07-24,Store 16,South,Grocery,Curbside,12,145.88,2714.82,1750.56,no,no
T100894,2024-07-28,Store 10,West,Apparel,Online,40,198.47,13343.52,7938.8,no,yes
T100895,2023-12-11,Store 02,West,Apparel,Online,24,206.4,6662.74,4953.6,no,yes
T100896,2024-11-03,Store 14,West,Grocery,Curbside,8,30.41,357.24,243.28,no,no
T100897,2024-06-12,Store 06,West,Grocery,Curbside,27,208.38,8258.58,5626.26,no,no
T100898,2024-04-21,Store 09,East,Grocery,Online,29,168.21,9278.29,4878.09,no,no
T100899,2024-04-12,Store 03,North,Beauty,Online,37,167.73,9132.35,6206.01,no,yes
T100900,2023-11-04,Store 04,South,Electronics,In-Store,4,181.81,988.84,727.24,no,no
T100901,2023-08-18,Store 18,West,Grocery,Online,40,71.69,5367.95,2867.6,no,no
T100902,2023-07-11,Store 17,East,Electronics,In-Store,23,145.5,4220.44,3346.5,no,yes
T100903,2024-06-19,Store 16,South,Home,Curbside,11,166.77,2327.29,1834.47,no,yes
T100904,2024-01-04,Store 01,East,Home,Online,4,151.61,983.04,606.44,no,no
T100905,2023-06-01,Store 12,South,Toys,In-Store,29,172.68,8130.94,5007.72,no,no
T100906,2024-10-04,Store 09,East,Electronics,Online,5,26.46,197.35,132.3,no,no
T100907,2023-05-04,Store 04,South,Home,Curbside,18,150.35,4743.15,2706.3,yes,yes
T100908,2023-08-27,Store 10,West,Beauty,In-Store,19,86.01,2575.8,1634.19,no,yes
T100909,2023-11-11,Store 03,North,Grocery,Online,26,60.16,1817.51,1564.16,no,yes
T100910,2023-12-14,Store 18,West,Electronics,Online,1,134.1,194.75,134.1,no,yes
T100911,2023-09-24,Store 07,North,Grocery,In-Store,32,106.91,4183.53,3421.12,no,no
T100912,2023-04-10,Store 11,North,Apparel,In-Store,7,11.95,167.86,83.65,yes,no
T100913,2024-03-16,Store 03,North,Electronics,Curbside,36,159.76,10895.14,5751.36,no,no
T100914,2023-07-23,Store 07,North,Electronics,Curbside,37,176.82,13614.08,6542.34,no,no
T100915,2023-02-09,Store 08,South,Beauty,Online,10,181.69,2583.1,1816.9,no,no
T100916,2023-09-04,Store 13,East,Home,Curbside,29,210.27,10340.59,6097.83,no,no
T100917,2024-05-10,Store 12,South,Toys,In-Store,36,63.91,3309.38,2300.76,no,no
T100918,2024-03-10,Store 07,North,Home,Curbside,14,42.75,778.2,598.5,yes,no
T100919,2024-07-11,Store 16,South,Grocery,Online,15,41.35,1227.08,620.25,no,no
T100920,2023-08-06,Store 09,East,Grocery,In-Store,19,108.71,3773.9,2065.49,no,no
T100921,2023-08-16,Store 10,West,Apparel,Curbside,9,184.85,3092.25,1663.65,no,no
T100922,2024-02-03,Store 05,East,Electronics,Online,7,140.06,1823.33,980.42,no,no
T100923,2023-02-28,Store 09,East,Apparel,Online,20,136.63,3616.67,2732.6,no,yes
T100924,2024-07-25,Store 07,North,Home,Curbside,2,29.85,100.89,59.7,no,no
T100925,2023-12-02,Store 13,East,Toys,Curbside,23,166.42,6087.63,3827.66,no,no
T100926,2024-02-03,Store 09,East,Electronics,In-Store,21,22.99,782.17,482.79,no,yes
T100927,2024-01-05,Store 16,South,Grocery,In-Store,38,15.16,1069.09,576.08,no,yes
T100928,2023-02-03,Store 10,West,Toys,In-Store,36,123.31,7629.26,4439.16,no,yes
T100929,2023-08-09,Store 08,South,Electronics,Online,24,218.8,10471.69,5251.2,no,no
T100930,2024-05-17,Store 04,South,Grocery,In-Store,32,109.84,4908.44,3514.88,no,no
T100931,2024-04-14,Store 07,North,Home,Online,16,145.94,3266.4,2335.04,no,yes
T100932,2024-11-15,Store 11,North,Grocery,In-Store,24,62.8,2251.45,1507.2,no,no
T100933,2024-10-25,Store 16,South,Home,In-Store,20,85.47,2249.36,1709.4,no,yes
T100934,2023-07-05,Store 11,North,Grocery,Curbside,1,137.44,257.04,137.44,yes,no
T100935,2024-11-03,Store 09,East,Apparel,Curbside,5,87.73,682.23,438.65,yes,no
T100936,2024-05-04,Store 08,South,Apparel,Online,30,201.54,11655.08,6046.2,yes,no
T100937,2024-07-14,Store 11,North,Electronics,In-Store,12,44.96,1074.8,539.52,no,no
T100938,2024-06-11,Store 12,South,Beauty,Curbside,37,180.06,11288.24,6662.22,no,no
T100939,2024-12-19,Store 14,West,Toys,Curbside,5,166.24,1525.81,831.2,no,yes
T100940,2023-11-09,Store 10,West,Toys,Online,29,10.67,619.42,309.43,no,no
T100941,2023-01-21,Store 09,East,Toys,In-Store,36,77.92,4142.72,2805.12,no,yes
T100942,2024-05-14,Store 06,West,Beauty,In-Store,14,25.83,489.56,361.62,no,yes
T100943,2023-02-23,Store 07,North,Apparel,In-Store,12,150.4,2093.06,1804.8,no,no
T100944,2024-02-03,Store 02,West,Toys,In-Store,12,197.49,2931.47,2369.88,no,yes
T100945,2024-04-29,Store 12,South,Grocery,In-Store,25,50.19,2286.61,1254.75,no,yes
T100946,2023-01-30,Store 09,East,Grocery,Online,33,170.55,10231.1,5628.15,no,yes
T100947,2024-08-10,Store 11,North,Toys,In-Store,34,154.67,6375.29,5258.78,no,yes
T100948,2023-12-28,Store 04,South,Home,In-Store,8,90.39,1140.36,723.12,no,yes
T100949,2023-06-28,Store 16,South,Home,Curbside,33,62.96,4292.58,2077.68,no,yes
T100950,2023-06-06,Store 11,North,Toys,In-Store,30,47.97,1825.2,1439.1,no,no
T100951,2024-03-19,Store 17,East,Grocery,Online,5,97.7,832.87,488.5,no,no
T100952,2023-03-11,Store 03,North,Grocery,Online,29,194.28,11452.48,5634.12,no,no
T100953,2024-11-05,Store 15,North,Apparel,In-Store,6,107.68,1212.95,646.08,no,no
T100954,2024-02-27,Store 18,West,Apparel,In-Store,10,9.14,143.04,91.4,no,no
T100955,2024-02-28,Store 12,South,Electronics,Curbside,35,4.9,359.05,171.5,no,no
T100956,2024-04-24,Store 18,West,Grocery,In-Store,5,195.45,1773.76,977.25,no,yes
T100957,2023-11-17,Store 08,South,Apparel,Online,35,17.34,976.95,606.9,no,no
T100958,2023-12-01,Store 16,South,Electronics,In-Store,19,47.57,1727.7,903.83,no,no
T100959,2024-02-22,Store 18,West,Electronics,In-Store,17,173.18,5029.2,2944.06,no,no
T100960,2023-03-07,Store 08,South,Grocery,In-Store,2,50.78,146.9,101.56,no,yes
T100961,2023-11-17,Store 17,East,Beauty,Online,17,152.01,3896.14,2584.17,no,no
T100962,2023-11-27,Store 09,East,Beauty,In-Store,39,109.47,7378.48,4269.33,no,no
T100963,2024-04-04,Store 06,West,Electronics,Online,25,82.97,3717.93,2074.25,no,no
T100964,2024-08-14,Store 18,West,Grocery,Curbside,10,104.73,1782.02,1047.3,no,yes
T100965,2024-04-12,Store 09,East,Home,In-Store,35,200.86,12092.54,7030.1,no,no
T100966,2023-12-02,Store 01,East,Grocery,Online,23,14.39,501.08,330.97,no,no
T100967,2023-11-27,Store 14,West,Beauty,In-Store,40,57.52,3214.11,2300.8,no,no
T100968,2024-09-30,Store 02,West,Electronics,Online,40,125.64,6615.57,5025.6,no,yes
T100969,2024-10-30,Store 15,North,Apparel,Online,36,166.72,10293.68,6001.92,no,no
T100970,2023-07-05,Store 15,North,Electronics,Online,28,41.64,1690.91,1165.92,no,no
T100971,2024-05-08,Store 16,South,Apparel,Online,8,56.44,706.02,451.52,no,yes
T100972,2024-01-04,Store 17,East,Electronics,Online,2,60.59,160.0,121.18,no,no
T100973,2023-04-02,Store 01,East,Toys,Online,24,62.26,2705.89,1494.24,no,no
T100974,2024-08-09,Store 04,South,Beauty,Online,30,50.41,2292.83,1512.3,no,yes
T100975,2023-02-10,Store 02,West,Toys,In-Store,37,115.28,7023.9,4265.36,no,no
T100976,2024-01-26,Store 08,South,Home,Online,34,161.87,8211.25,5503.58,no,no
T100977,2024-01-11,Store 16,South,Electronics,Online,31,191.4,9110.04,5933.4,no,yes
T100978,2024-04-29,Store 08,South,Apparel,Curbside,32,115.81,4792.39,3705.92,yes,no
T100979,2024-09-22,Store 01,East,Home,Curbside,39,114.28,8208.54,4456.92,no,no
T100980,2023-10-24,Store 18,West,Toys,Curbside,9,6.25,116.05,56.25,no,no
T100981,2023-07-13,Store 10,West,Grocery,Online,35,109.77,4642.43,3841.95,no,yes
T100982,2023-06-15,Store 13,East,Toys,Curbside,9,166.73,2440.5,1500.57,no,no
T100983,2024-10-05,Store 10,West,Apparel,In-Store,20,53.47,1315.35,1069.4,no,yes
T100984,2023-03-01,Store 07,North,Electronics,Curbside,15,5.46,161.83,81.9,yes,no
T100985,2023-11-25,Store 08,South,Home,Online,1,162.43,221.85,162.43,no,yes
T100986,2024-11-15,Store 06,West,Apparel,Online,25,150.81,7478.25,3770.25,no,yes
T100987,2024-09-18,Store 14,West,Beauty,In-Store,39,190.92,13338.15,7445.88,no,yes
T100988,2024-07-16,Store 08,South,Home,Online,2,35.47,138.46,70.94,no,yes
T100989,2023-07-17,Store 16,South,Beauty,In-Store,22,164.21,4959.82,3612.62,no,no
T100990,2024-05-30,Store 05,East,Toys,Online,13,217.0,3472.92,2821.0,no,no
T100991,2023-01-28,Store 03,North,Toys,Online,25,72.69,2565.12,1817.25,no,no
T100992,2024-02-10,Store 02,West,Apparel,In-Store,19,118.56,3410.25,2252.64,no,yes
T100993,2023-12-12,Store 03,North,Electronics,Online,19,68.32,1779.69,1298.08,no,no
T100994,2024-09-01,Store 17,East,Apparel,Online,13,22.14,516.48,287.82,no,no
T100995,2024-09-14,Store 14,West,Grocery,Curbside,39,84.38,5769.32,3290.82,no,yes
T100996,2024-09-01,Store 15,North,Grocery,In-Store,27,63.55,3466.61,1715.85,no,yes
T100997,2023-10-26,Store 16,South,Beauty,Online,38,196.7,12681.48,7474.6,no,no
T100998,2024-12-27,Store 07,North,Beauty,Curbside,40,27.86,1293.67,1114.4,no,yes
T100999,2024-12-18,Store 12,South,Electronics,Online,9,96.73,1647.98,870.57,no,no
T101000,2024-01-16,Store 03,North,Grocery,In-Store,11,182.08,2629.5,2002.88,no,yes
T101001,2024-01-09,Store 08,South,Apparel,Online,39,71.47,5246.21,2787.33,no,no
T101002,2024-09-21,Store 07,North,Electronics,Curbside,8,188.12,2353.84,1504.96,no,no
T101003,2023-08-12,Store 04,South,Grocery,Online,20,140.24,3650.17,2804.8,no,yes
T101004,2024-05-14,Store 02,West,Toys,In-Store,15,183.31,5010.4,2749.65,no,yes
T101005,2023-06-02,Store 08,South,Toys,In-Store,15,94.91,2421.54,1423.65,no,yes
T101006,2023-04-29,Store 11,North,Beauty,Curbside,25,44.44,1327.24,1111.0,no,no
T101007,2023-05-15,Store 04,South,Home,In-Store,4,68.03,512.76,272.12,no,no
T101008,2023-08-06,Store 12,South,Toys,Online,18,77.51,1911.03,1395.18,no,yes
T101009,2024-09-05,Store 12,South,Toys,Online,30,110.44,6103.41,3313.2,no,no
T101010,2023-02-01,Store 07,North,Toys,Online,31,56.66,2954.65,1756.46,no,no
T101011,2024-12-10,Store 13,East,Grocery,Online,36,167.5,10893.78,6030.0,no,no
T101012,2023-01-14,Store 10,West,Toys,In-Store,1,168.84,294.01,168.84,no,no
T101013,2024-03-05,Store 07,North,Apparel,Online,28,68.25,2239.78,1911.0,no,no
T101014,2024-06-27,Store 10,West,Beauty,Curbside,10,105.52,1704.03,1055.2,yes,no
T101015,2023-11-18,Store 04,South,Apparel,In-Store,5,51.12,409.67,255.6,no,no
T101016,2023-03-24,Store 16,South,Beauty,Online,37,81.68,5842.1,3022.16,no,no
T101017,2023-05-18,Store 01,East,Home,Curbside,33,41.58,2438.9,1372.14,no,yes
T101018,2024-03-10,Store 04,South,Grocery,Curbside,5,173.84,1537.52,869.2,no,no
T101019,2024-02-26,Store 17,East,Toys,Online,30,211.46,10387.04,6343.8,no,no
T101020,2023-01-09,Store 12,South,Apparel,Curbside,32,16.55,1093.36,529.6,no,yes
T101021,2024-07-15,Store 01,East,Grocery,Online,30,11.35,475.2,340.5,no,yes
T101022,2023-03-11,Store 18,West,Electronics,Curbside,28,161.05,8469.85,4509.4,no,no
T101023,2024-09-15,Store 12,South,Electronics,Online,30,191.59,7733.65,5747.7,no,no
T101024,2024-02-16,Store 17,East,Electronics,In-Store,18,43.14,1418.9,776.52,no,no
T101025,2024-10-22,Store 04,South,Toys,In-Store,14,49.84,835.94,697.76,no,yes
T101026,2023-12-26,Store 18,West,Home,Online,6,183.72,1731.99,1102.32,no,no
T101027,2023-01-09,Store 04,South,Grocery,Curbside,40,204.02,13651.52,8160.8,no,yes
T101028,2024-02-05,Store 14,West,Beauty,In-Store,40,124.81,9577.7,4992.4,no,no
T101029,2024-04-17,Store 06,West,Electronics,Curbside,8,9.59,105.06,76.72,no,no
T101030,2024-06-29,Store 08,South,Apparel,Online,39,76.05,5492.01,2965.95,no,yes
T101031,2023-04-27,Store 15,North,Grocery,In-Store,38,7.97,449.05,302.86,no,yes
T101032,2023-06-18,Store 07,North,Home,In-Store,4,14.26,96.98,57.04,no,yes
T101033,2024-09-28,Store 16,South,Home,Curbside,6,4.72,34.2,28.32,no,yes
T101034,2023-02-15,Store 09,East,Apparel,In-Store,10,211.35,3179.92,2113.5,no,yes
T101035,2023-01-15,Store 15,North,Grocery,In-Store,21,87.58,3347.34,1839.18,no,yes
T101036,2024-10-17,Store 17,East,Home,Curbside,35,28.1,1570.74,983.5,no,yes
T101037,2023-04-05,Store 02,West,Toys,In-Store,15,185.67,3464.86,2785.05,no,yes
T101038,2023-09-29,Store 03,North,Apparel,In-Store,29,131.31,4488.81,3807.99,no,no
T101039,2023-09-26,Store 08,South,Electronics,Curbside,16,15.22,359.26,243.52,no,yes
T101040,2023-01-05,Store 10,West,Apparel,Online,37,8.12,456.74,300.44,no,yes
T101041,2024-09-28,Store 01,East,Toys,Curbside,23,24.05,765.74,553.15,no,yes
T101042,2023-01-24,Store 04,South,Apparel,Online,12,188.92,3838.0,2267.04,no,yes
T101043,2024-09-18,Store 17,East,Apparel,Curbside,38,109.52,8595.6,4161.76,no,no
T101044,2024-12-27,Store 01,East,Toys,Online,11,205.36,3304.34,2258.96,no,no
T101045,2023-07-24,Store 02,West,Toys,Online,10,118.95,1663.92,1189.5,no,no
T101046,2023-10-30,Store 18,West,Apparel,Online,11,210.84,4809.48,2319.24,no,no
T101047,2023-12-17,Store 08,South,Grocery,In-Store,17,45.61,1298.07,775.37,no,yes
T101048,2024-01-26,Store 01,East,Beauty,Curbside,11,111.57,2378.91,1227.27,no,yes
T101049,2024-04-23,Store 13,East,Electronics,Online,18,83.91,2987.3,1510.38,no,yes
T101050,2024-10-18,Store 12,South,Home,In-Store,12,136.03,2531.88,1632.36,no,no
T101051,2023-03-14,Store 15,North,Electronics,Curbside,29,143.17,6069.91,4151.93,no,yes
T101052,2024-10-20,Store 03,North,Toys,In-Store,17,51.84,1448.26,881.28,no,yes
T101053,2024-01-09,Store 08,South,Toys,Curbside,25,44.63,1892.42,1115.75,no,no
T101054,2023-09-25,Store 08,South,Electronics,Online,40,119.3,7608.16,4772.0,no,no
T101055,2024-07-14,Store 12,South,Grocery,Online,12,11.54,162.49,138.48,yes,yes
T101056,2024-08-01,Store 05,East,Grocery,Curbside,21,209.36,7099.43,4396.56,yes,yes
T101057,2023-04-13,Store 01,East,Home,Curbside,36,22.62,1355.2,814.32,no,no
T101058,2024-05-22,Store 08,South,Electronics,Curbside,15,77.26,1381.2,1158.9,no,no
T101059,2024-08-25,Store 13,East,Electronics,Online,9,180.28,2504.78,1622.52,no,yes
T101060,2024-01-27,Store 06,West,Grocery,Online,20,210.37,8516.94,4207.4,no,no
T101061,2023-02-07,Store 18,West,Home,In-Store,1,96.49,145.89,96.49,no,yes
T101062,2023-09-22,Store 02,West,Home,Online,37,101.21,6906.45,3744.77,yes,yes
T101063,2023-03-28,Store 06,West,Apparel,In-Store,31,188.63,11426.5,5847.53,yes,yes
T101064,2024-08-20,Store 03,North,Toys,Curbside,20,84.17,3183.36,1683.4,no,yes
T101065,2024-05-06,Store 11,North,Toys,In-Store,34,117.99,5984.01,4011.66,yes,no
T101066,2023-12-02,Store 16,South,Apparel,Curbside,12,119.24,2669.43,1430.88,no,no
T101067,2023-04-26,Store 09,East,Home,In-Store,8,205.13,2677.12,1641.04,no,yes
T101068,2024-01-27,Store 14,West,Toys,Online,3,19.1,111.79,57.3,no,yes
T101069,2023-07-24,Store 07,North,Beauty,In-Store,15,107.62,2162.11,1614.3,no,no
T101070,2023-09-14,Store 10,West,Apparel,In-Store,9,191.39,3344.89,1722.51,no,no
T101071,2023-12-14,Store 17,East,Toys,Curbside,19,161.67,5509.84,3071.73,no,no
T101072,2023-05-06,Store 09,East,Grocery,In-Store,33,68.58,3217.19,2263.14,no,no
T101073,2023-10-28,Store 14,West,Home,Curbside,13,103.35,2004.96,1343.55,no,no
T101074,2024-04-29,Store 03,North,Home,In-Store,8,112.24,1497.45,897.92,yes,yes
T101075,2023-11-29,Store 09,East,Grocery,In-Store,14,41.34,996.59,578.76,no,no
T101076,2024-08-14,Store 03,North,Toys,Curbside,29,78.63,4060.34,2280.27,no,no
T101077,2023-08-13,Store 01,East,Grocery,Curbside,30,134.56,7153.69,4036.8,no,no
T101078,2023-07-25,Store 13,East,Electronics,In-Store,16,179.52,5694.24,2872.32,no,no
T101079,2023-11-25,Store 17,East,Toys,Online,24,87.12,3032.83,2090.88,yes,yes
T101080,2023-05-20,Store 10,West,Grocery,Online,9,138.38,1603.93,1245.42,no,yes
T101081,2024-04-05,Store 08,South,Home,Online,32,182.24,11024.9,5831.68,no,no
T101082,2024-09-23,Store 10,West,Toys,In-Store,30,89.16,4156.64,2674.8,no,yes
T101083,2023-12-08,Store 01,East,Home,In-Store,14,136.04,2614.13,1904.56,no,yes
T101084,2023-05-29,Store 06,West,Electronics,Curbside,28,200.82,8194.61,5622.96,no,no
T101085,2023-06-18,Store 09,East,Electronics,Online,5,39.96,346.24,199.8,no,yes
T101086,2024-06-18,Store 09,East,Apparel,Curbside,24,198.32,8093.5,4759.68,no,yes
T101087,2024-10-04,Store 03,North,Home,Curbside,14,82.23,1991.12,1151.22,no,yes
T101088,2023-01-09,Store 07,North,Home,Online,12,178.53,3210.81,2142.36,no,no
T101089,2024-10-05,Store 18,West,Toys,Online,33,68.38,4433.88,2256.54,no,no
T101090,2024-03-11,Store 14,West,Grocery,Online,36,200.51,12323.91,7218.36,no,no
T101091,2023-04-04,Store 06,West,Toys,Online,13,177.83,2895.95,2311.79,no,no
T101092,2024-11-19,Store 06,West,Apparel,Curbside,12,165.79,3471.31,1989.48,no,no
T101093,2024-02-15,Store 14,West,Electronics,Online,4,73.29,590.54,293.16,no,no
T101094,2023-08-24,Store 12,South,Grocery,In-Store,21,43.48,1370.38,913.08,no,no
T101095,2024-03-05,Store 05,East,Beauty,Curbside,14,164.95,2730.48,2309.3,no,yes
T101096,2024-01-23,Store 17,East,Electronics,Curbside,2,179.06,672.07,358.12,no,yes
T101097,2024-11-11,Store 13,East,Home,Online,20,85.37,2202.23,1707.4,no,yes
T101098,2023-02-27,Store 15,North,Electronics,Online,21,214.18,5759.41,4497.78,no,no
T101099,2023-07-23,Store 01,East,Home,Curbside,10,174.26,2074.1,1742.6,no,no
T101100,2024-06-15,Store 13,East,Beauty,In-Store,20,156.39,5780.69,3127.8,no,yes
T101101,2023-06-07,Store 10,West,Apparel,Online,17,173.18,4712.76,2944.06,no,no
T101102,2023-07-29,Store 12,South,Toys,In-Store,8,119.89,1585.89,959.12,no,yes
T101103,2024-07-27,Store 17,East,Apparel,In-Store,14,141.48,2545.46,1980.72,no,no
T101104,2023-07-31,Store 03,North,Home,Online,27,88.78,4041.07,2397.06,no,no
T101105,2023-01-24,Store 05,East,Apparel,In-Store,32,145.99,9585.41,4671.68,no,yes
T101106,2023-12-27,Store 07,North,Beauty,Online,38,82.44,6393.68,3132.72,no,no
T101107,2023-09-26,Store 13,East,Apparel,Curbside,31,66.58,2523.87,2063.98,no,no
T101108,2023-09-07,Store 10,West,Apparel,Online,12,48.34,1163.47,580.08,yes,no
T101109,2024-05-06,Store 09,East,Beauty,Curbside,40,64.14,4726.68,2565.6,no,no
T101110,2023-09-06,Store 06,West,Home,Online,25,174.2,7336.87,4355.0,no,no
T101111,2023-04-06,Store 08,South,Grocery,In-Store,10,109.87,2269.2,1098.7,yes,yes
T101112,2023-07-11,Store 10,West,Electronics,In-Store,30,169.83,6718.25,5094.9,no,yes
T101113,2023-06-24,Store 05,East,Beauty,Online,25,102.79,4009.87,2569.75,no,no
T101114,2024-11-03,Store 02,West,Grocery,Curbside,10,129.78,1772.24,1297.8,no,no
T101115,2023-04-22,Store 02,West,Toys,Curbside,4,158.09,732.35,632.36,no,no
T101116,2024-01-08,Store 10,West,Toys,In-Store,40,208.14,15201.7,8325.6,no,yes
T101117,2023-06-15,Store 05,East,Electronics,Curbside,39,170.34,9939.7,6643.26,yes,yes
T101118,2023-04-26,Store 04,South,Home,In-Store,19,154.48,5327.9,2935.12,no,yes
T101119,2023-04-18,Store 18,West,Home,Curbside,40,205.11,11935.63,8204.4,no,yes
T101120,2023-11-27,Store 17,East,Toys,Online,17,163.12,4704.75,2773.04,yes,no
T101121,2023-06-14,Store 10,West,Toys,Online,26,31.28,1626.57,813.28,yes,yes
T101122,2023-01-25,Store 11,North,Toys,In-Store,24,3.93,151.24,94.32,no,yes
T101123,2024-02-11,Store 02,West,Beauty,Curbside,7,199.31,2463.22,1395.17,no,yes
T101124,2024-02-19,Store 07,North,Electronics,In-Store,30,55.29,2521.49,1658.7,no,no
T101125,2023-03-21,Store 12,South,Home,In-Store,25,34.98,1309.79,874.5,no,no
T101126,2023-11-09,Store 09,East,Toys,Curbside,11,95.3,1380.58,1048.3,no,no
T101127,2024-06-23,Store 07,North,Beauty,Online,2,44.86,140.25,89.72,no,yes
T101128,2023-07-29,Store 12,South,Beauty,In-Store,28,36.45,1254.62,1020.6,yes,yes
T101129,2023-11-02,Store 05,East,Toys,Curbside,27,16.8,757.88,453.6,yes,no
T101130,2023-12-14,Store 16,South,Grocery,Curbside,7,180.45,1518.81,1263.15,no,no
T101131,2024-08-26,Store 10,West,Grocery,In-Store,11,167.09,3292.26,1837.99,no,no
T101132,2023-02-12,Store 03,North,Toys,Online,21,181.18,5645.87,3804.78,no,no
T101133,2024-01-22,Store 11,North,Toys,Curbside,17,92.5,3228.5,1572.5,no,no
T101134,2023-06-02,Store 13,East,Beauty,In-Store,14,60.03,1542.81,840.42,no,no
T101135,2024-09-08,Store 15,North,Grocery,In-Store,10,198.34,3818.34,1983.4,no,yes
T101136,2024-09-04,Store 05,East,Apparel,Online,11,37.77,551.99,415.47,no,no
T101137,2024-03-10,Store 01,East,Toys,Online,18,95.9,3140.99,1726.2,no,no
T101138,2024-01-06,Store 09,East,Grocery,Online,36,73.66,3293.29,2651.76,no,no
T101139,2023-03-18,Store 07,North,Toys,Online,30,28.74,1646.92,862.2,no,no
T101140,2023-08-23,Store 15,North,Electronics,Online,4,187.7,948.02,750.8,no,yes
T101141,2024-07-29,Store 18,West,Home,Curbside,2,68.29,236.3,136.58,no,no
T101142,2024-07-01,Store 04,South,Apparel,Curbside,29,32.19,1096.26,933.51,no,no
T101143,2023-03-22,Store 06,West,Beauty,Curbside,34,107.3,6418.67,3648.2,no,yes
T101144,2024-08-13,Store 04,South,Grocery,In-Store,1,178.24,256.46,178.24,yes,no
T101145,2023-06-24,Store 15,North,Grocery,Curbside,27,6.49,207.32,175.23,no,yes
T101146,2024-07-09,Store 16,South,Beauty,Curbside,14,217.16,5669.25,3040.24,no,yes
T101147,2024-10-28,Store 18,West,Electronics,Curbside,13,56.13,1211.61,729.69,yes,no
T101148,2024-01-26,Store 06,West,Beauty,Online,38,142.56,9374.73,5417.28,no,yes
T101149,2023-12-25,Store 02,West,Apparel,Online,39,22.81,1157.29,889.59,no,yes
T101150,2024-11-27,Store 10,West,Grocery,Curbside,20,197.56,7070.46,3951.2,yes,no
T101151,2024-05-17,Store 16,South,Home,In-Store,31,18.28,1006.27,566.68,no,yes
T101152,2024-12-10,Store 01,East,Beauty,In-Store,2,160.67,587.83,321.34,no,no
T101153,2023-03-26,Store 06,West,Grocery,Online,39,213.94,11801.94,8343.66,no,yes
T101154,2023-09-27,Store 12,South,Apparel,In-Store,22,92.13,3972.78,2026.86,no,no
T101155,2024-11-28,Store 11,North,Toys,In-Store,27,53.38,2456.89,1441.26,yes,yes
T101156,2023-02-18,Store 07,North,Electronics,Online,40,35.39,2874.17,1415.6,no,yes
T101157,2023-04-24,Store 17,East,Electronics,In-Store,35,21.66,1181.86,758.1,no,no
T101158,2023-09-18,Store 14,West,Apparel,Curbside,36,140.15,9361.73,5045.4,no,yes
T101159,2023-03-12,Store 17,East,Toys,In-Store,15,61.63,1831.64,924.45,no,no
T101160,2024-02-08,Store 13,East,Electronics,Online,34,39.69,2051.38,1349.46,no,yes
T101161,2023-03-03,Store 18,West,Toys,Online,34,32.82,1649.16,1115.88,no,no
T101162,2023-04-15,Store 18,West,Apparel,Online,16,66.44,1819.97,1063.04,no,no
T101163,2024-08-21,Store 11,North,Beauty,Online,19,165.61,5721.7,3146.59,no,no
T101164,2024-06-30,Store 18,West,Home,Online,17,213.66,4830.34,3632.22,no,no
T101165,2023-04-05,Store 02,West,Toys,Online,30,204.67,11507.96,6140.1,no,yes
T101166,2023-12-16,Store 13,East,Beauty,Curbside,32,71.2,4491.93,2278.4,no,no
T101167,2024-05-22,Store 05,East,Home,In-Store,30,212.58,8104.73,6377.4,no,yes
T101168,2023-01-04,Store 07,North,Beauty,In-Store,39,192.55,13622.77,7509.45,no,no
T101169,2024-12-26,Store 16,South,Apparel,Online,11,26.51,493.01,291.61,no,yes
T101170,2023-05-16,Store 13,East,Grocery,Online,13,9.44,197.38,122.72,no,no
T101171,2024-05-16,Store 07,North,Beauty,Curbside,25,34.77,1277.23,869.25,no,no
T101172,2023-03-21,Store 12,South,Toys,Online,12,71.24,1158.63,854.88,no,no
T101173,2024-10-05,Store 05,East,Apparel,Curbside,26,141.48,4742.88,3678.48,no,no
T101174,2023-02-25,Store 09,East,Beauty,Curbside,13,175.86,4369.81,2286.18,no,yes
T101175,2024-01-04,Store 08,South,Beauty,Curbside,23,6.87,191.44,158.01,no,no
T101176,2024-07-11,Store 11,North,Electronics,Curbside,4,99.13,636.99,396.52,no,no
T101177,2024-10-17,Store 03,North,Toys,Online,23,17.53,536.39,403.19,no,yes
T101178,2023-04-24,Store 08,South,Toys,Online,19,131.4,4929.64,2496.6,no,no
T101179,2024-11-14,Store 17,East,Grocery,Curbside,27,64.95,3458.1,1753.65,no,yes
T101180,2023-08-10,Store 02,West,Home,Curbside,37,75.08,5783.57,2777.96,no,yes
T101181,2024-09-29,Store 07,North,Grocery,In-Store,24,188.17,9193.75,4516.08,no,no
T101182,2023-02-25,Store 13,East,Beauty,In-Store,13,215.48,4338.0,2801.24,no,no
T101183,2023-03-14,Store 01,East,Electronics,In-Store,16,32.12,1044.18,513.92,no,no
T101184,2024-12-30,Store 12,South,Apparel,Online,10,144.36,2372.7,1443.6,no,yes
T101185,2024-02-04,Store 03,North,Apparel,Online,11,145.96,2614.65,1605.56,no,no
T101186,2023-09-18,Store 17,East,Toys,Curbside,31,212.09,8536.51,6574.79,no,yes
T101187,2024-09-02,Store 05,East,Toys,Online,1,10.15,18.75,10.15,no,yes
T101188,2023-03-18,Store 11,North,Beauty,In-Store,36,215.02,14265.24,7740.72,no,yes
T101189,2023-04-07,Store 07,North,Toys,Curbside,39,131.23,8666.46,5117.97,no,yes
T101190,2024-09-05,Store 12,South,Apparel,In-Store,19,68.67,1888.5,1304.73,no,yes
T101191,2024-09-13,Store 06,West,Home,Curbside,6,151.43,1501.84,908.58,no,no
T101192,2023-09-07,Store 13,East,Apparel,Curbside,34,119.11,8226.53,4049.74,no,yes
T101193,2023-01-08,Store 02,West,Toys,Curbside,29,88.34,5250.34,2561.86,no,no
T101194,2024-03-24,Store 15,North,Home,Curbside,22,48.17,1890.23,1059.74,no,yes
T101195,2024-10-30,Store 18,West,Beauty,Curbside,40,139.86,9627.57,5594.4,no,no
T101196,2023-06-17,Store 08,South,Toys,In-Store,4,160.12,1052.4,640.48,no,no
T101197,2023-07-03,Store 05,East,Grocery,Online,19,117.21,4507.06,2226.99,yes,yes
T101198,2023-08-03,Store 15,North,Toys,Online,34,69.92,4287.96,2377.28,no,no
T101199,2023-05-01,Store 18,West,Electronics,Curbside,26,193.68,8815.15,5035.68,no,yes
T101200,2023-10-09,Store 11,North,Beauty,In-Store,8,19.97,298.39,159.76,no,yes
T101201,2024-09-12,Store 16,South,Electronics,Online,32,61.26,2804.8,1960.32,yes,no
T101202,2023-03-19,Store 09,East,Beauty,Curbside,31,168.0,7216.23,5208.0,no,no
T101203,2023-09-30,Store 16,South,Grocery,In-Store,19,32.99,1219.02,626.81,no,no
T101204,2024-11-13,Store 07,North,Beauty,In-Store,21,209.69,6922.46,4403.49,no,yes
T101205,2023-09-20,Store 08,South,Grocery,In-Store,9,34.29,474.44,308.61,no,yes
T101206,2024-12-01,Store 08,South,Beauty,Curbside,23,125.74,3927.8,2892.02,yes,yes
T101207,2024-12-29,Store 01,East,Electronics,In-Store,19,201.25,7744.47,3823.75,no,no
T101208,2024-03-05,Store 16,South,Electronics,Online,29,23.65,889.17,685.85,no,yes
T101209,2023-09-12,Store 07,North,Apparel,In-Store,10,75.89,1110.2,758.9,yes,no
T101210,2023-07-01,Store 02,West,Electronics,Online,34,8.93,358.65,303.62,no,yes
T101211,2024-07-13,Store 01,East,Home,Curbside,27,191.42,10305.71,5168.34,no,no
T101212,2023-01-17,Store 12,South,Toys,In-Store,18,208.6,5424.89,3754.8,no,yes
T101213,2024-06-14,Store 08,South,Beauty,In-Store,22,4.85,193.1,106.7,no,yes
T101214,2024-07-04,Store 05,East,Apparel,Curbside,14,214.14,3604.53,2997.96,no,no
T101215,2023-02-03,Store 17,East,Beauty,Curbside,12,41.52,809.84,498.24,no,no
T101216,2023-01-04,Store 15,North,Grocery,In-Store,22,88.72,3795.24,1951.84,no,yes
T101217,2023-05-25,Store 11,North,Beauty,Curbside,8,144.36,1968.12,1154.88,no,yes
T101218,2024-09-15,Store 17,East,Apparel,In-Store,33,57.33,3523.57,1891.89,no,yes
T101219,2023-06-12,Store 06,West,Grocery,Curbside,10,214.43,3225.0,2144.3,no,no
T101220,2024-11-15,Store 04,South,Toys,Online,37,135.65,6680.56,5019.05,yes,no
T101221,2023-04-12,Store 09,East,Beauty,In-Store,4,190.73,997.31,762.92,no,yes
T101222,2024-01-13,Store 02,West,Grocery,In-Store,32,203.05,7837.4,6497.6,no,yes
T101223,2023-09-08,Store 16,South,Beauty,Curbside,10,209.14,2748.85,2091.4,no,yes
T101224,2023-07-19,Store 17,East,Beauty,Curbside,32,120.51,6590.6,3856.32,no,no
T101225,2024-04-21,Store 13,East,Grocery,In-Store,37,117.51,5624.42,4347.87,no,yes
T101226,2024-01-02,Store 05,East,Apparel,In-Store,31,155.27,5944.09,4813.37,no,no
T101227,2023-12-17,Store 13,East,Beauty,Curbside,2,3.48,8.25,6.96,no,no
T101228,2023-10-20,Store 05,East,Electronics,Curbside,6,138.3,1712.68,829.8,no,no
T101229,2023-02-25,Store 01,East,Grocery,Online,2,150.52,472.91,301.04,no,yes
T101230,2024-06-15,Store 17,East,Apparel,Curbside,18,136.87,3863.11,2463.66,no,no
T101231,2024-03-28,Store 02,West,Home,Curbside,14,195.49,3613.4,2736.86,no,no
T101232,2024-03-17,Store 06,West,Beauty,Online,11,107.78,2146.11,1185.58,no,no
T101233,2024-03-20,Store 06,West,Beauty,Online,23,67.13,2210.18,1543.99,no,no
T101234,2024-04-25,Store 18,West,Toys,Curbside,34,88.44,4975.87,3006.96,no,no
T101235,2024-09-11,Store 18,West,Home,Online,37,6.08,314.88,224.96,no,no
T101236,2024-07-04,Store 11,North,Grocery,In-Store,32,181.39,7138.1,5804.48,no,yes
T101237,2023-03-13,Store 16,South,Grocery,Curbside,24,145.15,4896.04,3483.6,yes,yes
T101238,2023-04-20,Store 08,South,Beauty,Online,5,159.92,1257.91,799.6,no,yes
T101239,2024-11-06,Store 15,North,Home,In-Store,19,145.15,3527.83,2757.85,yes,no
T101240,2024-11-30,Store 01,East,Grocery,In-Store,34,56.17,2518.9,1909.78,no,yes
T101241,2023-12-23,Store 05,East,Apparel,In-Store,12,129.19,2533.2,1550.28,no,yes
T101242,2024-02-22,Store 02,West,Apparel,Online,5,132.11,1305.67,660.55,no,yes
T101243,2023-03-03,Store 14,West,Electronics,Online,10,19.56,354.1,195.6,no,no
T101244,2023-07-10,Store 07,North,Home,In-Store,31,70.76,4050.52,2193.56,no,no
T101245,2024-10-28,Store 12,South,Beauty,In-Store,5,26.72,189.32,133.6,no,no
T101246,2024-03-23,Store 07,North,Home,Curbside,40,100.2,5665.3,4008.0,no,yes
T101247,2023-06-29,Store 04,South,Beauty,In-Store,2,121.95,359.91,243.9,no,no
T101248,2024-09-04,Store 10,West,Toys,Online,6,19.52,240.2,117.12,no,no
T101249,2023-08-13,Store 16,South,Home,In-Store,3,18.77,78.04,56.31,no,no
T101250,2023-11-08,Store 08,South,Home,Online,34,168.94,7320.63,5743.96,no,yes
T101251,2024-11-21,Store 04,South,Apparel,Online,36,41.7,2090.25,1501.2,no,no
T101252,2023-08-18,Store 09,East,Toys,Online,21,109.48,3005.13,2299.08,no,yes
T101253,2024-08-27,Store 13,East,Home,Curbside,23,82.2,3426.23,1890.6,no,yes
T101254,2024-07-26,Store 01,East,Beauty,In-Store,27,205.31,8875.33,5543.37,no,yes
T101255,2024-12-01,Store 09,East,Grocery,In-Store,18,69.81,1729.02,1256.58,no,yes
T101256,2023-09-16,Store 05,East,Beauty,In-Store,20,217.74,6082.69,4354.8,no,yes
T101257,2024-10-15,Store 06,West,Home,Online,30,89.34,5330.65,2680.2,no,yes
T101258,2024-06-08,Store 02,West,Home,Curbside,30,186.6,10236.75,5598.0,no,no
T101259,2023-07-10,Store 18,West,Home,In-Store,7,142.64,2016.93,998.48,no,no
T101260,2023-12-09,Store 06,West,Apparel,In-Store,31,64.31,3832.08,1993.61,no,yes
T101261,2023-02-23,Store 04,South,Beauty,Online,11,25.9,362.57,284.9,no,yes
T101262,2024-05-21,Store 07,North,Toys,Curbside,13,132.92,3353.51,1727.96,no,no
T101263,2024-09-28,Store 05,East,Electronics,In-Store,25,203.87,8972.21,5096.75,no,yes
T101264,2023-05-12,Store 09,East,Home,Online,17,53.11,1666.6,902.87,no,yes
T101265,2023-09-15,Store 17,East,Apparel,In-Store,27,85.81,2753.36,2316.87,no,yes
T101266,2024-07-26,Store 08,South,Toys,Online,28,161.42,6362.27,4519.76,no,no
T101267,2024-03-11,Store 15,North,Grocery,Curbside,12,215.39,5102.93,2584.68,no,yes
T101268,2024-05-27,Store 16,South,Beauty,In-Store,18,47.96,1282.53,863.28,no,no
T101269,2023-09-27,Store 09,East,Beauty,Online,31,178.15,10836.09,5522.65,no,no
T101270,2023-11-22,Store 10,West,Home,Curbside,2,45.22,150.47,90.44,no,no
T101271,2024-01-15,Store 12,South,Apparel,Online,8,137.93,2021.95,1103.44,no,yes
T101272,2023-04-09,Store 04,South,Beauty,Online,35,204.43,13414.4,7155.05,no,yes
T101273,2023-08-27,Store 07,North,Home,Online,20,147.43,4696.49,2948.6,no,no
T101274,2023-04-09,Store 13,East,Toys,In-Store,8,161.0,2259.58,1288.0,no,yes
T101275,2024-05-22,Store 06,West,Home,In-Store,27,217.47,12152.01,5871.69,no,yes
T101276,2024-04-21,Store 10,West,Toys,Curbside,13,205.53,3912.95,2671.89,yes,no
T101277,2023-03-04,Store 13,East,Grocery,Curbside,13,209.05,3789.72,2717.65,no,yes
T101278,2024-04-18,Store 12,South,Toys,Curbside,25,112.38,4440.28,2809.5,no,no
T101279,2023-08-29,Store 16,South,Beauty,Curbside,14,183.51,3475.53,2569.14,no,no
T101280,2023-09-08,Store 06,West,Beauty,Curbside,39,219.59,11127.26,8564.01,no,yes
T101281,2024-10-21,Store 09,East,Grocery,In-Store,36,210.9,11007.56,7592.4,no,yes
T101282,2023-12-26,Store 09,East,Beauty,Online,39,43.69,3158.06,1703.91,no,no
T101283,2023-04-26,Store 16,South,Beauty,In-Store,11,163.34,3321.13,1796.74,no,yes
T101284,2024-01-27,Store 01,East,Electronics,Online,9,18.8,277.28,169.2,no,yes
T101285,2024-02-17,Store 02,West,Electronics,Online,3,60.17,267.87,180.51,no,no
T101286,2024-02-14,Store 13,East,Home,Online,19,98.8,3819.78,1877.2,no,no
T101287,2024-10-29,Store 05,East,Electronics,In-Store,6,117.53,1199.89,705.18,no,no
T101288,2024-08-13,Store 09,East,Toys,In-Store,33,194.44,9337.72,6416.52,yes,yes
T101289,2023-05-10,Store 18,West,Home,Online,8,22.21,308.18,177.68,no,no
T101290,2024-06-10,Store 03,North,Electronics,Curbside,36,54.35,3000.17,1956.6,no,no
T101291,2023-01-18,Store 15,North,Apparel,Curbside,22,88.09,2894.08,1937.98,no,yes
T101292,2023-08-23,Store 10,West,Home,In-Store,32,24.46,1604.08,782.72,yes,yes
T101293,2023-06-04,Store 11,North,Grocery,Curbside,2,126.53,353.56,253.06,no,no
T101294,2024-11-20,Store 08,South,Apparel,Online,24,151.7,6440.5,3640.8,no,no
T101295,2023-08-06,Store 12,South,Electronics,Curbside,3,166.41,713.9,499.23,yes,yes
T101296,2024-02-04,Store 07,North,Grocery,Online,20,184.39,7094.31,3687.8,no,yes
T101297,2024-03-17,Store 17,East,Apparel,Online,2,207.43,628.91,414.86,no,no
T101298,2023-09-08,Store 03,North,Electronics,Online,34,190.52,8894.8,6477.68,no,no
T101299,2024-01-24,Store 16,South,Grocery,Online,38,168.57,8450.05,6405.66,no,yes
T101300,2023-11-19,Store 01,East,Electronics,Curbside,26,213.9,9634.49,5561.4,no,yes
T101301,2024-02-19,Store 13,East,Toys,In-Store,33,110.0,5276.3,3630.0,no,no
T101302,2024-01-20,Store 03,North,Home,Curbside,11,183.22,2326.24,2015.42,no,no
T101303,2023-10-16,Store 03,North,Grocery,Curbside,15,120.3,2933.71,1804.5,yes,yes
T101304,2024-12-10,Store 15,North,Home,Curbside,3,129.51,768.16,388.53,no,no
T101305,2023-02-05,Store 13,East,Grocery,In-Store,25,62.27,2306.52,1556.75,yes,yes
T101306,2023-04-27,Store 01,East,Home,Online,5,121.85,987.65,609.25,no,no
T101307,2024-03-30,Store 01,East,Beauty,Curbside,36,145.38,9462.92,5233.68,no,no
T101308,2023-10-02,Store 03,North,Home,Curbside,34,126.99,8398.39,4317.66,yes,no
T101309,2024-04-08,Store 17,East,Apparel,Curbside,32,50.46,3011.89,1614.72,no,no
T101310,2024-11-03,Store 09,East,Home,In-Store,25,72.66,2768.97,1816.5,no,no
T101311,2023-02-15,Store 05,East,Electronics,Online,6,75.8,632.09,454.8,no,yes
T101312,2024-11-25,Store 15,North,Electronics,Online,16,179.59,5322.3,2873.44,no,no
T101313,2024-12-23,Store 11,North,Electronics,Curbside,20,122.45,3963.23,2449.0,no,yes
T101314,2024-01-01,Store 10,West,Grocery,Curbside,33,14.99,924.37,494.67,no,no
T101315,2024-08-21,Store 04,South,Beauty,Curbside,14,153.04,3269.37,2142.56,no,no
T101316,2024-07-01,Store 11,North,Apparel,In-Store,39,192.06,9434.24,7490.34,no,no
T101317,2024-05-10,Store 18,West,Grocery,Online,33,133.8,7897.19,4415.4,no,no
T101318,2023-05-15,Store 05,East,Beauty,Online,7,162.54,1955.87,1137.78,no,yes
T101319,2024-07-06,Store 17,East,Toys,In-Store,36,202.47,9486.44,7288.92,yes,yes
T101320,2023-07-02,Store 01,East,Grocery,Online,31,183.19,10272.79,5678.89,no,yes
T101321,2024-03-19,Store 05,East,Grocery,In-Store,24,28.13,1230.48,675.12,no,yes
T101322,2023-12-02,Store 05,East,Grocery,Online,1,189.11,355.34,189.11,no,no
T101323,2024-02-24,Store 11,North,Beauty,In-Store,12,141.94,3002.62,1703.28,no,no
T101324,2024-10-04,Store 04,South,Electronics,In-Store,24,219.57,6539.29,5269.68,yes,no
T101325,2024-05-20,Store 09,East,Grocery,In-Store,33,161.28,8020.33,5322.24,no,no
T101326,2023-12-31,Store 01,East,Electronics,Curbside,31,91.67,3868.28,2841.77,no,no
T101327,2024-12-07,Store 06,West,Apparel,Curbside,29,9.27,326.66,268.83,no,yes
T101328,2023-10-17,Store 03,North,Grocery,Online,20,143.72,3597.26,2874.4,no,yes
T101329,2024-02-14,Store 07,North,Toys,Curbside,2,128.28,526.73,256.56,no,no
T101330,2023-10-20,Store 07,North,Beauty,In-Store,19,131.49,4577.05,2498.31,no,no
T101331,2024-04-26,Store 11,North,Grocery,In-Store,10,81.31,1080.41,813.1,no,no
T101332,2024-04-29,Store 08,South,Electronics,Online,5,49.86,501.2,249.3,no,yes
T101333,2024-07-21,Store 02,West,Grocery,Curbside,16,21.52,401.88,344.32,yes,no
T101334,2023-08-23,Store 01,East,Electronics,In-Store,26,108.1,5279.47,2810.6,no,no
T101335,2023-01-30,Store 17,East,Grocery,Online,37,158.72,11590.02,5872.64,no,yes
T101336,2023-05-09,Store 12,South,Grocery,Online,13,135.98,2683.93,1767.74,no,yes
T101337,2024-11-05,Store 09,East,Home,Curbside,30,100.42,3971.34,3012.6,no,no
T101338,2024-05-02,Store 09,East,Electronics,In-Store,13,123.04,1915.72,1599.52,no,yes
T101339,2024-04-16,Store 10,West,Beauty,In-Store,12,8.38,172.99,100.56,no,no
T101340,2024-01-10,Store 09,East,Apparel,In-Store,8,157.31,1902.35,1258.48,no,no
T101341,2023-01-06,Store 18,West,Electronics,Curbside,4,169.97,917.11,679.88,no,no
T101342,2023-04-30,Store 08,South,Electronics,In-Store,34,205.72,10713.87,6994.48,no,no
T101343,2023-03-22,Store 11,North,Apparel,In-Store,37,51.93,2691.85,1921.41,no,yes
T101344,2024-02-03,Store 16,South,Home,Online,20,215.72,8160.01,4314.4,no,yes
T101345,2023-06-08,Store 03,North,Apparel,Curbside,10,6.51,126.95,65.1,no,no
T101346,2024-08-07,Store 14,West,Apparel,Curbside,35,152.5,9931.45,5337.5,yes,no
T101347,2024-04-19,Store 07,North,Apparel,In-Store,39,165.54,9393.16,6456.06,yes,yes
T101348,2023-08-25,Store 18,West,Home,Curbside,25,187.32,8766.72,4683.0,no,yes
T101349,2023-08-15,Store 14,West,Home,Curbside,25,67.76,3190.94,1694.0,no,yes
T101350,2023-01-31,Store 09,East,Beauty,In-Store,29,178.76,6071.1,5184.04,no,yes
T101351,2023-10-20,Store 14,West,Toys,In-Store,15,119.74,3521.04,1796.1,yes,yes
T101352,2024-09-12,Store 01,East,Home,Online,1,5.79,8.57,5.79,no,yes
T101353,2023-10-24,Store 03,North,Home,Curbside,3,157.43,692.14,472.29,no,yes
T101354,2023-03-08,Store 17,East,Grocery,Curbside,38,217.04,9558.17,8247.52,no,no
T101355,2024-08-16,Store 17,East,Electronics,In-Store,17,186.57,4692.34,3171.69,no,no
T101356,2024-10-20,Store 15,North,Grocery,In-Store,22,108.03,4683.39,2376.66,yes,no
T101357,2023-08-16,Store 09,East,Toys,Online,4,51.87,267.94,207.48,no,yes
T101358,2024-06-13,Store 18,West,Electronics,Online,30,191.99,9428.35,5759.7,no,yes
T101359,2024-10-12,Store 08,South,Beauty,In-Store,12,189.67,3507.58,2276.04,no,no
T101360,2024-11-13,Store 15,North,Electronics,Online,5,99.82,597.38,499.1,yes,yes
T101361,2023-08-30,Store 15,North,Grocery,Online,14,188.84,4451.29,2643.76,no,yes
T101362,2024-11-13,Store 16,South,Home,Online,19,160.2,3843.05,3043.8,no,yes
T101363,2024-03-25,Store 13,East,Home,Online,12,185.15,3602.22,2221.8,no,yes
T101364,2024-12-25,Store 09,East,Home,Curbside,15,74.09,1438.13,1111.35,no,yes
T101365,2024-09-25,Store 05,East,Apparel,Online,28,139.87,7720.09,3916.36,no,no
T101366,2023-08-29,Store 12,South,Grocery,In-Store,18,16.93,639.62,304.74,no,no
T101367,2024-10-25,Store 17,East,Apparel,Online,37,153.24,8285.83,5669.88,no,yes
T101368,2024-10-30,Store 16,South,Apparel,Curbside,40,179.33,15008.23,7173.2,no,no
T101369,2023-04-06,Store 05,East,Toys,Curbside,15,118.67,3625.3,1780.05,yes,no
T101370,2023-01-06,Store 08,South,Grocery,Curbside,34,86.18,5389.61,2930.12,no,no
T101371,2024-04-02,Store 12,South,Home,Online,26,216.16,8245.17,5620.16,no,yes
T101372,2023-06-10,Store 13,East,Home,Online,16,64.2,1767.19,1027.2,no,no
T101373,2023-04-06,Store 05,East,Grocery,Online,17,75.2,2492.24,1278.4,no,yes
T101374,2023-06-12,Store 08,South,Home,In-Store,28,104.75,5181.6,2933.0,no,yes
T101375,2023-05-29,Store 12,South,Toys,In-Store,16,193.23,4642.25,3091.68,no,yes
T101376,2023-02-05,Store 13,East,Grocery,Curbside,27,38.54,1763.33,1040.58,no,no
T101377,2024-02-28,Store 01,East,Apparel,Curbside,14,113.2,2748.41,1584.8,no,yes
T101378,2023-10-08,Store 10,West,Apparel,In-Store,34,63.98,3855.53,2175.32,no,yes
T101379,2024-01-15,Store 04,South,Electronics,Curbside,23,17.33,831.83,398.59,no,no
T101380,2023-05-22,Store 13,East,Home,Curbside,29,38.79,1336.08,1124.91,no,yes
T101381,2024-08-14,Store 05,East,Grocery,Curbside,11,52.41,1096.43,576.51,no,no
T101382,2024-10-13,Store 08,South,Toys,Curbside,1,115.96,162.59,115.96,no,no
T101383,2024-10-02,Store 12,South,Toys,Online,15,134.76,2337.81,2021.4,no,no
T101384,2024-12-26,Store 16,South,Toys,Online,12,59.09,1340.12,709.08,no,yes
T101385,2024-11-28,Store 17,East,Apparel,Online,24,59.46,2771.09,1427.04,no,yes
T101386,2023-01-21,Store 05,East,Electronics,Online,13,158.82,4305.85,2064.66,no,no
T101387,2024-08-20,Store 01,East,Beauty,Curbside,11,54.16,1115.64,595.76,no,no
T101388,2024-04-18,Store 10,West,Toys,In-Store,5,66.68,399.94,333.4,no,no
T101389,2023-04-30,Store 06,West,Electronics,In-Store,12,64.94,1365.92,779.28,no,yes
T101390,2024-11-17,Store 16,South,Grocery,Online,8,27.5,254.85,220.0,no,yes
T101391,2023-02-16,Store 08,South,Beauty,Online,30,38.05,1927.24,1141.5,no,no
T101392,2024-09-30,Store 10,West,Toys,Curbside,14,49.0,1393.13,686.0,no,yes
T101393,2024-05-18,Store 03,North,Beauty,Online,35,51.23,2643.75,1793.05,no,yes
T101394,2024-08-04,Store 18,West,Grocery,Curbside,31,31.26,1938.99,969.06,no,yes
T101395,2024-06-14,Store 15,North,Beauty,Curbside,34,199.33,11377.77,6777.22,no,no
T101396,2024-09-07,Store 11,North,Toys,Online,28,6.44,257.15,180.32,no,yes
T101397,2024-06-13,Store 15,North,Grocery,In-Store,7,191.96,1687.63,1343.72,no,yes
T101398,2024-08-02,Store 02,West,Apparel,In-Store,13,129.07,2164.57,1677.91,no,no
T101399,2023-06-11,Store 07,North,Grocery,Online,10,161.78,2500.5,1617.8,no,yes
T101400,2024-09-06,Store 13,East,Beauty,In-Store,10,91.21,1577.89,912.1,no,no
T101401,2024-01-24,Store 12,South,Toys,Online,19,157.0,3618.51,2983.0,no,no
T101402,2023-05-11,Store 18,West,Electronics,Online,33,18.94,897.82,625.02,yes,yes
T101403,2024-04-11,Store 06,West,Toys,Online,10,183.24,3299.92,1832.4,no,no
T101404,2023-02-12,Store 04,South,Beauty,In-Store,32,132.02,5786.46,4224.64,no,yes
T101405,2024-01-28,Store 12,South,Toys,Online,38,125.12,9514.27,4754.56,no,no
T101406,2023-10-11,Store 01,East,Beauty,In-Store,3,68.25,383.43,204.75,no,no
T101407,2024-02-21,Store 09,East,Electronics,In-Store,27,145.96,8036.72,3940.92,no,yes
T101408,2024-04-28,Store 10,West,Home,Online,19,44.24,1488.11,840.56,no,yes
T101409,2023-06-14,Store 04,South,Electronics,Curbside,11,40.89,754.76,449.79,no,no
T101410,2023-03-17,Store 18,West,Grocery,In-Store,2,154.89,422.99,309.78,no,yes
T101411,2024-10-21,Store 11,North,Beauty,Curbside,39,130.61,10640.03,5093.79,yes,no
T101412,2024-02-23,Store 05,East,Home,Online,11,182.31,2729.46,2005.41,no,yes
T101413,2024-12-20,Store 18,West,Apparel,Online,2,144.61,532.11,289.22,no,no
T101414,2024-11-21,Store 04,South,Apparel,Online,17,35.64,1080.22,605.88,no,yes
T101415,2023-06-16,Store 04,South,Apparel,Online,38,5.15,290.35,195.7,no,no
T101416,2024-11-28,Store 03,North,Toys,Online,8,132.36,1753.1,1058.88,no,yes
T101417,2024-08-30,Store 06,West,Apparel,In-Store,21,81.79,2136.36,1717.59,no,no
T101418,2024-10-30,Store 16,South,Beauty,In-Store,17,145.43,5083.82,2472.31,no,no
T101419,2024-06-12,Store 05,East,Electronics,In-Store,15,47.72,867.13,715.8,no,no
T101420,2024-11-11,Store 14,West,Apparel,Curbside,2,153.63,465.53,307.26,no,no
T101421,2023-08-08,Store 14,West,Electronics,In-Store,39,166.44,9371.53,6491.16,no,yes
T101422,2024-08-12,Store 06,West,Apparel,Online,35,201.02,10345.57,7035.7,no,no
T101423,2024-12-21,Store 05,East,Beauty,Curbside,40,34.15,2085.76,1366.0,no,yes
T101424,2023-10-24,Store 18,West,Toys,Curbside,35,73.08,5325.42,2557.8,no,no
T101425,2023-07-29,Store 04,South,Electronics,Online,8,17.4,224.58,139.2,no,yes
T101426,2024-07-03,Store 13,East,Apparel,Online,12,88.17,1992.22,1058.04,no,no
T101427,2023-01-27,Store 06,West,Toys,Curbside,39,31.83,1854.89,1241.37,no,no
T101428,2023-08-07,Store 03,North,Grocery,In-Store,37,56.11,3853.05,2076.07,no,yes
T101429,2023-11-20,Store 16,South,Beauty,Online,36,16.13,1017.37,580.68,no,yes
T101430,2024-06-27,Store 02,West,Grocery,Online,35,123.37,8483.73,4317.95,no,yes
T101431,2023-01-16,Store 06,West,Toys,Online,3,134.67,667.45,404.01,no,no
T101432,2023-01-22,Store 10,West,Toys,In-Store,16,56.15,1527.29,898.4,no,no
T101433,2023-05-21,Store 14,West,Beauty,Curbside,8,129.62,1563.75,1036.96,no,no
T101434,2024-03-31,Store 16,South,Electronics,In-Store,30,201.04,11686.26,6031.2,no,no
T101435,2023-08-18,Store 16,South,Beauty,Online,36,97.67,6728.82,3516.12,no,no
T101436,2024-01-21,Store 06,West,Grocery,Curbside,24,168.35,6946.51,4040.4,no,no
T101437,2023-11-15,Store 13,East,Toys,In-Store,38,92.25,6029.12,3505.5,no,no
T101438,2024-05-19,Store 17,East,Beauty,Online,14,208.89,4140.73,2924.46,no,yes
T101439,2024-10-29,Store 12,South,Grocery,Curbside,22,95.58,4233.59,2102.76,no,no
T101440,2024-06-10,Store 10,West,Home,In-Store,40,37.34,2832.18,1493.6,no,yes
T101441,2023-04-14,Store 07,North,Grocery,In-Store,37,20.47,1582.29,757.39,no,yes
T101442,2023-06-25,Store 15,North,Electronics,Curbside,16,9.04,265.74,144.64,no,no
T101443,2024-03-23,Store 10,West,Grocery,Online,23,218.21,7488.94,5018.83,no,no
T101444,2024-02-12,Store 06,West,Grocery,Online,31,54.06,2440.29,1675.86,no,no
T101445,2023-08-23,Store 03,North,Grocery,Online,21,147.64,4956.28,3100.44,no,yes
T101446,2023-01-04,Store 10,West,Apparel,In-Store,7,23.5,249.88,164.5,no,no
T101447,2023-11-10,Store 05,East,Beauty,In-Store,32,98.15,5250.26,3140.8,no,no
T101448,2024-04-29,Store 04,South,Apparel,In-Store,24,212.59,9977.1,5102.16,no,no
T101449,2023-10-03,Store 02,West,Home,In-Store,8,184.39,2862.72,1475.12,no,no
T101450,2023-02-17,Store 05,East,Beauty,Online,14,198.14,3205.21,2773.96,no,yes
T101451,2024-04-03,Store 01,East,Beauty,In-Store,22,176.15,6719.71,3875.3,no,yes
T101452,2024-05-20,Store 08,South,Apparel,Curbside,35,79.36,4875.23,2777.6,no,no
T101453,2024-07-31,Store 14,West,Apparel,Curbside,9,45.05,762.59,405.45,no,no
T101454,2023-09-23,Store 10,West,Apparel,Online,37,96.55,5395.48,3572.35,no,no
T101455,2024-07-18,Store 02,West,Apparel,Online,2,208.94,871.46,417.88,no,yes
T101456,2024-08-24,Store 02,West,Home,Curbside,5,7.2,61.79,36.0,no,no
T101457,2024-02-13,Store 11,North,Apparel,In-Store,16,146.29,3238.02,2340.64,no,yes
T101458,2023-06-05,Store 07,North,Home,In-Store,8,82.36,1163.8,658.88,no,no
T101459,2024-06-29,Store 15,North,Apparel,Online,14,163.51,4099.4,2289.14,no,no
T101460,2023-02-24,Store 16,South,Apparel,Online,10,186.67,2500.1,1866.7,no,no
T101461,2023-12-10,Store 02,West,Grocery,Curbside,35,15.39,656.53,538.65,no,no
T101462,2024-03-11,Store 02,West,Electronics,Online,30,45.65,2488.64,1369.5,no,no
T101463,2023-09-05,Store 02,West,Grocery,Online,31,164.15,9161.66,5088.65,no,no
T101464,2023-12-05,Store 01,East,Beauty,Curbside,22,90.73,2317.47,1996.06,no,no
T101465,2024-05-28,Store 15,North,Beauty,Curbside,10,36.2,581.43,362.0,no,no
T101466,2023-05-20,Store 14,West,Beauty,Online,18,133.36,3663.19,2400.48,no,no
T101467,2023-10-25,Store 14,West,Electronics,Curbside,22,4.58,132.89,100.76,no,no
T101468,2024-10-18,Store 07,North,Grocery,In-Store,20,83.83,2208.38,1676.6,no,yes
T101469,2023-11-18,Store 07,North,Toys,Online,5,207.48,1884.8,1037.4,no,no
T101470,2023-09-02,Store 08,South,Grocery,In-Store,35,154.5,10137.8,5407.5,no,no
T101471,2023-08-31,Store 04,South,Grocery,Curbside,12,141.55,2869.55,1698.6,no,no
T101472,2023-03-20,Store 05,East,Toys,Online,18,90.35,2948.13,1626.3,no,yes
T101473,2024-10-09,Store 05,East,Apparel,Online,24,133.1,4170.1,3194.4,no,no
T101474,2024-12-22,Store 02,West,Grocery,In-Store,35,98.41,6956.41,3444.35,no,no
T101475,2023-08-03,Store 17,East,Home,Online,7,189.03,2176.81,1323.21,no,yes
T101476,2024-03-31,Store 14,West,Beauty,In-Store,21,59.38,2120.7,1246.98,no,yes
T101477,2023-09-13,Store 13,East,Apparel,Curbside,11,204.41,3166.55,2248.51,no,yes
T101478,2024-09-04,Store 03,North,Toys,Online,35,94.33,4051.52,3301.55,no,no
T101479,2024-05-12,Store 09,East,Beauty,Curbside,17,132.13,4386.31,2246.21,yes,no
T101480,2024-08-25,Store 18,West,Electronics,In-Store,6,63.84,687.36,383.04,no,yes
T101481,2023-06-08,Store 14,West,Electronics,Curbside,3,31.37,162.8,94.11,no,yes
T101482,2024-06-04,Store 01,East,Home,In-Store,8,140.16,1939.51,1121.28,no,no
T101483,2023-03-30,Store 05,East,Beauty,Online,40,9.36,610.86,374.4,no,yes
T101484,2023-06-21,Store 09,East,Home,In-Store,2,85.45,243.17,170.9,yes,no
T101485,2024-12-24,Store 15,North,Home,In-Store,4,204.21,1710.1,816.84,no,yes
T101486,2024-03-03,Store 01,East,Beauty,Curbside,40,131.96,9693.77,5278.4,no,no
T101487,2023-05-31,Store 05,East,Grocery,Online,19,165.26,5878.17,3139.94,no,yes
T101488,2023-04-03,Store 02,West,Apparel,Curbside,28,57.21,3139.11,1601.88,no,yes
T101489,2024-06-11,Store 18,West,Home,Curbside,16,32.65,606.09,522.4,yes,no
T101490,2024-07-29,Store 04,South,Beauty,In-Store,19,34.71,1314.03,659.49,no,no
T101491,2023-05-05,Store 08,South,Electronics,Curbside,33,130.03,7720.91,4290.99,no,no
T101492,2024-11-27,Store 07,North,Electronics,In-Store,29,136.23,6740.57,3950.67,no,yes
T101493,2023-11-24,Store 08,South,Electronics,Online,25,206.19,6115.73,5154.75,no,yes
T101494,2024-04-22,Store 14,West,Apparel,Online,14,7.89,165.25,110.46,no,yes
T101495,2023-10-27,Store 14,West,Home,Online,11,173.73,2451.05,1911.03,no,no
T101496,2024-06-24,Store 10,West,Home,Curbside,3,140.65,619.53,421.95,no,no
T101497,2023-04-16,Store 16,South,Toys,In-Store,18,139.73,3488.37,2515.14,no,no
T101498,2023-09-10,Store 12,South,Grocery,In-Store,27,129.65,7047.64,3500.55,no,no
T101499,2024-02-18,Store 12,South,Grocery,Online,12,66.45,976.84,797.4,no,yes
T101500,2023-08-02,Store 17,East,Apparel,In-Store,40,145.36,8576.35,5814.4,no,no
T101501,2024-03-28,Store 13,East,Toys,In-Store,13,55.39,1170.95,720.07,no,yes
T101502,2023-10-22,Store 16,South,Electronics,Online,5,87.91,845.19,439.55,no,no
T101503,2023-09-08,Store 06,West,Home,Curbside,17,81.6,2594.32,1387.2,no,no
T101504,2023-11-15,Store 08,South,Toys,Curbside,39,213.38,17148.65,8321.82,no,yes
T101505,2023-02-21,Store 02,West,Grocery,In-Store,8,130.83,2111.12,1046.64,no,no
T101506,2023-05-06,Store 16,South,Electronics,Online,14,115.54,2966.49,1617.56,no,no
T101507,2024-05-28,Store 12,South,Beauty,In-Store,40,209.61,14257.21,8384.4,no,yes
T101508,2024-07-01,Store 13,East,Apparel,Online,9,126.76,2072.75,1140.84,yes,yes
T101509,2024-05-02,Store 16,South,Beauty,Curbside,26,192.76,10348.35,5011.76,no,yes
T101510,2023-04-21,Store 08,South,Grocery,Curbside,23,116.44,3450.69,2678.12,no,yes
T101511,2024-08-03,Store 13,East,Apparel,Curbside,1,38.02,69.92,38.02,no,no
T101512,2023-04-22,Store 14,West,Grocery,Online,22,31.18,1273.39,685.96,no,no
T101513,2023-02-07,Store 11,North,Apparel,In-Store,20,179.52,5877.95,3590.4,no,yes
T101514,2023-08-06,Store 07,North,Apparel,Online,22,20.26,894.6,445.72,no,yes
T101515,2023-09-23,Store 18,West,Beauty,Online,12,24.24,382.57,290.88,no,no
T101516,2023-07-15,Store 08,South,Toys,Curbside,40,214.58,14318.42,8583.2,no,no
T101517,2024-03-08,Store 18,West,Apparel,Online,3,83.3,448.36,249.9,no,no
T101518,2024-11-06,Store 01,East,Grocery,Curbside,1,214.24,324.72,214.24,yes,no
T101519,2024-11-04,Store 13,East,Grocery,Online,2,206.49,797.99,412.98,no,yes
T101520,2024-07-19,Store 17,East,Beauty,Curbside,35,7.83,454.93,274.05,no,no
T101521,2024-02-27,Store 10,West,Home,Online,12,101.58,2336.28,1218.96,no,yes
T101522,2023-04-30,Store 02,West,Home,In-Store,40,141.24,8957.33,5649.6,no,no
T101523,2023-06-15,Store 17,East,Home,In-Store,19,208.48,5043.11,3961.12,no,no
T101524,2023-06-30,Store 10,West,Home,Curbside,8,144.79,2290.87,1158.32,no,yes
T101525,2024-07-26,Store 17,East,Home,Online,32,46.0,3004.07,1472.0,no,no
T101526,2023-11-30,Store 17,East,Apparel,Curbside,18,57.98,1879.31,1043.64,no,no
T101527,2024-08-27,Store 10,West,Toys,Online,9,58.38,976.74,525.42,no,no
T101528,2023-06-28,Store 18,West,Beauty,Curbside,8,162.86,1693.41,1302.88,no,no
T101529,2023-12-17,Store 09,East,Home,In-Store,31,166.79,8657.84,5170.49,no,yes
T101530,2024-07-26,Store 01,East,Toys,Online,5,174.26,1333.17,871.3,no,no
T101531,2023-01-30,Store 05,East,Home,Curbside,8,180.69,2352.33,1445.52,no,no
T101532,2023-02-12,Store 08,South,Electronics,Online,21,175.24,7190.84,3680.04,no,no
T101533,2023-02-07,Store 03,North,Home,Curbside,38,125.91,6822.0,4784.58,no,no
T101534,2023-11-03,Store 12,South,Apparel,In-Store,1,128.14,153.2,128.14,no,yes
T101535,2023-05-29,Store 08,South,Beauty,Curbside,11,98.06,2096.82,1078.66,no,yes
T101536,2024-11-27,Store 17,East,Beauty,Curbside,27,111.36,5357.49,3006.72,no,yes
T101537,2023-04-14,Store 15,North,Apparel,Curbside,39,106.4,7176.71,4149.6,no,yes
T101538,2023-09-04,Store 01,East,Beauty,Curbside,19,163.15,6195.55,3099.85,no,no
T101539,2023-10-04,Store 15,North,Apparel,Curbside,16,71.97,1390.47,1151.52,no,no
T101540,2023-10-17,Store 06,West,Grocery,Curbside,17,186.86,3753.82,3176.62,no,yes
T101541,2024-07-02,Store 18,West,Apparel,Online,9,199.25,3239.0,1793.25,no,yes
T101542,2024-06-16,Store 16,South,Grocery,Curbside,39,121.34,7621.0,4732.26,no,yes
T101543,2023-10-29,Store 06,West,Grocery,Online,17,97.52,2935.98,1657.84,no,no
T101544,2023-03-05,Store 15,North,Toys,Online,15,9.32,264.74,139.8,no,no
T101545,2023-04-19,Store 12,South,Beauty,Online,28,107.57,4560.26,3011.96,no,no
T101546,2024-07-02,Store 09,East,Toys,Curbside,8,194.81,2502.9,1558.48,no,no
T101547,2024-04-23,Store 04,South,Electronics,In-Store,25,74.97,3733.53,1874.25,no,yes
T101548,2024-06-22,Store 04,South,Grocery,Curbside,3,58.52,265.86,175.56,no,yes
T101549,2024-11-13,Store 18,West,Beauty,Online,35,112.74,6163.81,3945.9,no,no
T101550,2024-01-09,Store 10,West,Beauty,Online,24,18.61,692.0,446.64,yes,no
T101551,2024-07-09,Store 03,North,Grocery,Curbside,27,156.22,7813.96,4217.94,yes,yes
T101552,2023-09-27,Store 04,South,Beauty,In-Store,1,56.68,84.36,56.68,no,yes
T101553,2023-01-26,Store 11,North,Grocery,Online,26,73.14,3149.03,1901.64,no,no
T101554,2024-08-18,Store 06,West,Grocery,In-Store,23,107.47,4166.38,2471.81,yes,yes
T101555,2024-08-15,Store 10,West,Grocery,Online,23,25.19,1043.84,579.37,no,yes
T101556,2023-04-28,Store 03,North,Beauty,Online,14,36.04,727.63,504.56,no,no
T101557,2024-12-21,Store 08,South,Grocery,Curbside,35,53.35,3420.83,1867.25,no,yes
T101558,2023-11-19,Store 10,West,Apparel,Online,14,13.37,367.15,187.18,yes,yes
T101559,2024-07-13,Store 07,North,Apparel,Online,36,163.63,9100.14,5890.68,no,yes
T101560,2023-04-19,Store 13,East,Home,Online,31,79.47,3996.74,2463.57,no,yes
T101561,2023-04-24,Store 01,East,Electronics,In-Store,25,205.54,6393.26,5138.5,yes,yes
T101562,2023-08-12,Store 06,West,Toys,Online,1,163.35,300.33,163.35,no,no
T101563,2023-08-20,Store 01,East,Home,In-Store,34,156.09,8431.58,5307.06,no,no
T101564,2024-08-06,Store 17,East,Toys,Online,32,85.35,4579.3,2731.2,no,yes
T101565,2023-08-27,Store 04,South,Electronics,In-Store,1,218.79,301.51,218.79,no,no
T101566,2024-07-15,Store 04,South,Home,Online,19,173.05,5193.45,3287.95,no,yes
T101567,2023-12-31,Store 07,North,Home,Curbside,13,142.93,2968.77,1858.09,no,no
T101568,2023-12-03,Store 06,West,Toys,In-Store,6,52.18,579.72,313.08,yes,yes
T101569,2023-08-01,Store 17,East,Grocery,Online,15,201.04,5476.82,3015.6,no,no
T101570,2023-12-31,Store 05,East,Beauty,In-Store,32,29.71,1111.46,950.72,no,yes
T101571,2023-12-17,Store 04,South,Beauty,Online,3,72.04,332.64,216.12,no,yes
T101572,2024-04-28,Store 15,North,Toys,In-Store,33,196.96,9798.89,6499.68,no,yes
T101573,2024-04-30,Store 02,West,Toys,Online,13,13.16,239.95,171.08,no,no
T101574,2023-08-26,Store 07,North,Beauty,In-Store,18,60.71,1574.18,1092.78,no,no
T101575,2024-01-30,Store 14,West,Electronics,Curbside,28,106.2,4421.62,2973.6,no,yes
T101576,2024-12-29,Store 06,West,Home,Online,6,96.28,788.62,577.68,yes,no
T101577,2024-07-11,Store 14,West,Home,Curbside,21,207.68,8279.6,4361.28,no,no
T101578,2024-11-18,Store 14,West,Toys,Online,26,183.72,6627.49,4776.72,no,yes
T101579,2023-12-17,Store 16,South,Beauty,In-Store,34,128.38,7357.84,4364.92,no,no
T101580,2024-05-17,Store 04,South,Grocery,Online,26,80.63,3337.55,2096.38,no,yes
T101581,2024-01-08,Store 18,West,Beauty,In-Store,3,216.11,1124.56,648.33,no,no
T101582,2024-08-16,Store 07,North,Home,In-Store,10,167.26,2269.32,1672.6,no,yes
T101583,2023-11-15,Store 06,West,Toys,In-Store,6,199.42,1547.14,1196.52,no,yes
T101584,2023-01-05,Store 03,North,Electronics,In-Store,25,183.31,5924.72,4582.75,no,yes
T101585,2023-02-23,Store 06,West,Home,Curbside,9,152.27,1864.58,1370.43,no,no
T101586,2024-02-29,Store 12,South,Toys,Curbside,11,190.58,2824.16,2096.38,no,no
T101587,2024-08-22,Store 18,West,Home,Curbside,25,196.74,7333.37,4918.5,no,no
T101588,2024-11-19,Store 11,North,Home,In-Store,7,115.06,1421.23,805.42,no,yes
T101589,2023-02-26,Store 07,North,Apparel,Online,26,49.16,2552.15,1278.16,no,no
T101590,2024-11-15,Store 07,North,Grocery,Online,16,119.73,3550.75,1915.68,no,yes
T101591,2024-10-03,Store 14,West,Home,Online,27,201.18,7743.71,5431.86,no,yes
T101592,2023-04-29,Store 17,East,Grocery,Online,7,139.77,1490.79,978.39,no,yes
T101593,2024-06-06,Store 11,North,Electronics,In-Store,24,198.06,9092.12,4753.44,yes,yes
T101594,2023-08-17,Store 04,South,Grocery,In-Store,15,96.88,1793.88,1453.2,yes,no
T101595,2024-10-01,Store 06,West,Grocery,In-Store,3,128.0,474.26,384.0,no,yes
T101596,2023-12-24,Store 16,South,Home,In-Store,29,40.41,2399.92,1171.89,yes,yes
T101597,2024-04-08,Store 11,North,Toys,Curbside,11,113.78,2496.11,1251.58,no,no
T101598,2023-04-11,Store 03,North,Beauty,In-Store,39,165.16,8456.07,6441.24,yes,yes
T101599,2023-01-09,Store 05,East,Beauty,Online,36,198.56,12636.35,7148.16,no,no
T101600,2023-04-22,Store 14,West,Beauty,In-Store,35,32.91,2293.54,1151.85,no,no
T101601,2023-04-29,Store 11,North,Electronics,Online,22,17.98,815.16,395.56,no,yes
T101602,2023-12-12,Store 07,North,Beauty,In-Store,19,147.28,3838.98,2798.32,no,yes
T101603,2023-02-02,Store 18,West,Home,In-Store,29,88.55,5255.71,2567.95,no,no
T101604,2023-11-05,Store 14,West,Home,In-Store,40,160.9,7544.78,6436.0,no,no
T101605,2023-01-11,Store 17,East,Home,In-Store,15,29.74,769.82,446.1,no,yes
T101606,2023-02-12,Store 09,East,Beauty,Online,31,213.78,9384.16,6627.18,no,no
T101607,2024-04-29,Store 11,North,Home,In-Store,16,92.8,2794.41,1484.8,no,yes
T101608,2023-07-06,Store 14,West,Beauty,In-Store,3,56.28,204.67,168.84,no,yes
T101609,2023-12-07,Store 04,South,Apparel,Online,6,202.47,2063.1,1214.82,no,no
T101610,2023-11-27,Store 17,East,Apparel,Curbside,13,143.71,3629.35,1868.23,no,no
T101611,2023-09-08,Store 13,East,Apparel,Online,29,12.74,568.99,369.46,no,yes
T101612,2023-12-15,Store 06,West,Electronics,In-Store,19,96.49,2725.23,1833.31,no,no
T101613,2024-09-10,Store 11,North,Home,In-Store,35,121.11,6973.88,4238.85,no,no
T101614,2024-01-16,Store 13,East,Grocery,Curbside,18,19.15,585.99,344.7,no,yes
T101615,2023-08-16,Store 09,East,Toys,Curbside,38,193.93,10813.62,7369.34,no,yes
T101616,2023-12-25,Store 10,West,Apparel,Curbside,33,183.53,8661.34,6056.49,no,yes
T101617,2023-10-19,Store 02,West,Home,In-Store,30,120.67,4774.4,3620.1,no,yes
T101618,2024-02-14,Store 12,South,Grocery,Online,5,182.98,1783.0,914.9,no,no
T101619,2023-07-30,Store 01,East,Apparel,Curbside,14,20.8,444.86,291.2,no,yes
T101620,2024-12-13,Store 14,West,Home,Curbside,22,99.19,4405.31,2182.18,no,no
T101621,2023-11-08,Store 14,West,Apparel,Curbside,4,109.65,613.02,438.6,no,yes
T101622,2024-08-18,Store 02,West,Electronics,In-Store,2,156.02,526.52,312.04,no,yes
T101623,2023-07-05,Store 05,East,Beauty,Online,5,97.88,594.86,489.4,no,no
T101624,2023-03-22,Store 06,West,Beauty,Curbside,13,217.96,4895.03,2833.48,no,no
T101625,2024-12-06,Store 01,East,Apparel,In-Store,35,160.78,9571.78,5627.3,no,yes
T101626,2023-05-19,Store 04,South,Beauty,In-Store,20,160.36,4251.41,3207.2,no,no
T101627,2024-12-12,Store 14,West,Beauty,Curbside,9,25.37,423.64,228.33,no,yes
T101628,2023-08-22,Store 07,North,Grocery,Curbside,39,108.78,5011.93,4242.42,no,yes
T101629,2023-01-14,Store 02,West,Apparel,Curbside,23,215.2,9807.3,4949.6,no,no
T101630,2023-04-15,Store 01,East,Grocery,Online,23,4.71,172.45,108.33,no,no
T101631,2024-07-23,Store 15,North,Home,Curbside,16,107.69,2568.64,1723.04,no,no
T101632,2023-08-16,Store 11,North,Apparel,Curbside,37,80.68,3487.96,2985.16,no,yes
T101633,2023-04-03,Store 07,North,Grocery,Curbside,22,69.18,2229.94,1521.96,no,yes
T101634,2024-12-30,Store 16,South,Grocery,Online,31,117.74,6092.51,3649.94,no,yes
T101635,2023-07-13,Store 04,South,Beauty,In-Store,25,191.41,9568.85,4785.25,no,yes
T101636,2023-11-22,Store 11,North,Electronics,In-Store,19,30.89,1221.8,586.91,no,no
T101637,2023-06-02,Store 15,North,Electronics,Online,3,53.03,267.39,159.09,no,yes
T101638,2023-03-13,Store 07,North,Apparel,Online,25,104.41,4776.7,2610.25,no,no
T101639,2023-08-13,Store 01,East,Beauty,Online,9,164.17,1829.07,1477.53,no,yes
T101640,2023-03-11,Store 02,West,Apparel,Curbside,32,60.4,2946.16,1932.8,no,yes
T101641,2024-03-03,Store 09,East,Toys,Curbside,8,203.41,2940.35,1627.28,no,no
T101642,2023-10-27,Store 13,East,Electronics,In-Store,26,26.38,989.45,685.88,no,yes
T101643,2023-12-12,Store 14,West,Toys,Curbside,9,133.2,1520.64,1198.8,no,yes
T101644,2024-12-11,Store 02,West,Grocery,In-Store,32,57.73,3717.02,1847.36,no,yes
T101645,2024-03-25,Store 02,West,Toys,Online,22,89.23,2650.8,1963.06,no,no
T101646,2023-05-14,Store 03,North,Electronics,Curbside,18,41.51,1463.45,747.18,no,no
T101647,2024-09-28,Store 13,East,Apparel,Online,23,138.76,6079.11,3191.48,no,yes
T101648,2024-11-03,Store 03,North,Grocery,In-Store,20,98.75,3607.05,1975.0,no,no
T101649,2023-07-04,Store 15,North,Home,Online,4,97.67,552.59,390.68,no,yes
T101650,2024-11-28,Store 03,North,Grocery,In-Store,13,180.29,3907.4,2343.77,no,no
T101651,2023-06-30,Store 09,East,Electronics,Curbside,14,78.66,1942.3,1101.24,no,yes
T101652,2023-10-30,Store 17,East,Home,Curbside,15,62.4,1341.73,936.0,yes,yes
T101653,2024-07-25,Store 10,West,Toys,Curbside,14,196.72,3518.26,2754.08,no,no
T101654,2023-05-31,Store 08,South,Beauty,In-Store,18,217.22,5447.9,3909.96,no,no
T101655,2024-01-15,Store 09,East,Apparel,Curbside,1,201.19,406.52,201.19,no,yes
T101656,2024-07-23,Store 01,East,Apparel,Online,1,71.12,125.16,71.12,no,no
T101657,2023-12-01,Store 07,North,Grocery,In-Store,32,95.21,6392.38,3046.72,no,yes
T101658,2024-11-17,Store 14,West,Home,Online,29,37.1,1945.75,1075.9,no,yes
T101659,2023-10-27,Store 08,South,Apparel,In-Store,29,54.11,1943.85,1569.19,no,no
T101660,2023-12-13,Store 03,North,Grocery,In-Store,12,132.77,2374.22,1593.24,no,yes
T101661,2024-02-15,Store 07,North,Grocery,Online,12,196.52,3514.53,2358.24,no,yes
T101662,2023-02-06,Store 02,West,Grocery,Curbside,36,22.12,1656.88,796.32,no,no
T101663,2024-08-10,Store 12,South,Electronics,Online,36,170.37,9830.48,6133.32,no,no
T101664,2024-03-24,Store 11,North,Toys,In-Store,2,98.54,291.06,197.08,no,no
T101665,2023-03-30,Store 03,North,Apparel,Curbside,7,45.94,540.36,321.58,no,yes
T101666,2023-12-28,Store 05,East,Home,In-Store,13,155.52,3138.25,2021.76,no,no
T101667,2023-03-27,Store 04,South,Grocery,Curbside,4,6.87,53.72,27.48,no,no
T101668,2023-02-10,Store 16,South,Toys,In-Store,29,91.48,4303.74,2652.92,no,no
T101669,2023-12-08,Store 07,North,Beauty,Curbside,14,147.64,3001.17,2066.96,no,yes
T101670,2023-09-18,Store 03,North,Beauty,Curbside,32,178.24,7518.11,5703.68,no,no
T101671,2024-12-21,Store 17,East,Home,Curbside,12,131.47,3178.09,1577.64,no,yes
T101672,2024-11-17,Store 13,East,Grocery,Online,24,120.98,3349.72,2903.52,no,no
T101673,2024-06-13,Store 10,West,Grocery,Curbside,1,202.92,334.57,202.92,no,no
T101674,2024-04-22,Store 18,West,Apparel,Online,20,148.09,5650.22,2961.8,no,yes
T101675,2024-01-22,Store 07,North,Toys,Online,28,92.16,3091.8,2580.48,no,no
T101676,2024-04-22,Store 12,South,Home,In-Store,11,40.1,715.11,441.1,no,no
T101677,2023-01-04,Store 07,North,Grocery,Online,17,118.73,3680.93,2018.41,no,yes
T101678,2023-05-20,Store 11,North,Beauty,In-Store,29,134.74,5501.74,3907.46,no,yes
T101679,2023-05-01,Store 17,East,Home,Online,3,181.01,819.08,543.03,no,no
T101680,2024-04-06,Store 13,East,Toys,Curbside,18,69.84,2194.31,1257.12,no,yes
T101681,2024-09-21,Store 08,South,Apparel,Online,24,202.07,5872.56,4849.68,no,no
T101682,2023-09-14,Store 18,West,Toys,Online,19,17.76,631.39,337.44,no,no
T101683,2024-07-15,Store 17,East,Electronics,Online,31,185.31,7753.06,5744.61,no,yes
T101684,2023-08-29,Store 15,North,Toys,Curbside,34,65.82,2663.65,2237.88,no,yes
T101685,2024-12-15,Store 04,South,Grocery,In-Store,14,163.99,4403.52,2295.86,no,yes
T101686,2023-01-02,Store 17,East,Toys,Online,21,33.83,1246.74,710.43,no,yes
T101687,2023-07-09,Store 17,East,Electronics,Online,15,204.86,5963.98,3072.9,no,no
T101688,2024-11-03,Store 10,West,Toys,Curbside,15,127.75,3391.72,1916.25,no,yes
T101689,2023-03-24,Store 13,East,Beauty,Curbside,40,208.36,10359.03,8334.4,no,yes
T101690,2024-02-04,Store 17,East,Toys,Curbside,38,154.08,9930.79,5855.04,no,yes
T101691,2023-07-22,Store 15,North,Beauty,Online,23,216.89,6602.57,4988.47,no,no
T101692,2024-06-29,Store 07,North,Apparel,Curbside,24,122.37,5788.95,2936.88,no,no
T101693,2024-08-09,Store 07,North,Home,Curbside,16,161.82,3233.88,2589.12,no,yes
T101694,2024-12-11,Store 02,West,Toys,In-Store,11,16.91,321.88,186.01,no,yes
T101695,2024-10-01,Store 02,West,Beauty,Curbside,18,141.64,4702.2,2549.52,no,no
T101696,2024-12-24,Store 11,North,Toys,In-Store,15,205.67,5280.87,3085.05,no,no
T101697,2023-11-26,Store 15,North,Electronics,Online,18,100.52,2890.83,1809.36,no,yes
T101698,2023-05-31,Store 04,South,Beauty,Curbside,35,85.35,3837.78,2987.25,no,no
T101699,2024-03-02,Store 05,East,Apparel,Online,34,92.8,5886.74,3155.2,no,yes
T101700,2024-06-30,Store 07,North,Electronics,Curbside,13,190.94,5190.7,2482.22,no,yes
T101701,2024-03-16,Store 14,West,Beauty,Online,25,99.13,4086.29,2478.25,no,no
T101702,2023-03-26,Store 05,East,Apparel,Online,2,160.33,576.01,320.66,no,no
T101703,2023-12-08,Store 08,South,Electronics,In-Store,29,121.84,6012.16,3533.36,no,no
T101704,2023-10-27,Store 02,West,Home,Curbside,23,84.16,2275.88,1935.68,no,no
T101705,2024-08-19,Store 13,East,Beauty,In-Store,31,102.45,5209.55,3175.95,no,yes
T101706,2023-09-08,Store 01,East,Grocery,In-Store,28,86.46,3034.21,2420.88,no,no
T101707,2023-01-19,Store 03,North,Home,Curbside,1,70.18,144.23,70.18,no,yes
T101708,2023-11-15,Store 12,South,Apparel,In-Store,12,209.26,3264.84,2511.12,no,yes
T101709,2024-04-28,Store 05,East,Home,In-Store,10,44.94,849.22,449.4,no,yes
T101710,2024-01-16,Store 06,West,Home,Curbside,22,155.91,7156.21,3430.02,no,no
T101711,2023-04-25,Store 10,West,Apparel,In-Store,27,6.09,197.27,164.43,no,no
T101712,2023-09-11,Store 12,South,Home,In-Store,32,148.0,6876.77,4736.0,no,yes
T101713,2023-03-14,Store 07,North,Apparel,Online,7,215.79,2263.78,1510.53,no,no
T101714,2024-08-20,Store 10,West,Electronics,In-Store,30,140.66,8767.17,4219.8,no,yes
T101715,2024-11-05,Store 05,East,Apparel,In-Store,9,186.66,3408.15,1679.94,no,no
T101716,2024-05-17,Store 14,West,Electronics,Online,19,5.52,196.15,104.88,no,yes
T101717,2023-04-14,Store 10,West,Toys,Online,16,65.19,1412.23,1043.04,no,no
T101718,2023-11-02,Store 11,North,Home,Online,21,138.26,5525.51,2903.46,no,yes
T101719,2023-06-24,Store 04,South,Toys,In-Store,10,27.24,352.91,272.4,no,no
T101720,2023-08-24,Store 02,West,Grocery,In-Store,18,9.21,261.96,165.78,no,no
T101721,2024-12-22,Store 10,West,Grocery,In-Store,17,132.17,2931.42,2246.89,no,yes
T101722,2024-05-18,Store 01,East,Apparel,Curbside,22,78.21,3482.88,1720.62,no,no
T101723,2023-06-01,Store 15,North,Grocery,Online,36,122.02,8690.37,4392.72,no,no
T101724,2023-11-12,Store 13,East,Electronics,In-Store,4,127.56,622.18,510.24,no,yes
T101725,2023-06-17,Store 02,West,Electronics,In-Store,16,122.07,2454.59,1953.12,no,no
T101726,2024-03-04,Store 08,South,Grocery,Curbside,37,11.76,528.19,435.12,yes,yes
T101727,2024-02-14,Store 18,West,Apparel,Curbside,37,80.6,4646.46,2982.2,no,no
T101728,2023-01-21,Store 16,South,Toys,Online,39,68.92,5486.31,2687.88,yes,no
T101729,2024-04-08,Store 07,North,Home,In-Store,25,11.3,581.55,282.5,no,no
T101730,2023-10-29,Store 05,East,Grocery,Online,1,127.7,203.15,127.7,yes,yes
T101731,2024-09-05,Store 04,South,Home,Curbside,20,36.1,870.12,722.0,no,no
T101732,2023-06-13,Store 04,South,Home,Online,7,6.88,90.77,48.16,yes,yes
T101733,2024-08-26,Store 08,South,Home,Curbside,40,195.89,15077.71,7835.6,no,no
T101734,2023-09-28,Store 10,West,Apparel,In-Store,40,10.51,829.26,420.4,no,no
T101735,2023-05-06,Store 07,North,Toys,In-Store,4,157.67,1200.52,630.68,no,yes
T101736,2023-03-20,Store 05,East,Toys,In-Store,29,35.16,1829.54,1019.64,yes,yes
T101737,2024-12-08,Store 14,West,Apparel,Curbside,40,118.81,6747.31,4752.4,no,yes
T101738,2024-06-14,Store 06,West,Apparel,In-Store,39,113.12,7348.17,4411.68,no,yes
T101739,2024-03-22,Store 03,North,Toys,Curbside,26,193.22,7749.42,5023.72,no,no
T101740,2024-03-01,Store 12,South,Toys,In-Store,3,145.2,748.84,435.6,no,no
T101741,2023-10-27,Store 13,East,Toys,In-Store,13,63.26,1361.07,822.38,yes,yes
T101742,2023-01-13,Store 06,West,Apparel,Online,28,91.55,3246.11,2563.4,no,yes
T101743,2024-06-06,Store 16,South,Electronics,Online,7,179.48,2257.42,1256.36,no,no
T101744,2024-03-07,Store 03,North,Electronics,Curbside,17,205.54,6586.11,3494.18,no,yes
T101745,2024-03-02,Store 18,West,Grocery,Curbside,9,24.81,322.47,223.29,no,yes
T101746,2024-08-10,Store 15,North,Home,In-Store,5,193.83,1851.32,969.15,no,no
T101747,2024-10-19,Store 05,East,Electronics,Online,24,119.81,5393.19,2875.44,no,no
T101748,2023-05-17,Store 18,West,Beauty,Online,28,189.83,7518.19,5315.24,no,yes
T101749,2024-12-05,Store 02,West,Beauty,Curbside,20,213.6,7332.11,4272.0,no,yes
T101750,2023-01-03,Store 03,North,Grocery,Curbside,7,26.23,380.48,183.61,no,yes
T101751,2024-12-19,Store 14,West,Toys,Curbside,27,79.61,3981.34,2149.47,no,no
T101752,2023-12-25,Store 09,East,Toys,Curbside,18,117.39,2599.29,2113.02,no,yes
T101753,2023-10-14,Store 06,West,Apparel,Curbside,29,131.29,6872.82,3807.41,no,no
T101754,2023-08-17,Store 13,East,Toys,In-Store,13,38.74,624.01,503.62,no,no
T101755,2024-08-31,Store 14,West,Apparel,In-Store,35,173.23,7565.66,6063.05,no,yes
T101756,2023-03-28,Store 12,South,Grocery,Curbside,4,110.14,698.49,440.56,no,yes
T101757,2024-04-08,Store 06,West,Home,Curbside,6,41.31,369.13,247.86,no,yes
T101758,2024-12-08,Store 15,North,Grocery,Online,17,33.85,878.88,575.45,no,yes
T101759,2024-03-13,Store 03,North,Grocery,In-Store,4,98.08,795.33,392.32,no,no
T101760,2024-06-16,Store 02,West,Beauty,In-Store,19,187.09,6072.27,3554.71,no,yes
T101761,2023-07-24,Store 06,West,Home,Curbside,40,157.35,9979.94,6294.0,no,yes
T101762,2024-04-25,Store 06,West,Toys,In-Store,12,112.3,2179.13,1347.6,no,yes
T101763,2023-12-31,Store 06,West,Home,Curbside,16,9.83,276.69,157.28,no,no
T101764,2023-12-14,Store 18,West,Home,Online,4,174.54,914.49,698.16,no,no
T101765,2024-10-14,Store 14,West,Apparel,Curbside,27,123.44,5421.28,3332.88,no,no
T101766,2023-08-15,Store 02,West,Toys,Curbside,2,173.86,634.81,347.72,no,no
T101767,2024-11-25,Store 15,North,Apparel,Online,3,37.96,142.95,113.88,yes,yes
T101768,2024-09-29,Store 11,North,Electronics,Online,6,9.26,107.48,55.56,no,yes
T101769,2023-03-31,Store 09,East,Home,In-Store,19,85.42,2518.68,1622.98,no,no
T101770,2023-02-13,Store 01,East,Toys,Online,35,128.59,8171.65,4500.65,no,no
T101771,2024-05-31,Store 12,South,Grocery,Curbside,36,14.72,1052.67,529.92,no,yes
T101772,2023-03-07,Store 08,South,Beauty,Online,23,85.65,2338.69,1969.95,no,yes
T101773,2023-04-20,Store 05,East,Home,Online,14,165.48,3343.79,2316.72,no,no
T101774,2023-12-09,Store 12,South,Electronics,Curbside,30,94.08,4151.44,2822.4,no,no
T101775,2023-07-16,Store 06,West,Home,Curbside,27,10.83,542.31,292.41,no,yes
T101776,2024-06-21,Store 06,West,Beauty,Online,12,68.27,1170.2,819.24,no,no
T101777,2023-05-07,Store 04,South,Electronics,In-Store,38,99.57,6148.34,3783.66,no,no
T101778,2024-01-21,Store 12,South,Home,In-Store,28,34.96,1803.73,978.88,no,no
T101779,2024-01-25,Store 13,East,Beauty,Online,33,5.26,282.36,173.58,no,yes
T101780,2023-12-12,Store 07,North,Apparel,Online,22,75.64,3376.75,1664.08,yes,no
T101781,2024-04-30,Store 13,East,Grocery,In-Store,3,109.19,582.57,327.57,no,no
T101782,2024-01-04,Store 10,West,Electronics,Curbside,36,42.49,2762.08,1529.64,no,no
T101783,2024-11-22,Store 06,West,Toys,Online,34,50.05,2119.0,1701.7,no,no
T101784,2024-04-11,Store 15,North,Toys,Curbside,9,151.4,2768.97,1362.6,no,yes
T101785,2024-05-07,Store 12,South,Grocery,Online,23,5.27,220.71,121.21,no,no
T101786,2024-06-19,Store 10,West,Home,Curbside,11,66.02,879.43,726.22,no,yes
T101787,2023-04-24,Store 10,West,Beauty,In-Store,26,191.4,6227.25,4976.4,no,no
T101788,2024-02-03,Store 16,South,Home,Curbside,27,128.47,6080.98,3468.69,no,yes
T101789,2023-03-03,Store 12,South,Home,Online,18,159.44,4617.51,2869.92,no,no
T101790,2023-02-17,Store 09,East,Grocery,In-Store,13,166.19,3618.2,2160.47,no,no
T101791,2024-05-11,Store 13,East,Grocery,Curbside,12,12.68,188.89,152.16,no,no
T101792,2023-10-28,Store 16,South,Toys,In-Store,15,163.13,3902.71,2446.95,no,no
T101793,2023-04-08,Store 17,East,Grocery,In-Store,18,112.42,2994.04,2023.56,no,no
T101794,2023-09-26,Store 03,North,Apparel,Curbside,5,216.16,1759.95,1080.8,no,yes
T101795,2024-08-17,Store 10,West,Home,Curbside,15,126.58,3654.89,1898.7,no,no
T101796,2023-05-27,Store 10,West,Apparel,In-Store,35,78.04,5085.61,2731.4,no,no
T101797,2023-02-09,Store 10,West,Toys,In-Store,3,177.97,964.3,533.91,no,no
T101798,2024-02-12,Store 17,East,Home,Online,5,60.37,436.63,301.85,no,no
T101799,2023-07-23,Store 05,East,Home,Online,16,143.59,4471.85,2297.44,no,no
T101800,2024-05-31,Store 15,North,Home,Curbside,32,193.71,10821.88,6198.72,no,yes
T101801,2024-01-18,Store 06,West,Electronics,In-Store,26,195.51,9454.3,5083.26,no,yes
T101802,2023-09-11,Store 06,West,Beauty,Online,35,92.84,4271.52,3249.4,no,yes
T101803,2024-08-18,Store 16,South,Apparel,Online,16,132.89,3936.76,2126.24,no,no
T101804,2024-06-01,Store 17,East,Apparel,Online,7,128.09,1704.85,896.63,no,no
T101805,2023-09-17,Store 13,East,Electronics,Online,30,92.88,5152.25,2786.4,no,yes
T101806,2023-11-03,Store 01,East,Electronics,In-Store,13,102.2,1635.36,1328.6,no,yes
T101807,2023-09-29,Store 15,North,Grocery,In-Store,27,114.21,4524.84,3083.67,no,yes
T101808,2023-05-31,Store 15,North,Beauty,In-Store,3,116.95,478.74,350.85,no,yes
T101809,2024-09-05,Store 02,West,Home,Curbside,31,127.86,8299.04,3963.66,no,no
T101810,2023-03-14,Store 05,East,Toys,Curbside,38,80.78,6135.84,3069.64,no,no
T101811,2023-06-12,Store 12,South,Beauty,Curbside,28,123.94,4763.4,3470.32,no,no
T101812,2023-03-31,Store 03,North,Beauty,Curbside,4,123.41,781.82,493.64,no,no
T101813,2024-12-02,Store 06,West,Electronics,In-Store,8,108.35,1136.95,866.8,no,no
T101814,2024-09-25,Store 06,West,Beauty,In-Store,22,26.57,688.34,584.54,no,no
T101815,2024-09-08,Store 18,West,Apparel,Online,9,25.53,442.62,229.77,no,no
T101816,2023-01-15,Store 15,North,Electronics,Curbside,13,31.82,505.85,413.66,no,yes
T101817,2023-05-22,Store 06,West,Apparel,Online,37,160.61,7865.54,5942.57,no,no
T101818,2024-07-28,Store 10,West,Grocery,Online,13,197.07,3295.32,2561.91,no,yes
T101819,2024-01-26,Store 09,East,Grocery,Online,1,100.0,177.55,100.0,no,yes
T101820,2023-01-18,Store 18,West,Home,Curbside,25,216.25,7435.45,5406.25,no,yes
T101821,2024-06-15,Store 06,West,Electronics,Curbside,12,93.19,1373.64,1118.28,no,no
T101822,2024-05-24,Store 17,East,Beauty,Curbside,29,212.58,7471.12,6164.82,no,no
T101823,2023-06-19,Store 05,East,Apparel,In-Store,39,82.67,5747.52,3224.13,no,no
T101824,2023-05-03,Store 12,South,Grocery,In-Store,16,13.26,373.43,212.16,no,no
T101825,2023-11-14,Store 07,North,Home,Online,21,75.04,2630.82,1575.84,no,no
T101826,2023-12-04,Store 17,East,Home,Curbside,19,62.66,2347.21,1190.54,no,yes
T101827,2023-07-27,Store 14,West,Home,Curbside,5,209.48,1998.73,1047.4,no,yes
T101828,2024-07-08,Store 17,East,Apparel,In-Store,29,37.89,1564.82,1098.81,no,yes
T101829,2024-03-15,Store 17,East,Toys,In-Store,22,206.3,6549.52,4538.6,no,yes
T101830,2024-09-12,Store 12,South,Electronics,Curbside,32,102.61,3919.82,3283.52,no,yes
T101831,2023-08-19,Store 06,West,Apparel,Online,34,192.88,9827.27,6557.92,no,yes
T101832,2024-07-24,Store 08,South,Electronics,In-Store,4,75.64,510.38,302.56,no,no
T101833,2023-04-19,Store 05,East,Home,Curbside,9,189.76,2830.98,1707.84,no,yes
T101834,2024-07-28,Store 13,East,Apparel,In-Store,38,85.31,5970.49,3241.78,no,no
T101835,2024-10-14,Store 15,North,Apparel,Curbside,40,190.11,11992.54,7604.4,no,no
T101836,2023-01-19,Store 04,South,Beauty,In-Store,35,20.62,873.7,721.7,no,no
T101837,2024-03-20,Store 05,East,Toys,In-Store,33,179.57,11396.53,5925.81,yes,no
T101838,2023-01-13,Store 15,North,Home,In-Store,39,101.12,4721.85,3943.68,no,no
T101839,2024-01-04,Store 18,West,Home,Online,20,150.57,3982.01,3011.4,no,no
T101840,2023-10-23,Store 16,South,Beauty,Online,10,210.02,3494.81,2100.2,no,no
T101841,2023-06-19,Store 12,South,Toys,In-Store,28,46.13,1956.33,1291.64,no,no
T101842,2024-08-27,Store 01,East,Electronics,Curbside,4,110.53,681.46,442.12,no,no
T101843,2023-04-17,Store 15,North,Beauty,Curbside,2,131.36,319.8,262.72,no,no
T101844,2023-04-13,Store 09,East,Home,In-Store,38,64.11,3099.0,2436.18,no,yes
T101845,2024-10-18,Store 09,East,Beauty,In-Store,16,162.6,4306.54,2601.6,no,no
T101846,2024-09-20,Store 07,North,Toys,In-Store,22,200.48,7916.98,4410.56,no,no
T101847,2023-03-01,Store 15,North,Beauty,Curbside,31,160.86,8402.63,4986.66,no,yes
T101848,2023-01-10,Store 14,West,Beauty,In-Store,33,129.41,7015.78,4270.53,no,no
T101849,2024-03-02,Store 09,East,Grocery,In-Store,26,45.22,2314.49,1175.72,yes,yes
T101850,2024-08-18,Store 03,North,Home,Online,11,200.89,3582.66,2209.79,no,no
T101851,2024-03-03,Store 17,East,Beauty,Online,19,53.63,1529.61,1018.97,no,yes
T101852,2023-10-12,Store 14,West,Beauty,In-Store,35,64.02,4418.81,2240.7,no,no
T101853,2024-05-08,Store 17,East,Toys,In-Store,1,183.51,264.56,183.51,no,no
T101854,2023-09-04,Store 01,East,Electronics,Curbside,29,161.94,7302.43,4696.26,no,no
T101855,2024-03-25,Store 02,West,Beauty,In-Store,31,112.14,7293.62,3476.34,no,yes
T101856,2023-09-26,Store 15,North,Toys,In-Store,12,192.32,2878.45,2307.84,no,no
T101857,2024-03-23,Store 06,West,Toys,In-Store,38,48.63,2904.02,1847.94,no,yes
T101858,2024-05-23,Store 08,South,Electronics,In-Store,2,49.87,171.59,99.74,no,yes
T101859,2023-02-05,Store 05,East,Apparel,In-Store,33,134.75,8964.04,4446.75,no,no
T101860,2023-12-10,Store 10,West,Home,Online,34,88.49,3512.75,3008.66,no,no
T101861,2024-01-26,Store 14,West,Toys,Curbside,21,38.55,1073.73,809.55,no,no
T101862,2023-11-17,Store 02,West,Beauty,In-Store,9,45.84,861.57,412.56,no,yes
T101863,2024-06-20,Store 13,East,Toys,Curbside,21,75.36,2383.77,1582.56,no,no
T101864,2024-11-01,Store 02,West,Electronics,Curbside,23,188.63,8010.55,4338.49,no,yes
T101865,2023-10-31,Store 07,North,Grocery,Curbside,32,19.03,1234.4,608.96,no,no
T101866,2024-11-10,Store 07,North,Electronics,In-Store,10,125.28,2606.05,1252.8,no,yes
T101867,2023-07-13,Store 17,East,Beauty,Curbside,21,200.64,8100.97,4213.44,no,no
T101868,2023-12-20,Store 17,East,Beauty,Curbside,32,29.49,1829.67,943.68,yes,no
T101869,2023-07-05,Store 14,West,Home,Online,38,150.4,10632.76,5715.2,no,no
T101870,2024-05-19,Store 09,East,Home,In-Store,35,116.81,6536.22,4088.35,no,yes
T101871,2024-05-23,Store 18,West,Home,Online,37,40.93,2043.69,1514.41,no,yes
T101872,2023-06-29,Store 16,South,Apparel,In-Store,39,173.01,10496.25,6747.39,no,yes
T101873,2024-10-22,Store 09,East,Home,In-Store,15,119.54,2417.77,1793.1,no,yes
T101874,2023-04-06,Store 15,North,Grocery,Online,20,207.38,7196.39,4147.6,no,no
T101875,2023-12-06,Store 12,South,Apparel,Online,10,191.99,3093.72,1919.9,no,no
T101876,2024-07-30,Store 16,South,Apparel,In-Store,28,155.77,5769.2,4361.56,no,no
T101877,2024-10-28,Store 04,South,Electronics,Curbside,39,192.75,11771.84,7517.25,no,yes
T101878,2024-04-01,Store 08,South,Toys,Curbside,10,70.34,1329.34,703.4,no,yes
T101879,2023-08-04,Store 12,South,Home,Online,33,170.06,9529.55,5611.98,no,yes
T101880,2024-05-29,Store 06,West,Grocery,Curbside,39,210.32,16113.44,8202.48,yes,yes
T101881,2023-06-02,Store 03,North,Grocery,Online,35,28.11,1512.65,983.85,no,yes
T101882,2024-02-11,Store 13,East,Grocery,In-Store,15,167.54,5248.14,2513.1,no,yes
T101883,2024-07-25,Store 13,East,Toys,In-Store,30,143.11,5163.12,4293.3,no,no
T101884,2024-11-27,Store 07,North,Apparel,Curbside,15,148.22,4223.39,2223.3,no,yes
T101885,2023-06-18,Store 01,East,Apparel,Online,22,157.05,4071.15,3455.1,no,yes
T101886,2023-05-20,Store 08,South,Home,Curbside,29,58.79,3328.53,1704.91,no,no
T101887,2023-06-02,Store 06,West,Grocery,Online,25,13.24,571.48,331.0,no,yes
T101888,2023-03-02,Store 06,West,Apparel,In-Store,3,195.61,1167.77,586.83,no,no
T101889,2024-05-28,Store 09,East,Beauty,In-Store,33,82.01,3988.9,2706.33,no,yes
T101890,2023-05-21,Store 16,South,Beauty,Curbside,8,188.51,3006.17,1508.08,no,yes
T101891,2024-03-20,Store 01,East,Grocery,Curbside,16,33.55,669.25,536.8,no,no
T101892,2024-02-07,Store 08,South,Apparel,In-Store,26,18.89,882.29,491.14,no,yes
T101893,2024-03-17,Store 03,North,Electronics,In-Store,16,62.32,2042.17,997.12,yes,no
T101894,2024-06-13,Store 01,East,Apparel,Curbside,12,144.56,2686.0,1734.72,no,no
T101895,2023-11-24,Store 05,East,Beauty,Curbside,25,71.78,3344.12,1794.5,no,yes
T101896,2023-09-28,Store 14,West,Grocery,Curbside,14,50.28,1443.67,703.92,no,yes
T101897,2024-05-09,Store 16,South,Grocery,Curbside,32,138.5,7805.96,4432.0,no,yes
T101898,2023-07-28,Store 08,South,Electronics,Online,3,140.78,610.33,422.34,no,yes
T101899,2023-04-10,Store 13,East,Electronics,Curbside,34,46.36,3224.65,1576.24,no,yes
T101900,2024-02-03,Store 10,West,Home,Online,12,120.99,1687.56,1451.88,no,yes
T101901,2024-05-26,Store 11,North,Home,In-Store,36,167.08,8014.1,6014.88,no,yes
T101902,2023-01-15,Store 06,West,Grocery,Curbside,24,128.25,6248.69,3078.0,no,yes
T101903,2023-05-27,Store 11,North,Apparel,Curbside,37,18.34,1090.71,678.58,no,no
T101904,2023-06-26,Store 04,South,Beauty,In-Store,12,119.48,2852.47,1433.76,no,no
T101905,2023-01-16,Store 10,West,Home,Curbside,32,31.38,2017.23,1004.16,no,no
T101906,2023-07-16,Store 10,West,Electronics,Online,12,139.92,3054.72,1679.04,no,no
T101907,2023-03-18,Store 01,East,Grocery,In-Store,33,200.4,13628.59,6613.2,no,yes
T101908,2024-10-28,Store 11,North,Toys,In-Store,30,72.41,4533.1,2172.3,no,yes
T101909,2024-11-08,Store 18,West,Beauty,Online,28,155.29,7059.32,4348.12,no,no
T101910,2023-02-06,Store 16,South,Grocery,In-Store,35,144.44,9601.42,5055.4,no,no
T101911,2024-12-05,Store 03,North,Beauty,Curbside,10,118.06,2412.0,1180.6,no,yes
T101912,2024-09-15,Store 15,North,Beauty,Curbside,8,123.82,1242.2,990.56,no,yes
T101913,2024-03-12,Store 08,South,Toys,Curbside,17,171.27,4088.16,2911.59,no,no
T101914,2024-08-18,Store 04,South,Electronics,Curbside,29,195.51,8633.51,5669.79,no,no
T101915,2024-11-07,Store 12,South,Home,In-Store,15,180.19,5674.5,2702.85,no,yes
T101916,2024-10-25,Store 18,West,Toys,Curbside,40,140.63,11536.34,5625.2,no,no
T101917,2023-06-19,Store 02,West,Apparel,Curbside,23,120.53,3968.72,2772.19,no,no
T101918,2024-06-23,Store 04,South,Toys,Online,13,162.39,2678.24,2111.07,no,yes
T101919,2023-12-19,Store 12,South,Grocery,Online,37,72.68,4504.56,2689.16,no,yes
T101920,2023-08-24,Store 17,East,Beauty,In-Store,19,4.23,123.45,80.37,no,yes
T101921,2023-03-28,Store 04,South,Grocery,In-Store,14,37.56,1005.9,525.84,no,no
T101922,2023-11-26,Store 09,East,Grocery,Online,6,42.59,517.92,255.54,no,yes
T101923,2023-09-15,Store 18,West,Electronics,In-Store,38,167.45,10123.24,6363.1,no,no
T101924,2024-08-03,Store 11,North,Electronics,Online,23,78.77,3653.88,1811.71,no,no
T101925,2024-10-15,Store 16,South,Apparel,Curbside,13,78.12,2066.81,1015.56,no,no
T101926,2024-03-07,Store 13,East,Beauty,Curbside,24,169.97,5387.47,4079.28,no,yes
T101927,2024-03-08,Store 04,South,Electronics,In-Store,18,205.46,6063.06,3698.28,no,yes
T101928,2023-06-22,Store 15,North,Grocery,Online,12,206.86,5131.17,2482.32,no,no
T101929,2024-08-03,Store 11,North,Home,Curbside,25,157.52,4587.58,3938.0,no,no
T101930,2024-11-20,Store 10,West,Beauty,Curbside,38,210.84,11062.21,8011.92,no,no
T101931,2024-05-03,Store 11,North,Beauty,In-Store,16,158.3,5139.28,2532.8,no,no
T101932,2023-04-26,Store 09,East,Apparel,Curbside,28,126.96,4312.75,3554.88,no,no
T101933,2024-11-24,Store 18,West,Apparel,Online,33,8.34,462.38,275.22,no,no
T101934,2024-09-16,Store 04,South,Home,Curbside,34,75.72,3265.28,2574.48,no,yes
T101935,2023-05-20,Store 04,South,Grocery,Curbside,13,176.53,3279.67,2294.89,yes,yes
T101936,2023-10-18,Store 01,East,Apparel,Online,31,140.24,6043.64,4347.44,no,no
T101937,2024-06-26,Store 12,South,Home,In-Store,34,149.88,10162.02,5095.92,no,no
T101938,2024-12-21,Store 02,West,Apparel,In-Store,32,180.23,10601.6,5767.36,no,no
T101939,2023-07-02,Store 15,North,Electronics,Online,33,188.33,9889.94,6214.89,no,yes
T101940,2023-07-06,Store 13,East,Grocery,Curbside,35,62.14,2753.41,2174.9,no,no
T101941,2024-05-08,Store 02,West,Electronics,In-Store,38,135.84,7179.56,5161.92,no,no
T101942,2024-11-25,Store 09,East,Home,Curbside,3,138.04,656.0,414.12,no,no
T101943,2024-10-27,Store 08,South,Home,In-Store,33,136.76,7845.33,4513.08,no,yes
T101944,2023-04-20,Store 09,East,Grocery,Curbside,37,116.25,6657.54,4301.25,no,yes
T101945,2024-10-09,Store 07,North,Home,Curbside,33,184.15,11773.57,6076.95,no,no
T101946,2023-02-05,Store 01,East,Beauty,Curbside,35,91.67,5108.88,3208.45,no,no
T101947,2024-03-09,Store 02,West,Beauty,Online,26,173.72,6748.09,4516.72,no,no
T101948,2024-02-25,Store 15,North,Toys,Online,29,130.49,5268.96,3784.21,no,yes
T101949,2023-05-17,Store 17,East,Apparel,Online,25,63.16,2145.87,1579.0,no,yes
T101950,2024-09-06,Store 13,East,Apparel,In-Store,7,204.79,1657.57,1433.53,no,no
T101951,2023-12-07,Store 07,North,Beauty,In-Store,40,72.27,4562.48,2890.8,no,no
T101952,2023-03-18,Store 04,South,Toys,Curbside,18,143.75,3158.13,2587.5,no,yes
T101953,2024-11-23,Store 18,West,Beauty,Online,37,27.29,1889.98,1009.73,no,no
T101954,2023-04-16,Store 08,South,Toys,In-Store,19,172.48,5370.64,3277.12,no,no
T101955,2024-11-24,Store 07,North,Home,Online,8,28.83,315.8,230.64,no,yes
T101956,2023-11-21,Store 11,North,Toys,In-Store,2,201.12,628.7,402.24,no,yes
T101957,2024-10-22,Store 12,South,Electronics,Online,40,40.16,2829.62,1606.4,no,no
T101958,2023-10-25,Store 08,South,Grocery,Curbside,26,19.71,709.89,512.46,no,yes
T101959,2024-06-27,Store 08,South,Home,In-Store,32,172.97,8331.31,5535.04,no,yes
T101960,2023-09-28,Store 13,East,Home,Curbside,38,88.8,6604.7,3374.4,no,yes
T101961,2024-12-27,Store 03,North,Grocery,Curbside,7,129.73,1347.38,908.11,no,no
T101962,2023-09-01,Store 11,North,Apparel,In-Store,27,83.2,3369.99,2246.4,no,no
T101963,2023-04-30,Store 13,East,Toys,In-Store,6,204.11,1860.23,1224.66,no,yes
T101964,2023-07-03,Store 04,South,Home,In-Store,9,39.65,737.19,356.85,no,yes
T101965,2024-07-23,Store 03,North,Toys,Curbside,8,27.56,320.73,220.48,no,yes
T101966,2023-11-18,Store 05,East,Electronics,Online,12,109.36,2416.5,1312.32,no,no
T101967,2024-07-28,Store 09,East,Beauty,Online,21,192.06,5808.77,4033.26,no,no
T101968,2023-02-19,Store 11,North,Beauty,In-Store,10,97.71,1884.06,977.1,no,no
T101969,2024-04-26,Store 05,East,Apparel,Curbside,35,20.3,854.44,710.5,yes,no
T101970,2024-11-11,Store 02,West,Toys,Online,14,42.29,951.82,592.06,yes,yes
T101971,2024-01-13,Store 14,West,Toys,In-Store,1,5.63,10.73,5.63,no,no
T101972,2023-09-14,Store 06,West,Grocery,In-Store,39,168.06,7592.15,6554.34,no,no
T101973,2024-09-26,Store 08,South,Electronics,In-Store,23,117.44,5434.8,2701.12,no,no
T101974,2023-08-26,Store 07,North,Home,Curbside,3,21.59,77.44,64.77,no,yes
T101975,2024-09-09,Store 02,West,Toys,Online,33,94.09,4347.8,3104.97,no,no
T101976,2024-02-08,Store 06,West,Electronics,Curbside,25,126.98,5600.96,3174.5,no,yes
T101977,2023-04-27,Store 13,East,Grocery,In-Store,16,157.82,4451.51,2525.12,no,yes
T101978,2024-11-01,Store 02,West,Electronics,Curbside,26,40.51,1365.97,1053.26,no,no
T101979,2023-07-02,Store 11,North,Electronics,Curbside,33,203.46,13207.34,6714.18,no,yes
T101980,2024-01-14,Store 04,South,Apparel,Online,21,115.93,4179.96,2434.53,no,no
T101981,2024-07-23,Store 05,East,Toys,Online,37,72.69,4085.15,2689.53,no,yes
T101982,2024-02-21,Store 02,West,Home,Curbside,15,82.34,2417.42,1235.1,no,yes
T101983,2024-02-18,Store 16,South,Electronics,In-Store,20,60.24,1994.73,1204.8,no,yes
T101984,2023-11-24,Store 18,West,Electronics,Curbside,3,190.01,989.42,570.03,no,no
T101985,2024-08-25,Store 03,North,Apparel,In-Store,33,158.38,7502.22,5226.54,no,yes
T101986,2024-11-10,Store 12,South,Beauty,Curbside,16,139.32,4516.52,2229.12,no,no
T101987,2023-11-28,Store 15,North,Home,In-Store,36,59.8,4502.4,2152.8,no,yes
T101988,2023-01-29,Store 01,East,Grocery,Curbside,9,59.26,859.67,533.34,no,no
T101989,2023-10-25,Store 10,West,Beauty,Online,9,181.67,3344.1,1635.03,no,yes
T101990,2023-07-22,Store 01,East,Apparel,Curbside,16,53.67,1032.95,858.72,no,yes
T101991,2023-05-27,Store 02,West,Beauty,Online,12,43.44,766.12,521.28,no,no
T101992,2023-10-27,Store 11,North,Apparel,Online,1,116.52,191.44,116.52,no,yes
T101993,2024-12-23,Store 13,East,Beauty,In-Store,27,54.33,2342.19,1466.91,no,yes
T101994,2024-02-12,Store 06,West,Toys,In-Store,22,201.19,6533.12,4426.18,no,yes
T101995,2023-10-05,Store 07,North,Beauty,Online,29,218.76,12557.06,6344.04,no,no
T101996,2023-09-26,Store 09,East,Apparel,Curbside,25,108.48,5004.4,2712.0,no,no
T101997,2023-11-21,Store 09,East,Toys,Online,18,131.99,3907.68,2375.82,no,yes
T101998,2023-03-19,Store 12,South,Beauty,Online,6,131.56,914.34,789.36,no,yes
T101999,2024-11-19,Store 15,North,Apparel,In-Store,26,149.74,6906.38,3893.24,no,no
T102000,2023-01-18,Store 12,South,Beauty,Curbside,1,189.25,226.92,189.25,no,no
T102001,2023-08-01,Store 14,West,Electronics,In-Store,17,33.4,846.02,567.8,no,yes
T102002,2024-08-05,Store 14,West,Apparel,Online,28,96.79,5381.65,2710.12,no,no
T102003,2024-01-11,Store 06,West,Home,Curbside,17,159.67,5478.02,2714.39,no,no
T102004,2023-05-16,Store 06,West,Toys,Online,21,97.56,3454.0,2048.76,no,no
T102005,2024-04-23,Store 05,East,Grocery,Online,33,211.61,11854.04,6983.13,no,no
T102006,2023-05-06,Store 17,East,Apparel,Curbside,27,19.42,730.65,524.34,no,yes
T102007,2024-05-27,Store 11,North,Grocery,Online,10,31.2,597.8,312.0,no,no
T102008,2023-10-02,Store 05,East,Beauty,In-Store,17,95.99,2694.64,1631.83,no,yes
T102009,2024-02-27,Store 11,North,Toys,Curbside,7,83.37,1219.99,583.59,no,no
T102010,2023-10-28,Store 15,North,Toys,Curbside,28,217.02,11912.1,6076.56,no,no
T102011,2024-05-05,Store 02,West,Beauty,Curbside,18,123.34,4453.47,2220.12,no,no
T102012,2023-02-24,Store 14,West,Grocery,Curbside,8,92.89,1382.66,743.12,no,no
T102013,2023-02-19,Store 13,East,Toys,Curbside,20,32.53,824.64,650.6,yes,yes
T102014,2023-06-12,Store 08,South,Toys,Online,16,194.16,5560.88,3106.56,no,no
T102015,2023-01-28,Store 07,North,Apparel,Curbside,10,8.54,126.8,85.4,no,yes
T102016,2023-05-20,Store 18,West,Toys,In-Store,22,162.2,4330.18,3568.4,no,yes
T102017,2023-05-08,Store 13,East,Apparel,In-Store,25,195.63,7542.61,4890.75,no,yes
T102018,2023-02-24,Store 18,West,Apparel,Online,11,15.8,243.37,173.8,no,no
T102019,2023-09-04,Store 10,West,Toys,In-Store,40,78.69,3656.85,3147.6,no,no
T102020,2024-10-08,Store 18,West,Apparel,Online,33,21.73,1323.5,717.09,no,no
T102021,2024-08-09,Store 12,South,Beauty,Online,40,155.35,7178.11,6214.0,no,no
T102022,2023-10-27,Store 13,East,Toys,In-Store,5,199.89,1549.41,999.45,no,no
T102023,2023-01-10,Store 07,North,Apparel,Online,19,18.37,648.46,349.03,no,no
T102024,2023-11-22,Store 07,North,Beauty,In-Store,4,72.49,421.64,289.96,no,no
T102025,2023-10-23,Store 14,West,Beauty,Curbside,16,80.12,1809.86,1281.92,no,no
T102026,2023-10-09,Store 03,North,Electronics,Curbside,7,182.16,2126.75,1275.12,no,no
T102027,2023-07-10,Store 10,West,Beauty,Curbside,28,199.05,8453.29,5573.4,no,yes
T102028,2023-05-13,Store 01,East,Apparel,Online,10,39.79,524.16,397.9,no,yes
T102029,2024-10-29,Store 05,East,Grocery,In-Store,11,169.92,3757.46,1869.12,no,yes
T102030,2023-08-25,Store 11,North,Beauty,In-Store,17,88.03,2125.74,1496.51,no,yes
T102031,2023-03-25,Store 13,East,Beauty,In-Store,20,200.97,8146.06,4019.4,no,no
T102032,2023-02-13,Store 13,East,Beauty,In-Store,36,214.6,9785.25,7725.6,no,no
T102033,2023-03-28,Store 05,East,Beauty,Online,6,23.27,286.08,139.62,no,no
T102034,2023-12-30,Store 09,East,Home,Online,40,183.44,11457.76,7337.6,yes,no
T102035,2024-10-13,Store 12,South,Electronics,In-Store,32,39.27,1779.4,1256.64,no,no
T102036,2024-01-30,Store 01,East,Grocery,Curbside,2,170.52,674.16,341.04,no,no
T102037,2024-03-04,Store 03,North,Apparel,In-Store,40,44.06,2667.82,1762.4,no,no
T102038,2024-04-02,Store 18,West,Electronics,Curbside,32,166.42,8352.99,5325.44,no,no
T102039,2023-01-24,Store 06,West,Electronics,Online,8,100.41,1250.02,803.28,no,no
T102040,2024-08-13,Store 11,North,Grocery,In-Store,13,24.14,409.86,313.82,no,no
T102041,2024-03-24,Store 06,West,Electronics,In-Store,26,84.9,4136.43,2207.4,no,yes
T102042,2024-04-27,Store 16,South,Electronics,In-Store,4,34.43,224.88,137.72,no,no
T102043,2023-05-24,Store 08,South,Electronics,In-Store,40,18.5,1102.37,740.0,no,yes
T102044,2023-03-02,Store 18,West,Apparel,Curbside,16,164.48,3712.98,2631.68,no,no
T102045,2023-01-07,Store 06,West,Toys,Curbside,9,87.81,1443.01,790.29,no,yes
T102046,2023-06-23,Store 01,East,Electronics,Curbside,30,154.24,8526.21,4627.2,no,yes
T102047,2023-03-12,Store 18,West,Apparel,In-Store,6,168.7,1594.36,1012.2,no,yes
T102048,2024-01-04,Store 14,West,Grocery,In-Store,30,85.43,4401.68,2562.9,no,yes
T102049,2024-09-29,Store 14,West,Toys,In-Store,28,19.58,971.12,548.24,no,yes
T102050,2023-05-28,Store 13,East,Beauty,Curbside,38,154.47,11480.87,5869.86,no,yes
T102051,2024-03-15,Store 03,North,Apparel,Online,26,79.53,3697.1,2067.78,no,yes
T102052,2024-12-12,Store 09,East,Beauty,Curbside,19,42.86,1329.04,814.34,no,no
T102053,2024-02-21,Store 01,East,Grocery,Curbside,39,149.79,7543.12,5841.81,no,no
T102054,2024-03-27,Store 04,South,Electronics,Curbside,1,86.52,171.64,86.52,no,no
T102055,2023-12-29,Store 02,West,Grocery,Online,24,66.98,2895.23,1607.52,no,yes
T102056,2024-10-27,Store 09,East,Electronics,Curbside,39,204.45,11138.54,7973.55,no,no
T102057,2023-06-11,Store 15,North,Apparel,Online,19,114.05,3757.78,2166.95,no,no
T102058,2023-05-10,Store 13,East,Home,Curbside,7,170.32,2157.15,1192.24,no,yes
T102059,2024-02-04,Store 12,South,Grocery,Online,14,141.01,3572.73,1974.14,no,no
T102060,2023-08-28,Store 16,South,Beauty,In-Store,6,184.86,1391.83,1109.16,no,yes
T102061,2023-09-06,Store 16,South,Grocery,In-Store,3,16.05,86.25,48.15,no,yes
T102062,2023-06-23,Store 18,West,Beauty,In-Store,10,191.06,2283.34,1910.6,no,no
T102063,2024-01-06,Store 18,West,Beauty,Online,4,71.1,430.26,284.4,no,no
T102064,2024-10-13,Store 18,West,Toys,Curbside,26,209.18,10627.52,5438.68,no,no
T102065,2023-10-17,Store 04,South,Electronics,Curbside,38,75.85,5647.37,2882.3,no,no
T102066,2023-01-11,Store 18,West,Home,Online,32,71.78,4134.34,2296.96,no,no
T102067,2023-12-24,Store 17,East,Grocery,Curbside,16,55.22,1743.73,883.52,no,yes
T102068,2023-12-31,Store 09,East,Home,In-Store,11,76.09,1649.07,836.99,no,yes
T102069,2024-05-06,Store 07,North,Grocery,Online,22,161.81,6749.91,3559.82,no,no
T102070,2024-08-23,Store 18,West,Apparel,Online,38,134.86,6515.09,5124.68,no,no
T102071,2024-12-06,Store 06,West,Toys,Curbside,10,47.36,634.09,473.6,yes,no
T102072,2024-02-13,Store 12,South,Electronics,In-Store,13,201.29,3856.61,2616.77,no,yes
T102073,2023-04-23,Store 02,West,Beauty,Online,37,126.1,8443.44,4665.7,no,no
T102074,2024-03-16,Store 15,North,Home,Online,21,154.08,5003.57,3235.68,no,yes
T102075,2023-02-22,Store 13,East,Beauty,In-Store,33,56.42,2632.25,1861.86,no,yes
T102076,2023-03-24,Store 18,West,Electronics,Online,31,22.26,1241.81,690.06,no,yes
T102077,2024-01-29,Store 04,South,Apparel,In-Store,14,122.45,3035.05,1714.3,no,yes
T102078,2023-02-20,Store 17,East,Toys,Online,18,161.21,3775.34,2901.78,yes,yes
T102079,2023-01-08,Store 09,East,Home,In-Store,27,43.03,1853.69,1161.81,no,no
T102080,2023-06-03,Store 12,South,Grocery,Online,2,174.44,630.25,348.88,no,no
T102081,2023-05-18,Store 03,North,Beauty,In-Store,26,94.26,2906.58,2450.76,no,no
T102082,2024-03-18,Store 11,North,Apparel,Online,16,200.76,4633.04,3212.16,no,no
T102083,2023-06-05,Store 12,South,Home,Curbside,37,71.01,4935.19,2627.37,no,yes
T102084,2023-08-22,Store 02,West,Home,Curbside,13,181.61,3760.35,2360.93,no,yes
T102085,2024-07-11,Store 03,North,Home,Curbside,13,167.53,3852.36,2177.89,no,no
T102086,2024-07-02,Store 01,East,Beauty,In-Store,2,196.4,599.24,392.8,no,no
T102087,2024-01-05,Store 07,North,Apparel,Curbside,24,96.05,3560.13,2305.2,no,no
T102088,2023-07-06,Store 18,West,Electronics,Online,18,98.71,3292.94,1776.78,no,yes
T102089,2024-08-25,Store 10,West,Toys,In-Store,20,4.66,114.68,93.2,no,yes
T102090,2024-07-13,Store 06,West,Grocery,Online,9,38.8,492.06,349.2,yes,no
T102091,2024-12-25,Store 08,South,Home,Online,2,170.96,511.46,341.92,no,yes
T102092,2024-10-18,Store 06,West,Grocery,Online,23,199.54,6854.12,4589.42,no,yes
T102093,2023-02-25,Store 14,West,Electronics,In-Store,22,202.53,8710.91,4455.66,no,yes
T102094,2023-06-07,Store 12,South,Apparel,Online,17,36.41,718.09,618.97,no,yes
T102095,2024-01-27,Store 18,West,Grocery,Curbside,32,67.6,4267.99,2163.2,no,no
T102096,2023-03-14,Store 10,West,Grocery,Curbside,26,182.67,9253.25,4749.42,no,yes
T102097,2023-02-03,Store 03,North,Apparel,Curbside,1,128.01,214.55,128.01,no,yes
T102098,2024-04-22,Store 10,West,Apparel,Curbside,1,128.89,186.27,128.89,no,yes
T102099,2024-05-04,Store 11,North,Beauty,In-Store,14,111.47,1797.98,1560.58,no,no
T102100,2023-07-17,Store 14,West,Grocery,Online,39,118.66,8155.24,4627.74,no,no
T102101,2024-02-11,Store 04,South,Grocery,In-Store,21,169.52,4161.78,3559.92,no,no
T102102,2023-02-11,Store 06,West,Toys,Online,5,41.85,264.22,209.25,no,no
T102103,2024-10-24,Store 11,North,Toys,Online,4,161.83,1134.38,647.32,no,no
T102104,2024-01-14,Store 14,West,Grocery,In-Store,15,14.97,458.71,224.55,no,no
T102105,2023-11-03,Store 11,North,Toys,Curbside,26,135.85,6839.22,3532.1,no,no
T102106,2023-11-14,Store 11,North,Apparel,In-Store,12,62.32,1490.92,747.84,no,no
T102107,2024-05-13,Store 14,West,Beauty,Curbside,36,188.18,9862.88,6774.48,no,yes
T102108,2024-08-14,Store 13,East,Electronics,In-Store,6,182.79,1852.72,1096.74,no,no
T102109,2024-04-03,Store 12,South,Toys,In-Store,32,4.26,200.26,136.32,no,yes
T102110,2023-02-21,Store 07,North,Home,Curbside,39,34.06,1616.92,1328.34,no,yes
T102111,2024-05-23,Store 11,North,Grocery,In-Store,8,113.06,1574.96,904.48,no,yes
T102112,2024-02-16,Store 15,North,Toys,Curbside,36,125.27,9451.62,4509.72,no,yes
T102113,2023-10-08,Store 18,West,Toys,Curbside,23,119.71,3914.55,2753.33,no,no
T102114,2023-04-02,Store 14,West,Apparel,Online,3,15.65,87.5,46.95,no,no
T102115,2023-06-27,Store 07,North,Toys,Curbside,33,54.29,2997.21,1791.57,no,no
T102116,2023-04-28,Store 06,West,Home,In-Store,3,175.92,714.77,527.76,no,yes
T102117,2023-12-20,Store 05,East,Apparel,In-Store,32,115.47,5815.8,3695.04,no,no
T102118,2024-08-31,Store 03,North,Toys,In-Store,36,81.64,5877.57,2939.04,no,no
T102119,2024-12-04,Store 09,East,Grocery,Online,29,99.62,5955.57,2888.98,no,yes
T102120,2023-02-08,Store 07,North,Apparel,Online,25,71.38,2738.28,1784.5,yes,yes
T102121,2023-11-21,Store 17,East,Beauty,Online,40,161.73,11517.07,6469.2,no,no
T102122,2023-05-30,Store 18,West,Beauty,Curbside,1,172.18,342.63,172.18,no,no
T102123,2024-09-16,Store 12,South,Electronics,In-Store,25,115.33,4863.33,2883.25,no,yes
T102124,2023-10-30,Store 08,South,Apparel,In-Store,40,133.72,10749.3,5348.8,no,no
T102125,2024-09-09,Store 07,North,Home,Curbside,10,217.18,4195.28,2171.8,no,yes
T102126,2023-05-28,Store 06,West,Electronics,Online,23,165.77,7729.96,3812.71,no,no
T102127,2023-12-18,Store 03,North,Electronics,Curbside,11,179.03,3089.67,1969.33,no,no
T102128,2023-06-08,Store 13,East,Toys,In-Store,16,59.53,1957.84,952.48,no,yes
T102129,2024-08-24,Store 16,South,Toys,Online,12,174.29,4197.62,2091.48,no,no
T102130,2024-03-22,Store 09,East,Toys,Curbside,19,176.5,4853.86,3353.5,no,yes
T102131,2024-09-21,Store 02,West,Electronics,In-Store,6,132.86,1176.08,797.16,no,yes
T102132,2024-03-12,Store 08,South,Toys,In-Store,38,56.68,4510.59,2153.84,no,no
T102133,2023-09-24,Store 01,East,Toys,Online,38,216.09,15604.85,8211.42,yes,no
T102134,2024-10-08,Store 12,South,Grocery,In-Store,39,143.35,7662.46,5590.65,no,no
T102135,2024-07-16,Store 13,East,Beauty,In-Store,1,43.6,72.49,43.6,no,no
T102136,2023-11-04,Store 15,North,Apparel,Curbside,35,41.28,1866.4,1444.8,no,yes
T102137,2024-04-11,Store 08,South,Home,Curbside,16,24.66,723.51,394.56,yes,no
T102138,2023-11-16,Store 17,East,Toys,Online,40,121.78,8935.55,4871.2,no,no
T102139,2024-06-27,Store 11,North,Beauty,Online,35,119.9,7098.67,4196.5,no,yes
T102140,2024-07-12,Store 02,West,Toys,Curbside,33,192.1,8220.36,6339.3,no,no
T102141,2024-02-06,Store 01,East,Toys,In-Store,17,23.52,769.45,399.84,yes,no
T102142,2024-05-29,Store 05,East,Grocery,In-Store,25,109.12,3216.92,2728.0,no,no
T102143,2023-04-21,Store 08,South,Grocery,Online,5,172.7,1625.16,863.5,no,yes
T102144,2023-12-31,Store 16,South,Electronics,In-Store,33,169.83,11474.66,5604.39,no,no
T102145,2023-06-22,Store 09,East,Toys,Online,22,159.09,5357.72,3499.98,no,no
T102146,2023-02-08,Store 02,West,Beauty,In-Store,11,67.95,871.96,747.45,no,yes
T102147,2024-04-21,Store 05,East,Beauty,In-Store,26,210.46,10530.09,5471.96,no,yes
T102148,2024-01-12,Store 16,South,Electronics,Curbside,3,93.17,470.44,279.51,no,no
T102149,2023-03-09,Store 05,East,Apparel,Curbside,12,151.38,2121.88,1816.56,no,yes
T102150,2023-01-22,Store 10,West,Grocery,In-Store,32,113.36,5534.66,3627.52,no,yes
T102151,2023-07-07,Store 15,North,Electronics,Online,12,41.8,954.93,501.6,no,yes
T102152,2023-01-04,Store 12,South,Electronics,Online,10,29.81,467.23,298.1,no,no
T102153,2024-07-29,Store 15,North,Electronics,In-Store,27,183.17,7878.74,4945.59,no,no
T102154,2024-11-14,Store 03,North,Beauty,Online,35,178.87,8848.73,6260.45,no,yes
T102155,2024-03-29,Store 03,North,Grocery,Online,36,41.03,2478.74,1477.08,no,yes
T102156,2024-08-29,Store 10,West,Electronics,Online,29,48.35,2928.57,1402.15,no,no
T102157,2023-03-12,Store 17,East,Home,In-Store,33,69.23,4400.93,2284.59,no,yes
T102158,2024-02-26,Store 04,South,Beauty,Curbside,35,22.81,1304.87,798.35,no,no
T102159,2023-11-05,Store 10,West,Toys,In-Store,17,40.81,1453.25,693.77,no,yes
T102160,2023-10-16,Store 08,South,Home,In-Store,21,50.24,1806.98,1055.04,yes,yes
T102161,2023-12-27,Store 02,West,Beauty,Curbside,5,47.49,388.15,237.45,no,no
T102162,2024-08-05,Store 14,West,Toys,Curbside,19,16.64,640.43,316.16,no,yes
T102163,2024-10-02,Store 03,North,Beauty,In-Store,37,124.27,9422.86,4597.99,no,no
T102164,2023-03-11,Store 08,South,Beauty,Online,11,34.45,487.3,378.95,yes,yes
T102165,2023-10-28,Store 02,West,Apparel,In-Store,8,212.91,2863.61,1703.28,no,no
T102166,2024-01-07,Store 17,East,Apparel,Online,38,152.92,7600.65,5810.96,no,yes
T102167,2024-02-11,Store 06,West,Grocery,Online,24,206.33,9546.71,4951.92,no,no
T102168,2024-06-07,Store 05,East,Toys,Online,23,162.62,5388.89,3740.26,yes,no
T102169,2023-10-11,Store 07,North,Home,Online,33,208.33,11077.76,6874.89,no,yes
T102170,2023-07-16,Store 10,West,Electronics,Online,26,204.25,11054.27,5310.5,no,no
T102171,2024-05-12,Store 01,East,Apparel,Online,37,111.18,7064.91,4113.66,no,no
T102172,2023-03-07,Store 11,North,Apparel,Online,18,93.07,2524.32,1675.26,no,no
T102173,2023-09-15,Store 18,West,Electronics,Curbside,3,22.12,118.07,66.36,no,yes
T102174,2023-09-26,Store 03,North,Home,In-Store,34,165.97,7426.16,5642.98,no,no
T102175,2023-10-31,Store 09,East,Grocery,Online,26,11.0,388.09,286.0,no,yes
T102176,2024-04-15,Store 03,North,Beauty,Online,8,211.39,2853.57,1691.12,no,yes
T102177,2024-07-17,Store 17,East,Toys,In-Store,23,213.69,6372.08,4914.87,no,no
T102178,2024-12-22,Store 18,West,Toys,Online,31,138.39,6937.04,4290.09,no,yes
T102179,2024-11-06,Store 03,North,Grocery,In-Store,18,181.31,3912.16,3263.58,no,no
T102180,2024-01-25,Store 05,East,Toys,In-Store,19,126.16,4326.62,2397.04,no,yes
T102181,2024-08-28,Store 18,West,Toys,In-Store,38,86.71,6861.34,3294.98,no,yes
T102182,2023-10-09,Store 10,West,Apparel,Online,26,191.84,10006.6,4987.84,no,no
T102183,2023-03-04,Store 08,South,Beauty,Curbside,8,131.04,2177.0,1048.32,no,yes
T102184,2024-07-15,Store 16,South,Apparel,Curbside,32,206.05,12612.31,6593.6,yes,no
T102185,2023-05-03,Store 05,East,Grocery,In-Store,36,175.78,13138.92,6328.08,yes,no
T102186,2023-01-21,Store 18,West,Beauty,Curbside,8,113.67,1206.41,909.36,no,no
T102187,2023-08-12,Store 16,South,Home,Curbside,19,116.03,3897.32,2204.57,no,yes
T102188,2023-05-30,Store 02,West,Grocery,Online,18,169.3,3649.64,3047.4,no,no
T102189,2023-09-11,Store 18,West,Apparel,In-Store,16,122.11,3897.23,1953.76,no,yes
T102190,2024-02-17,Store 18,West,Toys,Online,11,93.26,1603.7,1025.86,no,no
T102191,2023-06-08,Store 16,South,Electronics,In-Store,35,107.1,6225.17,3748.5,no,no
T102192,2024-07-31,Store 12,South,Home,In-Store,37,125.61,9167.92,4647.57,no,yes
T102193,2024-03-21,Store 05,East,Beauty,Online,31,153.14,8358.42,4747.34,no,no
T102194,2024-08-10,Store 01,East,Toys,In-Store,29,112.86,6073.99,3272.94,no,no
T102195,2023-06-21,Store 07,North,Home,In-Store,29,55.48,3225.29,1608.92,no,yes
T102196,2024-09-07,Store 01,East,Beauty,In-Store,11,48.53,728.14,533.83,no,no
T102197,2023-03-23,Store 12,South,Home,Curbside,39,81.24,5092.97,3168.36,no,no
T102198,2024-12-27,Store 11,North,Electronics,Curbside,38,127.78,8172.97,4855.64,no,no
T102199,2023-06-02,Store 12,South,Electronics,In-Store,40,186.01,10616.34,7440.4,no,no
T102200,2023-07-03,Store 05,East,Grocery,Curbside,3,183.32,1004.06,549.96,no,no
T102201,2024-08-25,Store 07,North,Grocery,In-Store,29,46.68,1747.57,1353.72,no,no
T102202,2023-12-18,Store 17,East,Home,In-Store,18,151.34,4326.96,2724.12,no,no
T102203,2023-01-12,Store 17,East,Home,Online,39,42.52,2507.01,1658.28,no,no
T102204,2023-07-28,Store 15,North,Electronics,Online,30,208.48,7507.43,6254.4,no,no
T102205,2024-04-06,Store 04,South,Electronics,Curbside,2,176.6,417.94,353.2,no,no
T102206,2023-02-15,Store 06,West,Grocery,Online,35,20.18,1379.85,706.3,no,no
T102207,2024-04-01,Store 03,North,Electronics,Online,35,87.43,3708.61,3060.05,no,no
T102208,2024-07-05,Store 03,North,Home,In-Store,10,125.07,1963.2,1250.7,no,yes
T102209,2023-08-24,Store 11,North,Home,In-Store,39,51.03,3025.35,1990.17,no,yes
T102210,2023-11-07,Store 03,North,Toys,Curbside,7,36.46,295.55,255.22,no,no
T102211,2024-07-08,Store 06,West,Home,Online,32,150.1,8844.07,4803.2,no,yes
T102212,2023-03-21,Store 16,South,Toys,Curbside,26,85.75,3294.25,2229.5,no,no
T102213,2024-12-07,Store 17,East,Home,Online,35,74.23,3542.35,2598.05,no,no
T102214,2023-08-21,Store 16,South,Home,In-Store,15,186.66,3348.64,2799.9,no,yes
T102215,2024-03-20,Store 10,West,Apparel,Online,35,94.45,6143.69,3305.75,yes,no
T102216,2024-06-18,Store 15,North,Toys,Curbside,26,171.0,8893.48,4446.0,no,no
T102217,2023-11-24,Store 09,East,Home,Curbside,18,29.87,825.38,537.66,no,yes
T102218,2024-04-11,Store 01,East,Beauty,In-Store,33,67.64,2945.18,2232.12,no,no
T102219,2024-08-12,Store 13,East,Home,Online,11,8.59,149.94,94.49,no,yes
T102220,2023-12-03,Store 03,North,Toys,Online,3,26.72,135.97,80.16,no,no
T102221,2024-05-19,Store 03,North,Electronics,Curbside,18,79.82,1827.29,1436.76,yes,yes
T102222,2023-12-22,Store 14,West,Apparel,Curbside,11,143.83,3134.76,1582.13,no,no
T102223,2024-06-23,Store 09,East,Electronics,In-Store,20,122.64,3554.38,2452.8,no,yes
T102224,2023-09-29,Store 15,North,Apparel,Online,17,80.83,2446.02,1374.11,no,no
T102225,2023-01-08,Store 05,East,Electronics,Online,9,107.88,2024.59,970.92,no,no
T102226,2024-11-06,Store 05,East,Grocery,Curbside,40,154.39,10531.68,6175.6,no,yes
T102227,2023-01-27,Store 02,West,Toys,Online,29,53.22,1926.39,1543.38,no,no
T102228,2023-03-01,Store 05,East,Apparel,Online,32,117.33,5507.21,3754.56,no,no
T102229,2023-09-15,Store 18,West,Home,Online,29,123.51,4635.16,3581.79,no,no
T102230,2024-04-21,Store 18,West,Electronics,Online,12,143.58,2305.44,1722.96,no,no
T102231,2023-03-14,Store 08,South,Beauty,Curbside,13,62.91,1132.03,817.83,no,yes
T102232,2024-10-07,Store 15,North,Grocery,In-Store,23,185.45,6255.05,4265.35,yes,yes
T102233,2023-01-14,Store 03,North,Apparel,Curbside,18,204.13,5297.46,3674.34,no,yes
T102234,2023-07-18,Store 04,South,Electronics,Curbside,9,20.17,357.49,181.53,yes,no
T102235,2023-07-31,Store 10,West,Beauty,In-Store,13,147.88,3737.82,1922.44,no,yes
T102236,2024-07-05,Store 03,North,Apparel,In-Store,17,71.55,1523.54,1216.35,no,no
T102237,2024-09-01,Store 05,East,Toys,Curbside,37,42.27,3149.3,1563.99,no,no
T102238,2023-02-26,Store 03,North,Beauty,Online,1,54.26,82.61,54.26,no,yes
T102239,2024-11-13,Store 03,North,Toys,In-Store,37,40.64,1954.14,1503.68,no,yes
T102240,2024-04-17,Store 06,West,Toys,In-Store,28,50.69,2628.17,1419.32,no,no
T102241,2023-12-28,Store 03,North,Grocery,Curbside,19,100.05,2458.56,1900.95,no,no
T102242,2023-01-06,Store 04,South,Beauty,Curbside,24,142.26,6972.62,3414.24,no,no
T102243,2023-08-12,Store 10,West,Toys,Curbside,32,63.93,4220.45,2045.76,no,no
T102244,2023-07-31,Store 11,North,Electronics,Curbside,14,100.93,1791.64,1413.02,no,no
T102245,2023-07-08,Store 10,West,Electronics,Online,3,78.69,457.37,236.07,no,yes
T102246,2023-11-07,Store 07,North,Beauty,Online,40,4.14,286.26,165.6,no,yes
T102247,2024-05-28,Store 14,West,Home,In-Store,40,60.24,3983.95,2409.6,no,yes
T102248,2023-12-17,Store 02,West,Apparel,Online,21,132.43,4734.06,2781.03,no,yes
T102249,2023-02-22,Store 18,West,Toys,Online,15,195.76,4896.3,2936.4,no,yes
T102250,2023-02-17,Store 04,South,Grocery,Curbside,11,60.76,915.38,668.36,no,no
T102251,2023-06-24,Store 01,East,Grocery,In-Store,4,131.33,615.89,525.32,no,no
T102252,2024-08-30,Store 02,West,Home,In-Store,11,116.5,1906.6,1281.5,yes,yes
T102253,2024-10-06,Store 12,South,Electronics,Online,36,43.07,2398.77,1550.52,no,no
T102254,2023-10-14,Store 13,East,Beauty,In-Store,10,22.2,456.7,222.0,no,no
T102255,2024-09-14,Store 09,East,Grocery,Curbside,18,219.92,6724.98,3958.56,no,yes
T102256,2023-10-24,Store 07,North,Home,Curbside,20,68.53,1620.16,1370.6,no,no
T102257,2024-06-18,Store 15,North,Electronics,Curbside,36,175.79,7975.79,6328.44,no,no
T102258,2023-08-05,Store 14,West,Toys,Online,26,214.66,7038.82,5581.16,no,no
T102259,2024-06-10,Store 01,East,Toys,In-Store,20,86.77,3246.84,1735.4,no,yes
T102260,2023-09-09,Store 03,North,Beauty,In-Store,23,73.55,2383.76,1691.65,no,no
T102261,2023-09-13,Store 02,West,Home,Curbside,28,20.12,815.99,563.36,no,no
T102262,2023-12-15,Store 18,West,Toys,Online,33,94.45,5938.84,3116.85,no,no
T102263,2023-07-01,Store 18,West,Toys,In-Store,33,171.22,7931.56,5650.26,no,yes
T102264,2024-11-23,Store 04,South,Grocery,In-Store,32,34.05,1322.02,1089.6,no,no
T102265,2024-05-27,Store 10,West,Home,In-Store,40,67.32,5119.27,2692.8,no,no
T102266,2024-08-08,Store 08,South,Home,In-Store,27,3.53,175.63,95.31,no,no
T102267,2023-04-09,Store 13,East,Home,Online,9,82.75,1395.34,744.75,no,no
T102268,2023-09-17,Store 16,South,Grocery,In-Store,40,205.14,14530.34,8205.6,no,no
T102269,2023-08-31,Store 02,West,Electronics,In-Store,27,78.05,3605.69,2107.35,no,yes
T102270,2023-09-13,Store 09,East,Home,Curbside,32,181.76,9973.34,5816.32,no,no
T102271,2023-10-31,Store 03,North,Home,Curbside,25,59.23,2968.47,1480.75,no,no
T102272,2024-06-27,Store 17,East,Beauty,Online,24,103.58,4910.12,2485.92,no,yes
T102273,2023-04-25,Store 02,West,Grocery,Online,15,212.33,5672.0,3184.95,no,yes
T102274,2023-05-21,Store 12,South,Electronics,Online,18,167.78,3736.84,3020.04,no,no
T102275,2024-03-08,Store 13,East,Electronics,In-Store,23,165.24,4757.67,3800.52,no,yes
T102276,2024-07-04,Store 09,East,Grocery,In-Store,32,122.98,7759.77,3935.36,no,no
T102277,2023-04-07,Store 01,East,Beauty,Online,7,118.04,1370.1,826.28,no,no
T102278,2023-12-05,Store 16,South,Toys,Online,21,40.82,1305.78,857.22,no,no
T102279,2024-05-14,Store 18,West,Apparel,Curbside,5,112.59,732.87,562.95,no,no
T102280,2024-02-16,Store 02,West,Grocery,In-Store,32,197.78,12781.41,6328.96,no,no
T102281,2024-01-05,Store 16,South,Beauty,Online,26,49.09,1474.52,1276.34,no,no
T102282,2024-09-10,Store 05,East,Toys,In-Store,19,118.83,4449.6,2257.77,no,yes
T102283,2024-07-14,Store 13,East,Toys,In-Store,5,22.5,131.76,112.5,no,no
T102284,2024-05-23,Store 09,East,Apparel,In-Store,35,216.21,10582.27,7567.35,no,no
T102285,2024-02-10,Store 17,East,Electronics,Online,22,30.34,986.02,667.48,yes,no
T102286,2023-03-25,Store 15,North,Home,Curbside,27,112.39,3538.25,3034.53,no,no
T102287,2024-07-17,Store 07,North,Apparel,Online,19,52.81,1376.63,1003.39,no,no
T102288,2023-09-19,Store 16,South,Grocery,Curbside,34,184.49,8869.71,6272.66,no,no
T102289,2023-08-07,Store 18,West,Apparel,Curbside,29,199.7,10815.35,5791.3,no,no
T102290,2024-11-12,Store 08,South,Toys,Curbside,25,163.49,6077.67,4087.25,no,no
T102291,2023-08-24,Store 16,South,Electronics,Online,28,13.33,703.67,373.24,no,yes
T102292,2024-11-02,Store 13,East,Home,Curbside,13,79.13,1242.47,1028.69,no,yes
T102293,2024-06-16,Store 05,East,Beauty,In-Store,20,169.35,4987.8,3387.0,no,yes
T102294,2023-04-10,Store 07,North,Beauty,Online,2,177.91,501.56,355.82,no,no
T102295,2024-01-28,Store 15,North,Beauty,Online,29,177.99,10178.15,5161.71,no,no
T102296,2023-05-04,Store 18,West,Grocery,In-Store,7,215.93,2991.8,1511.51,no,no
T102297,2024-10-10,Store 04,South,Apparel,In-Store,24,78.62,3825.04,1886.88,no,no
T102298,2023-04-20,Store 10,West,Electronics,Curbside,32,169.97,9936.04,5439.04,no,yes
T102299,2023-07-23,Store 04,South,Apparel,In-Store,31,213.16,7643.33,6607.96,no,yes
T102300,2023-12-08,Store 13,East,Toys,In-Store,39,159.18,9947.59,6208.02,no,yes
T102301,2023-10-05,Store 02,West,Grocery,In-Store,11,217.83,2978.65,2396.13,no,no
T102302,2023-11-29,Store 05,East,Home,In-Store,18,134.78,2886.03,2426.04,no,yes
T102303,2024-05-24,Store 04,South,Electronics,In-Store,32,154.37,9291.22,4939.84,no,yes
T102304,2023-08-14,Store 05,East,Beauty,Online,32,9.65,551.65,308.8,no,no
T102305,2024-05-01,Store 08,South,Home,Online,25,135.08,5497.69,3377.0,no,yes
T102306,2023-02-25,Store 02,West,Electronics,Curbside,27,185.46,9254.81,5007.42,no,no
T102307,2023-04-30,Store 14,West,Electronics,Online,24,61.32,2912.94,1471.68,no,yes
T102308,2024-01-19,Store 13,East,Beauty,Online,37,201.64,14216.71,7460.68,no,no
T102309,2023-05-30,Store 09,East,Grocery,Online,37,136.78,7904.39,5060.86,no,no
T102310,2024-01-11,Store 18,West,Beauty,Curbside,21,149.75,4042.98,3144.75,no,no
T102311,2024-12-02,Store 11,North,Home,Curbside,34,51.67,3363.23,1756.78,no,yes
T102312,2024-04-23,Store 13,East,Grocery,Online,8,20.33,260.31,162.64,no,no
T102313,2024-10-14,Store 07,North,Grocery,Curbside,25,39.77,1410.12,994.25,no,yes
T102314,2023-12-25,Store 07,North,Home,In-Store,6,128.57,1581.08,771.42,no,yes
T102315,2023-06-22,Store 06,West,Toys,Curbside,23,157.39,6948.37,3619.97,no,no
T102316,2023-08-11,Store 13,East,Apparel,Curbside,2,159.44,434.94,318.88,no,yes
T102317,2023-04-08,Store 15,North,Beauty,Online,17,31.83,638.94,541.11,yes,yes
T102318,2023-10-18,Store 11,North,Apparel,Curbside,6,88.4,1071.28,530.4,yes,yes
T102319,2024-11-26,Store 08,South,Apparel,In-Store,7,148.5,1848.43,1039.5,no,no
T102320,2024-03-24,Store 15,North,Apparel,In-Store,14,133.8,3842.46,1873.2,no,no
T102321,2024-04-06,Store 17,East,Toys,Online,12,44.45,901.44,533.4,no,yes
T102322,2023-12-03,Store 12,South,Electronics,Curbside,20,12.7,420.75,254.0,no,no
T102323,2024-09-04,Store 08,South,Apparel,Curbside,11,152.25,2547.72,1674.75,no,yes
T102324,2023-11-27,Store 03,North,Toys,Online,18,69.9,1540.1,1258.2,no,no
T102325,2024-12-09,Store 11,North,Grocery,In-Store,12,218.59,5284.35,2623.08,no,no
T102326,2023-09-01,Store 03,North,Beauty,In-Store,20,151.82,6130.65,3036.4,no,no
T102327,2023-06-08,Store 15,North,Beauty,In-Store,13,165.77,4248.66,2155.01,no,no
T102328,2023-10-19,Store 13,East,Toys,Curbside,20,196.94,6302.72,3938.8,no,no
T102329,2023-05-14,Store 05,East,Toys,Curbside,24,18.17,572.99,436.08,no,no
T102330,2024-03-05,Store 11,North,Home,Online,23,200.88,6642.96,4620.24,yes,yes
T102331,2024-05-11,Store 06,West,Home,In-Store,1,88.66,115.9,88.66,no,no
T102332,2024-11-29,Store 18,West,Toys,In-Store,28,23.33,1259.6,653.24,no,yes
T102333,2023-08-18,Store 03,North,Grocery,Online,24,66.17,2558.13,1588.08,no,no
T102334,2024-06-19,Store 13,East,Apparel,Curbside,10,152.27,2723.81,1522.7,no,yes
T102335,2024-04-29,Store 17,East,Beauty,Online,25,83.48,4219.45,2087.0,no,no
T102336,2023-01-23,Store 03,North,Beauty,Curbside,35,48.74,2345.19,1705.9,yes,yes
T102337,2024-04-04,Store 16,South,Beauty,In-Store,33,207.26,13111.71,6839.58,no,no
T102338,2023-12-01,Store 16,South,Toys,Curbside,9,73.37,1213.96,660.33,no,no
T102339,2024-05-12,Store 11,North,Grocery,Curbside,37,135.47,9446.59,5012.39,no,no
T102340,2024-05-03,Store 13,East,Home,Online,38,31.66,1721.32,1203.08,no,no
T102341,2023-02-14,Store 08,South,Toys,Online,38,69.67,5403.04,2647.46,no,yes
T102342,2023-04-20,Store 16,South,Apparel,Online,27,87.18,3049.19,2353.86,no,no
T102343,2023-08-14,Store 15,North,Home,In-Store,26,167.14,5801.61,4345.64,no,yes
T102344,2024-02-01,Store 13,East,Apparel,Online,32,77.93,4099.89,2493.76,no,yes
T102345,2023-05-06,Store 12,South,Toys,Online,21,145.36,4037.46,3052.56,no,no
T102346,2024-07-23,Store 16,South,Home,In-Store,10,131.47,2532.96,1314.7,no,no
T102347,2023-10-30,Store 06,West,Toys,In-Store,12,163.14,3941.53,1957.68,no,yes
T102348,2023-03-07,Store 04,South,Electronics,Online,4,98.3,619.84,393.2,no,no
T102349,2023-02-23,Store 15,North,Beauty,Online,27,129.94,6099.91,3508.38,no,no
T102350,2023-02-23,Store 15,North,Apparel,In-Store,7,98.27,1251.5,687.89,no,no
T102351,2023-03-04,Store 12,South,Grocery,Curbside,19,52.73,1916.48,1001.87,no,no
T102352,2023-06-01,Store 15,North,Apparel,In-Store,27,32.85,1217.81,886.95,no,no
T102353,2023-04-23,Store 15,North,Beauty,In-Store,21,61.87,2108.22,1299.27,no,no
T102354,2023-03-01,Store 16,South,Toys,Online,6,156.25,1479.95,937.5,no,no
T102355,2024-11-06,Store 07,North,Home,Online,23,215.21,10330.37,4949.83,no,yes
T102356,2023-01-12,Store 03,North,Toys,Curbside,34,127.47,8890.83,4333.98,no,yes
T102357,2023-11-01,Store 17,East,Apparel,Curbside,33,34.86,1428.04,1150.38,no,no
T102358,2023-06-11,Store 01,East,Grocery,Curbside,13,175.17,3013.18,2277.21,no,yes
T102359,2023-10-29,Store 08,South,Grocery,In-Store,2,41.89,120.39,83.78,no,no
T102360,2023-01-07,Store 05,East,Beauty,Online,20,180.41,5532.41,3608.2,yes,yes
T102361,2024-08-10,Store 01,East,Grocery,Curbside,13,98.6,1569.3,1281.8,no,no
T102362,2024-01-05,Store 05,East,Home,Online,14,86.14,2092.63,1205.96,no,no
T102363,2023-12-14,Store 17,East,Apparel,Online,35,219.91,14505.66,7696.85,no,yes
T102364,2024-09-15,Store 10,West,Home,Online,4,172.25,1334.22,689.0,no,no
T102365,2023-09-16,Store 12,South,Apparel,Curbside,5,195.56,1568.58,977.8,no,yes
T102366,2024-10-02,Store 06,West,Beauty,Online,20,196.94,5024.3,3938.8,no,no
T102367,2023-12-16,Store 08,South,Apparel,Curbside,5,14.0,118.58,70.0,no,no
T102368,2023-03-04,Store 10,West,Grocery,Online,27,61.29,2955.63,1654.83,no,yes
T102369,2024-05-26,Store 04,South,Grocery,Curbside,40,210.25,10314.68,8410.0,no,no
T102370,2024-07-28,Store 07,North,Apparel,Online,30,150.31,6511.31,4509.3,no,no
T102371,2024-03-10,Store 10,West,Toys,In-Store,27,69.75,3739.71,1883.25,no,yes
T102372,2023-05-24,Store 07,North,Toys,Curbside,35,85.57,5099.28,2994.95,no,no
T102373,2023-06-18,Store 13,East,Electronics,Curbside,28,191.96,8815.11,5374.88,no,yes
T102374,2024-07-27,Store 15,North,Electronics,In-Store,17,119.86,2996.5,2037.62,no,no
T102375,2024-09-11,Store 03,North,Apparel,Online,2,149.2,493.0,298.4,no,yes
T102376,2024-06-19,Store 03,North,Apparel,In-Store,22,212.89,7855.41,4683.58,no,yes
T102377,2024-07-28,Store 17,East,Electronics,In-Store,14,41.16,1194.85,576.24,no,yes
T102378,2023-03-25,Store 06,West,Toys,Online,37,97.01,4625.87,3589.37,no,yes
T102379,2024-10-19,Store 04,South,Grocery,In-Store,40,69.72,4850.43,2788.8,no,yes
T102380,2024-03-28,Store 07,North,Home,In-Store,33,30.99,1700.22,1022.67,no,yes
T102381,2023-08-24,Store 11,North,Electronics,Online,15,29.33,608.31,439.95,no,no
T102382,2024-11-10,Store 03,North,Apparel,Curbside,29,147.82,7286.19,4286.78,no,yes
T102383,2024-06-02,Store 10,West,Apparel,Online,5,147.4,1118.18,737.0,no,no
T102384,2023-04-04,Store 05,East,Apparel,In-Store,6,43.87,421.7,263.22,no,no
T102385,2023-10-22,Store 18,West,Beauty,In-Store,20,195.5,6123.69,3910.0,no,no
T102386,2023-07-03,Store 10,West,Grocery,Curbside,33,67.64,4255.38,2232.12,no,no
T102387,2024-04-25,Store 17,East,Apparel,Curbside,40,73.91,5633.07,2956.4,no,yes
T102388,2023-12-10,Store 09,East,Home,Online,33,176.44,7430.83,5822.52,no,no
T102389,2023-03-08,Store 09,East,Electronics,Curbside,21,55.41,1726.24,1163.61,no,no
T102390,2024-12-01,Store 03,North,Toys,Online,14,112.54,3092.33,1575.56,no,no
T102391,2024-12-09,Store 11,North,Toys,Online,32,116.09,6748.25,3714.88,no,no
T102392,2023-07-03,Store 18,West,Toys,Online,40,193.97,10769.71,7758.8,no,no
T102393,2023-09-13,Store 01,East,Toys,In-Store,23,181.33,6219.23,4170.59,no,no
T102394,2023-09-22,Store 06,West,Toys,Online,34,172.48,9212.7,5864.32,no,no
T102395,2023-08-05,Store 04,South,Apparel,In-Store,4,181.29,1301.95,725.16,no,yes
T102396,2023-07-10,Store 11,North,Apparel,Curbside,15,44.43,987.1,666.45,no,yes
T102397,2023-02-02,Store 16,South,Grocery,Curbside,6,9.64,101.5,57.84,no,no
T102398,2023-09-29,Store 14,West,Apparel,In-Store,40,137.81,6972.14,5512.4,no,no
T102399,2023-10-05,Store 08,South,Home,In-Store,6,176.64,1222.35,1059.84,no,no
T102400,2024-09-01,Store 03,North,Home,Curbside,33,70.02,3088.66,2310.66,no,no
T102401,2023-11-07,Store 08,South,Electronics,Online,24,51.2,2142.51,1228.8,no,no
T102402,2023-08-23,Store 05,East,Toys,In-Store,19,60.79,1520.21,1155.01,no,yes
T102403,2024-04-18,Store 10,West,Beauty,Online,28,12.1,617.68,338.8,no,no
T102404,2024-03-05,Store 13,East,Toys,Curbside,17,78.95,2074.49,1342.15,no,yes
T102405,2023-02-16,Store 15,North,Grocery,Curbside,25,11.4,345.82,285.0,no,no
T102406,2023-02-07,Store 15,North,Grocery,Curbside,23,104.48,3277.88,2403.04,no,yes
T102407,2024-11-20,Store 02,West,Grocery,In-Store,16,120.12,3119.93,1921.92,no,no
T102408,2024-01-05,Store 08,South,Beauty,Curbside,6,46.06,449.92,276.36,no,no
T102409,2023-10-17,Store 15,North,Toys,In-Store,11,26.79,459.74,294.69,no,no
T102410,2024-02-22,Store 11,North,Grocery,In-Store,25,6.56,311.38,164.0,no,no
T102411,2024-06-28,Store 06,West,Toys,Online,7,177.91,2021.3,1245.37,yes,yes
T102412,2024-05-12,Store 04,South,Home,Online,5,20.43,193.15,102.15,no,no
T102413,2023-03-05,Store 12,South,Apparel,Online,24,71.76,2407.31,1722.24,no,yes
T102414,2023-02-01,Store 07,North,Toys,In-Store,39,152.71,12235.77,5955.69,no,no
T102415,2024-06-22,Store 03,North,Beauty,Online,40,159.64,12935.09,6385.6,no,yes
T102416,2024-05-23,Store 15,North,Home,In-Store,17,194.21,4835.92,3301.57,no,yes
T102417,2023-06-16,Store 14,West,Apparel,Curbside,6,184.16,2146.11,1104.96,no,yes
T102418,2024-12-21,Store 03,North,Toys,In-Store,9,26.84,409.09,241.56,yes,no
T102419,2023-09-29,Store 09,East,Grocery,In-Store,23,26.15,907.0,601.45,no,no
T102420,2023-01-13,Store 05,East,Toys,Curbside,23,126.49,3838.63,2909.27,no,no
T102421,2024-01-14,Store 03,North,Grocery,In-Store,32,60.06,3222.08,1921.92,no,yes
T102422,2024-10-15,Store 13,East,Beauty,In-Store,7,64.45,568.59,451.15,no,no
T102423,2023-04-21,Store 12,South,Toys,Curbside,37,148.12,11380.87,5480.44,no,yes
T102424,2023-12-25,Store 02,West,Toys,Curbside,13,123.21,2093.05,1601.73,no,yes
T102425,2024-03-27,Store 01,East,Home,In-Store,7,165.02,1818.51,1155.14,no,no
T102426,2023-05-06,Store 04,South,Toys,In-Store,8,190.44,2977.25,1523.52,no,no
T102427,2024-01-05,Store 16,South,Beauty,Curbside,3,39.43,237.12,118.29,no,yes
T102428,2024-02-01,Store 09,East,Grocery,Online,14,17.28,479.9,241.92,no,no
T102429,2024-04-24,Store 03,North,Grocery,Curbside,6,214.6,2290.25,1287.6,no,yes
T102430,2024-06-03,Store 13,East,Apparel,Online,31,149.02,8367.91,4619.62,no,no
T102431,2023-02-23,Store 06,West,Electronics,In-Store,34,183.44,12407.45,6236.96,no,no
T102432,2024-01-18,Store 09,East,Home,Curbside,4,106.58,779.5,426.32,no,yes
T102433,2024-02-23,Store 12,South,Beauty,In-Store,5,47.89,353.79,239.45,no,no
T102434,2023-07-29,Store 17,East,Apparel,Online,24,213.63,8479.23,5127.12,no,yes
T102435,2023-02-03,Store 03,North,Grocery,Curbside,25,119.39,3850.43,2984.75,no,yes
T102436,2023-07-20,Store 07,North,Home,Curbside,32,196.44,11692.72,6286.08,no,no
T102437,2023-11-22,Store 13,East,Apparel,In-Store,20,91.78,2182.83,1835.6,no,yes
T102438,2023-01-24,Store 01,East,Toys,Online,23,93.7,2882.62,2155.1,no,yes
T102439,2023-09-08,Store 13,East,Beauty,Curbside,4,195.37,1333.94,781.48,no,yes
T102440,2023-05-09,Store 15,North,Electronics,In-Store,11,96.39,1439.63,1060.29,no,no
T102441,2024-11-21,Store 02,West,Toys,In-Store,35,144.36,10388.8,5052.6,no,no
T102442,2023-08-13,Store 17,East,Apparel,Curbside,38,90.87,4441.6,3453.06,no,no
T102443,2023-12-25,Store 14,West,Home,Online,22,139.51,5041.05,3069.22,no,no
T102444,2024-11-06,Store 13,East,Grocery,Curbside,33,141.47,8762.56,4668.51,no,yes
T102445,2024-09-10,Store 07,North,Grocery,Curbside,3,10.52,54.51,31.56,no,yes
T102446,2024-03-25,Store 18,West,Electronics,Online,28,185.72,6599.72,5200.16,no,yes
T102447,2024-05-21,Store 12,South,Apparel,Curbside,15,40.71,772.62,610.65,no,no
T102448,2023-10-19,Store 12,South,Beauty,Online,26,19.58,971.93,509.08,no,yes
T102449,2024-06-18,Store 17,East,Beauty,Online,23,38.19,1417.04,878.37,yes,yes
T102450,2024-07-12,Store 04,South,Beauty,Curbside,40,159.87,11267.26,6394.8,no,no
T102451,2023-02-23,Store 04,South,Home,Curbside,7,150.28,2182.67,1051.96,no,no
T102452,2024-01-09,Store 14,West,Home,Curbside,28,192.4,8393.7,5387.2,no,no
T102453,2023-04-06,Store 09,East,Electronics,In-Store,30,169.46,9146.37,5083.8,no,no
T102454,2024-07-30,Store 11,North,Electronics,In-Store,5,26.76,227.91,133.8,no,no
T102455,2023-09-17,Store 13,East,Beauty,Curbside,15,41.77,1298.37,626.55,no,no
T102456,2023-07-17,Store 07,North,Apparel,Curbside,24,145.7,5555.16,3496.8,no,no
T102457,2024-12-17,Store 11,North,Electronics,In-Store,4,6.96,55.29,27.84,no,no
T102458,2023-01-31,Store 16,South,Apparel,Online,15,74.98,1411.63,1124.7,no,no
T102459,2023-03-29,Store 04,South,Home,Online,13,133.1,3391.09,1730.3,no,no
T102460,2023-07-21,Store 04,South,Apparel,Online,26,28.5,1447.07,741.0,no,no
T102461,2023-12-08,Store 10,West,Toys,Online,2,120.99,373.03,241.98,no,yes
T102462,2024-02-26,Store 09,East,Apparel,In-Store,35,37.78,1797.43,1322.3,no,no
T102463,2024-03-11,Store 08,South,Home,Curbside,38,209.66,12554.93,7967.08,no,yes
T102464,2023-11-24,Store 06,West,Electronics,Curbside,20,63.35,2533.84,1267.0,no,no
T102465,2023-03-25,Store 17,East,Toys,Curbside,19,183.27,4499.06,3482.13,no,yes
T102466,2024-04-13,Store 15,North,Toys,In-Store,12,36.86,665.51,442.32,no,yes
T102467,2024-07-02,Store 17,East,Electronics,In-Store,15,44.21,1278.83,663.15,no,yes
T102468,2023-12-30,Store 06,West,Home,In-Store,36,64.18,3663.6,2310.48,no,no
T102469,2023-11-11,Store 12,South,Home,Online,14,126.63,3464.96,1772.82,no,no
T102470,2024-07-22,Store 01,East,Grocery,Curbside,39,98.34,6287.85,3835.26,no,no
T102471,2023-10-09,Store 16,South,Electronics,Online,40,109.71,7477.96,4388.4,no,yes
T102472,2024-10-19,Store 08,South,Apparel,In-Store,38,213.36,10639.83,8107.68,no,no
T102473,2023-12-14,Store 07,North,Beauty,In-Store,21,145.04,3947.25,3045.84,no,no
T102474,2023-11-05,Store 02,West,Grocery,Curbside,10,114.98,1588.11,1149.8,no,yes
T102475,2023-10-30,Store 17,East,Electronics,Curbside,5,111.03,1113.26,555.15,no,no
T102476,2023-10-09,Store 16,South,Home,Curbside,23,120.33,4549.37,2767.59,no,yes
T102477,2024-07-29,Store 18,West,Electronics,In-Store,14,41.01,1004.89,574.14,no,no
T102478,2023-05-08,Store 07,North,Home,In-Store,1,133.26,208.88,133.26,no,no
T102479,2023-12-24,Store 06,West,Beauty,Online,16,78.51,1807.45,1256.16,no,no
T102480,2023-05-05,Store 04,South,Toys,Online,8,24.62,372.75,196.96,no,yes
T102481,2024-06-19,Store 01,East,Grocery,In-Store,27,173.28,6167.72,4678.56,no,no
T102482,2023-03-05,Store 10,West,Apparel,In-Store,26,105.72,3666.98,2748.72,no,yes
T102483,2023-06-08,Store 02,West,Home,In-Store,1,124.82,229.63,124.82,no,yes
T102484,2023-07-18,Store 12,South,Grocery,Online,16,93.33,1802.89,1493.28,no,yes
T102485,2024-07-31,Store 18,West,Beauty,Curbside,35,157.22,9614.91,5502.7,no,no
T102486,2024-07-24,Store 04,South,Beauty,In-Store,15,117.21,3380.89,1758.15,no,no
T102487,2023-11-03,Store 10,West,Toys,Curbside,14,87.06,2401.21,1218.84,no,no
T102488,2024-11-04,Store 13,East,Toys,Online,30,80.0,5006.73,2400.0,no,yes
T102489,2023-04-01,Store 06,West,Grocery,In-Store,4,130.25,655.57,521.0,no,yes
T102490,2023-11-24,Store 13,East,Home,Online,35,213.0,11845.35,7455.0,no,no
T102491,2023-05-19,Store 02,West,Electronics,Curbside,37,142.45,7016.79,5270.65,no,no
T102492,2023-11-23,Store 16,South,Apparel,Curbside,32,105.52,7077.36,3376.64,no,no
T102493,2024-12-22,Store 18,West,Beauty,In-Store,28,21.88,851.7,612.64,no,no
T102494,2024-11-18,Store 09,East,Toys,Online,5,214.74,1799.98,1073.7,no,no
T102495,2024-10-16,Store 17,East,Apparel,In-Store,8,74.99,897.96,599.92,no,no
T102496,2023-09-01,Store 12,South,Home,In-Store,36,68.53,3401.43,2467.08,no,yes
T102497,2024-04-27,Store 10,West,Toys,In-Store,16,69.12,2147.69,1105.92,no,yes
T102498,2024-12-15,Store 01,East,Home,Online,1,202.52,408.05,202.52,no,no
T102499,2024-12-08,Store 16,South,Beauty,Curbside,10,176.13,2689.58,1761.3,no,yes
T102500,2023-08-15,Store 05,East,Toys,Online,10,205.26,2538.98,2052.6,no,yes
T102501,2023-11-04,Store 11,North,Home,In-Store,15,50.61,1427.92,759.15,no,no
T102502,2024-05-25,Store 12,South,Grocery,In-Store,21,96.26,2490.73,2021.46,no,no
T102503,2024-03-24,Store 10,West,Electronics,Online,17,113.32,2295.81,1926.44,no,no
T102504,2023-07-28,Store 06,West,Electronics,In-Store,26,203.51,6915.55,5291.26,no,yes
T102505,2024-05-13,Store 13,East,Electronics,Curbside,26,3.65,164.32,94.9,no,no
T102506,2024-05-24,Store 03,North,Toys,Online,1,53.02,103.7,53.02,no,no
T102507,2023-12-23,Store 10,West,Electronics,Online,10,156.42,2298.93,1564.2,no,yes
T102508,2024-08-19,Store 03,North,Electronics,In-Store,35,141.53,9541.74,4953.55,no,yes
T102509,2023-01-05,Store 17,East,Beauty,In-Store,15,33.56,981.2,503.4,no,yes
T102510,2023-03-15,Store 03,North,Toys,Online,39,162.03,10042.1,6319.17,no,yes
T102511,2024-03-20,Store 06,West,Apparel,Online,18,6.06,207.27,109.08,no,no
T102512,2024-10-11,Store 14,West,Home,In-Store,26,104.27,5015.58,2711.02,yes,no
T102513,2023-04-08,Store 01,East,Home,Online,24,162.99,8050.34,3911.76,yes,yes
T102514,2024-04-19,Store 13,East,Apparel,Online,3,28.4,169.1,85.2,no,yes
T102515,2024-12-08,Store 12,South,Apparel,Curbside,36,112.45,7039.93,4048.2,no,no
T102516,2024-02-09,Store 05,East,Home,Curbside,22,49.8,1658.32,1095.6,no,no
T102517,2024-10-27,Store 04,South,Grocery,In-Store,10,199.7,3134.13,1997.0,yes,no
T102518,2023-08-26,Store 16,South,Toys,Online,14,9.64,267.27,134.96,no,no
T102519,2024-11-07,Store 04,South,Home,Curbside,34,51.04,2823.29,1735.36,no,yes
T102520,2023-02-13,Store 07,North,Beauty,In-Store,19,72.09,2770.38,1369.71,no,yes
T102521,2023-03-04,Store 18,West,Grocery,Curbside,5,92.09,849.02,460.45,no,no
T102522,2024-12-11,Store 02,West,Home,Curbside,11,79.42,1363.94,873.62,no,no
T102523,2023-07-01,Store 03,North,Apparel,In-Store,2,47.63,156.59,95.26,no,no
T102524,2024-06-07,Store 11,North,Beauty,Online,25,141.61,5376.46,3540.25,no,yes
T102525,2024-01-01,Store 11,North,Apparel,Curbside,7,22.23,280.08,155.61,no,yes
T102526,2023-11-21,Store 01,East,Apparel,Online,26,135.01,5827.0,3510.26,no,no
T102527,2023-07-04,Store 12,South,Home,In-Store,40,148.06,9098.81,5922.4,no,no
T102528,2023-10-22,Store 03,North,Electronics,Curbside,10,46.69,586.06,466.9,no,yes
T102529,2023-05-02,Store 08,South,Toys,Online,19,35.45,1133.39,673.55,no,no
T102530,2024-06-17,Store 02,West,Home,Curbside,26,73.35,3549.34,1907.1,no,no
T102531,2023-12-30,Store 07,North,Apparel,Online,12,69.22,1344.06,830.64,no,no
T102532,2023-03-30,Store 15,North,Apparel,Curbside,1,150.66,242.06,150.66,no,no
T102533,2023-04-02,Store 16,South,Beauty,Online,26,61.61,2883.93,1601.86,no,no
T102534,2023-04-27,Store 01,East,Beauty,In-Store,34,214.09,11571.72,7279.06,no,no
T102535,2023-03-28,Store 14,West,Grocery,In-Store,40,80.86,4506.78,3234.4,yes,yes
T102536,2023-07-12,Store 03,North,Toys,Curbside,35,121.11,5684.25,4238.85,no,yes
T102537,2023-04-19,Store 12,South,Electronics,Online,36,32.77,1908.88,1179.72,no,no
T102538,2023-12-06,Store 07,North,Grocery,Online,18,25.64,892.33,461.52,no,no
T102539,2024-11-04,Store 13,East,Home,Curbside,28,185.52,8539.44,5194.56,no,no
T102540,2023-02-25,Store 07,North,Home,Online,32,43.05,1847.13,1377.6,no,no
T102541,2024-10-06,Store 11,North,Grocery,In-Store,39,10.14,545.44,395.46,no,yes
T102542,2023-12-26,Store 15,North,Electronics,Online,12,175.54,3484.45,2106.48,no,yes
T102543,2023-09-20,Store 04,South,Beauty,Online,16,138.27,4447.13,2212.32,no,yes
T102544,2023-03-05,Store 03,North,Home,Curbside,16,166.35,3217.32,2661.6,no,no
T102545,2024-10-06,Store 01,East,Electronics,In-Store,13,116.08,2801.01,1509.04,no,yes
T102546,2024-08-19,Store 07,North,Grocery,In-Store,36,217.21,11509.51,7819.56,no,yes
T102547,2024-12-20,Store 17,East,Electronics,In-Store,30,94.49,5880.97,2834.7,no,no
T102548,2023-05-28,Store 11,North,Beauty,In-Store,15,88.01,1696.57,1320.15,no,yes
T102549,2023-03-11,Store 01,East,Grocery,Curbside,28,178.24,7386.04,4990.72,no,yes
T102550,2023-12-03,Store 10,West,Electronics,In-Store,4,115.18,560.59,460.72,no,no
T102551,2023-02-22,Store 18,West,Grocery,Online,6,6.61,58.91,39.66,no,yes
T102552,2023-10-26,Store 03,North,Electronics,Online,4,77.56,400.48,310.24,no,yes
T102553,2024-09-09,Store 02,West,Beauty,Curbside,14,175.15,4628.21,2452.1,no,no
T102554,2023-10-09,Store 11,North,Toys,Online,40,150.37,8348.8,6014.8,no,yes
T102555,2023-01-23,Store 07,North,Home,Curbside,22,28.79,977.02,633.38,no,no
T102556,2024-04-09,Store 17,East,Toys,Curbside,17,38.5,1325.01,654.5,no,no
T102557,2024-09-24,Store 06,West,Toys,Curbside,32,67.74,3498.42,2167.68,no,yes
T102558,2024-12-29,Store 15,North,Toys,In-Store,13,96.37,1879.59,1252.81,no,yes
T102559,2023-04-13,Store 08,South,Home,Curbside,31,57.06,2310.81,1768.86,no,no
T102560,2023-04-03,Store 10,West,Electronics,Online,9,42.69,495.47,384.21,no,no
T102561,2023-05-12,Store 14,West,Electronics,In-Store,10,128.24,1609.55,1282.4,no,yes
T102562,2024-08-22,Store 03,North,Toys,Online,31,175.35,8839.03,5435.85,yes,yes
T102563,2023-10-11,Store 09,East,Electronics,Online,37,168.39,10111.56,6230.43,no,yes
T102564,2023-03-30,Store 08,South,Electronics,Curbside,37,127.36,6403.37,4712.32,no,yes
T102565,2024-07-12,Store 08,South,Beauty,Curbside,34,125.69,6418.76,4273.46,no,yes
T102566,2023-05-16,Store 15,North,Apparel,Curbside,12,19.62,460.14,235.44,no,yes
T102567,2023-04-30,Store 04,South,Home,In-Store,9,36.55,433.44,328.95,no,no
T102568,2024-12-29,Store 10,West,Beauty,In-Store,34,151.51,7191.32,5151.34,no,yes
T102569,2024-08-15,Store 13,East,Home,In-Store,39,43.34,2913.24,1690.26,no,no
T102570,2023-05-14,Store 02,West,Toys,In-Store,37,113.79,7935.33,4210.23,no,yes
T102571,2023-12-28,Store 09,East,Home,In-Store,12,173.32,3653.69,2079.84,no,no
T102572,2024-09-13,Store 06,West,Apparel,In-Store,10,208.62,3531.23,2086.2,no,yes
T102573,2024-11-26,Store 17,East,Home,In-Store,28,51.0,2152.38,1428.0,no,yes
T102574,2023-07-21,Store 10,West,Grocery,In-Store,6,163.44,1615.23,980.64,no,no
T102575,2023-08-10,Store 07,North,Grocery,Curbside,32,192.8,10174.38,6169.6,no,no
T102576,2024-03-26,Store 16,South,Home,Curbside,21,148.42,5992.16,3116.82,no,yes
T102577,2024-01-15,Store 04,South,Grocery,In-Store,12,122.43,2018.2,1469.16,no,yes
T102578,2023-11-04,Store 02,West,Electronics,In-Store,12,69.03,1690.13,828.36,no,yes
T102579,2024-08-18,Store 01,East,Home,Online,38,55.7,2739.13,2116.6,no,no
T102580,2024-12-08,Store 03,North,Beauty,Curbside,3,123.86,774.36,371.58,no,yes
T102581,2024-02-18,Store 08,South,Grocery,In-Store,10,55.14,723.11,551.4,no,yes
T102582,2024-04-04,Store 02,West,Home,Online,28,181.58,9163.46,5084.24,no,yes
T102583,2023-04-20,Store 05,East,Apparel,Online,40,67.41,3828.49,2696.4,no,yes
T102584,2023-02-25,Store 03,North,Apparel,Online,5,23.51,181.85,117.55,no,yes
T102585,2023-05-11,Store 15,North,Apparel,Curbside,16,110.44,2664.73,1767.04,no,no
T102586,2023-05-14,Store 04,South,Grocery,Curbside,7,93.49,1339.63,654.43,no,yes
T102587,2023-11-10,Store 16,South,Home,Online,4,22.86,121.11,91.44,no,yes
T102588,2024-07-26,Store 08,South,Electronics,In-Store,18,126.16,4078.49,2270.88,no,no
T102589,2024-06-14,Store 08,South,Toys,Curbside,8,75.74,1249.46,605.92,no,yes
T102590,2023-08-24,Store 01,East,Beauty,Curbside,16,172.27,4569.37,2756.32,no,yes
T102591,2024-11-03,Store 04,South,Toys,In-Store,37,89.93,6258.97,3327.41,no,no
T102592,2023-12-19,Store 04,South,Home,Curbside,31,99.07,5617.61,3071.17,no,yes
T102593,2023-05-03,Store 15,North,Apparel,Curbside,33,123.12,6592.05,4062.96,no,no
T102594,2023-12-24,Store 01,East,Electronics,Curbside,39,16.13,1264.56,629.07,no,yes
T102595,2023-12-19,Store 11,North,Home,In-Store,17,199.16,6059.5,3385.72,no,no
T102596,2023-06-20,Store 09,East,Electronics,In-Store,13,199.09,5365.03,2588.17,yes,no
T102597,2024-12-04,Store 05,East,Electronics,Curbside,28,204.32,10079.1,5720.96,no,no
T102598,2023-11-01,Store 04,South,Beauty,Online,19,27.73,986.14,526.87,no,yes
T102599,2024-11-28,Store 17,East,Toys,In-Store,34,106.5,7260.25,3621.0,no,no
T102600,2023-02-04,Store 10,West,Grocery,Online,19,127.87,5008.58,2429.53,no,yes
T102601,2024-08-27,Store 12,South,Home,Online,15,31.32,732.62,469.8,no,no
T102602,2023-12-16,Store 11,North,Electronics,In-Store,23,166.52,4884.07,3829.96,no,no
T102603,2024-05-07,Store 10,West,Electronics,Online,9,163.36,2651.58,1470.24,no,no
T102604,2024-12-28,Store 11,North,Toys,Online,17,111.84,2332.01,1901.28,yes,no
T102605,2024-02-16,Store 09,East,Apparel,Curbside,11,27.0,484.15,297.0,no,yes
T102606,2024-09-24,Store 08,South,Apparel,Online,10,110.85,1779.32,1108.5,no,yes
T102607,2024-04-02,Store 02,West,Toys,Online,15,83.01,1866.03,1245.15,no,yes
T102608,2024-03-25,Store 01,East,Apparel,Curbside,4,185.1,938.7,740.4,no,yes
T102609,2024-08-18,Store 04,South,Electronics,Curbside,11,46.33,1047.86,509.63,no,yes
T102610,2023-08-26,Store 06,West,Grocery,Curbside,20,119.38,3036.71,2387.6,no,yes
T102611,2023-04-19,Store 10,West,Toys,Curbside,17,137.45,3612.77,2336.65,no,yes
T102612,2024-12-24,Store 05,East,Home,In-Store,2,203.74,522.86,407.48,no,yes
T102613,2023-06-07,Store 13,East,Apparel,Curbside,3,215.19,1061.77,645.57,no,yes
T102614,2023-10-02,Store 09,East,Electronics,Curbside,29,51.57,3009.33,1495.53,no,no
T102615,2023-05-24,Store 02,West,Home,Online,9,83.83,1565.77,754.47,no,yes
T102616,2023-04-24,Store 03,North,Beauty,Curbside,2,25.92,92.39,51.84,no,yes
T102617,2024-06-11,Store 11,North,Toys,Curbside,40,111.8,6718.38,4472.0,no,no
T102618,2023-12-10,Store 01,East,Beauty,Online,1,154.55,186.88,154.55,no,yes
T102619,2024-12-11,Store 12,South,Electronics,Curbside,5,102.75,890.62,513.75,no,yes
T102620,2024-02-10,Store 14,West,Grocery,In-Store,2,219.41,689.52,438.82,no,yes
T102621,2024-09-08,Store 09,East,Beauty,In-Store,27,159.72,8749.93,4312.44,no,no
T102622,2024-10-12,Store 03,North,Toys,In-Store,35,138.2,8960.75,4837.0,no,no
T102623,2023-05-17,Store 13,East,Electronics,In-Store,23,198.17,5627.03,4557.91,no,yes
T102624,2024-03-21,Store 10,West,Toys,Online,18,219.3,5588.86,3947.4,no,yes
T102625,2023-08-02,Store 09,East,Grocery,Curbside,34,16.35,1127.59,555.9,no,no
T102626,2023-01-25,Store 17,East,Grocery,In-Store,38,204.49,10399.83,7770.62,no,yes
T102627,2024-04-07,Store 14,West,Electronics,Curbside,1,46.9,91.6,46.9,no,no
T102628,2024-02-29,Store 07,North,Home,Curbside,6,108.06,836.82,648.36,no,yes
T102629,2024-05-05,Store 06,West,Electronics,In-Store,27,28.47,1128.95,768.69,no,no
T102630,2024-09-29,Store 18,West,Home,Curbside,36,140.42,7486.17,5055.12,no,yes
T102631,2023-09-04,Store 06,West,Electronics,In-Store,4,120.39,769.79,481.56,no,yes
T102632,2024-07-26,Store 15,North,Home,Curbside,19,174.2,5854.75,3309.8,no,no
T102633,2024-04-30,Store 13,East,Home,Curbside,16,111.17,2202.92,1778.72,yes,yes
T102634,2023-11-28,Store 15,North,Electronics,Online,18,119.93,2910.17,2158.74,no,no
T102635,2023-06-15,Store 08,South,Grocery,Curbside,23,160.26,7230.63,3685.98,no,yes
T102636,2023-09-05,Store 09,East,Beauty,Online,34,218.28,11305.28,7421.52,no,no
T102637,2024-01-20,Store 10,West,Toys,In-Store,33,195.29,11343.33,6444.57,no,yes
T102638,2024-05-24,Store 05,East,Apparel,Online,40,68.05,3931.85,2722.0,no,no
T102639,2024-12-14,Store 14,West,Grocery,Curbside,37,132.11,5720.69,4888.07,no,yes
T102640,2023-04-02,Store 11,North,Grocery,Online,23,163.07,5944.42,3750.61,yes,yes
T102641,2024-12-24,Store 04,South,Toys,Online,14,194.23,3204.06,2719.22,no,yes
T102642,2023-02-09,Store 17,East,Toys,Online,34,38.49,1596.84,1308.66,no,no
T102643,2023-12-18,Store 13,East,Apparel,Curbside,37,17.79,1334.79,658.23,no,yes
T102644,2024-11-23,Store 13,East,Apparel,In-Store,13,9.45,152.93,122.85,no,yes
T102645,2024-09-13,Store 02,West,Toys,Curbside,40,87.52,7213.67,3500.8,no,yes
T102646,2023-03-13,Store 09,East,Grocery,In-Store,40,207.63,15103.22,8305.2,no,no
T102647,2023-02-14,Store 02,West,Toys,Curbside,11,164.01,2501.51,1804.11,no,no
T102648,2023-07-05,Store 11,North,Beauty,In-Store,7,93.2,791.01,652.4,yes,no
T102649,2023-12-16,Store 12,South,Grocery,Online,17,21.88,722.17,371.96,no,no
T102650,2024-04-13,Store 04,South,Toys,Curbside,5,204.81,1315.27,1024.05,no,yes
T102651,2024-06-22,Store 17,East,Toys,In-Store,17,148.52,3248.49,2524.84,no,yes
T102652,2023-09-10,Store 05,East,Electronics,In-Store,40,139.31,10593.81,5572.4,yes,no
T102653,2023-02-02,Store 17,East,Home,In-Store,38,137.83,9691.96,5237.54,no,no
T102654,2023-06-24,Store 06,West,Beauty,In-Store,2,69.22,286.25,138.44,no,no
T102655,2023-04-28,Store 08,South,Beauty,Online,40,83.28,4371.04,3331.2,no,yes
T102656,2024-12-16,Store 11,North,Home,Curbside,7,63.08,901.04,441.56,no,no
T102657,2024-05-04,Store 17,East,Toys,Online,29,149.02,5092.28,4321.58,no,yes
T102658,2024-03-05,Store 17,East,Beauty,Online,17,218.37,4889.84,3712.29,no,yes
T102659,2023-09-10,Store 05,East,Grocery,In-Store,4,12.27,73.29,49.08,no,no
T102660,2023-10-16,Store 17,East,Grocery,Curbside,6,115.52,1158.04,693.12,no,yes
T102661,2023-04-07,Store 04,South,Toys,Online,2,43.2,129.34,86.4,no,no
T102662,2024-07-31,Store 14,West,Beauty,Online,5,59.06,486.07,295.3,no,yes
T102663,2024-10-10,Store 09,East,Toys,Curbside,21,102.13,3552.39,2144.73,no,yes
T102664,2024-01-28,Store 11,North,Apparel,In-Store,14,189.7,4885.32,2655.8,no,no
T102665,2023-10-26,Store 08,South,Grocery,Online,25,78.75,3875.01,1968.75,no,yes
T102666,2024-05-25,Store 15,North,Beauty,Curbside,23,52.16,2427.64,1199.68,no,yes
T102667,2023-07-05,Store 11,North,Beauty,Curbside,40,213.66,14337.22,8546.4,no,no
T102668,2024-10-14,Store 02,West,Toys,Online,2,147.44,365.74,294.88,no,no
T102669,2024-01-02,Store 03,North,Apparel,In-Store,38,215.79,14094.83,8200.02,no,no
T102670,2023-12-21,Store 10,West,Grocery,In-Store,5,31.07,200.39,155.35,no,no
T102671,2024-10-02,Store 13,East,Apparel,In-Store,38,145.69,11581.98,5536.22,no,no
T102672,2023-08-14,Store 01,East,Apparel,Curbside,14,42.3,1149.68,592.2,no,no
T102673,2023-06-02,Store 04,South,Apparel,Online,33,149.75,7389.87,4941.75,yes,no
T102674,2024-02-03,Store 02,West,Beauty,Curbside,24,95.86,4259.08,2300.64,no,no
T102675,2024-04-06,Store 11,North,Beauty,In-Store,40,203.81,16721.27,8152.4,no,no
T102676,2023-05-06,Store 04,South,Grocery,Online,8,26.38,254.62,211.04,no,no
T102677,2023-06-18,Store 09,East,Toys,In-Store,13,65.68,1628.74,853.84,no,no
T102678,2023-10-10,Store 18,West,Home,Curbside,4,164.7,863.6,658.8,no,yes
T102679,2024-10-27,Store 05,East,Apparel,In-Store,23,193.24,9202.7,4444.52,no,no
T102680,2024-09-30,Store 06,West,Beauty,In-Store,25,133.04,4232.21,3326.0,no,yes
T102681,2024-06-09,Store 08,South,Home,Curbside,13,197.53,3624.45,2567.89,no,no
T102682,2024-05-01,Store 17,East,Grocery,Online,19,189.91,7404.55,3608.29,no,no
T102683,2024-12-04,Store 18,West,Apparel,Online,19,182.05,4563.84,3458.95,no,yes
T102684,2024-05-27,Store 02,West,Grocery,Online,13,50.67,922.32,658.71,no,no
T102685,2024-12-19,Store 05,East,Home,Curbside,35,56.28,3981.6,1969.8,no,no
T102686,2024-03-20,Store 12,South,Toys,In-Store,10,161.3,2407.59,1613.0,no,no
T102687,2023-07-24,Store 01,East,Home,Online,8,13.18,158.04,105.44,yes,yes
T102688,2023-01-20,Store 06,West,Toys,In-Store,7,202.4,2843.9,1416.8,no,no
T102689,2024-12-05,Store 07,North,Beauty,Online,27,201.99,9742.57,5453.73,yes,no
T102690,2023-01-02,Store 08,South,Toys,Curbside,26,168.19,8629.5,4372.94,no,no
T102691,2023-04-18,Store 05,East,Grocery,Online,30,143.28,4982.52,4298.4,no,yes
T102692,2023-09-19,Store 13,East,Beauty,Online,19,212.25,5344.41,4032.75,no,yes
T102693,2023-06-29,Store 10,West,Electronics,In-Store,4,183.53,1234.65,734.12,no,yes
T102694,2024-07-06,Store 04,South,Toys,Online,27,124.84,4917.01,3370.68,no,yes
T102695,2023-07-16,Store 03,North,Apparel,Online,21,49.05,1431.25,1030.05,no,yes
T102696,2023-04-21,Store 12,South,Toys,Online,16,49.04,1410.15,784.64,no,no
T102697,2024-10-24,Store 17,East,Apparel,Online,39,84.11,6347.29,3280.29,no,no
T102698,2024-12-14,Store 01,East,Electronics,Curbside,24,76.67,2780.08,1840.08,no,yes
T102699,2024-06-11,Store 16,South,Beauty,In-Store,38,155.21,7945.98,5897.98,no,yes
T102700,2023-08-26,Store 09,East,Home,Online,3,139.16,751.44,417.48,no,no
T102701,2024-02-19,Store 18,West,Toys,In-Store,7,185.92,1511.12,1301.44,no,no
T102702,2024-11-22,Store 14,West,Electronics,Online,23,151.33,6239.46,3480.59,no,no
T102703,2024-04-01,Store 18,West,Home,In-Store,26,28.16,968.44,732.16,no,no
T102704,2024-08-19,Store 14,West,Beauty,Online,7,118.58,1155.27,830.06,yes,no
T102705,2024-05-14,Store 12,South,Grocery,In-Store,24,68.06,1947.92,1633.44,no,yes
T102706,2024-09-01,Store 05,East,Electronics,Online,40,205.85,14358.83,8234.0,no,yes
T102707,2023-06-25,Store 01,East,Toys,Online,19,108.25,3395.5,2056.75,no,yes
T102708,2023-12-26,Store 02,West,Toys,In-Store,23,7.82,284.06,179.86,no,no
T102709,2023-11-25,Store 04,South,Electronics,In-Store,30,28.1,1219.33,843.0,no,yes
T102710,2023-10-07,Store 13,East,Toys,In-Store,39,113.58,8400.3,4429.62,no,yes
T102711,2023-04-06,Store 14,West,Home,In-Store,10,84.11,1011.12,841.1,no,no
T102712,2023-01-31,Store 14,West,Toys,Curbside,10,74.22,1231.57,742.2,no,no
T102713,2023-03-05,Store 18,West,Apparel,In-Store,11,181.37,3493.44,1995.07,no,no
T102714,2023-08-26,Store 04,South,Apparel,Curbside,31,99.74,5456.81,3091.94,no,yes
T102715,2024-06-16,Store 17,East,Beauty,Curbside,24,73.74,3324.33,1769.76,no,no
T102716,2024-07-08,Store 07,North,Home,Curbside,21,113.85,3204.16,2390.85,no,yes
T102717,2024-07-09,Store 08,South,Beauty,Curbside,12,38.86,581.13,466.32,no,no
T102718,2023-12-19,Store 15,North,Grocery,Curbside,35,40.57,2513.3,1419.95,no,yes
T102719,2024-09-24,Store 05,East,Apparel,Online,39,82.88,6518.44,3232.32,no,yes
T102720,2024-02-28,Store 02,West,Home,In-Store,19,65.58,1990.44,1246.02,no,no
T102721,2023-12-07,Store 12,South,Home,Online,32,173.54,8540.61,5553.28,no,no
T102722,2023-03-25,Store 05,East,Toys,In-Store,8,68.81,649.29,550.48,no,no
T102723,2023-02-23,Store 09,East,Toys,Curbside,20,22.3,890.6,446.0,no,no
T102724,2023-11-14,Store 04,South,Electronics,Online,14,100.99,2246.41,1413.86,yes,no
T102725,2024-09-29,Store 12,South,Grocery,Online,19,58.96,1437.96,1120.24,no,no
T102726,2023-05-28,Store 01,East,Apparel,Curbside,27,99.44,3938.17,2684.88,no,yes
T102727,2024-02-20,Store 04,South,Grocery,Curbside,15,150.16,3765.18,2252.4,no,yes
T102728,2024-11-15,Store 17,East,Grocery,Curbside,2,116.9,395.51,233.8,yes,no
T102729,2024-12-30,Store 14,West,Grocery,In-Store,28,65.53,2509.93,1834.84,no,yes
T102730,2024-08-08,Store 16,South,Home,Curbside,6,31.36,388.33,188.16,no,no
T102731,2024-11-25,Store 12,South,Grocery,In-Store,4,40.78,199.59,163.12,no,no
T102732,2024-01-19,Store 02,West,Electronics,In-Store,18,196.2,4106.15,3531.6,no,no
T102733,2024-12-01,Store 18,West,Apparel,Curbside,10,78.76,1023.72,787.6,no,yes
T102734,2023-08-21,Store 01,East,Grocery,In-Store,36,187.76,8654.28,6759.36,no,no
T102735,2023-10-25,Store 02,West,Grocery,Curbside,27,10.44,498.12,281.88,no,yes
T102736,2023-03-10,Store 01,East,Home,Curbside,2,85.35,242.78,170.7,no,no
T102737,2024-01-26,Store 06,West,Home,Curbside,15,88.89,1562.65,1333.35,no,yes
T102738,2024-06-08,Store 09,East,Grocery,Curbside,12,66.34,1224.4,796.08,no,yes
T102739,2024-01-12,Store 09,East,Electronics,Online,1,105.35,205.87,105.35,no,no
T102740,2023-05-07,Store 10,West,Electronics,In-Store,9,71.44,1268.04,642.96,no,no
T102741,2024-01-29,Store 01,East,Home,Online,12,141.91,2813.16,1702.92,no,yes
T102742,2023-03-16,Store 03,North,Grocery,Online,1,200.38,315.13,200.38,no,no
T102743,2023-04-13,Store 07,North,Electronics,Online,14,24.06,701.73,336.84,no,yes
T102744,2024-02-11,Store 16,South,Home,In-Store,34,34.52,1946.71,1173.68,no,yes
T102745,2023-10-23,Store 08,South,Toys,In-Store,26,158.86,8621.52,4130.36,no,yes
T102746,2024-09-12,Store 10,West,Beauty,Curbside,24,117.62,4341.44,2822.88,yes,no
T102747,2024-04-17,Store 16,South,Electronics,In-Store,19,130.52,3178.54,2479.88,yes,no
T102748,2023-07-03,Store 12,South,Electronics,In-Store,12,24.7,605.13,296.4,no,no
T102749,2023-08-15,Store 03,North,Grocery,Online,17,96.46,3224.93,1639.82,no,yes
T102750,2024-04-08,Store 08,South,Grocery,In-Store,34,33.0,1432.46,1122.0,no,yes
T102751,2023-01-08,Store 18,West,Apparel,Curbside,12,85.72,1714.6,1028.64,no,no
T102752,2023-12-31,Store 17,East,Apparel,In-Store,21,13.13,387.74,275.73,no,yes
T102753,2023-09-05,Store 16,South,Grocery,In-Store,33,106.54,6609.51,3515.82,no,no
T102754,2023-12-01,Store 18,West,Grocery,Curbside,37,195.61,11499.21,7237.57,no,no
T102755,2023-02-13,Store 02,West,Home,Curbside,33,136.37,7600.15,4500.21,no,yes
T102756,2023-03-24,Store 02,West,Grocery,Online,2,53.11,216.5,106.22,no,yes
T102757,2023-02-28,Store 08,South,Electronics,Curbside,24,41.18,1160.97,988.32,no,yes
T102758,2023-03-17,Store 08,South,Electronics,In-Store,4,134.03,808.1,536.12,no,no
T102759,2024-10-25,Store 08,South,Electronics,In-Store,20,175.66,4451.08,3513.2,no,yes
T102760,2023-09-16,Store 16,South,Beauty,Online,10,128.86,1784.27,1288.6,no,no
T102761,2024-08-24,Store 12,South,Grocery,Curbside,17,185.12,3920.89,3147.04,no,yes
T102762,2024-08-16,Store 09,East,Beauty,Curbside,18,211.37,5605.54,3804.66,no,yes
T102763,2024-06-20,Store 01,East,Home,In-Store,15,194.96,3677.88,2924.4,no,yes
T102764,2024-03-25,Store 11,North,Beauty,Online,15,151.38,4100.14,2270.7,no,yes
T102765,2024-12-21,Store 12,South,Grocery,Curbside,15,96.46,1919.42,1446.9,no,no
T102766,2023-02-08,Store 18,West,Grocery,In-Store,33,25.46,1064.06,840.18,no,no
T102767,2024-05-18,Store 18,West,Beauty,Online,15,132.25,2654.66,1983.75,no,no
T102768,2023-07-03,Store 13,East,Beauty,Curbside,8,158.09,2508.79,1264.72,no,no
T102769,2023-06-10,Store 12,South,Grocery,Online,29,116.96,4493.02,3391.84,no,no
T102770,2024-12-21,Store 09,East,Grocery,Curbside,14,28.86,711.52,404.04,no,no
T102771,2024-10-15,Store 08,South,Apparel,In-Store,11,111.14,2491.15,1222.54,no,no
T102772,2023-07-20,Store 03,North,Grocery,Online,20,92.77,3060.58,1855.4,no,no
T102773,2024-07-13,Store 01,East,Apparel,In-Store,13,33.25,772.24,432.25,no,no
T102774,2024-07-03,Store 12,South,Home,Online,21,82.25,2788.87,1727.25,no,yes
T102775,2023-01-06,Store 13,East,Home,Online,39,83.87,5712.8,3270.93,yes,yes
T102776,2024-06-25,Store 10,West,Grocery,Curbside,33,115.67,5519.81,3817.11,no,yes
T102777,2024-10-25,Store 13,East,Toys,Curbside,19,208.36,8162.98,3958.84,no,no
T102778,2023-07-31,Store 02,West,Apparel,In-Store,6,124.78,943.48,748.68,no,yes
T102779,2023-07-14,Store 14,West,Electronics,In-Store,15,122.42,2969.77,1836.3,no,yes
T102780,2024-12-17,Store 12,South,Beauty,Online,17,21.28,608.91,361.76,no,yes
T102781,2023-08-20,Store 12,South,Beauty,Curbside,2,42.89,104.04,85.78,no,yes
T102782,2024-01-29,Store 09,East,Toys,Online,12,79.61,1500.39,955.32,no,no
T102783,2024-05-22,Store 17,East,Apparel,Curbside,2,111.3,366.68,222.6,no,yes
T102784,2023-11-04,Store 06,West,Beauty,Curbside,39,69.51,3907.04,2710.89,no,no
T102785,2024-11-18,Store 15,North,Toys,In-Store,26,50.82,2254.69,1321.32,no,yes
T102786,2024-03-08,Store 01,East,Home,In-Store,21,97.79,3248.04,2053.59,no,no
T102787,2024-12-16,Store 09,East,Home,Curbside,33,69.46,4614.36,2292.18,no,no
T102788,2024-06-13,Store 16,South,Beauty,Curbside,1,67.33,84.19,67.33,no,yes
T102789,2024-02-24,Store 02,West,Home,In-Store,18,211.57,7719.43,3808.26,no,no
T102790,2023-11-05,Store 12,South,Electronics,Curbside,34,98.77,5186.15,3358.18,no,no
T102791,2023-09-16,Store 01,East,Apparel,In-Store,13,125.17,2237.72,1627.21,no,yes
T102792,2023-09-01,Store 07,North,Home,Online,25,26.55,1232.61,663.75,no,no
T102793,2024-06-12,Store 13,East,Toys,Online,4,106.13,636.71,424.52,no,yes
T102794,2023-05-27,Store 07,North,Apparel,Curbside,6,155.31,1552.14,931.86,no,no
T102795,2023-07-16,Store 03,North,Beauty,Online,30,52.01,2798.81,1560.3,no,no
T102796,2024-10-03,Store 13,East,Toys,Online,3,28.81,137.88,86.43,no,no
T102797,2023-05-02,Store 09,East,Apparel,Online,38,23.93,1577.62,909.34,yes,no
T102798,2024-05-09,Store 11,North,Electronics,Online,19,205.17,7777.63,3898.23,no,yes
T102799,2023-03-15,Store 18,West,Beauty,Online,6,154.24,1765.3,925.44,no,no
T102800,2023-04-28,Store 12,South,Home,In-Store,6,64.93,610.12,389.58,no,yes
T102801,2024-09-22,Store 03,North,Electronics,Online,3,135.42,541.68,406.26,no,no
T102802,2023-01-11,Store 15,North,Apparel,Online,4,188.6,1369.12,754.4,no,no
T102803,2024-12-20,Store 15,North,Toys,In-Store,4,181.15,890.68,724.6,no,yes
T102804,2024-07-23,Store 06,West,Electronics,Online,12,9.52,179.5,114.24,no,yes
T102805,2024-03-09,Store 04,South,Grocery,Online,7,5.59,68.42,39.13,no,yes
T102806,2024-06-10,Store 18,West,Beauty,In-Store,29,182.93,10744.28,5304.97,no,no
T102807,2024-10-18,Store 10,West,Grocery,Curbside,5,66.74,393.13,333.7,no,yes
T102808,2023-10-23,Store 11,North,Grocery,Curbside,31,23.18,1328.76,718.58,no,yes
T102809,2023-10-05,Store 08,South,Electronics,Curbside,1,168.33,275.99,168.33,no,yes
T102810,2023-01-30,Store 13,East,Beauty,Online,28,21.34,1083.66,597.52,no,no
T102811,2024-12-16,Store 14,West,Beauty,Online,35,3.72,173.65,130.2,no,yes
T102812,2024-10-26,Store 10,West,Grocery,In-Store,8,91.8,967.26,734.4,no,yes
T102813,2024-08-26,Store 03,North,Apparel,Online,18,153.53,4635.78,2763.54,no,no
T102814,2023-06-08,Store 11,North,Electronics,Curbside,14,181.01,3043.98,2534.14,no,no
T102815,2023-03-22,Store 16,South,Beauty,In-Store,36,77.36,5270.66,2784.96,no,yes
T102816,2024-02-28,Store 11,North,Apparel,Curbside,37,105.92,5171.26,3919.04,no,no
T102817,2023-01-02,Store 09,East,Grocery,Curbside,8,152.04,2007.82,1216.32,no,no
T102818,2023-03-10,Store 14,West,Apparel,Curbside,19,157.44,3562.51,2991.36,no,yes
T102819,2023-07-25,Store 09,East,Apparel,Curbside,37,166.43,10079.97,6157.91,no,yes
T102820,2024-10-20,Store 02,West,Home,In-Store,32,215.23,13096.6,6887.36,no,no
T102821,2024-10-15,Store 13,East,Apparel,In-Store,3,66.03,313.91,198.09,no,no
T102822,2024-04-09,Store 13,East,Electronics,Online,4,148.93,955.14,595.72,no,no
T102823,2023-07-10,Store 04,South,Toys,In-Store,17,123.12,3032.29,2093.04,no,no
T102824,2023-07-02,Store 01,East,Grocery,Online,29,219.95,12383.47,6378.55,no,no
T102825,2023-02-26,Store 17,East,Toys,Curbside,23,55.09,2000.5,1267.07,no,yes
T102826,2023-01-22,Store 01,East,Grocery,Online,21,4.65,125.67,97.65,no,yes
T102827,2023-07-20,Store 15,North,Home,In-Store,36,4.1,178.01,147.6,no,no
T102828,2023-03-26,Store 01,East,Electronics,Curbside,16,198.63,6012.83,3178.08,no,yes
T102829,2024-04-08,Store 17,East,Toys,Curbside,22,153.81,3932.17,3383.82,no,yes
T102830,2024-11-05,Store 11,North,Beauty,Curbside,36,109.87,7458.47,3955.32,no,yes
T102831,2023-01-14,Store 12,South,Electronics,Curbside,11,117.74,1928.23,1295.14,no,no
T102832,2023-12-06,Store 17,East,Grocery,Curbside,39,166.15,13435.84,6479.85,yes,no
T102833,2023-07-17,Store 14,West,Apparel,Curbside,33,202.59,10566.94,6685.47,no,yes
T102834,2024-09-11,Store 13,East,Beauty,Curbside,7,185.71,1626.58,1299.97,no,no
T102835,2024-03-27,Store 05,East,Electronics,Online,32,58.24,2397.77,1863.68,no,yes
T102836,2023-02-28,Store 05,East,Grocery,Curbside,29,183.22,9263.67,5313.38,no,no
T102837,2024-07-19,Store 07,North,Beauty,Online,29,211.18,10769.73,6124.22,no,yes
T102838,2024-10-21,Store 15,North,Toys,Curbside,19,144.6,5544.61,2747.4,no,yes
T102839,2024-09-11,Store 13,East,Electronics,Curbside,5,43.26,451.57,216.3,no,yes
T102840,2024-05-25,Store 07,North,Grocery,In-Store,8,155.91,1685.29,1247.28,no,yes
T102841,2024-01-31,Store 01,East,Grocery,In-Store,28,113.92,4911.86,3189.76,no,no
T102842,2024-01-11,Store 05,East,Toys,Online,18,145.12,3531.32,2612.16,no,no
T102843,2024-06-28,Store 02,West,Home,Online,29,77.59,4616.75,2250.11,no,no
T102844,2024-02-03,Store 08,South,Apparel,In-Store,35,61.08,3763.01,2137.8,yes,yes
T102845,2024-11-25,Store 16,South,Apparel,In-Store,39,56.24,4328.45,2193.36,no,yes
T102846,2024-01-19,Store 09,East,Home,Curbside,13,136.72,2940.08,1777.36,yes,yes
T102847,2024-07-04,Store 01,East,Apparel,In-Store,18,151.09,5458.52,2719.62,no,yes
T102848,2023-12-23,Store 11,North,Grocery,In-Store,11,133.49,2165.32,1468.39,no,yes
T102849,2024-11-06,Store 01,East,Electronics,Online,22,138.52,4225.71,3047.44,no,no
T102850,2024-02-06,Store 01,East,Grocery,Curbside,38,17.7,1403.44,672.6,no,yes
T102851,2024-05-12,Store 11,North,Home,Online,10,105.52,1830.43,1055.2,no,no
T102852,2023-11-09,Store 01,East,Beauty,Online,28,115.14,4917.28,3223.92,no,yes
T102853,2023-09-30,Store 01,East,Apparel,In-Store,10,169.76,2313.83,1697.6,no,yes
T102854,2023-02-16,Store 17,East,Grocery,Online,34,210.47,12308.57,7155.98,no,no
T102855,2023-05-08,Store 09,East,Toys,In-Store,35,125.87,6497.57,4405.45,no,no
T102856,2023-07-01,Store 16,South,Electronics,Curbside,36,164.29,7855.93,5914.44,no,no
T102857,2023-10-09,Store 01,East,Home,Curbside,4,216.37,1295.79,865.48,no,yes
T102858,2023-10-27,Store 11,North,Home,Online,38,21.82,1453.19,829.16,no,no
T102859,2024-04-25,Store 18,West,Electronics,In-Store,11,8.34,185.76,91.74,no,yes
T102860,2023-10-22,Store 02,West,Toys,Curbside,21,36.13,1587.06,758.73,yes,no
T102861,2024-03-12,Store 07,North,Apparel,Online,13,83.51,2256.02,1085.63,no,yes
T102862,2024-07-11,Store 12,South,Electronics,In-Store,34,16.18,868.01,550.12,yes,no
T102863,2024-12-02,Store 15,North,Apparel,Online,29,9.99,391.31,289.71,no,no
T102864,2023-12-23,Store 05,East,Beauty,Curbside,27,46.0,1464.65,1242.0,no,no
T102865,2024-11-17,Store 05,East,Home,Online,6,94.95,853.07,569.7,no,yes
T102866,2023-02-01,Store 03,North,Grocery,In-Store,34,88.89,4084.1,3022.26,no,yes
T102867,2024-07-12,Store 02,West,Toys,Curbside,36,47.21,2493.75,1699.56,no,yes
T102868,2024-10-08,Store 17,East,Beauty,In-Store,28,215.22,9864.0,6026.16,no,no
T102869,2024-09-26,Store 08,South,Toys,In-Store,36,15.16,642.17,545.76,no,yes
T102870,2023-09-08,Store 09,East,Beauty,In-Store,3,109.69,409.39,329.07,no,no
T102871,2023-07-01,Store 09,East,Beauty,Online,2,161.7,540.38,323.4,yes,no
T102872,2024-04-29,Store 11,North,Grocery,Curbside,7,4.46,59.29,31.22,no,no
T102873,2024-07-01,Store 08,South,Apparel,Online,34,111.55,6868.85,3792.7,no,yes
T102874,2023-08-28,Store 01,East,Electronics,In-Store,31,90.06,4641.8,2791.86,no,no
T102875,2024-12-16,Store 06,West,Beauty,In-Store,9,53.64,703.4,482.76,no,no
T102876,2024-11-26,Store 09,East,Toys,Curbside,32,200.56,8150.35,6417.92,no,yes
T102877,2023-02-01,Store 02,West,Beauty,In-Store,40,61.88,5061.93,2475.2,yes,no
T102878,2024-03-20,Store 15,North,Home,Curbside,25,54.38,1856.9,1359.5,no,no
T102879,2024-07-20,Store 06,West,Electronics,In-Store,2,29.83,84.67,59.66,no,yes
T102880,2023-03-23,Store 06,West,Home,In-Store,3,38.33,195.46,114.99,no,yes
T102881,2024-04-13,Store 03,North,Beauty,Online,34,51.35,3415.78,1745.9,no,no
T102882,2023-08-31,Store 03,North,Toys,In-Store,35,81.08,5095.18,2837.8,no,no
T102883,2024-03-07,Store 17,East,Home,Online,19,67.02,2233.51,1273.38,no,yes
T102884,2024-07-22,Store 12,South,Electronics,In-Store,9,121.51,2058.81,1093.59,no,no
T102885,2024-04-29,Store 10,West,Beauty,Curbside,28,38.74,2143.78,1084.72,no,yes
T102886,2023-10-14,Store 04,South,Electronics,Curbside,38,128.51,7060.59,4883.38,no,yes
T102887,2023-12-30,Store 17,East,Apparel,Curbside,8,32.91,456.3,263.28,no,yes
T102888,2024-03-23,Store 06,West,Electronics,Curbside,14,189.55,3479.42,2653.7,no,yes
T102889,2024-11-19,Store 01,East,Toys,Online,10,54.89,699.55,548.9,no,no
T102890,2024-05-27,Store 06,West,Beauty,Online,19,59.85,1476.73,1137.15,no,no
T102891,2023-05-31,Store 11,North,Apparel,Curbside,36,175.76,12957.53,6327.36,no,no
T102892,2024-11-19,Store 08,South,Toys,Online,13,46.23,923.27,600.99,no,no
T102893,2024-05-21,Store 12,South,Electronics,Online,6,117.05,1081.4,702.3,no,yes
T102894,2024-07-30,Store 13,East,Toys,Curbside,7,197.91,1987.61,1385.37,no,no
T102895,2024-05-16,Store 13,East,Apparel,In-Store,14,212.16,5631.8,2970.24,no,no
T102896,2024-01-18,Store 13,East,Apparel,Curbside,11,154.92,1993.98,1704.12,no,yes
T102897,2023-02-01,Store 12,South,Electronics,In-Store,27,170.18,6290.05,4594.86,no,yes
T102898,2023-11-11,Store 02,West,Grocery,Curbside,37,128.32,8507.19,4747.84,no,no
T102899,2023-10-28,Store 10,West,Electronics,In-Store,6,201.99,2339.66,1211.94,no,no
T102900,2023-07-13,Store 04,South,Grocery,Curbside,20,66.2,2759.99,1324.0,no,no
T102901,2023-04-30,Store 07,North,Grocery,Curbside,2,51.69,125.49,103.38,no,yes
T102902,2024-11-01,Store 16,South,Electronics,Curbside,38,49.53,2921.86,1882.14,no,no
T102903,2024-09-30,Store 16,South,Toys,Curbside,36,34.82,1496.73,1253.52,no,no
T102904,2023-06-02,Store 11,North,Toys,Curbside,26,163.84,5076.06,4259.84,no,no
T102905,2023-08-31,Store 08,South,Grocery,In-Store,30,17.36,1054.19,520.8,no,yes
T102906,2023-01-19,Store 05,East,Electronics,In-Store,24,196.8,5468.41,4723.2,no,no
T102907,2023-01-06,Store 14,West,Home,Curbside,8,126.69,1350.12,1013.52,no,yes
T102908,2023-02-25,Store 15,North,Toys,Curbside,27,135.93,4491.94,3670.11,no,yes
T102909,2024-02-05,Store 14,West,Home,In-Store,28,146.83,7132.72,4111.24,no,yes
T102910,2023-11-19,Store 18,West,Electronics,Curbside,3,113.08,515.79,339.24,no,yes
T102911,2023-11-03,Store 04,South,Grocery,Curbside,32,174.48,10357.2,5583.36,no,no
T102912,2024-05-22,Store 07,North,Toys,Online,2,25.96,104.53,51.92,no,no
T102913,2024-06-26,Store 18,West,Electronics,Curbside,16,15.58,432.52,249.28,no,no
T102914,2024-05-26,Store 11,North,Apparel,In-Store,35,6.47,323.11,226.45,no,no
T102915,2024-09-01,Store 13,East,Grocery,Curbside,31,163.66,8156.46,5073.46,no,no
T102916,2024-07-23,Store 14,West,Electronics,Curbside,26,135.89,5764.2,3533.14,no,no
T102917,2023-04-10,Store 02,West,Electronics,In-Store,1,107.68,144.78,107.68,no,no
T102918,2023-02-14,Store 06,West,Grocery,Online,34,188.57,9993.61,6411.38,no,yes
T102919,2024-03-22,Store 17,East,Electronics,Online,27,111.67,4363.68,3015.09,no,yes
T102920,2023-05-13,Store 01,East,Home,In-Store,19,10.46,266.61,198.74,no,no
T102921,2023-02-14,Store 06,West,Home,Curbside,34,199.56,9734.6,6785.04,no,no
T102922,2023-06-02,Store 05,East,Electronics,Curbside,23,13.1,357.42,301.3,no,yes
T102923,2023-10-11,Store 16,South,Grocery,Online,11,159.16,2566.43,1750.76,no,yes
T102924,2023-02-05,Store 18,West,Toys,In-Store,25,44.32,1540.02,1108.0,no,yes
T102925,2023-01-31,Store 01,East,Grocery,Online,37,13.6,745.19,503.2,no,no
T102926,2024-11-29,Store 13,East,Home,In-Store,31,101.04,5740.85,3132.24,no,yes
T102927,2023-09-06,Store 11,North,Home,Curbside,8,119.22,1665.72,953.76,no,yes
T102928,2024-12-05,Store 11,North,Grocery,In-Store,34,134.24,9309.33,4564.16,no,no
T102929,2024-02-09,Store 02,West,Toys,Curbside,27,56.0,2415.2,1512.0,no,yes
T102930,2023-12-11,Store 16,South,Beauty,Curbside,13,166.68,2530.03,2166.84,no,yes
T102931,2023-08-02,Store 14,West,Electronics,In-Store,30,84.58,4620.41,2537.4,yes,no
T102932,2023-03-28,Store 13,East,Electronics,Curbside,24,214.44,6111.99,5146.56,no,yes
T102933,2023-08-29,Store 18,West,Electronics,Online,29,28.53,1501.65,827.37,no,yes
T102934,2024-05-19,Store 05,East,Electronics,Curbside,29,188.97,11059.03,5480.13,yes,no
T102935,2024-04-22,Store 13,East,Apparel,Online,39,6.88,543.57,268.32,no,no
T102936,2023-02-24,Store 15,North,Grocery,In-Store,21,76.46,1949.99,1605.66,no,no
T102937,2023-10-04,Store 03,North,Electronics,In-Store,3,174.53,674.41,523.59,no,yes
T102938,2023-05-20,Store 13,East,Home,Curbside,38,136.38,6857.12,5182.44,no,no
T102939,2024-03-29,Store 07,North,Home,Online,9,90.52,1599.94,814.68,no,no
T102940,2023-12-09,Store 14,West,Grocery,In-Store,2,206.54,646.04,413.08,no,yes
T102941,2023-09-02,Store 02,West,Grocery,Curbside,16,166.0,3854.99,2656.0,no,no
T102942,2023-12-08,Store 06,West,Toys,Curbside,7,131.55,1704.06,920.85,no,yes
T102943,2023-07-18,Store 08,South,Apparel,Online,29,59.27,3236.99,1718.83,no,yes
T102944,2023-10-17,Store 09,East,Electronics,Curbside,40,147.22,11575.43,5888.8,no,yes
T102945,2024-12-21,Store 16,South,Toys,Curbside,27,131.28,7414.1,3544.56,no,no
T102946,2024-12-27,Store 11,North,Home,Online,22,13.92,356.46,306.24,no,no
T102947,2023-09-17,Store 02,West,Beauty,Online,21,208.62,6182.27,4381.02,no,no
T102948,2023-05-20,Store 17,East,Beauty,Online,23,185.4,7690.91,4264.2,yes,yes
T102949,2024-07-04,Store 13,East,Apparel,Online,23,31.24,1045.65,718.52,no,yes
T102950,2024-05-12,Store 12,South,Home,Online,21,158.0,4268.69,3318.0,no,yes
T102951,2023-03-14,Store 09,East,Home,Online,2,162.74,579.97,325.48,no,no
T102952,2023-03-21,Store 16,South,Home,Online,27,24.04,770.43,649.08,no,no
T102953,2023-04-20,Store 02,West,Apparel,In-Store,35,191.57,8497.84,6704.95,no,no
T102954,2024-03-27,Store 01,East,Electronics,Online,28,24.8,965.88,694.4,no,no
T102955,2023-02-07,Store 17,East,Home,In-Store,25,37.73,1300.77,943.25,no,no
T102956,2023-02-18,Store 02,West,Grocery,Curbside,9,194.23,2731.33,1748.07,no,yes
T102957,2024-05-15,Store 15,North,Home,In-Store,38,210.08,13239.36,7983.04,no,yes
T102958,2024-05-29,Store 08,South,Electronics,In-Store,30,208.47,8069.67,6254.1,no,no
T102959,2024-08-23,Store 03,North,Toys,In-Store,2,98.6,283.79,197.2,no,yes
T102960,2023-06-14,Store 04,South,Electronics,Curbside,16,135.34,3562.9,2165.44,no,no
T102961,2023-09-10,Store 15,North,Electronics,Curbside,10,141.96,2101.78,1419.6,no,no
T102962,2023-09-17,Store 02,West,Toys,Curbside,29,198.61,11807.16,5759.69,no,no
T102963,2023-01-24,Store 18,West,Toys,In-Store,26,71.19,3023.52,1850.94,no,no
T102964,2024-08-09,Store 02,West,Toys,Curbside,9,32.72,432.8,294.48,yes,yes
T102965,2023-11-30,Store 17,East,Apparel,Curbside,12,163.46,3703.85,1961.52,no,no
T102966,2023-05-13,Store 13,East,Home,In-Store,9,183.47,3423.16,1651.23,no,no
T102967,2024-02-02,Store 14,West,Home,Online,19,163.49,5276.11,3106.31,no,yes
T102968,2023-03-19,Store 05,East,Home,In-Store,20,174.77,7061.82,3495.4,no,no
T102969,2023-12-04,Store 05,East,Apparel,In-Store,26,201.49,6330.46,5238.74,yes,no
T102970,2023-12-26,Store 14,West,Grocery,In-Store,12,128.59,2998.2,1543.08,no,no
T102971,2024-11-26,Store 09,East,Beauty,Curbside,28,171.46,6354.11,4800.88,no,no
T102972,2024-12-13,Store 08,South,Beauty,Online,21,160.08,5714.76,3361.68,no,no
T102973,2024-05-29,Store 15,North,Grocery,In-Store,8,202.75,3048.63,1622.0,no,yes
T102974,2023-10-28,Store 02,West,Electronics,Curbside,32,134.93,5543.25,4317.76,no,yes
T102975,2023-10-19,Store 03,North,Grocery,Online,34,208.34,9243.66,7083.56,no,no
T102976,2024-01-11,Store 12,South,Beauty,In-Store,31,199.61,10223.26,6187.91,no,no
T102977,2024-04-09,Store 11,North,Grocery,Online,16,58.0,1293.48,928.0,no,no
T102978,2023-11-25,Store 11,North,Grocery,Online,11,119.51,1807.8,1314.61,no,no
T102979,2023-09-23,Store 02,West,Apparel,In-Store,32,127.08,5660.18,4066.56,no,yes
T102980,2023-04-12,Store 17,East,Grocery,In-Store,16,66.78,1690.1,1068.48,no,yes
T102981,2024-08-01,Store 03,North,Grocery,Curbside,34,146.06,7460.43,4966.04,no,yes
T102982,2024-05-01,Store 15,North,Apparel,Online,20,156.07,5617.23,3121.4,no,no
T102983,2023-07-08,Store 15,North,Electronics,In-Store,10,213.26,4326.67,2132.6,no,no
T102984,2023-11-04,Store 15,North,Grocery,Curbside,6,70.56,620.69,423.36,no,yes
T102985,2024-10-01,Store 15,North,Beauty,In-Store,11,134.96,1994.51,1484.56,no,yes
T102986,2023-11-10,Store 06,West,Toys,Curbside,18,110.02,2467.68,1980.36,no,yes
T102987,2023-11-27,Store 18,West,Electronics,Curbside,37,78.76,5008.64,2914.12,no,no
T102988,2024-04-02,Store 15,North,Beauty,In-Store,35,40.96,2254.69,1433.6,no,no
T102989,2023-05-12,Store 13,East,Home,In-Store,29,32.14,1236.72,932.06,no,yes
T102990,2023-02-08,Store 11,North,Home,Online,18,67.91,2259.13,1222.38,yes,yes
T102991,2023-08-09,Store 12,South,Home,Curbside,3,26.23,99.81,78.69,no,no
T102992,2023-02-03,Store 18,West,Apparel,In-Store,35,62.67,2860.84,2193.45,no,yes
T102993,2023-05-19,Store 10,West,Grocery,Curbside,18,199.88,6852.2,3597.84,yes,no
T102994,2023-11-26,Store 01,East,Beauty,In-Store,3,60.8,338.52,182.4,no,yes
T102995,2023-08-20,Store 16,South,Apparel,In-Store,39,120.11,7264.74,4684.29,no,yes
T102996,2023-10-16,Store 17,East,Home,Curbside,39,31.74,2378.32,1237.86,no,yes
T102997,2024-05-11,Store 15,North,Beauty,Curbside,5,187.3,1358.22,936.5,no,no
T102998,2024-09-26,Store 13,East,Electronics,In-Store,35,117.51,7313.64,4112.85,no,yes
T102999,2024-08-15,Store 07,North,Grocery,Online,34,127.9,7493.02,4348.6,yes,yes
T103000,2023-07-07,Store 11,North,Electronics,In-Store,24,172.24,7056.59,4133.76,no,yes
T103001,2024-04-15,Store 04,South,Apparel,Online,8,208.47,3088.62,1667.76,no,yes
T103002,2024-03-01,Store 14,West,Grocery,In-Store,14,118.29,2827.28,1656.06,no,no
T103003,2023-05-10,Store 09,East,Beauty,In-Store,30,166.96,8611.43,5008.8,no,no
T103004,2023-08-24,Store 03,North,Beauty,Curbside,6,35.38,372.0,212.28,yes,yes
T103005,2023-05-22,Store 03,North,Home,In-Store,34,42.58,2154.3,1447.72,no,yes
T103006,2024-08-30,Store 07,North,Toys,Curbside,21,170.13,5349.94,3572.73,no,yes
T103007,2023-07-24,Store 17,East,Home,Online,15,216.92,3868.94,3253.8,no,yes
T103008,2024-11-12,Store 14,West,Home,Online,11,114.5,1778.96,1259.5,no,yes
T103009,2024-11-25,Store 13,East,Toys,Online,23,217.03,6121.31,4991.69,no,no
T103010,2024-08-08,Store 14,West,Apparel,In-Store,10,105.25,1245.74,1052.5,no,yes
T103011,2024-03-10,Store 13,East,Apparel,Curbside,35,89.88,5360.68,3145.8,no,no
T103012,2024-12-13,Store 14,West,Toys,Curbside,16,103.17,2366.64,1650.72,no,no
T103013,2024-04-12,Store 09,East,Home,Curbside,8,150.28,2125.76,1202.24,no,yes
T103014,2024-07-22,Store 01,East,Grocery,Curbside,31,215.55,12780.72,6682.05,no,no
T103015,2023-08-17,Store 15,North,Home,Curbside,38,213.63,11873.21,8117.94,no,no
T103016,2024-12-01,Store 11,North,Grocery,In-Store,3,13.74,84.69,41.22,no,yes
T103017,2024-03-27,Store 01,East,Apparel,In-Store,1,193.94,295.33,193.94,no,yes
T103018,2023-11-08,Store 09,East,Beauty,Curbside,34,194.09,12297.75,6599.06,no,yes
T103019,2023-09-19,Store 17,East,Toys,Online,22,174.87,7259.65,3847.14,no,yes
T103020,2024-01-21,Store 06,West,Apparel,In-Store,17,124.25,3008.33,2112.25,no,yes
T103021,2023-12-24,Store 06,West,Toys,Online,10,45.05,532.07,450.5,no,yes
T103022,2023-03-03,Store 03,North,Grocery,Online,21,44.11,1811.45,926.31,no,no
T103023,2024-03-24,Store 13,East,Home,Curbside,39,133.77,9999.3,5217.03,no,yes
T103024,2023-04-26,Store 08,South,Home,Curbside,30,29.41,1219.03,882.3,no,no
T103025,2024-12-08,Store 13,East,Grocery,Online,34,65.67,3406.52,2232.78,no,no
T103026,2023-06-09,Store 06,West,Beauty,Curbside,7,187.29,1733.42,1311.03,no,no
T103027,2023-12-05,Store 17,East,Apparel,Online,15,50.65,999.87,759.75,no,yes
T103028,2023-08-31,Store 15,North,Beauty,Online,11,134.55,3024.43,1480.05,no,yes
T103029,2023-06-12,Store 05,East,Beauty,Online,31,126.11,6612.71,3909.41,no,no
T103030,2024-01-18,Store 11,North,Toys,Online,6,208.83,2526.38,1252.98,no,yes
T103031,2024-09-29,Store 13,East,Grocery,Online,17,166.33,5496.11,2827.61,no,yes
T103032,2023-03-10,Store 14,West,Home,Curbside,1,132.78,257.92,132.78,no,no
T103033,2024-09-17,Store 13,East,Home,In-Store,24,20.99,1027.54,503.76,no,yes
T103034,2024-02-10,Store 06,West,Beauty,Online,31,35.42,1732.93,1098.02,no,no
T103035,2023-09-10,Store 06,West,Beauty,In-Store,24,18.81,565.21,451.44,no,no
T103036,2023-03-17,Store 05,East,Apparel,Curbside,13,79.78,1807.89,1037.14,no,no
T103037,2023-02-23,Store 12,South,Electronics,In-Store,23,177.41,5175.93,4080.43,no,yes
T103038,2024-01-26,Store 16,South,Apparel,In-Store,33,166.73,11011.8,5502.09,no,yes
T103039,2024-03-21,Store 08,South,Electronics,In-Store,34,117.13,4959.3,3982.42,no,no
T103040,2023-06-20,Store 05,East,Apparel,Online,39,22.53,1011.7,878.67,no,no
T103041,2024-07-03,Store 12,South,Electronics,Curbside,33,79.96,5492.44,2638.68,yes,no
T103042,2024-07-23,Store 09,East,Grocery,In-Store,30,173.28,6100.7,5198.4,no,yes
T103043,2024-03-17,Store 08,South,Electronics,Online,37,65.79,3671.19,2434.23,no,yes
T103044,2024-01-30,Store 16,South,Electronics,Online,7,175.52,1932.38,1228.64,no,yes
T103045,2023-07-09,Store 12,South,Electronics,Online,20,40.69,1520.4,813.8,no,no
T103046,2024-07-03,Store 09,East,Apparel,Online,2,38.82,122.63,77.64,no,yes
T103047,2023-12-08,Store 08,South,Toys,Online,19,187.81,5763.35,3568.39,no,no
T103048,2023-12-09,Store 15,North,Toys,In-Store,14,140.67,3730.37,1969.38,no,yes
T103049,2023-03-21,Store 07,North,Home,Online,29,24.37,1003.63,706.73,no,yes
T103050,2024-12-02,Store 14,West,Home,Online,31,102.58,5783.85,3179.98,no,no
T103051,2023-08-13,Store 13,East,Toys,Curbside,8,174.97,2626.45,1399.76,no,no
T103052,2024-03-23,Store 10,West,Apparel,In-Store,30,167.92,7403.27,5037.6,no,no
T103053,2023-02-13,Store 05,East,Electronics,In-Store,5,119.48,940.77,597.4,no,no
T103054,2023-05-10,Store 09,East,Apparel,Online,1,218.05,259.84,218.05,no,yes
T103055,2023-09-21,Store 11,North,Toys,Online,35,141.77,6279.13,4961.95,no,no
T103056,2024-02-17,Store 16,South,Home,Curbside,39,151.73,9211.44,5917.47,no,yes
T103057,2024-07-06,Store 07,North,Apparel,Curbside,32,116.3,5018.25,3721.6,no,yes
T103058,2024-10-27,Store 16,South,Grocery,Curbside,2,218.06,650.42,436.12,no,no
T103059,2024-11-07,Store 09,East,Toys,Curbside,25,22.46,654.32,561.5,no,no
T103060,2024-03-25,Store 18,West,Beauty,In-Store,5,190.14,1342.83,950.7,no,no
T103061,2024-03-13,Store 04,South,Grocery,Curbside,20,27.79,883.47,555.8,no,no
T103062,2023-06-29,Store 06,West,Grocery,Online,30,159.64,8461.09,4789.2,no,yes
T103063,2023-10-03,Store 03,North,Electronics,In-Store,28,193.99,6796.82,5431.72,no,no
T103064,2024-12-17,Store 04,South,Toys,Online,21,179.87,4962.65,3777.27,no,yes
T103065,2023-04-17,Store 01,East,Beauty,Curbside,17,13.52,362.54,229.84,no,no
T103066,2023-04-16,Store 04,South,Home,Online,11,32.36,561.27,355.96,no,no
T103067,2023-01-14,Store 06,West,Home,In-Store,19,69.25,2711.92,1315.75,no,no
T103068,2023-03-17,Store 03,North,Grocery,Curbside,8,174.97,1840.27,1399.76,no,yes
T103069,2023-09-25,Store 17,East,Toys,Online,12,84.83,1525.06,1017.96,no,no
T103070,2024-10-15,Store 16,South,Home,Curbside,25,148.4,4347.21,3710.0,no,no
T103071,2023-07-19,Store 07,North,Electronics,Online,35,165.94,7211.31,5807.9,no,no
T103072,2024-03-10,Store 10,West,Apparel,Online,23,108.62,4159.25,2498.26,no,no
T103073,2024-08-15,Store 07,North,Grocery,Online,26,109.15,5638.08,2837.9,no,no
T103074,2024-04-01,Store 12,South,Electronics,Curbside,15,144.61,3624.26,2169.15,no,no
T103075,2023-09-25,Store 09,East,Grocery,Online,4,55.96,349.89,223.84,no,no
T103076,2024-03-11,Store 05,East,Toys,Online,20,43.97,1834.07,879.4,no,yes
T103077,2023-11-13,Store 05,East,Electronics,In-Store,4,219.06,1628.26,876.24,no,yes
T103078,2024-10-11,Store 18,West,Home,Curbside,29,206.15,10593.7,5978.35,no,no
T103079,2023-06-08,Store 02,West,Electronics,In-Store,32,204.14,13196.93,6532.48,no,no
T103080,2024-01-02,Store 12,South,Apparel,Online,36,30.2,2036.82,1087.2,no,no
T103081,2024-06-05,Store 11,North,Beauty,Curbside,17,62.06,1899.72,1055.02,no,yes
T103082,2023-01-07,Store 03,North,Toys,Online,1,52.93,72.84,52.93,no,no
T103083,2023-06-09,Store 10,West,Home,Online,12,15.04,356.49,180.48,no,yes
T103084,2023-11-19,Store 14,West,Grocery,Curbside,16,58.69,1334.74,939.04,no,no
T103085,2023-01-27,Store 16,South,Toys,Online,11,50.37,910.54,554.07,no,no
T103086,2024-09-12,Store 08,South,Toys,Curbside,28,129.74,4864.66,3632.72,no,yes
T103087,2024-10-24,Store 10,West,Home,Online,20,8.18,312.54,163.6,no,yes
T103088,2023-10-30,Store 05,East,Home,Online,32,174.51,8588.83,5584.32,no,yes
T103089,2024-08-15,Store 10,West,Toys,Online,10,180.59,2583.09,1805.9,no,yes
T103090,2024-05-20,Store 10,West,Toys,Curbside,18,148.1,3993.36,2665.8,no,yes
T103091,2023-07-13,Store 09,East,Beauty,In-Store,17,86.08,1930.56,1463.36,no,no
T103092,2023-01-04,Store 04,South,Beauty,Curbside,22,29.71,833.64,653.62,no,no
T103093,2024-02-21,Store 02,West,Toys,Online,11,32.08,679.15,352.88,no,no
T103094,2023-11-09,Store 12,South,Home,Curbside,15,167.17,4966.44,2507.55,no,yes
T103095,2024-08-30,Store 11,North,Grocery,Online,10,93.7,1369.6,937.0,no,yes
T103096,2023-11-03,Store 03,North,Electronics,Online,22,21.97,838.17,483.34,no,no
T103097,2023-12-08,Store 07,North,Home,Online,16,185.45,5981.03,2967.2,no,yes
T103098,2023-12-03,Store 09,East,Electronics,Curbside,35,133.4,7040.57,4669.0,no,yes
T103099,2023-02-27,Store 18,West,Beauty,Online,11,185.99,2610.0,2045.89,no,no
T103100,2024-07-02,Store 04,South,Home,Online,34,111.61,6764.02,3794.74,no,no
T103101,2023-12-22,Store 11,North,Electronics,In-Store,4,5.64,41.07,22.56,no,no
T103102,2023-10-28,Store 04,South,Grocery,In-Store,36,212.45,12274.3,7648.2,no,no
T103103,2023-05-18,Store 01,East,Beauty,In-Store,40,23.7,1659.86,948.0,no,yes
T103104,2024-06-29,Store 18,West,Toys,Curbside,10,54.59,904.48,545.9,no,no
T103105,2023-02-03,Store 15,North,Electronics,In-Store,15,87.27,2060.05,1309.05,no,yes
T103106,2023-03-06,Store 15,North,Grocery,In-Store,24,132.0,4809.41,3168.0,no,yes
T103107,2024-05-16,Store 11,North,Grocery,Online,3,210.14,1198.65,630.42,no,yes
T103108,2023-11-01,Store 05,East,Toys,Online,6,214.59,1531.98,1287.54,no,yes
T103109,2023-12-25,Store 06,West,Toys,In-Store,29,71.35,2459.66,2069.15,no,yes
T103110,2024-12-19,Store 12,South,Grocery,In-Store,13,15.6,326.44,202.8,no,no
T103111,2023-12-21,Store 14,West,Grocery,Curbside,37,94.08,4113.84,3480.96,no,no
T103112,2024-08-02,Store 17,East,Grocery,Online,3,149.27,928.29,447.81,no,yes
T103113,2024-10-17,Store 03,North,Beauty,Online,24,78.25,3279.41,1878.0,no,yes
T103114,2023-09-17,Store 04,South,Toys,Curbside,34,193.43,9918.64,6576.62,no,yes
T103115,2023-07-01,Store 04,South,Electronics,In-Store,21,155.04,4948.6,3255.84,no,no
T103116,2023-04-12,Store 03,North,Toys,Curbside,8,32.2,426.56,257.6,no,no
T103117,2024-11-04,Store 10,West,Beauty,Online,27,218.8,8219.73,5907.6,no,yes
T103118,2024-06-10,Store 08,South,Electronics,In-Store,40,32.84,1559.16,1313.6,yes,no
T103119,2023-05-23,Store 13,East,Home,Online,14,43.45,1157.51,608.3,yes,no
T103120,2023-10-09,Store 10,West,Toys,Curbside,15,5.24,122.0,78.6,no,yes
T103121,2024-06-21,Store 15,North,Electronics,Online,5,98.11,816.07,490.55,no,yes
T103122,2023-08-21,Store 08,South,Beauty,Online,35,88.07,6327.6,3082.45,no,yes
T103123,2023-12-10,Store 17,East,Toys,In-Store,18,13.31,330.48,239.58,no,yes
T103124,2024-11-07,Store 17,East,Toys,Online,40,216.61,16795.97,8664.4,no,no
T103125,2024-08-23,Store 14,West,Home,Curbside,21,29.08,889.78,610.68,no,yes
T103126,2023-07-19,Store 14,West,Toys,Online,31,3.58,161.99,110.98,no,yes
T103127,2024-10-31,Store 01,East,Grocery,Curbside,25,102.18,4746.59,2554.5,no,no
T103128,2023-02-25,Store 07,North,Electronics,Online,36,53.1,3953.47,1911.6,no,no
T103129,2024-10-21,Store 09,East,Beauty,Curbside,26,205.14,9631.84,5333.64,no,yes
T103130,2023-01-25,Store 08,South,Electronics,Curbside,15,173.3,5061.62,2599.5,no,yes
T103131,2024-08-11,Store 02,West,Apparel,Curbside,10,46.19,910.1,461.9,yes,yes
T103132,2024-02-06,Store 17,East,Apparel,Online,21,156.72,5658.46,3291.12,yes,yes
T103133,2023-08-24,Store 16,South,Beauty,Curbside,25,140.43,4729.82,3510.75,no,yes
T103134,2024-06-22,Store 03,North,Electronics,Online,10,131.97,1883.1,1319.7,no,yes
T103135,2024-05-31,Store 07,North,Beauty,In-Store,30,23.68,836.1,710.4,no,no
T103136,2023-11-16,Store 15,North,Toys,In-Store,19,62.7,1413.05,1191.3,no,yes
T103137,2023-02-19,Store 18,West,Beauty,Online,9,59.46,838.88,535.14,no,no
T103138,2023-12-15,Store 10,West,Electronics,Online,28,162.22,8280.11,4542.16,no,yes
T103139,2023-10-04,Store 09,East,Grocery,Curbside,5,202.95,1189.58,1014.75,no,no
T103140,2023-06-02,Store 16,South,Toys,Curbside,6,58.35,585.98,350.1,no,no
T103141,2023-08-14,Store 08,South,Apparel,Curbside,40,156.72,8960.57,6268.8,no,no
T103142,2023-12-16,Store 01,East,Grocery,Curbside,16,213.53,6062.2,3416.48,no,yes
T103143,2023-04-23,Store 04,South,Grocery,In-Store,28,137.46,6040.8,3848.88,no,no
T103144,2024-12-07,Store 16,South,Grocery,Curbside,6,120.8,1349.2,724.8,no,no
T103145,2024-12-01,Store 03,North,Electronics,Online,23,179.45,8352.94,4127.35,no,no
T103146,2024-07-21,Store 01,East,Apparel,In-Store,3,101.01,588.4,303.03,no,no
T103147,2023-08-11,Store 04,South,Electronics,Curbside,18,42.85,1409.7,771.3,no,no
T103148,2024-03-03,Store 17,East,Electronics,Curbside,19,74.75,1931.97,1420.25,no,yes
T103149,2023-04-10,Store 01,East,Home,Curbside,24,135.67,6485.86,3256.08,no,no
T103150,2024-07-19,Store 02,West,Beauty,Online,30,215.81,13146.16,6474.3,no,no
T103151,2023-05-17,Store 06,West,Electronics,In-Store,12,3.76,81.11,45.12,no,no
T103152,2024-08-31,Store 15,North,Grocery,Curbside,29,85.76,3208.12,2487.04,no,yes
T103153,2023-02-15,Store 09,East,Beauty,Online,10,62.56,1267.38,625.6,no,yes
T103154,2023-02-06,Store 18,West,Apparel,Online,17,195.08,5369.67,3316.36,no,yes
T103155,2024-11-12,Store 14,West,Home,In-Store,28,79.43,4597.92,2224.04,no,no
T103156,2024-12-03,Store 16,South,Apparel,Curbside,34,155.47,8702.39,5285.98,no,yes
T103157,2023-10-29,Store 17,East,Toys,Online,7,152.5,1263.21,1067.5,no,yes
T103158,2024-07-16,Store 06,West,Toys,Curbside,6,18.39,151.12,110.34,no,no
T103159,2023-06-17,Store 01,East,Grocery,Curbside,21,192.83,8492.33,4049.43,no,no
T103160,2024-01-27,Store 08,South,Home,Online,31,78.4,4815.03,2430.4,no,yes
T103161,2024-11-25,Store 13,East,Apparel,Online,16,78.67,2143.21,1258.72,no,no
T103162,2023-12-30,Store 18,West,Toys,Curbside,38,102.98,7152.7,3913.24,no,no
T103163,2023-06-09,Store 11,North,Apparel,Curbside,30,154.05,5679.64,4621.5,no,yes
T103164,2023-08-24,Store 04,South,Grocery,Curbside,24,43.23,1654.48,1037.52,no,no
T103165,2024-01-28,Store 11,North,Electronics,Curbside,30,78.76,4600.27,2362.8,yes,no
T103166,2024-04-14,Store 09,East,Home,In-Store,12,55.91,1177.14,670.92,no,yes
T103167,2024-06-16,Store 05,East,Grocery,Curbside,22,45.34,1830.19,997.48,no,yes
T103168,2024-07-14,Store 04,South,Apparel,In-Store,6,153.53,1557.15,921.18,no,no
T103169,2023-12-15,Store 04,South,Beauty,Curbside,20,32.95,1150.21,659.0,no,yes
T103170,2023-06-27,Store 01,East,Home,Online,38,23.42,1178.54,889.96,no,no
T103171,2023-08-31,Store 11,North,Beauty,In-Store,13,130.56,1960.95,1697.28,no,no
T103172,2024-09-18,Store 03,North,Electronics,Curbside,13,44.16,827.2,574.08,no,yes
T103173,2023-11-20,Store 17,East,Home,Online,15,12.06,349.88,180.9,no,no
T103174,2023-11-15,Store 05,East,Apparel,Online,11,63.07,1134.64,693.77,no,yes
T103175,2023-03-16,Store 11,North,Electronics,Online,22,14.81,495.42,325.82,no,no
T103176,2023-12-16,Store 16,South,Toys,Online,36,46.98,2569.27,1691.28,no,yes
T103177,2023-10-16,Store 18,West,Beauty,In-Store,34,103.57,5460.09,3521.38,no,yes
T103178,2024-03-27,Store 05,East,Grocery,Curbside,18,92.04,3205.7,1656.72,no,yes
T103179,2023-02-07,Store 13,East,Toys,Online,14,103.33,2587.65,1446.62,no,no
T103180,2024-07-19,Store 18,West,Electronics,Online,12,174.15,4360.84,2089.8,no,no
T103181,2024-03-27,Store 08,South,Beauty,Curbside,13,103.02,2450.87,1339.26,no,no
T103182,2023-01-14,Store 14,West,Beauty,Online,38,76.46,4705.42,2905.48,no,yes
T103183,2024-11-30,Store 15,North,Beauty,Curbside,3,159.35,702.17,478.05,no,no
T103184,2023-07-24,Store 05,East,Grocery,Curbside,33,181.78,11687.4,5998.74,no,no
T103185,2023-01-08,Store 02,West,Electronics,Curbside,36,55.18,2472.92,1986.48,no,no
T103186,2024-10-10,Store 16,South,Apparel,Curbside,3,213.33,1093.34,639.99,no,no
T103187,2024-12-24,Store 13,East,Apparel,In-Store,32,68.22,3828.09,2183.04,no,no
T103188,2023-01-27,Store 18,West,Grocery,Online,27,195.6,6391.03,5281.2,no,no
T103189,2023-03-29,Store 10,West,Home,Online,36,114.05,7352.39,4105.8,no,yes
T103190,2024-07-06,Store 18,West,Beauty,Online,14,45.02,1283.27,630.28,no,no
T103191,2024-02-06,Store 15,North,Electronics,In-Store,11,110.55,1689.82,1216.05,yes,yes
T103192,2024-06-24,Store 13,East,Toys,In-Store,8,37.83,480.0,302.64,no,no
T103193,2023-08-30,Store 01,East,Apparel,Online,31,55.57,3407.37,1722.67,no,yes
T103194,2024-12-12,Store 05,East,Beauty,In-Store,28,19.19,1021.23,537.32,no,no
T103195,2023-11-23,Store 10,West,Beauty,Online,16,189.96,4594.16,3039.36,no,yes
T103196,2024-11-22,Store 10,West,Grocery,In-Store,4,10.79,57.52,43.16,no,no
T103197,2023-09-05,Store 04,South,Beauty,Online,1,207.99,336.52,207.99,no,no
T103198,2023-08-08,Store 09,East,Electronics,In-Store,29,210.07,12683.61,6092.03,no,no
T103199,2024-11-25,Store 05,East,Beauty,Curbside,32,84.17,4989.15,2693.44,no,yes
T103200,2023-02-16,Store 17,East,Grocery,Online,34,142.38,9649.77,4840.92,no,no
T103201,2024-02-18,Store 11,North,Home,In-Store,19,70.86,1706.26,1346.34,no,no
T103202,2024-01-24,Store 18,West,Home,Online,12,108.16,2207.6,1297.92,no,yes
T103203,2023-10-19,Store 15,North,Grocery,Curbside,14,133.71,2736.25,1871.94,no,no
T103204,2023-04-16,Store 17,East,Apparel,Curbside,16,149.95,3094.56,2399.2,yes,no
T103205,2023-09-15,Store 01,East,Electronics,In-Store,32,17.15,958.15,548.8,yes,no
T103206,2024-04-12,Store 07,North,Grocery,Curbside,39,93.77,4669.36,3657.03,no,no
T103207,2023-11-09,Store 09,East,Home,Online,30,124.96,6299.32,3748.8,no,no
T103208,2024-10-16,Store 10,West,Beauty,In-Store,37,52.0,4013.78,1924.0,no,no
T103209,2024-07-24,Store 12,South,Grocery,In-Store,13,55.4,1472.07,720.2,no,yes
T103210,2023-05-05,Store 13,East,Grocery,Online,40,145.92,8105.35,5836.8,no,yes
T103211,2024-08-30,Store 08,South,Grocery,In-Store,3,184.6,837.97,553.8,no,no
T103212,2023-04-01,Store 05,East,Toys,Curbside,40,123.58,9744.94,4943.2,no,yes
T103213,2023-07-07,Store 16,South,Beauty,Curbside,31,159.92,10294.83,4957.52,yes,no
T103214,2024-03-18,Store 05,East,Grocery,In-Store,20,175.43,5366.61,3508.6,yes,yes
T103215,2024-02-21,Store 12,South,Electronics,In-Store,10,142.58,1710.35,1425.8,yes,no
T103216,2023-09-07,Store 13,East,Home,Curbside,37,45.95,3563.96,1700.15,no,no
T103217,2024-10-01,Store 16,South,Apparel,In-Store,1,155.63,226.54,155.63,no,no
T103218,2023-05-01,Store 01,East,Electronics,Online,31,206.7,11233.63,6407.7,no,yes
T103219,2024-01-21,Store 08,South,Electronics,In-Store,36,70.95,4213.12,2554.2,no,yes
T103220,2023-06-29,Store 07,North,Home,Online,2,58.63,220.03,117.26,no,yes
T103221,2024-11-29,Store 05,East,Electronics,Curbside,33,116.61,6152.91,3848.13,no,yes
T103222,2023-05-24,Store 13,East,Home,In-Store,37,55.46,2437.24,2052.02,no,no
T103223,2023-07-13,Store 04,South,Toys,Online,30,68.26,3711.29,2047.8,no,no
T103224,2024-01-31,Store 10,West,Electronics,Online,24,20.87,872.32,500.88,no,no
T103225,2024-08-03,Store 11,North,Electronics,Curbside,32,55.55,2575.93,1777.6,yes,no
T103226,2024-11-02,Store 16,South,Grocery,Online,4,180.14,1431.57,720.56,no,yes
T103227,2023-07-11,Store 16,South,Toys,Curbside,25,94.47,3998.94,2361.75,no,no
T103228,2023-04-16,Store 13,East,Apparel,Online,13,170.38,3597.25,2214.94,no,no
T103229,2023-12-23,Store 12,South,Toys,Online,13,165.81,2887.42,2155.53,no,no
T103230,2024-07-29,Store 02,West,Grocery,In-Store,20,124.78,3766.54,2495.6,no,no
T103231,2023-10-29,Store 15,North,Toys,In-Store,38,31.22,1844.14,1186.36,no,yes
T103232,2024-02-01,Store 12,South,Apparel,In-Store,14,6.93,143.9,97.02,no,no
T103233,2023-12-11,Store 04,South,Home,Curbside,38,24.0,1658.51,912.0,no,no
T103234,2024-06-23,Store 06,West,Apparel,Online,27,155.79,5580.93,4206.33,yes,no
T103235,2023-11-28,Store 18,West,Electronics,In-Store,5,51.85,405.35,259.25,no,yes
T103236,2023-02-12,Store 16,South,Toys,In-Store,26,38.42,1710.3,998.92,no,yes
T103237,2023-07-26,Store 06,West,Electronics,In-Store,20,180.1,6786.41,3602.0,no,no
T103238,2024-08-16,Store 12,South,Grocery,In-Store,38,68.14,5405.15,2589.32,no,no
T103239,2023-04-14,Store 02,West,Toys,In-Store,26,133.26,5982.86,3464.76,yes,yes
T103240,2023-06-18,Store 11,North,Grocery,In-Store,20,80.06,2741.72,1601.2,no,no
T103241,2024-04-03,Store 17,East,Toys,Online,29,172.35,5935.37,4998.15,no,no
T103242,2023-05-05,Store 15,North,Beauty,Online,2,62.95,261.87,125.9,no,no
T103243,2024-02-09,Store 15,North,Beauty,Curbside,14,78.92,1882.4,1104.88,no,no
T103244,2023-06-08,Store 11,North,Beauty,In-Store,27,102.87,3338.34,2777.49,no,yes
T103245,2024-11-01,Store 01,East,Beauty,Curbside,10,85.52,1275.7,855.2,no,no
T103246,2023-04-22,Store 11,North,Home,In-Store,28,45.94,1638.31,1286.32,no,yes
T103247,2024-08-08,Store 08,South,Grocery,Curbside,7,13.04,182.91,91.28,no,yes
T103248,2023-10-10,Store 04,South,Electronics,Online,7,36.16,325.58,253.12,no,no
T103249,2023-01-27,Store 01,East,Electronics,Online,16,46.95,992.33,751.2,no,yes
T103250,2024-07-11,Store 01,East,Toys,In-Store,4,161.46,971.51,645.84,no,yes
T103251,2023-10-24,Store 18,West,Home,Online,17,127.54,3706.57,2168.18,no,yes
T103252,2024-11-17,Store 17,East,Grocery,Curbside,24,200.11,8933.91,4802.64,no,no
T103253,2024-11-24,Store 08,South,Apparel,Online,22,193.97,7816.46,4267.34,no,no
T103254,2023-12-19,Store 08,South,Toys,In-Store,1,183.84,283.63,183.84,no,no
T103255,2024-03-04,Store 05,East,Beauty,Curbside,16,202.23,4617.58,3235.68,no,yes
T103256,2023-05-28,Store 13,East,Beauty,Curbside,35,8.28,392.84,289.8,no,no
T103257,2024-03-26,Store 12,South,Grocery,Curbside,26,16.37,689.91,425.62,no,yes
T103258,2023-06-03,Store 01,East,Beauty,In-Store,15,36.18,891.44,542.7,no,yes
T103259,2023-01-21,Store 14,West,Grocery,Online,14,209.66,3841.01,2935.24,no,no
T103260,2023-10-31,Store 08,South,Apparel,Online,14,80.54,1975.03,1127.56,no,yes
T103261,2024-09-28,Store 07,North,Home,Curbside,37,132.24,5704.78,4892.88,no,no
T103262,2024-11-24,Store 06,West,Beauty,Online,13,20.11,520.48,261.43,no,no
T103263,2023-05-16,Store 12,South,Apparel,Curbside,23,107.17,3327.54,2464.91,no,yes
T103264,2024-08-22,Store 12,South,Beauty,In-Store,10,177.87,2842.14,1778.7,no,no
T103265,2023-09-20,Store 03,North,Electronics,In-Store,32,42.48,2629.36,1359.36,no,no
T103266,2024-07-13,Store 06,West,Toys,Curbside,7,4.94,51.58,34.58,no,yes
T103267,2023-12-26,Store 13,East,Electronics,Curbside,25,117.62,3635.06,2940.5,no,yes
T103268,2023-11-02,Store 15,North,Toys,In-Store,5,182.67,1801.49,913.35,no,no
T103269,2024-05-06,Store 04,South,Beauty,Online,11,36.17,644.3,397.87,no,no
T103270,2023-10-14,Store 10,West,Grocery,Curbside,11,134.56,1988.41,1480.16,no,yes
T103271,2024-11-14,Store 18,West,Toys,Curbside,5,51.96,352.54,259.8,no,no
T103272,2023-02-01,Store 13,East,Toys,Curbside,19,161.43,4247.07,3067.17,no,no
T103273,2024-07-10,Store 02,West,Toys,In-Store,16,190.8,5851.9,3052.8,no,no
T103274,2023-12-29,Store 18,West,Toys,Curbside,22,24.56,1102.59,540.32,yes,no
T103275,2024-06-18,Store 17,East,Toys,Curbside,37,57.71,4253.95,2135.27,no,no
T103276,2024-08-30,Store 12,South,Electronics,Online,22,126.44,4637.71,2781.68,no,no
T103277,2023-12-13,Store 01,East,Toys,Online,40,38.01,1891.01,1520.4,no,yes
T103278,2024-10-09,Store 06,West,Home,Curbside,3,156.85,570.99,470.55,yes,yes
T103279,2023-06-02,Store 05,East,Electronics,In-Store,9,143.46,2030.13,1291.14,no,yes
T103280,2023-05-06,Store 15,North,Apparel,Curbside,14,186.43,5472.68,2610.02,no,yes
T103281,2024-05-02,Store 11,North,Electronics,Curbside,15,148.44,3279.05,2226.6,yes,no
T103282,2024-06-26,Store 15,North,Toys,Curbside,21,167.24,5383.88,3512.04,no,yes
T103283,2023-08-28,Store 08,South,Beauty,Curbside,32,119.99,7185.45,3839.68,no,no
T103284,2023-11-26,Store 13,East,Toys,Curbside,31,108.96,5913.72,3377.76,no,yes
T103285,2024-08-10,Store 16,South,Apparel,Online,17,133.66,4112.31,2272.22,no,no
T103286,2023-12-21,Store 17,East,Beauty,Curbside,15,161.23,4372.93,2418.45,no,no
T103287,2023-10-25,Store 11,North,Apparel,Curbside,10,177.21,2347.1,1772.1,yes,no
T103288,2024-12-04,Store 11,North,Grocery,In-Store,10,193.7,3871.38,1937.0,no,yes
T103289,2023-01-15,Store 08,South,Toys,Online,17,143.15,3099.45,2433.55,no,yes
T103290,2023-04-27,Store 17,East,Apparel,Curbside,36,154.78,8053.38,5572.08,no,no
T103291,2024-10-16,Store 06,West,Electronics,In-Store,1,75.39,141.25,75.39,no,no
T103292,2024-03-22,Store 07,North,Home,Online,31,193.8,8504.54,6007.8,no,no
T103293,2024-01-21,Store 12,South,Apparel,Curbside,33,161.24,7117.65,5320.92,no,no
T103294,2024-11-02,Store 15,North,Grocery,Curbside,35,200.61,13042.26,7021.35,no,no
T103295,2024-02-17,Store 10,West,Toys,Online,18,39.26,1096.5,706.68,no,yes
T103296,2024-05-26,Store 04,South,Grocery,Curbside,21,19.56,702.82,410.76,no,no
T103297,2023-01-26,Store 06,West,Electronics,Curbside,11,133.53,1769.26,1468.83,no,no
T103298,2023-11-20,Store 16,South,Grocery,Online,25,39.16,2000.22,979.0,no,yes
T103299,2023-08-12,Store 06,West,Toys,Curbside,28,169.96,9883.41,4758.88,no,yes
T103300,2023-07-09,Store 12,South,Home,In-Store,10,25.58,337.48,255.8,yes,yes
T103301,2024-10-21,Store 05,East,Toys,Curbside,19,100.16,2586.01,1903.04,no,no
T103302,2023-07-09,Store 08,South,Toys,In-Store,23,159.89,5083.95,3677.47,no,yes
T103303,2023-01-24,Store 15,North,Toys,In-Store,13,113.39,1740.96,1474.07,no,no
T103304,2023-09-29,Store 10,West,Electronics,Curbside,18,59.79,1678.15,1076.22,no,no
T103305,2023-11-30,Store 07,North,Home,Curbside,34,108.1,5482.11,3675.4,no,no
T103306,2023-03-03,Store 13,East,Toys,In-Store,31,204.04,13072.26,6325.24,no,no
T103307,2024-03-30,Store 16,South,Electronics,In-Store,3,219.92,1067.96,659.76,no,no
T103308,2024-04-13,Store 05,East,Toys,Online,18,93.37,2668.34,1680.66,no,yes
T103309,2024-08-30,Store 12,South,Apparel,Online,5,160.79,1444.43,803.95,no,yes
T103310,2024-06-15,Store 11,North,Electronics,In-Store,32,109.07,4026.15,3490.24,no,no
T103311,2024-07-05,Store 13,East,Apparel,In-Store,2,104.73,254.25,209.46,no,no
T103312,2024-02-25,Store 05,East,Electronics,Curbside,23,104.37,4754.46,2400.51,no,no
T103313,2024-04-16,Store 17,East,Apparel,Curbside,33,213.47,13872.84,7044.51,no,no
T103314,2023-12-11,Store 15,North,Toys,Online,8,178.64,2243.39,1429.12,no,no
T103315,2024-09-17,Store 10,West,Toys,In-Store,35,122.74,6956.24,4295.9,no,no
T103316,2024-10-01,Store 18,West,Toys,Curbside,39,107.02,5634.76,4173.78,no,no
T103317,2023-07-10,Store 03,North,Grocery,Curbside,35,151.84,10892.85,5314.4,no,no
T103318,2023-10-31,Store 04,South,Beauty,Online,3,139.27,799.78,417.81,no,yes
T103319,2024-03-23,Store 04,South,Beauty,Curbside,27,90.48,3790.96,2442.96,yes,no
T103320,2024-10-23,Store 10,West,Electronics,In-Store,40,178.43,11286.32,7137.2,no,no
T103321,2023-02-13,Store 08,South,Electronics,Online,15,146.02,3240.54,2190.3,no,no
T103322,2024-11-07,Store 10,West,Apparel,In-Store,10,99.93,1612.24,999.3,no,no
T103323,2024-01-23,Store 08,South,Grocery,Curbside,6,90.5,815.16,543.0,no,no
T103324,2024-11-02,Store 16,South,Apparel,Online,36,212.2,15513.44,7639.2,no,yes
T103325,2023-04-05,Store 10,West,Beauty,Curbside,28,33.65,1198.32,942.2,no,no
T103326,2023-09-23,Store 06,West,Electronics,Online,18,138.55,4933.65,2493.9,no,yes
T103327,2024-11-16,Store 16,South,Apparel,Online,5,156.47,1087.37,782.35,no,no
T103328,2024-02-01,Store 03,North,Apparel,Online,30,175.22,6848.59,5256.6,no,no
T103329,2024-10-20,Store 06,West,Electronics,Curbside,40,16.91,908.41,676.4,no,no
T103330,2024-12-24,Store 08,South,Beauty,In-Store,2,64.25,198.04,128.5,no,yes
T103331,2024-04-27,Store 04,South,Toys,In-Store,23,86.4,2542.13,1987.2,no,yes
T103332,2024-12-22,Store 10,West,Beauty,Curbside,14,7.85,144.22,109.9,no,yes
T103333,2024-06-23,Store 12,South,Home,In-Store,21,37.4,1188.95,785.4,no,no
T103334,2023-05-07,Store 04,South,Grocery,Online,15,195.22,3381.8,2928.3,no,no
T103335,2023-10-25,Store 14,West,Toys,Online,6,203.0,2002.41,1218.0,no,no
T103336,2023-05-20,Store 15,North,Home,In-Store,9,55.37,850.31,498.33,no,yes
T103337,2024-11-02,Store 02,West,Apparel,Curbside,15,98.93,1985.97,1483.95,no,no
T103338,2024-01-25,Store 15,North,Apparel,Online,26,120.43,4679.05,3131.18,yes,no
T103339,2023-11-05,Store 08,South,Apparel,In-Store,37,79.83,6092.21,2953.71,no,no
T103340,2023-12-05,Store 17,East,Apparel,Online,2,204.37,579.17,408.74,no,no
T103341,2023-07-12,Store 16,South,Grocery,Online,29,86.47,4779.46,2507.63,no,yes
T103342,2024-06-30,Store 02,West,Toys,Online,20,98.31,2465.27,1966.2,no,yes
T103343,2024-12-09,Store 05,East,Electronics,In-Store,6,118.93,1451.82,713.58,no,no
T103344,2024-04-19,Store 05,East,Toys,Curbside,10,72.92,1373.73,729.2,no,no
T103345,2023-08-03,Store 17,East,Apparel,Online,24,148.57,4427.09,3565.68,no,no
T103346,2023-02-15,Store 17,East,Beauty,Online,11,123.54,2396.88,1358.94,yes,yes
T103347,2023-06-22,Store 15,North,Apparel,Curbside,5,67.61,675.57,338.05,no,yes
T103348,2024-06-10,Store 16,South,Apparel,In-Store,22,36.71,1398.81,807.62,no,yes
T103349,2024-09-29,Store 10,West,Beauty,Curbside,14,36.97,709.02,517.58,no,yes
T103350,2024-04-25,Store 16,South,Apparel,In-Store,14,132.48,3679.28,1854.72,no,yes
T103351,2023-12-02,Store 05,East,Electronics,Online,19,25.39,617.2,482.41,yes,no
T103352,2024-01-01,Store 13,East,Electronics,In-Store,30,28.27,1312.27,848.1,yes,no
T103353,2024-09-04,Store 08,South,Apparel,In-Store,23,166.28,7375.82,3824.44,yes,no
T103354,2024-12-23,Store 05,East,Apparel,Curbside,27,128.96,7293.75,3481.92,no,yes
T103355,2023-06-29,Store 04,South,Grocery,In-Store,21,111.98,4864.71,2351.58,no,yes
T103356,2024-09-23,Store 01,East,Electronics,Online,24,112.77,4188.72,2706.48,no,no
T103357,2023-08-18,Store 07,North,Grocery,In-Store,39,100.27,5476.56,3910.53,no,no
T103358,2024-06-08,Store 14,West,Grocery,In-Store,18,159.67,3408.57,2874.06,no,no
T103359,2023-10-19,Store 06,West,Beauty,In-Store,32,194.16,11980.1,6213.12,yes,no
T103360,2023-11-14,Store 03,North,Home,In-Store,33,168.7,7417.57,5567.1,no,no
T103361,2024-11-28,Store 09,East,Grocery,In-Store,23,4.24,163.91,97.52,no,no
T103362,2023-05-01,Store 03,North,Grocery,Curbside,34,186.57,9898.94,6343.38,no,no
T103363,2024-05-12,Store 16,South,Toys,Online,4,198.67,1140.79,794.68,no,no
T103364,2023-05-28,Store 05,East,Beauty,Curbside,29,120.6,5438.57,3497.4,no,no
T103365,2023-02-07,Store 09,East,Beauty,In-Store,19,118.99,4729.6,2260.81,no,no
T103366,2023-12-29,Store 10,West,Apparel,Curbside,33,214.71,10666.62,7085.43,no,yes
T103367,2023-12-05,Store 03,North,Grocery,In-Store,33,217.78,9867.61,7186.74,no,yes
T103368,2023-05-08,Store 06,West,Grocery,In-Store,15,142.49,4408.95,2137.35,no,yes
T103369,2023-08-11,Store 13,East,Beauty,In-Store,33,135.76,5665.36,4480.08,no,no
T103370,2023-01-30,Store 12,South,Apparel,Online,26,76.98,3836.21,2001.48,no,yes
T103371,2023-08-19,Store 12,South,Apparel,Online,23,91.8,3142.61,2111.4,no,yes
T103372,2024-02-26,Store 05,East,Electronics,Online,30,21.12,1114.04,633.6,yes,no
T103373,2023-01-12,Store 05,East,Electronics,Curbside,40,87.96,4436.37,3518.4,no,yes
T103374,2023-12-25,Store 09,East,Electronics,Online,17,163.47,5217.89,2778.99,no,no
T103375,2024-06-20,Store 04,South,Toys,Online,35,48.55,2955.87,1699.25,no,yes
T103376,2023-12-13,Store 16,South,Grocery,Curbside,35,162.92,7740.7,5702.2,no,no
T103377,2023-04-09,Store 02,West,Home,Online,12,62.1,1365.81,745.2,no,yes
T103378,2024-12-25,Store 13,East,Apparel,Online,35,163.22,7070.33,5712.7,no,no
T103379,2024-04-09,Store 14,West,Toys,Online,11,8.59,186.33,94.49,no,no
T103380,2024-09-22,Store 02,West,Home,In-Store,19,164.63,5949.28,3127.97,no,no
T103381,2024-06-16,Store 10,West,Apparel,In-Store,1,17.87,36.66,17.87,yes,yes
T103382,2024-05-11,Store 14,West,Electronics,In-Store,27,108.7,5702.96,2934.9,no,no
T103383,2024-06-26,Store 09,East,Electronics,Online,7,152.47,2198.35,1067.29,no,yes
T103384,2023-10-08,Store 10,West,Toys,Online,24,59.04,2095.79,1416.96,no,no
T103385,2023-09-12,Store 16,South,Beauty,In-Store,13,17.18,278.12,223.34,no,no
T103386,2023-05-07,Store 06,West,Toys,Curbside,33,136.87,9421.43,4516.71,no,no
T103387,2024-10-30,Store 15,North,Beauty,Online,31,50.3,2370.83,1559.3,no,no
T103388,2023-08-15,Store 03,North,Home,In-Store,38,4.95,216.45,188.1,no,no
T103389,2023-05-10,Store 05,East,Electronics,In-Store,37,60.65,3664.18,2244.05,no,no
T103390,2023-11-15,Store 17,East,Electronics,Curbside,11,39.53,833.77,434.83,no,yes
T103391,2024-12-14,Store 15,North,Toys,Online,37,74.13,5478.64,2742.81,no,yes
T103392,2024-12-18,Store 18,West,Apparel,Curbside,27,219.98,10167.18,5939.46,no,no
T103393,2024-05-20,Store 16,South,Beauty,Online,17,164.63,4887.47,2798.71,no,yes
T103394,2024-10-10,Store 07,North,Beauty,Curbside,26,212.52,9242.98,5525.52,no,no
T103395,2024-02-08,Store 13,East,Electronics,In-Store,29,162.06,7928.87,4699.74,no,yes
T103396,2024-01-24,Store 03,North,Electronics,In-Store,16,194.34,4606.15,3109.44,no,no
T103397,2023-03-14,Store 03,North,Home,Online,18,108.21,2869.77,1947.78,no,no
T103398,2023-03-30,Store 11,North,Toys,Curbside,18,169.46,3713.41,3050.28,no,yes
T103399,2024-11-14,Store 06,West,Toys,Curbside,19,146.26,3211.21,2778.94,no,yes
T103400,2023-09-06,Store 02,West,Electronics,In-Store,14,143.15,3527.6,2004.1,no,no
T103401,2024-08-28,Store 05,East,Electronics,In-Store,8,112.76,1694.8,902.08,no,no
T103402,2024-03-28,Store 17,East,Home,Curbside,24,101.81,3854.22,2443.44,no,no
T103403,2024-01-08,Store 10,West,Electronics,Curbside,32,93.82,3605.48,3002.24,no,yes
T103404,2024-09-15,Store 09,East,Toys,Online,23,208.18,7448.31,4788.14,no,yes
T103405,2024-03-28,Store 12,South,Apparel,In-Store,31,87.33,3344.16,2707.23,no,yes
T103406,2023-01-31,Store 12,South,Beauty,Online,26,210.78,8035.12,5480.28,no,no
T103407,2023-02-06,Store 18,West,Grocery,Online,25,187.05,9085.58,4676.25,no,yes
T103408,2023-08-28,Store 17,East,Apparel,Curbside,26,72.55,3412.37,1886.3,yes,yes
T103409,2024-11-06,Store 08,South,Beauty,Curbside,23,102.64,4557.06,2360.72,no,no
T103410,2024-01-12,Store 16,South,Apparel,Online,10,124.62,1955.13,1246.2,no,no
T103411,2024-12-04,Store 18,West,Beauty,Curbside,30,162.97,6393.47,4889.1,no,no
T103412,2023-02-14,Store 13,East,Beauty,In-Store,39,23.6,1494.21,920.4,no,yes
T103413,2023-09-03,Store 06,West,Electronics,Online,9,88.16,1204.18,793.44,no,yes
T103414,2024-12-15,Store 17,East,Electronics,In-Store,22,108.76,4349.44,2392.72,no,no
T103415,2024-08-16,Store 16,South,Electronics,Curbside,27,200.25,10203.19,5406.75,no,yes
T103416,2023-07-07,Store 01,East,Home,Online,8,200.15,2428.48,1601.2,no,no
T103417,2023-08-19,Store 14,West,Home,Online,18,18.87,617.69,339.66,no,no
T103418,2024-01-13,Store 02,West,Grocery,Curbside,32,200.7,10328.21,6422.4,yes,no
T103419,2024-05-13,Store 02,West,Electronics,Curbside,32,33.26,2201.48,1064.32,yes,no
T103420,2023-03-05,Store 12,South,Toys,In-Store,39,204.37,14802.21,7970.43,no,yes
T103421,2024-08-15,Store 06,West,Apparel,Curbside,8,100.41,1356.48,803.28,yes,yes
T103422,2023-03-08,Store 01,East,Electronics,In-Store,15,204.5,6434.62,3067.5,no,yes
T103423,2023-10-20,Store 03,North,Home,Online,3,131.14,623.49,393.42,no,no
T103424,2023-08-27,Store 08,South,Beauty,Curbside,33,90.48,5727.24,2985.84,no,no
T103425,2024-03-03,Store 11,North,Toys,Online,16,119.46,2449.14,1911.36,no,yes
T103426,2024-06-23,Store 11,North,Toys,Online,11,209.93,4178.86,2309.23,no,yes
T103427,2023-02-04,Store 15,North,Toys,Curbside,12,196.68,3566.96,2360.16,no,no
T103428,2023-10-20,Store 15,North,Toys,Online,5,59.06,423.69,295.3,no,no
T103429,2023-02-11,Store 07,North,Grocery,Online,4,82.25,563.44,329.0,no,yes
T103430,2023-11-29,Store 10,West,Grocery,In-Store,2,133.1,485.54,266.2,no,yes
T103431,2023-04-16,Store 18,West,Grocery,In-Store,21,56.84,1468.07,1193.64,no,yes
T103432,2023-08-23,Store 17,East,Beauty,Curbside,35,207.06,11133.99,7247.1,no,yes
T103433,2023-04-17,Store 13,East,Beauty,Online,14,206.66,4105.11,2893.24,no,no
T103434,2023-03-09,Store 16,South,Home,In-Store,33,16.24,876.94,535.92,no,yes
T103435,2024-03-24,Store 09,East,Beauty,In-Store,34,156.47,8225.73,5319.98,no,no
T103436,2024-05-09,Store 02,West,Apparel,Curbside,14,61.14,1180.8,855.96,no,no
T103437,2023-08-02,Store 15,North,Electronics,Online,34,108.59,5533.08,3692.06,no,no
T103438,2023-02-05,Store 16,South,Toys,In-Store,11,4.9,74.32,53.9,no,yes
T103439,2024-02-26,Store 09,East,Electronics,Online,2,54.93,128.58,109.86,no,no
T103440,2024-12-27,Store 14,West,Home,Online,27,147.48,6529.65,3981.96,no,yes
T103441,2024-03-05,Store 14,West,Grocery,Curbside,7,186.49,2521.13,1305.43,no,no
T103442,2024-02-18,Store 01,East,Apparel,Curbside,21,127.88,3401.15,2685.48,no,yes
T103443,2024-02-19,Store 06,West,Electronics,Curbside,8,117.55,1187.55,940.4,no,yes
T103444,2024-05-19,Store 08,South,Apparel,Curbside,6,130.53,1359.03,783.18,no,no
T103445,2024-10-21,Store 18,West,Home,Online,23,165.76,5414.14,3812.48,no,no
T103446,2023-10-22,Store 15,North,Toys,Online,26,180.65,8599.87,4696.9,no,yes
T103447,2023-05-24,Store 15,North,Beauty,In-Store,32,201.66,12068.67,6453.12,no,yes
T103448,2024-06-22,Store 08,South,Beauty,Online,21,200.16,6164.8,4203.36,no,no
T103449,2024-05-04,Store 12,South,Toys,Curbside,31,33.45,1507.79,1036.95,no,yes
T103450,2024-03-30,Store 15,North,Toys,Curbside,27,57.09,2098.92,1541.43,no,no
T103451,2023-11-07,Store 16,South,Beauty,Curbside,1,196.14,338.44,196.14,no,yes
T103452,2023-06-08,Store 07,North,Electronics,Curbside,3,100.48,431.41,301.44,no,yes
T103453,2023-06-09,Store 11,North,Apparel,Online,27,21.71,982.17,586.17,no,yes
T103454,2023-10-16,Store 09,East,Grocery,In-Store,10,102.84,1729.77,1028.4,no,no
T103455,2023-01-19,Store 12,South,Beauty,Online,18,208.33,5848.17,3749.94,yes,no
T103456,2024-06-04,Store 17,East,Toys,Online,1,130.12,176.69,130.12,no,no
T103457,2023-01-26,Store 14,West,Beauty,Online,7,190.93,1567.43,1336.51,no,no
T103458,2023-10-22,Store 15,North,Grocery,In-Store,32,114.77,4600.87,3672.64,no,yes
T103459,2023-01-22,Store 13,East,Electronics,Online,16,32.81,1026.81,524.96,no,yes
T103460,2024-07-04,Store 06,West,Apparel,Curbside,35,86.19,5128.21,3016.65,no,no
T103461,2024-08-24,Store 06,West,Home,Curbside,8,85.23,1100.82,681.84,no,no
T103462,2023-08-08,Store 04,South,Grocery,In-Store,11,90.48,2086.6,995.28,no,yes
T103463,2023-08-10,Store 15,North,Grocery,Online,11,102.38,1646.72,1126.18,yes,yes
T103464,2024-08-20,Store 13,East,Grocery,Online,9,150.82,2579.43,1357.38,no,yes
T103465,2024-07-07,Store 13,East,Electronics,Curbside,33,188.46,7605.04,6219.18,no,no
T103466,2023-11-10,Store 02,West,Home,In-Store,36,42.25,2839.99,1521.0,no,yes
T103467,2024-08-16,Store 18,West,Grocery,Curbside,23,176.18,5658.38,4052.14,no,no
T103468,2024-09-26,Store 01,East,Beauty,Curbside,6,131.59,1417.37,789.54,no,yes
T103469,2023-01-19,Store 13,East,Beauty,In-Store,18,194.48,6791.25,3500.64,no,no
T103470,2024-03-07,Store 07,North,Home,In-Store,16,80.28,1681.91,1284.48,no,yes
T103471,2023-09-02,Store 07,North,Apparel,Curbside,39,133.18,8190.4,5194.02,no,yes
T103472,2023-09-18,Store 07,North,Beauty,Online,36,88.42,3773.83,3183.12,no,yes
T103473,2023-07-29,Store 10,West,Apparel,Online,23,68.09,3235.1,1566.07,no,yes
T103474,2023-12-20,Store 06,West,Home,Online,26,78.29,2439.42,2035.54,no,yes
T103475,2024-02-19,Store 03,North,Apparel,In-Store,24,17.47,593.61,419.28,no,no
T103476,2023-12-22,Store 11,North,Apparel,Online,39,207.14,14821.05,8078.46,no,yes
T103477,2024-03-08,Store 05,East,Apparel,Curbside,9,43.53,503.02,391.77,no,yes
T103478,2023-02-21,Store 09,East,Electronics,Curbside,17,99.52,2858.09,1691.84,yes,yes
T103479,2023-06-15,Store 02,West,Beauty,Online,24,101.5,3281.48,2436.0,no,no
T103480,2023-04-22,Store 13,East,Beauty,Curbside,14,193.65,4442.58,2711.1,no,yes
T103481,2024-08-30,Store 03,North,Toys,Online,2,185.35,722.84,370.7,no,yes
T103482,2024-07-20,Store 04,South,Apparel,In-Store,7,178.68,2218.52,1250.76,no,no
T103483,2024-09-06,Store 14,West,Toys,Curbside,33,39.52,1529.31,1304.16,no,yes
T103484,2024-02-19,Store 17,East,Apparel,In-Store,18,189.73,7100.3,3415.14,no,no
T103485,2023-05-05,Store 07,North,Home,Online,33,86.32,5479.86,2848.56,no,yes
T103486,2023-09-07,Store 14,West,Beauty,Curbside,21,83.25,2926.53,1748.25,yes,no
T103487,2023-12-09,Store 11,North,Beauty,Curbside,30,155.14,9734.68,4654.2,no,yes
T103488,2023-08-03,Store 08,South,Beauty,Curbside,36,213.06,15259.98,7670.16,no,yes
T103489,2023-10-23,Store 08,South,Grocery,In-Store,11,21.76,443.91,239.36,no,no
T103490,2024-04-30,Store 14,West,Grocery,Curbside,16,147.71,2744.99,2363.36,no,no
T103491,2023-11-09,Store 09,East,Toys,Online,39,191.39,15170.0,7464.21,no,no
T103492,2023-06-16,Store 13,East,Electronics,In-Store,35,164.2,10303.34,5747.0,no,yes
T103493,2024-02-24,Store 13,East,Apparel,In-Store,15,144.7,3484.76,2170.5,no,yes
T103494,2023-11-24,Store 13,East,Grocery,In-Store,24,42.77,1759.77,1026.48,no,no
T103495,2023-05-14,Store 03,North,Toys,Online,30,211.84,12671.05,6355.2,no,no
T103496,2023-11-04,Store 06,West,Home,Online,23,74.7,3410.47,1718.1,no,no
T103497,2023-06-15,Store 08,South,Beauty,Curbside,26,167.11,5536.42,4344.86,no,no
T103498,2024-06-17,Store 17,East,Home,In-Store,28,136.57,6034.23,3823.96,no,yes
T103499,2023-08-10,Store 08,South,Grocery,In-Store,35,5.83,247.91,204.05,no,yes
T103500,2023-07-16,Store 14,West,Beauty,In-Store,28,11.33,642.18,317.24,no,yes
T103501,2023-06-11,Store 16,South,Grocery,Curbside,36,37.41,1843.96,1346.76,yes,yes
T103502,2023-09-28,Store 17,East,Electronics,Curbside,5,108.41,810.01,542.05,no,no
T103503,2023-05-14,Store 05,East,Home,Curbside,9,164.12,2695.61,1477.08,no,yes
T103504,2024-04-10,Store 12,South,Grocery,In-Store,30,156.19,6673.66,4685.7,no,no
T103505,2023-07-04,Store 03,North,Beauty,Curbside,39,8.54,661.79,333.06,no,no
T103506,2024-09-19,Store 18,West,Grocery,Curbside,37,11.09,778.34,410.33,no,no
T103507,2023-04-08,Store 09,East,Beauty,Online,3,32.21,202.78,96.63,no,yes
T103508,2023-02-25,Store 12,South,Toys,Curbside,37,181.41,10171.47,6712.17,yes,no
T103509,2024-03-19,Store 08,South,Home,Online,15,72.14,1763.89,1082.1,no,no
T103510,2024-03-08,Store 09,East,Grocery,Curbside,32,197.85,10236.89,6331.2,no,no
T103511,2024-07-10,Store 12,South,Apparel,Curbside,40,143.96,10486.22,5758.4,no,yes
T103512,2024-02-25,Store 08,South,Beauty,Online,25,118.92,4221.62,2973.0,no,no
T103513,2024-01-18,Store 06,West,Beauty,Curbside,5,170.43,1725.2,852.15,no,yes
T103514,2024-11-11,Store 18,West,Apparel,Online,36,160.2,11719.61,5767.2,no,no
T103515,2023-12-11,Store 17,East,Beauty,In-Store,32,156.19,5984.37,4998.08,no,yes
T103516,2023-02-19,Store 10,West,Home,Online,35,129.44,6006.12,4530.4,no,no
T103517,2024-09-07,Store 04,South,Toys,Online,26,58.5,2602.24,1521.0,no,yes
T103518,2024-10-03,Store 12,South,Electronics,Curbside,8,165.51,1586.37,1324.08,yes,yes
T103519,2023-06-08,Store 11,North,Apparel,In-Store,16,128.06,3906.5,2048.96,no,no
T103520,2023-08-18,Store 17,East,Electronics,Curbside,5,82.91,578.5,414.55,no,no
T103521,2023-03-31,Store 05,East,Beauty,Curbside,36,124.17,8371.1,4470.12,no,no
T103522,2024-07-01,Store 07,North,Beauty,In-Store,32,110.22,5851.47,3527.04,no,yes
T103523,2023-09-27,Store 02,West,Grocery,Curbside,9,116.32,1634.09,1046.88,no,no
T103524,2024-12-12,Store 11,North,Apparel,Online,20,47.08,1464.28,941.6,no,yes
T103525,2024-01-10,Store 04,South,Grocery,Online,4,139.11,1137.79,556.44,no,no
T103526,2023-10-18,Store 09,East,Toys,Online,24,12.54,560.8,300.96,no,yes
T103527,2023-10-11,Store 03,North,Apparel,Online,19,30.08,780.43,571.52,no,yes
T103528,2023-03-22,Store 11,North,Apparel,Online,17,151.25,4150.58,2571.25,no,yes
T103529,2023-09-03,Store 09,East,Electronics,Curbside,35,177.71,9585.69,6219.85,no,no
T103530,2023-09-19,Store 08,South,Home,Online,32,81.16,5255.71,2597.12,no,no
T103531,2023-01-12,Store 09,East,Electronics,In-Store,3,210.81,1229.19,632.43,no,no
T103532,2023-05-31,Store 10,West,Grocery,In-Store,29,115.15,4024.55,3339.35,no,yes
T103533,2024-12-17,Store 17,East,Toys,Online,21,75.95,2027.2,1594.95,no,no
T103534,2024-11-21,Store 02,West,Toys,In-Store,1,192.54,325.94,192.54,no,yes
T103535,2024-07-09,Store 09,East,Toys,Online,24,47.34,2259.7,1136.16,no,yes
T103536,2023-12-10,Store 17,East,Beauty,In-Store,29,26.76,1368.98,776.04,no,yes
T103537,2023-07-23,Store 10,West,Apparel,In-Store,33,3.75,240.93,123.75,no,yes
T103538,2023-08-06,Store 08,South,Toys,In-Store,40,178.59,11092.17,7143.6,no,yes
T103539,2023-07-21,Store 10,West,Electronics,In-Store,9,112.54,1190.92,1012.86,no,yes
T103540,2024-10-13,Store 09,East,Grocery,In-Store,28,30.59,1636.69,856.52,no,no
T103541,2024-09-07,Store 02,West,Toys,Curbside,19,201.71,4729.17,3832.49,yes,yes
T103542,2023-01-09,Store 06,West,Electronics,Online,32,32.93,1525.64,1053.76,no,no
T103543,2024-03-10,Store 06,West,Beauty,In-Store,21,30.24,973.59,635.04,yes,yes
T103544,2023-01-19,Store 09,East,Grocery,Curbside,18,24.41,835.78,439.38,yes,no
T103545,2024-04-23,Store 13,East,Home,In-Store,21,95.89,4092.12,2013.69,no,yes
T103546,2023-04-27,Store 06,West,Toys,Curbside,16,83.61,1573.65,1337.76,no,no
T103547,2023-02-08,Store 05,East,Electronics,Online,16,127.27,2795.92,2036.32,no,no
T103548,2024-01-07,Store 11,North,Electronics,Curbside,6,181.0,1442.39,1086.0,no,no
T103549,2024-04-26,Store 16,South,Beauty,Curbside,34,140.17,7445.01,4765.78,no,yes
T103550,2024-07-27,Store 17,East,Beauty,Online,27,125.18,5246.06,3379.86,no,no
T103551,2024-11-14,Store 08,South,Home,Online,37,180.58,10366.27,6681.46,no,yes
T103552,2024-11-15,Store 16,South,Apparel,Online,28,51.92,2213.42,1453.76,yes,yes
T103553,2024-08-20,Store 17,East,Beauty,Online,23,79.92,2233.12,1838.16,no,no
T103554,2023-08-12,Store 15,North,Grocery,In-Store,14,28.22,728.51,395.08,no,no
T103555,2023-05-23,Store 18,West,Apparel,Curbside,25,17.59,792.33,439.75,no,yes
T103556,2023-08-06,Store 07,North,Grocery,Online,5,169.82,1014.02,849.1,no,no
T103557,2023-07-11,Store 04,South,Toys,Curbside,26,162.5,5624.77,4225.0,no,yes
T103558,2023-05-20,Store 03,North,Electronics,Curbside,39,177.37,11304.33,6917.43,no,yes
T103559,2023-12-28,Store 12,South,Toys,Online,35,34.18,2219.76,1196.3,no,no
T103560,2024-05-10,Store 02,West,Apparel,Online,23,159.49,6818.85,3668.27,no,yes
T103561,2023-07-26,Store 12,South,Toys,Curbside,24,135.54,4654.78,3252.96,no,yes
T103562,2024-12-21,Store 10,West,Toys,Online,40,217.29,11798.79,8691.6,no,no
T103563,2024-10-13,Store 12,South,Apparel,In-Store,31,212.57,13439.18,6589.67,no,yes
T103564,2024-04-06,Store 17,East,Apparel,In-Store,37,17.3,1142.0,640.1,no,no
T103565,2023-12-29,Store 15,North,Home,Curbside,19,34.81,1043.23,661.39,no,no
T103566,2024-05-31,Store 13,East,Apparel,Curbside,21,112.16,2755.0,2355.36,no,no
T103567,2023-05-26,Store 01,East,Grocery,Curbside,32,69.36,2978.04,2219.52,yes,yes
T103568,2023-01-04,Store 08,South,Grocery,Online,27,127.39,6467.56,3439.53,no,no
T103569,2023-02-06,Store 07,North,Home,In-Store,14,123.64,2817.36,1730.96,no,yes
T103570,2023-10-26,Store 15,North,Beauty,In-Store,13,108.65,2619.83,1412.45,no,yes
T103571,2024-03-11,Store 16,South,Home,Online,11,133.28,2637.06,1466.08,no,no
T103572,2023-10-28,Store 16,South,Toys,In-Store,23,186.51,6769.52,4289.73,no,no
T103573,2023-04-04,Store 02,West,Electronics,Curbside,20,141.67,3565.03,2833.4,no,yes
T103574,2024-03-28,Store 02,West,Apparel,Curbside,34,194.4,11172.24,6609.6,no,no
T103575,2024-02-16,Store 08,South,Home,Curbside,38,17.27,952.32,656.26,no,no
T103576,2023-09-02,Store 04,South,Beauty,In-Store,37,38.25,2578.17,1415.25,no,no
T103577,2024-02-08,Store 07,North,Apparel,Online,2,116.84,412.49,233.68,yes,no
T103578,2023-10-21,Store 01,East,Beauty,Curbside,10,3.37,57.55,33.7,no,no
T103579,2023-06-04,Store 07,North,Electronics,In-Store,16,42.61,1246.35,681.76,no,yes
T103580,2024-10-24,Store 09,East,Home,Curbside,18,124.74,2656.23,2245.32,no,no
T103581,2023-09-04,Store 03,North,Home,Curbside,38,16.04,1104.43,609.52,no,yes
T103582,2024-05-22,Store 09,East,Home,Online,9,115.7,1547.22,1041.3,no,yes
T103583,2024-12-24,Store 17,East,Beauty,Online,22,192.87,8809.83,4243.14,no,no
T103584,2023-02-18,Store 13,East,Grocery,Online,10,206.3,3213.32,2063.0,no,yes
T103585,2024-06-30,Store 05,East,Home,Online,3,121.25,689.07,363.75,no,yes
T103586,2024-12-30,Store 08,South,Beauty,Curbside,15,216.02,3866.0,3240.3,no,yes
T103587,2024-06-03,Store 05,East,Toys,In-Store,4,3.5,18.24,14.0,no,yes
T103588,2023-04-15,Store 08,South,Beauty,Online,9,34.63,644.02,311.67,no,yes
T103589,2023-04-16,Store 08,South,Toys,Curbside,29,32.83,1132.01,952.07,no,yes
T103590,2023-02-28,Store 07,North,Home,Curbside,10,154.54,1779.38,1545.4,no,no
T103591,2023-08-22,Store 13,East,Beauty,In-Store,34,14.41,811.6,489.94,no,yes
T103592,2024-06-29,Store 03,North,Apparel,Online,32,54.23,2810.87,1735.36,no,no
T103593,2023-12-10,Store 13,East,Apparel,Curbside,13,150.05,3908.58,1950.65,no,yes
T103594,2024-01-09,Store 08,South,Toys,In-Store,26,71.8,2512.0,1866.8,no,yes
T103595,2024-05-06,Store 11,North,Beauty,In-Store,9,140.37,2577.73,1263.33,no,yes
T103596,2024-05-01,Store 16,South,Grocery,Curbside,21,156.88,3791.83,3294.48,no,no
T103597,2023-07-23,Store 04,South,Apparel,Curbside,38,171.42,11089.15,6513.96,no,no
T103598,2023-06-25,Store 08,South,Grocery,Online,19,120.28,4685.39,2285.32,no,yes
T103599,2023-12-05,Store 14,West,Home,In-Store,30,28.69,1447.95,860.7,no,yes
