account_id,month,plan,industry,seats,mrr,support_tickets,nps,usage_hours,churned
A9000,2025-05-01,Free,Retail,19,0.0,8,-17,191.7,no
A9001,2023-05-01,Starter,Education,26,775.13,10,34,294.7,no
A9002,2025-02-01,Enterprise,Education,2,2597.17,19,-85,783.2,no
A9003,2024-04-01,Enterprise,Media,15,17283.24,12,-43,817.0,no
A9004,2023-08-01,Scale,Logistics,12,4028.02,3,22,448.7,no
A9005,2023-08-01,Starter,Retail,5,147.8,10,-56,559.4,no
A9006,2023-05-01,Scale,Health,32,10976.44,4,71,61.3,no
A9007,2024-03-01,Free,Retail,25,0.0,21,-12,16.8,no
A9008,2024-08-01,Enterprise,Fintech,23,30197.59,1,60,396.4,no
A9009,2024-08-01,Scale,Logistics,35,12218.88,13,16,7.4,no
A9010,2023-09-01,Growth,Fintech,43,3927.76,22,-60,628.3,no
A9011,2023-01-01,Free,Education,44,0.0,8,43,712.5,no
A9012,2024-07-01,Enterprise,Fintech,26,28743.91,21,56,726.7,yes
A9013,2023-09-01,Scale,Fintech,16,5693.77,10,18,36.9,no
A9014,2023-03-01,Enterprise,Logistics,1,1286.7,13,-12,112.9,no
A9015,2024-10-01,Growth,Education,46,4372.68,6,-100,633.3,no
A9016,2023-10-01,Enterprise,Health,44,53248.39,6,88,667.2,no
A9017,2023-03-01,Growth,Media,20,1805.67,22,73,855.4,no
A9018,2023-01-01,Free,Health,40,0.0,11,29,520.0,no
A9019,2024-04-01,Scale,Education,48,15892.67,13,-68,35.1,no
A9020,2023-05-01,Starter,Health,22,685.3,14,100,667.1,no
A9021,2023-10-01,Free,Health,30,0.0,24,57,763.5,no
A9022,2023-07-01,Enterprise,Retail,18,21722.88,19,48,730.3,no
A9023,2025-04-01,Scale,Fintech,59,21491.76,6,-49,329.0,no
A9024,2025-04-01,Starter,Logistics,24,668.28,19,77,556.5,no
A9025,2024-04-01,Enterprise,Logistics,37,46246.51,18,98,466.9,no
A9026,2024-02-01,Free,Media,6,0.0,16,-20,581.6,no
A9027,2024-07-01,Growth,Education,9,940.11,14,99,597.3,no
A9028,2024-12-01,Starter,Retail,57,1525.47,21,-93,695.9,yes
A9029,2025-01-01,Free,Education,39,0.0,13,-80,770.0,no
A9030,2023-01-01,Enterprise,Health,49,54636.37,2,49,57.2,no
A9031,2023-06-01,Growth,Logistics,15,1450.92,0,-13,239.6,yes
A9032,2025-05-01,Starter,Health,13,391.13,12,25,703.0,no
A9033,2024-07-01,Enterprise,Health,1,1315.02,21,52,134.3,no
A9034,2023-05-01,Starter,Education,3,88.92,22,-75,443.8,no
A9035,2025-04-01,Starter,Fintech,45,1344.6,24,79,872.7,no
A9036,2023-08-01,Growth,Logistics,50,5211.37,1,23,81.5,no
A9037,2024-09-01,Free,Retail,50,0.0,5,-54,498.6,no
A9038,2023-07-01,Scale,Fintech,59,21217.41,14,67,841.8,no
A9039,2023-05-01,Free,Logistics,28,0.0,14,18,348.4,no
A9040,2023-08-01,Enterprise,Media,53,62659.97,3,18,263.7,no
A9041,2023-09-01,Enterprise,Media,24,30374.59,19,20,434.9,no
A9042,2024-08-01,Growth,Logistics,33,3122.19,20,-23,22.1,no
A9043,2025-01-01,Starter,Media,3,84.93,12,23,252.8,no
A9044,2023-01-01,Free,Fintech,44,0.0,1,-19,240.5,yes
A9045,2023-06-01,Enterprise,Fintech,48,52779.34,0,-44,13.2,no
A9046,2024-03-01,Growth,Logistics,10,1023.05,17,49,849.6,no
A9047,2025-03-01,Scale,Retail,55,19361.88,9,2,16.9,no
A9048,2024-12-01,Enterprise,Education,15,17909.82,4,94,856.0,no
A9049,2023-12-01,Growth,Education,20,2147.78,7,81,861.2,no
A9050,2024-07-01,Enterprise,Fintech,23,28666.18,4,71,255.8,no
A9051,2023-05-01,Starter,Health,47,1475.26,19,-75,267.7,no
A9052,2024-05-01,Growth,Logistics,45,4518.28,18,-98,346.8,no
A9053,2024-11-01,Scale,Fintech,3,1075.49,15,74,195.4,no
A9054,2023-07-01,Starter,Education,40,1071.86,22,-94,691.9,no
A9055,2023-01-01,Enterprise,Logistics,47,61615.68,14,-6,193.5,no
A9056,2025-04-01,Starter,Media,59,1620.14,8,-9,709.0,no
A9057,2024-07-01,Starter,Education,30,828.97,24,90,48.5,no
A9058,2024-04-01,Starter,Logistics,29,846.26,9,67,860.0,no
A9059,2023-03-01,Enterprise,Health,1,1140.77,20,87,377.9,no
A9060,2023-05-01,Scale,Health,29,10327.04,19,78,462.7,yes
A9061,2023-01-01,Free,Media,3,0.0,21,95,523.0,no
A9062,2023-10-01,Growth,Media,42,4268.84,19,-35,326.9,no
A9063,2023-07-01,Scale,Education,39,12473.32,10,16,576.5,no
A9064,2023-01-01,Scale,Fintech,55,19938.29,9,19,485.6,no
A9065,2023-09-01,Growth,Retail,16,1686.38,17,81,122.9,no
A9066,2024-05-01,Scale,Media,25,7985.03,14,-6,784.4,no
A9067,2024-05-01,Free,Fintech,45,0.0,6,26,343.4,no
A9068,2023-05-01,Growth,Fintech,40,4209.89,5,-80,319.5,no
A9069,2025-01-01,Growth,Retail,59,5924.88,13,33,530.4,no
A9070,2023-07-01,Free,Logistics,53,0.0,1,-20,11.5,no
A9071,2023-10-01,Starter,Education,37,1129.73,22,48,754.0,no
A9072,2024-10-01,Growth,Education,60,6471.13,5,-66,486.0,no
A9073,2023-10-01,Enterprise,Health,28,31477.62,13,-2,399.0,yes
A9074,2023-10-01,Growth,Education,45,4423.56,1,-24,876.2,no
A9075,2024-11-01,Enterprise,Health,20,24506.99,7,-8,289.7,no
A9076,2023-04-01,Scale,Logistics,29,9651.04,2,-83,876.1,no
A9077,2023-08-01,Starter,Education,37,1158.73,4,78,547.1,no
A9078,2023-08-01,Starter,Media,21,636.14,14,93,241.7,no
A9079,2023-06-01,Free,Education,10,0.0,5,-34,148.4,no
A9080,2024-04-01,Scale,Health,6,1964.41,17,75,233.6,no
A9081,2023-06-01,Enterprise,Retail,45,57140.02,8,90,98.1,no
A9082,2023-12-01,Starter,Fintech,25,722.62,10,-50,8.1,no
A9083,2023-12-01,Growth,Fintech,10,894.16,15,76,49.0,no
A9084,2024-08-01,Enterprise,Health,3,3243.26,1,6,161.0,no
A9085,2023-01-01,Enterprise,Fintech,13,15745.53,14,-43,728.0,no
A9086,2024-09-01,Starter,Media,23,675.61,22,-88,822.7,no
A9087,2024-02-01,Starter,Health,33,920.48,8,50,517.9,no
A9088,2023-01-01,Enterprise,Education,59,77047.04,24,-89,254.8,no
A9089,2024-12-01,Free,Media,47,0.0,21,39,412.4,no
A9090,2023-03-01,Starter,Retail,52,1640.64,9,35,270.4,no
A9091,2024-03-01,Starter,Logistics,35,1043.7,25,9,370.8,no
A9092,2024-11-01,Scale,Logistics,42,16048.08,5,-27,165.3,no
A9093,2023-05-01,Scale,Media,49,17530.77,3,48,77.4,no
A9094,2023-05-01,Scale,Logistics,40,13987.98,9,-83,477.0,no
A9095,2023-01-01,Enterprise,Health,28,34680.22,6,10,106.0,no
A9096,2023-10-01,Starter,Fintech,53,1538.59,14,-80,598.5,no
A9097,2025-03-01,Scale,Logistics,31,10056.46,16,-28,310.4,no
A9098,2023-01-01,Growth,Logistics,43,4141.23,11,32,675.6,no
A9099,2023-04-01,Free,Logistics,29,0.0,19,78,795.8,no
A9100,2024-11-01,Free,Education,2,0.0,21,-83,816.6,no
A9101,2024-09-01,Free,Retail,47,0.0,0,-37,260.8,no
A9102,2024-07-01,Growth,Education,60,6022.67,16,35,806.9,no
A9103,2023-03-01,Enterprise,Logistics,51,57208.36,15,85,554.9,no
A9104,2024-07-01,Starter,Logistics,13,406.95,24,-62,0.8,no
A9105,2023-04-01,Enterprise,Media,6,6761.85,13,-27,240.9,no
A9106,2023-03-01,Growth,Retail,40,3665.4,24,98,710.9,no
A9107,2024-01-01,Scale,Health,5,1807.2,21,52,42.7,no
A9108,2023-03-01,Growth,Education,38,3717.25,6,64,594.1,yes
A9109,2025-01-01,Starter,Fintech,25,797.46,0,73,810.3,no
A9110,2023-04-01,Starter,Logistics,38,1145.16,18,42,758.7,no
A9111,2023-11-01,Enterprise,Fintech,31,35479.37,14,-41,14.3,no
A9112,2025-05-01,Starter,Retail,53,1617.8,1,-4,299.8,no
A9113,2023-01-01,Scale,Health,46,16622.26,10,-79,47.7,no
A9114,2023-09-01,Scale,Education,4,1472.87,17,-93,395.4,no
A9115,2023-01-01,Free,Fintech,34,0.0,10,-82,544.4,no
A9116,2025-04-01,Growth,Retail,26,2655.15,16,96,766.2,no
A9117,2024-12-01,Enterprise,Logistics,60,68035.65,10,-55,311.1,no
A9118,2023-01-01,Enterprise,Media,35,45190.24,11,72,134.4,yes
A9119,2023-11-01,Starter,Media,16,508.45,20,94,464.8,no
A9120,2024-08-01,Scale,Fintech,13,4669.39,1,-43,265.1,no
A9121,2024-11-01,Growth,Logistics,46,4482.59,11,53,664.8,no
A9122,2024-01-01,Starter,Logistics,51,1544.65,3,84,436.6,no
A9123,2024-02-01,Free,Retail,19,0.0,8,47,151.6,no
A9124,2023-04-01,Enterprise,Education,14,18051.42,0,30,809.8,no
A9125,2023-12-01,Starter,Health,52,1408.25,10,29,889.2,no
A9126,2023-01-01,Enterprise,Education,3,3474.72,6,-86,584.2,no
A9127,2023-05-01,Scale,Media,21,7614.09,4,8,656.6,no
A9128,2025-01-01,Growth,Retail,8,726.81,3,-37,267.5,no
A9129,2024-11-01,Free,Fintech,32,0.0,18,-82,896.2,no
A9130,2023-07-01,Free,Retail,13,0.0,6,-69,436.6,no
A9131,2024-09-01,Enterprise,Education,20,21676.89,14,85,367.6,yes
A9132,2025-04-01,Growth,Education,60,6224.7,14,-88,225.0,no
A9133,2025-02-01,Starter,Fintech,52,1614.14,12,22,334.9,no
A9134,2023-06-01,Starter,Health,9,259.26,6,37,552.4,yes
A9135,2023-09-01,Growth,Media,16,1566.29,13,-89,405.1,no
A9136,2024-07-01,Scale,Retail,37,13034.18,20,66,293.1,no
A9137,2023-03-01,Enterprise,Health,28,32790.94,9,54,244.1,no
A9138,2023-11-01,Growth,Logistics,39,3621.55,15,38,360.2,no
A9139,2023-09-01,Enterprise,Media,24,28426.85,24,-42,133.1,no
A9140,2023-01-01,Enterprise,Logistics,9,10377.2,4,55,61.4,no
A9141,2023-05-01,Growth,Education,45,4760.31,23,48,643.6,no
A9142,2024-01-01,Enterprise,Fintech,34,43823.28,22,64,54.5,no
A9143,2025-01-01,Scale,Logistics,11,3898.42,15,80,221.1,no
A9144,2024-11-01,Starter,Fintech,16,481.27,3,-18,746.4,no
A9145,2023-04-01,Enterprise,Health,1,1091.2,22,33,608.7,no
A9146,2023-03-01,Growth,Health,32,3201.52,2,-45,825.4,no
A9147,2023-12-01,Scale,Retail,8,2819.79,24,16,489.9,no
A9148,2024-01-01,Growth,Health,43,4581.22,15,-49,434.7,no
A9149,2024-02-01,Enterprise,Fintech,43,52685.27,0,28,68.9,yes
A9150,2024-09-01,Growth,Media,45,4232.53,16,-6,585.0,yes
A9151,2023-04-01,Starter,Logistics,19,526.34,7,-31,514.3,no
A9152,2024-08-01,Free,Media,47,0.0,12,27,118.3,no
A9153,2023-07-01,Free,Education,58,0.0,7,37,453.4,no
A9154,2023-05-01,Growth,Media,1,89.68,0,11,878.3,no
A9155,2024-12-01,Scale,Media,8,2783.87,22,8,868.0,no
A9156,2025-04-01,Enterprise,Logistics,57,67489.9,11,31,609.0,no
A9157,2023-10-01,Starter,Media,21,641.11,14,1,850.3,no
A9158,2025-02-01,Free,Retail,42,0.0,14,28,47.1,no
A9159,2025-04-01,Scale,Media,15,4996.45,1,-98,651.6,no
A9160,2023-01-01,Enterprise,Retail,43,46702.55,23,-39,132.4,no
A9161,2024-10-01,Starter,Retail,23,632.67,11,90,420.5,no
A9162,2023-11-01,Starter,Logistics,1,26.49,8,23,394.9,no
A9163,2025-04-01,Scale,Logistics,41,13566.31,0,50,71.5,no
A9164,2024-06-01,Growth,Health,31,3283.09,21,24,521.2,no
A9165,2024-06-01,Scale,Logistics,2,678.64,11,100,197.7,no
A9166,2024-01-01,Starter,Retail,47,1366.14,6,90,250.3,no
A9167,2024-06-01,Free,Education,38,0.0,25,-83,556.7,no
A9168,2023-05-01,Growth,Logistics,19,2021.35,20,-98,139.7,no
A9169,2023-12-01,Starter,Fintech,8,239.75,2,14,175.7,no
A9170,2025-02-01,Growth,Fintech,14,1451.06,20,14,280.6,no
A9171,2024-01-01,Starter,Logistics,56,1683.1,24,6,279.8,no
A9172,2023-06-01,Growth,Media,22,2005.53,24,-92,333.8,no
A9173,2025-05-01,Enterprise,Education,11,13206.13,7,-64,724.5,no
A9174,2023-09-01,Growth,Retail,32,2966.38,24,80,34.7,no
A9175,2025-04-01,Free,Education,4,0.0,11,6,664.4,no
A9176,2023-04-01,Scale,Education,40,14834.22,17,1,418.5,no
A9177,2023-08-01,Enterprise,Health,6,6828.65,11,-99,270.2,no
A9178,2024-03-01,Growth,Fintech,5,458.4,5,25,276.9,no
A9179,2023-04-01,Scale,Retail,41,14482.15,19,-15,754.3,no
A9180,2025-03-01,Starter,Fintech,31,864.07,2,-94,17.3,no
A9181,2023-09-01,Free,Logistics,24,0.0,13,-18,537.1,no
A9182,2024-01-01,Starter,Retail,36,946.45,12,-74,532.7,no
A9183,2024-09-01,Free,Media,44,0.0,23,69,176.3,no
A9184,2025-05-01,Free,Education,34,0.0,6,95,135.9,no
A9185,2023-05-01,Enterprise,Media,56,71188.93,20,52,142.4,no
A9186,2025-01-01,Enterprise,Retail,25,29747.88,21,80,501.0,no
A9187,2024-01-01,Enterprise,Education,17,20262.98,13,87,177.9,no
A9188,2023-11-01,Scale,Logistics,42,15347.41,5,-29,229.2,no
A9189,2024-12-01,Starter,Media,43,1271.28,0,-24,785.6,no
A9190,2024-05-01,Growth,Media,53,5411.67,13,67,840.0,no
A9191,2025-04-01,Free,Education,37,0.0,21,-32,259.6,no
A9192,2025-02-01,Growth,Retail,60,6480.62,15,40,122.1,no
A9193,2023-01-01,Enterprise,Retail,41,50653.16,23,22,459.9,no
A9194,2024-01-01,Growth,Health,7,731.67,3,80,220.0,no
A9195,2024-09-01,Growth,Health,5,501.38,16,-58,795.3,no
A9196,2024-10-01,Starter,Logistics,55,1687.09,19,24,278.5,yes
A9197,2023-01-01,Free,Retail,25,0.0,22,41,574.8,yes
A9198,2024-06-01,Growth,Media,1,94.39,4,7,345.0,no
A9199,2025-02-01,Enterprise,Fintech,58,69432.57,4,-8,306.5,no
A9200,2023-11-01,Starter,Logistics,12,340.64,22,53,293.7,yes
A9201,2024-12-01,Starter,Media,2,58.78,9,95,234.8,yes
A9202,2023-01-01,Enterprise,Education,12,13284.83,25,-74,117.3,no
A9203,2023-08-01,Starter,Media,23,630.52,19,25,758.8,no
A9204,2024-09-01,Growth,Health,9,966.07,13,-20,524.9,yes
A9205,2024-11-01,Scale,Logistics,58,22128.44,18,-100,718.0,no
A9206,2023-03-01,Free,Retail,25,0.0,15,64,842.5,no
A9207,2023-01-01,Enterprise,Education,51,55742.17,23,-42,557.2,no
A9208,2023-04-01,Enterprise,Logistics,25,32038.01,17,63,253.8,no
A9209,2023-04-01,Scale,Fintech,45,17170.25,10,-55,481.2,no
A9210,2023-05-01,Scale,Fintech,32,11901.58,18,-49,353.4,no
A9211,2024-12-01,Scale,Media,20,7483.88,2,9,713.9,no
A9212,2024-12-01,Starter,Health,26,796.57,4,49,400.5,no
A9213,2025-05-01,Scale,Fintech,37,12835.09,22,78,585.7,no
A9214,2024-02-01,Enterprise,Fintech,15,19376.33,15,-36,475.3,no
A9215,2024-08-01,Starter,Fintech,2,56.45,25,-19,396.1,yes
A9216,2024-08-01,Scale,Media,38,13252.46,18,6,652.4,no
A9217,2024-04-01,Free,Education,1,0.0,3,-89,249.1,no
A9218,2023-05-01,Scale,Logistics,52,16497.4,13,-47,530.9,yes
A9219,2024-09-01,Free,Logistics,4,0.0,6,-20,316.6,no
A9220,2024-06-01,Scale,Health,4,1512.53,19,-66,619.4,no
A9221,2024-05-01,Free,Media,40,0.0,4,8,415.8,no
A9222,2024-03-01,Scale,Media,58,20958.72,1,98,151.7,no
A9223,2024-09-01,Starter,Health,6,168.93,13,13,282.2,no
A9224,2025-01-01,Scale,Logistics,35,11848.75,16,50,758.0,no
A9225,2024-06-01,Growth,Retail,7,697.53,6,88,157.4,no
A9226,2024-06-01,Free,Health,1,0.0,10,-80,180.1,yes
A9227,2023-08-01,Starter,Media,11,287.17,7,-37,588.8,no
A9228,2023-05-01,Free,Health,43,0.0,2,30,695.3,no
A9229,2023-03-01,Enterprise,Health,46,51979.25,14,9,772.0,no
A9230,2023-10-01,Starter,Education,47,1316.29,7,27,285.4,no
A9231,2025-02-01,Enterprise,Fintech,10,11392.48,17,83,740.6,no
A9232,2025-03-01,Starter,Fintech,31,895.75,7,-55,108.2,no
A9233,2023-09-01,Free,Education,60,0.0,13,69,611.5,no
A9234,2023-10-01,Starter,Education,53,1473.21,21,27,727.1,no
A9235,2024-04-01,Free,Fintech,49,0.0,23,-8,656.0,no
A9236,2023-05-01,Enterprise,Retail,22,26327.47,10,70,415.3,no
A9237,2023-12-01,Free,Retail,11,0.0,6,-83,447.8,no
A9238,2023-09-01,Scale,Logistics,7,2657.76,20,25,190.1,no
A9239,2024-10-01,Enterprise,Media,36,42405.14,17,-97,622.9,no
A9240,2023-04-01,Free,Fintech,6,0.0,23,99,806.8,no
A9241,2024-10-01,Free,Education,40,0.0,17,-28,124.8,no
A9242,2023-10-01,Scale,Health,23,8061.59,17,43,461.3,no
A9243,2025-04-01,Free,Fintech,31,0.0,19,30,453.5,yes
A9244,2024-02-01,Scale,Education,58,20246.98,12,-1,428.1,no
A9245,2023-10-01,Free,Health,29,0.0,17,-26,564.0,no
A9246,2024-05-01,Free,Health,8,0.0,14,98,39.6,no
A9247,2024-05-01,Enterprise,Retail,59,69289.98,10,-91,198.6,no
A9248,2023-04-01,Free,Media,56,0.0,0,-78,631.3,no
A9249,2024-12-01,Enterprise,Fintech,55,68653.2,3,2,188.8,no
A9250,2024-10-01,Starter,Logistics,19,598.79,0,-6,262.1,yes
A9251,2024-09-01,Starter,Logistics,51,1625.92,13,87,539.3,no
A9252,2025-04-01,Enterprise,Retail,49,64350.27,14,27,270.9,no
A9253,2025-02-01,Scale,Logistics,13,4301.66,11,-52,784.3,no
A9254,2023-05-01,Free,Logistics,56,0.0,6,57,458.1,yes
A9255,2024-02-01,Starter,Health,25,790.26,5,-24,91.4,no
A9256,2023-01-01,Enterprise,Media,21,24273.08,17,-73,749.2,no
A9257,2023-07-01,Free,Logistics,2,0.0,14,-75,600.2,no
A9258,2025-03-01,Enterprise,Health,23,28420.24,18,54,749.6,no
A9259,2023-07-01,Starter,Health,10,301.61,21,-50,445.4,no
A9260,2023-01-01,Enterprise,Education,16,17653.41,19,-52,152.5,no
A9261,2024-03-01,Growth,Retail,14,1349.65,11,-58,316.9,no
A9262,2023-07-01,Enterprise,Fintech,19,20780.84,11,-26,181.0,no
A9263,2024-03-01,Scale,Education,57,19106.01,10,-7,577.1,no
A9264,2024-12-01,Free,Education,42,0.0,4,-58,344.8,no
A9265,2023-05-01,Enterprise,Logistics,18,19757.35,8,-94,28.6,no
A9266,2023-05-01,Enterprise,Retail,45,52441.52,7,-7,135.9,no
A9267,2023-06-01,Free,Logistics,5,0.0,25,11,632.1,no
A9268,2024-12-01,Enterprise,Fintech,31,36613.23,12,-1,625.0,no
A9269,2023-12-01,Starter,Logistics,14,423.68,19,-54,150.7,no
A9270,2023-12-01,Starter,Fintech,54,1629.33,15,30,794.5,no
A9271,2023-08-01,Free,Logistics,56,0.0,18,-9,199.1,no
A9272,2024-10-01,Starter,Retail,5,133.94,25,-48,807.8,no
A9273,2023-12-01,Free,Health,23,0.0,24,36,104.2,no
A9274,2023-11-01,Enterprise,Logistics,26,33244.24,12,-73,337.1,no
A9275,2025-01-01,Enterprise,Fintech,16,18633.52,9,-26,436.2,no
A9276,2024-03-01,Starter,Logistics,21,600.33,7,46,568.0,no
A9277,2023-05-01,Growth,Logistics,55,5543.37,4,-1,442.6,no
A9278,2025-01-01,Enterprise,Logistics,42,54262.22,10,-22,527.0,no
A9279,2023-06-01,Growth,Logistics,58,5192.31,22,53,541.1,no
A9280,2024-12-01,Free,Education,11,0.0,5,99,105.9,no
A9281,2024-10-01,Growth,Fintech,35,3207.78,16,-66,663.7,no
A9282,2024-06-01,Free,Health,46,0.0,14,81,585.8,no
A9283,2023-01-01,Enterprise,Retail,13,14923.79,24,61,873.7,no
A9284,2023-11-01,Growth,Health,46,4756.31,25,-35,555.6,no
A9285,2023-07-01,Starter,Logistics,42,1337.24,14,-85,55.8,no
A9286,2024-03-01,Starter,Fintech,26,745.72,14,50,585.5,no
A9287,2024-12-01,Growth,Media,22,1969.67,12,15,394.9,no
A9288,2023-09-01,Scale,Health,11,3669.92,0,-26,202.1,yes
A9289,2024-06-01,Scale,Media,15,5723.63,20,69,283.9,no
A9290,2024-02-01,Enterprise,Fintech,6,7667.25,15,76,68.2,no
A9291,2025-02-01,Starter,Education,38,1159.94,24,-41,27.6,no
A9292,2024-10-01,Scale,Retail,26,8766.64,24,89,483.9,no
A9293,2025-04-01,Enterprise,Fintech,13,14093.37,4,81,580.6,yes
A9294,2023-04-01,Growth,Retail,27,2796.28,6,9,797.6,no
A9295,2023-07-01,Enterprise,Health,32,37890.21,18,-35,530.6,no
A9296,2024-08-01,Enterprise,Logistics,41,46574.42,5,-41,329.3,no
A9297,2023-01-01,Enterprise,Fintech,55,66940.87,17,-16,664.8,no
A9298,2025-04-01,Enterprise,Media,21,27371.26,7,-9,161.4,no
A9299,2023-06-01,Enterprise,Fintech,39,50361.52,10,-16,269.5,no
A9300,2025-02-01,Growth,Education,15,1491.53,3,-51,372.8,no
A9301,2024-11-01,Free,Media,37,0.0,2,-34,549.5,yes
A9302,2024-06-01,Scale,Education,38,14370.86,23,51,170.0,no
A9303,2024-06-01,Starter,Education,60,1588.37,2,-93,274.6,no
A9304,2024-05-01,Scale,Retail,32,10863.35,7,-14,258.0,no
A9305,2024-11-01,Starter,Retail,40,1088.69,1,-47,368.0,no
A9306,2024-10-01,Starter,Education,27,821.67,22,-11,655.1,no
A9307,2023-07-01,Scale,Health,13,4677.16,1,-20,657.8,no
A9308,2024-10-01,Scale,Education,25,8008.98,16,-52,360.2,no
A9309,2023-05-01,Free,Media,6,0.0,14,-10,575.0,no
A9310,2023-04-01,Free,Health,37,0.0,25,-17,742.1,no
A9311,2024-02-01,Enterprise,Education,16,18508.59,1,73,803.2,no
A9312,2024-03-01,Starter,Logistics,29,860.56,5,47,786.1,no
A9313,2024-10-01,Scale,Logistics,1,369.47,21,68,677.1,no
A9314,2024-05-01,Enterprise,Health,48,56090.43,0,91,791.6,no
A9315,2023-01-01,Free,Media,27,0.0,3,-63,415.3,no
A9316,2024-01-01,Scale,Logistics,52,17705.07,3,-77,874.3,no
A9317,2023-10-01,Free,Education,14,0.0,6,80,183.4,no
A9318,2023-09-01,Starter,Health,17,524.1,18,75,100.0,yes
A9319,2024-09-01,Growth,Education,30,3087.45,15,88,849.3,no
A9320,2024-01-01,Starter,Logistics,53,1674.62,17,-70,493.9,no
A9321,2023-07-01,Enterprise,Logistics,1,1257.09,3,-94,795.3,no
A9322,2023-06-01,Scale,Media,16,5688.05,25,-6,473.2,no
A9323,2024-09-01,Growth,Health,54,5591.72,5,50,177.8,no
A9324,2025-05-01,Enterprise,Fintech,48,55440.37,4,73,275.1,no
A9325,2024-05-01,Free,Fintech,58,0.0,21,81,521.2,no
A9326,2024-08-01,Starter,Health,46,1265.64,11,3,268.4,no
A9327,2023-03-01,Starter,Retail,59,1708.7,3,-32,553.4,no
A9328,2024-09-01,Free,Fintech,39,0.0,2,-9,581.9,no
A9329,2023-04-01,Free,Media,31,0.0,25,-25,364.7,no
A9330,2023-06-01,Enterprise,Fintech,37,41191.57,3,-15,787.1,no
A9331,2023-09-01,Growth,Logistics,37,3786.08,11,99,45.1,no
A9332,2024-03-01,Free,Health,55,0.0,2,-95,707.1,no
A9333,2023-10-01,Starter,Retail,13,402.67,25,78,114.7,no
A9334,2024-09-01,Free,Fintech,58,0.0,22,-72,104.3,no
A9335,2023-01-01,Free,Fintech,20,0.0,11,-55,39.3,no
A9336,2024-08-01,Enterprise,Retail,59,67661.19,7,25,805.1,no
A9337,2023-01-01,Scale,Health,12,4106.6,7,44,228.4,no
A9338,2023-05-01,Free,Education,54,0.0,3,38,782.2,no
A9339,2025-05-01,Growth,Fintech,3,315.73,6,-98,664.4,no
A9340,2024-11-01,Enterprise,Fintech,9,10149.2,25,-98,165.2,no
A9341,2023-04-01,Enterprise,Education,52,66382.59,4,9,861.5,no
A9342,2024-10-01,Enterprise,Education,50,55576.42,3,64,886.2,no
A9343,2023-05-01,Enterprise,Logistics,46,54736.04,0,67,452.7,no
A9344,2024-10-01,Growth,Media,1,96.01,7,63,159.4,no
A9345,2023-05-01,Free,Health,44,0.0,0,-76,613.6,no
A9346,2024-05-01,Growth,Fintech,26,2457.06,6,26,450.8,yes
A9347,2025-04-01,Enterprise,Education,16,17852.71,0,52,329.7,no
A9348,2025-05-01,Free,Education,19,0.0,25,5,702.6,no
A9349,2023-04-01,Starter,Health,58,1742.83,17,-25,763.2,no
A9350,2024-08-01,Free,Logistics,49,0.0,21,-5,503.7,no
A9351,2023-04-01,Starter,Media,45,1270.64,23,-90,735.1,no
A9352,2023-03-01,Starter,Media,53,1558.02,5,75,754.5,no
A9353,2025-03-01,Growth,Media,24,2344.34,25,-52,499.1,no
A9354,2024-08-01,Free,Logistics,37,0.0,25,-72,289.5,no
A9355,2024-01-01,Free,Media,47,0.0,8,-40,575.1,no
A9356,2023-09-01,Growth,Retail,3,300.83,24,-20,427.0,no
A9357,2025-04-01,Enterprise,Health,20,24755.28,18,48,170.5,no
A9358,2024-05-01,Enterprise,Fintech,23,30207.31,3,-26,77.0,no
A9359,2023-09-01,Growth,Retail,7,653.31,14,-5,273.8,no
A9360,2024-08-01,Growth,Fintech,36,3462.38,21,10,574.1,no
A9361,2025-02-01,Growth,Fintech,20,2004.93,13,70,642.7,no
A9362,2023-06-01,Starter,Retail,53,1638.93,8,68,477.5,no
A9363,2023-11-01,Growth,Media,2,205.75,20,-36,442.3,no
A9364,2023-01-01,Starter,Retail,4,124.46,24,-36,86.1,no
A9365,2023-04-01,Growth,Retail,3,307.52,13,21,499.8,no
A9366,2023-07-01,Starter,Media,27,828.07,15,-50,828.0,yes
A9367,2024-03-01,Free,Education,25,0.0,16,75,210.9,no
A9368,2023-06-01,Scale,Retail,27,8961.72,19,65,580.1,no
A9369,2024-09-01,Scale,Fintech,15,4798.5,3,-91,462.5,no
A9370,2025-05-01,Free,Health,44,0.0,24,60,688.4,no
A9371,2023-12-01,Starter,Health,53,1651.97,16,-70,250.5,yes
A9372,2024-11-01,Scale,Logistics,44,16844.12,19,67,332.0,no
A9373,2025-03-01,Free,Fintech,29,0.0,11,36,380.4,no
A9374,2023-08-01,Growth,Fintech,54,5402.59,3,-78,92.2,no
A9375,2025-04-01,Free,Retail,25,0.0,11,48,769.5,no
A9376,2023-03-01,Scale,Education,28,10357.9,3,-40,835.7,no
A9377,2025-04-01,Scale,Media,25,9097.44,7,-62,109.1,yes
A9378,2024-09-01,Starter,Logistics,39,1028.22,20,55,208.8,no
A9379,2024-02-01,Growth,Media,48,4762.43,17,77,665.7,no
A9380,2024-10-01,Enterprise,Logistics,37,42690.93,1,1,796.4,no
A9381,2024-06-01,Growth,Education,23,2423.32,20,75,562.0,no
A9382,2025-01-01,Starter,Logistics,33,926.64,21,-70,57.3,no
A9383,2024-12-01,Growth,Logistics,57,5279.19,24,93,552.9,yes
A9384,2023-08-01,Enterprise,Health,40,44392.87,24,-43,499.6,no
A9385,2024-10-01,Free,Education,33,0.0,13,-24,723.4,no
A9386,2023-01-01,Scale,Fintech,35,11683.53,4,-97,827.7,no
A9387,2024-10-01,Growth,Retail,8,778.92,16,7,386.1,no
A9388,2023-07-01,Scale,Fintech,6,2012.84,12,-11,240.4,no
A9389,2023-08-01,Growth,Health,52,5381.93,21,0,560.3,no
A9390,2025-03-01,Growth,Retail,3,270.53,18,-9,324.7,no
A9391,2024-12-01,Starter,Retail,11,308.26,17,-14,480.9,no
A9392,2023-06-01,Scale,Fintech,40,14811.93,3,58,647.4,no
A9393,2023-12-01,Scale,Education,1,361.7,0,47,136.4,no
A9394,2023-04-01,Growth,Education,60,6449.97,7,58,804.2,no
A9395,2024-07-01,Free,Fintech,47,0.0,7,-95,197.2,no
A9396,2023-09-01,Starter,Health,2,52.74,10,46,691.8,no
A9397,2023-05-01,Free,Health,17,0.0,11,14,736.1,no
A9398,2024-06-01,Growth,Education,43,4052.03,25,27,865.1,no
A9399,2024-03-01,Scale,Health,5,1662.7,3,34,658.7,no
A9400,2024-05-01,Free,Media,39,0.0,9,91,78.4,no
A9401,2024-02-01,Scale,Fintech,16,5095.85,6,-55,181.5,no
A9402,2023-03-01,Growth,Health,32,3235.16,21,-13,265.6,no
A9403,2024-12-01,Free,Retail,45,0.0,22,-44,703.5,yes
A9404,2023-08-01,Scale,Media,60,19311.46,3,55,6.8,no
A9405,2024-02-01,Scale,Media,43,13641.85,1,-78,517.5,no
A9406,2023-10-01,Free,Education,33,0.0,0,20,440.0,no
A9407,2024-05-01,Starter,Education,35,996.66,6,-33,522.0,yes
A9408,2023-01-01,Free,Logistics,18,0.0,20,-37,13.1,no
A9409,2023-01-01,Starter,Media,15,435.66,17,71,349.8,no
A9410,2024-04-01,Growth,Education,44,4182.4,8,-33,88.4,yes
A9411,2025-02-01,Enterprise,Logistics,11,13109.36,7,33,638.5,no
A9412,2023-09-01,Starter,Health,6,185.11,18,-18,408.9,no
A9413,2025-01-01,Enterprise,Fintech,37,41135.83,16,69,404.6,yes
A9414,2025-02-01,Enterprise,Media,10,12897.54,22,-42,749.3,no
A9415,2025-05-01,Starter,Health,8,225.12,25,-79,856.5,no
A9416,2024-01-01,Starter,Retail,10,301.76,20,84,557.0,no
A9417,2023-10-01,Free,Education,28,0.0,25,-93,544.5,no
A9418,2023-09-01,Growth,Fintech,44,3957.45,22,-49,814.3,no
A9419,2025-03-01,Free,Education,35,0.0,2,25,763.4,no
A9420,2024-06-01,Starter,Logistics,55,1733.68,22,72,542.1,no
A9421,2023-11-01,Free,Media,48,0.0,7,43,58.7,no
A9422,2023-08-01,Growth,Logistics,26,2322.77,16,-15,775.7,no
A9423,2024-02-01,Growth,Education,23,2185.04,8,51,895.9,no
A9424,2024-07-01,Growth,Media,39,4058.77,21,-76,710.2,no
A9425,2024-01-01,Scale,Media,60,19218.48,24,-1,746.7,no
A9426,2024-01-01,Growth,Media,34,3294.99,13,90,419.3,no
A9427,2024-07-01,Free,Media,28,0.0,8,-59,145.2,no
A9428,2023-05-01,Growth,Education,1,89.93,12,36,337.5,no
A9429,2023-01-01,Free,Health,11,0.0,12,68,545.8,no
A9430,2023-04-01,Growth,Health,28,2962.7,23,-67,547.1,no
A9431,2025-03-01,Free,Fintech,36,0.0,8,-90,18.6,no
A9432,2023-10-01,Enterprise,Retail,12,14099.61,7,-39,57.5,no
A9433,2024-05-01,Scale,Logistics,19,6024.79,12,-78,515.6,no
A9434,2024-03-01,Scale,Media,28,10045.06,4,-78,339.2,no
A9435,2025-04-01,Enterprise,Logistics,23,28090.98,18,-82,71.7,no
A9436,2024-06-01,Free,Fintech,6,0.0,1,-70,690.6,no
A9437,2024-01-01,Scale,Health,21,6883.03,12,-91,671.9,no
A9438,2023-08-01,Scale,Education,35,13053.57,10,29,607.4,no
A9439,2024-09-01,Scale,Education,53,18334.06,20,-16,461.8,no
A9440,2023-07-01,Scale,Retail,29,10619.69,13,-38,898.4,no
A9441,2024-01-01,Scale,Education,23,7231.05,0,90,27.4,no
A9442,2023-06-01,Starter,Fintech,50,1492.08,16,26,898.2,yes
A9443,2023-01-01,Enterprise,Health,51,58543.59,1,6,468.0,yes
A9444,2025-05-01,Enterprise,Education,43,46730.99,10,-67,633.8,no
A9445,2023-11-01,Free,Health,37,0.0,8,96,0.1,no
A9446,2023-01-01,Enterprise,Media,12,15067.11,18,-98,421.8,no
A9447,2023-06-01,Enterprise,Health,18,21468.35,18,-25,559.9,no
A9448,2024-05-01,Free,Health,51,0.0,23,-22,49.5,no
A9449,2024-01-01,Growth,Health,37,3602.29,14,-94,496.7,no
A9450,2024-09-01,Scale,Logistics,54,18801.43,9,7,93.7,no
A9451,2023-05-01,Growth,Retail,30,3085.7,4,71,442.9,no
A9452,2023-03-01,Starter,Education,18,557.77,2,28,413.2,no
A9453,2025-04-01,Scale,Retail,15,5479.7,6,58,700.7,no
A9454,2024-07-01,Enterprise,Media,14,17549.23,11,52,320.0,no
A9455,2023-12-01,Starter,Logistics,13,393.44,11,82,778.0,no
A9456,2023-01-01,Free,Retail,43,0.0,17,-83,673.2,no
A9457,2025-01-01,Scale,Education,12,3915.98,17,31,646.8,no
A9458,2024-12-01,Growth,Logistics,36,3426.77,6,-1,191.7,no
A9459,2023-05-01,Growth,Health,37,3326.99,24,-74,172.8,no
A9460,2024-07-01,Free,Retail,21,0.0,15,19,816.5,no
A9461,2023-01-01,Enterprise,Education,52,65530.35,21,-55,243.3,yes
A9462,2024-02-01,Scale,Logistics,33,12044.34,15,-98,874.0,no
A9463,2024-12-01,Starter,Logistics,16,504.41,15,-6,559.4,no
A9464,2023-07-01,Starter,Retail,10,263.72,16,-10,53.7,no
A9465,2024-11-01,Starter,Media,10,282.73,22,-49,8.8,no
A9466,2024-07-01,Starter,Retail,24,743.3,11,-71,836.5,yes
A9467,2025-03-01,Free,Retail,58,0.0,18,23,809.8,no
A9468,2023-09-01,Growth,Logistics,4,412.6,7,-37,350.7,no
A9469,2024-01-01,Free,Education,28,0.0,22,-30,633.7,no
A9470,2024-06-01,Starter,Logistics,36,983.64,7,-17,690.1,no
A9471,2024-10-01,Enterprise,Health,7,7696.06,3,8,168.9,no
A9472,2024-04-01,Enterprise,Fintech,15,18758.75,17,-78,64.1,no
A9473,2024-07-01,Growth,Retail,23,2350.75,5,-66,267.8,yes
A9474,2025-05-01,Scale,Media,42,15993.56,2,82,12.0,no
A9475,2024-05-01,Enterprise,Education,4,4484.77,15,67,331.2,no
A9476,2024-10-01,Starter,Retail,27,856.55,1,-12,867.1,no
A9477,2023-01-01,Enterprise,Media,39,49826.7,19,-71,353.1,no
A9478,2024-11-01,Enterprise,Fintech,55,62845.5,16,-30,346.8,no
A9479,2023-03-01,Scale,Retail,48,18186.59,19,-96,676.2,yes
A9480,2024-02-01,Starter,Education,60,1819.8,0,-55,711.1,no
A9481,2025-05-01,Enterprise,Retail,31,34816.81,17,36,432.3,no
A9482,2023-12-01,Enterprise,Logistics,26,33132.82,22,67,892.3,no
A9483,2023-03-01,Scale,Fintech,45,16420.74,20,48,731.9,no
A9484,2024-04-01,Scale,Media,31,10390.48,7,-65,696.1,no
A9485,2023-01-01,Free,Health,12,0.0,9,90,444.7,no
A9486,2024-12-01,Scale,Education,29,10149.89,11,100,342.4,no
A9487,2024-11-01,Free,Education,47,0.0,8,-8,679.0,no
A9488,2023-05-01,Scale,Fintech,6,2104.33,20,-65,70.1,no
A9489,2024-12-01,Scale,Fintech,35,13118.47,18,83,320.7,no
A9490,2025-02-01,Starter,Education,47,1393.82,6,-25,856.6,no
A9491,2023-03-01,Growth,Media,6,578.47,7,66,329.7,no
A9492,2023-07-01,Growth,Logistics,24,2580.45,8,-85,468.3,no
A9493,2024-08-01,Scale,Logistics,58,20607.02,19,-57,169.8,no
A9494,2023-07-01,Scale,Media,11,4139.76,10,21,501.1,no
A9495,2025-04-01,Free,Education,13,0.0,1,13,661.5,no
A9496,2025-02-01,Growth,Fintech,14,1425.34,2,-40,859.6,no
A9497,2025-04-01,Enterprise,Retail,36,42238.34,11,-87,710.6,no
A9498,2024-04-01,Growth,Health,51,5456.9,10,23,626.1,no
A9499,2025-05-01,Free,Fintech,27,0.0,0,61,610.2,no
A9500,2023-09-01,Scale,Retail,51,16264.08,24,-40,9.5,no
A9501,2023-04-01,Scale,Media,20,7199.39,25,-3,826.2,no
A9502,2025-02-01,Free,Media,35,0.0,20,96,763.2,yes
A9503,2023-05-01,Scale,Fintech,50,18583.16,21,-91,457.3,no
A9504,2024-01-01,Scale,Retail,57,21651.32,0,25,428.1,no
A9505,2023-05-01,Enterprise,Retail,58,63475.88,25,-93,811.2,no
A9506,2023-05-01,Starter,Media,23,730.99,15,-40,634.3,no
A9507,2023-07-01,Enterprise,Retail,44,56628.66,0,41,377.7,yes
A9508,2024-10-01,Scale,Media,55,19507.75,5,53,431.7,yes
A9509,2023-11-01,Free,Logistics,23,0.0,4,-37,717.4,no
A9510,2024-09-01,Starter,Logistics,7,186.01,0,-87,64.9,no
A9511,2024-05-01,Scale,Logistics,16,5238.35,19,74,219.0,no
A9512,2024-10-01,Scale,Education,48,17249.69,21,-1,16.2,no
A9513,2024-10-01,Growth,Health,12,1198.58,11,-93,21.8,no
A9514,2023-07-01,Scale,Health,39,14648.2,0,28,484.9,no
A9515,2023-10-01,Growth,Fintech,18,1870.46,4,-53,770.8,no
A9516,2023-06-01,Enterprise,Media,26,30020.02,2,-93,629.4,no
A9517,2025-01-01,Growth,Health,4,419.73,10,-98,48.0,no
A9518,2023-04-01,Starter,Education,46,1203.96,10,20,97.5,no
A9519,2024-05-01,Free,Fintech,21,0.0,20,70,746.5,no
A9520,2023-04-01,Growth,Education,49,5206.74,3,24,821.3,no
A9521,2024-03-01,Starter,Logistics,24,755.34,3,-75,50.2,no
A9522,2023-04-01,Free,Fintech,52,0.0,6,14,247.3,no
A9523,2025-01-01,Scale,Media,18,6745.41,8,-41,538.2,yes
A9524,2024-01-01,Scale,Health,1,340.06,7,-75,518.7,yes
A9525,2024-04-01,Enterprise,Education,13,16272.63,11,59,59.3,no
A9526,2024-06-01,Scale,Logistics,50,16920.22,24,12,127.8,no
A9527,2024-09-01,Free,Education,1,0.0,0,-65,312.2,no
A9528,2023-08-01,Starter,Retail,23,626.61,14,97,551.1,no
A9529,2024-09-01,Enterprise,Logistics,43,47601.33,8,74,143.8,no
A9530,2023-01-01,Free,Education,10,0.0,21,-45,436.6,no
A9531,2024-06-01,Free,Retail,36,0.0,4,-91,779.0,yes
A9532,2023-08-01,Starter,Fintech,11,296.06,0,38,651.0,no
A9533,2023-06-01,Growth,Fintech,2,190.52,1,-100,734.4,no
A9534,2025-03-01,Free,Education,20,0.0,21,59,112.7,yes
A9535,2024-10-01,Scale,Education,40,14781.53,21,-65,243.0,no
A9536,2024-02-01,Growth,Retail,21,1938.07,5,33,3.2,no
A9537,2024-10-01,Growth,Education,37,3642.85,11,-68,495.8,no
A9538,2023-01-01,Free,Media,43,0.0,20,58,250.9,no
A9539,2023-04-01,Enterprise,Logistics,33,42746.69,12,-32,458.3,no
A9540,2025-05-01,Enterprise,Education,12,14228.83,2,-51,539.2,no
A9541,2024-03-01,Growth,Media,32,3025.26,7,-69,869.6,no
A9542,2025-04-01,Free,Health,3,0.0,11,45,843.2,no
A9543,2024-09-01,Starter,Health,37,1157.03,6,58,28.3,no
A9544,2023-06-01,Starter,Retail,60,1670.89,15,65,697.0,no
A9545,2024-12-01,Enterprise,Logistics,29,31855.89,22,-28,311.7,no
A9546,2024-06-01,Growth,Media,32,3457.89,3,11,294.5,no
A9547,2024-10-01,Scale,Education,39,14298.54,12,51,543.9,yes
A9548,2023-10-01,Starter,Education,35,1024.3,9,8,581.9,no
A9549,2024-04-01,Scale,Retail,15,5517.37,7,-7,420.2,yes
A9550,2023-01-01,Enterprise,Education,16,19852.35,7,28,418.7,no
A9551,2024-09-01,Scale,Fintech,57,19772.39,12,-87,620.3,no
A9552,2023-05-01,Free,Media,14,0.0,2,-52,428.3,no
A9553,2024-09-01,Starter,Logistics,59,1723.42,18,44,224.1,no
A9554,2023-12-01,Growth,Fintech,1,95.21,17,-3,874.2,no
A9555,2024-06-01,Scale,Health,15,5555.77,19,-82,4.1,no
A9556,2024-03-01,Growth,Fintech,17,1622.56,24,88,885.0,yes
A9557,2023-12-01,Growth,Fintech,6,581.18,23,-72,33.6,no
A9558,2024-07-01,Enterprise,Health,41,45426.09,9,7,231.2,no
A9559,2024-01-01,Growth,Media,44,4602.11,21,85,71.8,no
A9560,2023-06-01,Free,Education,15,0.0,24,59,882.1,no
A9561,2023-05-01,Enterprise,Health,44,57122.58,7,5,320.9,no
A9562,2024-07-01,Scale,Logistics,53,17290.27,1,-9,270.9,no
A9563,2023-07-01,Scale,Health,21,6769.58,3,-95,563.2,no
A9564,2024-09-01,Scale,Retail,56,21478.96,0,-98,676.0,no
A9565,2024-10-01,Growth,Retail,43,4268.69,4,53,461.0,no
A9566,2023-08-01,Free,Fintech,56,0.0,4,5,889.5,no
A9567,2023-01-01,Enterprise,Fintech,31,36436.31,12,95,624.2,no
A9568,2024-09-01,Growth,Logistics,6,578.46,20,4,221.0,no
A9569,2023-09-01,Scale,Health,9,3186.69,9,-61,441.9,no
A9570,2024-11-01,Enterprise,Retail,13,14437.0,18,-48,12.4,yes
A9571,2023-10-01,Scale,Media,42,15365.48,13,33,155.5,no
A9572,2024-05-01,Enterprise,Logistics,10,11262.09,25,31,667.4,no
A9573,2023-03-01,Growth,Fintech,44,4028.04,9,25,303.6,no
A9574,2023-09-01,Free,Retail,28,0.0,5,-34,495.6,no
A9575,2023-11-01,Starter,Fintech,23,716.96,25,-18,691.5,no
A9576,2025-05-01,Enterprise,Logistics,8,9027.22,21,60,746.2,no
A9577,2025-04-01,Free,Health,49,0.0,17,87,77.0,no
A9578,2025-05-01,Growth,Health,38,3907.94,3,45,602.4,yes
A9579,2023-11-01,Scale,Logistics,1,321.33,20,-52,361.1,no
A9580,2023-04-01,Enterprise,Education,58,67641.22,9,-52,53.3,no
A9581,2024-11-01,Enterprise,Health,55,59952.99,23,42,549.7,no
A9582,2025-02-01,Enterprise,Health,44,51090.33,20,43,726.7,no
A9583,2023-09-01,Enterprise,Retail,9,10122.67,13,63,221.7,no
A9584,2025-02-01,Free,Logistics,47,0.0,12,4,310.9,no
A9585,2024-04-01,Starter,Logistics,50,1411.96,0,-89,144.7,no
A9586,2023-09-01,Starter,Logistics,53,1661.93,1,87,96.4,no
A9587,2023-12-01,Scale,Education,59,18704.7,1,11,275.4,no
A9588,2023-11-01,Starter,Retail,46,1371.07,11,16,609.0,no
A9589,2023-09-01,Scale,Media,8,2963.74,13,-71,461.5,no
A9590,2024-02-01,Starter,Media,24,674.36,22,-1,534.0,no
A9591,2024-11-01,Free,Media,15,0.0,16,92,671.0,no
A9592,2025-05-01,Enterprise,Education,20,23070.13,1,100,526.1,no
A9593,2023-01-01,Starter,Education,55,1616.54,8,25,341.9,no
A9594,2023-10-01,Free,Health,25,0.0,0,-49,695.4,no
A9595,2024-07-01,Growth,Health,13,1242.61,7,20,215.6,no
A9596,2023-07-01,Free,Education,55,0.0,6,-26,373.2,no
A9597,2025-01-01,Starter,Retail,47,1236.66,16,-49,399.0,no
A9598,2024-01-01,Enterprise,Logistics,3,3548.69,6,-8,582.6,no
A9599,2024-09-01,Starter,Health,53,1521.42,16,-32,177.6,no
A9600,2024-05-01,Growth,Media,49,4715.84,6,-37,347.1,yes
A9601,2023-10-01,Free,Media,47,0.0,19,3,771.3,no
A9602,2024-06-01,Enterprise,Education,9,10976.26,7,10,761.7,no
A9603,2025-04-01,Enterprise,Fintech,51,59203.29,12,-93,684.2,no
A9604,2024-04-01,Scale,Health,43,13818.48,7,96,184.0,no
A9605,2023-01-01,Growth,Media,45,4703.93,5,51,143.9,no
A9606,2023-10-01,Growth,Health,18,1745.53,14,-31,155.8,no
A9607,2024-04-01,Enterprise,Media,44,49736.72,8,99,1.4,no
A9608,2023-01-01,Free,Retail,42,0.0,9,-70,625.2,no
A9609,2025-01-01,Growth,Education,48,4572.8,7,9,81.5,yes
A9610,2023-05-01,Scale,Media,11,3939.07,8,-95,121.0,no
A9611,2025-04-01,Enterprise,Health,19,21953.35,9,38,854.2,yes
A9612,2024-08-01,Enterprise,Retail,47,54827.06,0,-74,826.5,no
A9613,2023-05-01,Starter,Retail,13,361.14,10,86,206.0,no
A9614,2024-11-01,Growth,Logistics,8,815.68,14,-92,691.1,no
A9615,2023-01-01,Free,Logistics,20,0.0,1,-30,482.7,no
A9616,2023-08-01,Growth,Health,47,4461.49,16,-26,718.2,no
A9617,2024-07-01,Growth,Retail,1,97.93,2,-16,260.7,no
A9618,2024-07-01,Growth,Retail,25,2482.38,12,91,693.1,no
A9619,2023-01-01,Starter,Media,8,240.01,22,-76,210.3,no
A9620,2023-05-01,Scale,Logistics,48,16804.99,5,11,293.8,yes
A9621,2025-05-01,Enterprise,Logistics,32,38439.35,11,-74,284.3,no
A9622,2024-11-01,Growth,Retail,20,2159.22,20,-55,735.2,no
A9623,2025-01-01,Growth,Education,54,4843.6,5,25,148.9,yes
A9624,2023-06-01,Free,Education,5,0.0,11,-96,443.1,no
A9625,2024-06-01,Enterprise,Media,45,52809.1,10,17,478.1,no
A9626,2023-04-01,Enterprise,Fintech,60,74969.59,4,0,381.6,no
A9627,2024-12-01,Free,Education,22,0.0,2,54,250.2,no
A9628,2023-03-01,Enterprise,Education,11,13466.39,2,-75,411.0,no
A9629,2024-09-01,Enterprise,Health,54,67187.57,7,-16,866.0,yes
A9630,2023-05-01,Scale,Media,36,12057.35,8,-71,505.1,no
A9631,2023-08-01,Free,Fintech,28,0.0,17,-97,765.8,no
A9632,2023-11-01,Starter,Logistics,1,28.12,24,-61,638.7,no
A9633,2023-12-01,Free,Retail,56,0.0,7,-48,497.3,no
A9634,2023-08-01,Enterprise,Logistics,30,34590.15,14,-78,792.6,no
A9635,2024-11-01,Free,Fintech,33,0.0,6,-1,71.1,no
A9636,2025-05-01,Starter,Media,29,874.79,25,66,94.2,no
A9637,2024-05-01,Free,Media,27,0.0,22,61,168.8,no
A9638,2023-01-01,Enterprise,Health,53,65328.07,9,-83,42.0,no
A9639,2025-02-01,Free,Media,37,0.0,12,-77,752.3,no
A9640,2024-11-01,Starter,Retail,49,1545.58,25,-81,210.9,no
A9641,2024-05-01,Enterprise,Health,59,67783.5,25,-29,753.1,no
A9642,2023-10-01,Enterprise,Education,42,54400.8,16,13,356.5,no
A9643,2025-01-01,Growth,Education,6,624.07,25,-54,268.3,no
A9644,2024-11-01,Growth,Retail,34,3265.25,4,80,23.0,yes
A9645,2024-08-01,Scale,Health,48,17987.33,18,35,18.1,yes
A9646,2024-03-01,Enterprise,Logistics,2,2314.6,5,14,364.3,no
A9647,2023-09-01,Starter,Retail,46,1314.85,17,37,12.8,no
A9648,2023-01-01,Starter,Fintech,30,887.81,11,65,281.7,no
A9649,2024-01-01,Starter,Education,49,1284.8,12,55,207.3,no
A9650,2024-05-01,Starter,Education,54,1507.88,16,7,216.5,no
A9651,2023-05-01,Enterprise,Fintech,12,15646.78,4,-73,758.7,no
A9652,2025-04-01,Growth,Logistics,32,3321.17,4,-52,454.0,no
A9653,2025-01-01,Enterprise,Health,5,6190.63,25,-100,334.6,no
A9654,2023-09-01,Scale,Health,58,22032.42,14,-18,418.3,no
A9655,2023-07-01,Enterprise,Media,10,11449.27,1,5,867.5,no
A9656,2025-01-01,Growth,Retail,23,2242.99,14,22,777.2,no
A9657,2025-04-01,Enterprise,Education,55,66029.16,19,58,470.7,no
A9658,2024-01-01,Starter,Health,10,261.61,14,42,725.7,no
A9659,2023-11-01,Starter,Retail,55,1588.12,6,11,562.6,no
A9660,2023-01-01,Enterprise,Media,9,11563.35,8,-46,804.9,no
A9661,2024-11-01,Growth,Logistics,23,2166.32,24,-9,757.8,no
A9662,2023-12-01,Enterprise,Media,13,16403.0,24,63,371.7,no
A9663,2024-05-01,Starter,Media,41,1203.91,4,30,546.4,no
A9664,2023-01-01,Growth,Retail,21,1994.54,7,57,258.7,no
A9665,2025-03-01,Enterprise,Education,21,26299.1,12,29,65.1,no
A9666,2024-11-01,Growth,Retail,38,3973.59,12,-4,388.7,no
A9667,2025-02-01,Growth,Retail,16,1729.75,22,-73,112.0,no
A9668,2023-12-01,Enterprise,Media,14,16093.42,9,-44,679.2,no
A9669,2023-08-01,Starter,Media,5,133.67,8,93,777.6,no
A9670,2024-10-01,Scale,Health,48,16406.44,7,68,238.3,no
A9671,2025-05-01,Enterprise,Health,33,39428.68,9,52,372.6,no
A9672,2024-06-01,Scale,Health,1,330.04,14,21,372.7,no
A9673,2024-04-01,Enterprise,Media,35,43978.06,19,2,805.6,no
A9674,2024-01-01,Free,Retail,18,0.0,15,-85,307.7,no
A9675,2025-01-01,Starter,Logistics,8,227.05,25,-10,272.1,yes
A9676,2023-03-01,Free,Media,32,0.0,24,-32,263.2,no
A9677,2024-10-01,Scale,Logistics,51,16790.24,22,-9,844.3,no
A9678,2023-09-01,Growth,Logistics,45,4246.11,19,-98,514.0,no
A9679,2025-02-01,Growth,Logistics,55,5939.46,25,-28,15.0,no
A9680,2024-07-01,Enterprise,Media,48,63170.05,19,18,7.8,no
A9681,2023-06-01,Enterprise,Logistics,21,24613.88,1,17,611.0,no
A9682,2025-04-01,Scale,Fintech,50,15950.01,2,-40,22.5,no
A9683,2023-04-01,Scale,Media,40,13429.99,22,-5,259.5,yes
A9684,2023-10-01,Scale,Logistics,45,17081.45,20,90,116.8,no
A9685,2023-09-01,Scale,Retail,25,8068.93,6,-20,208.4,no
A9686,2024-05-01,Free,Fintech,29,0.0,1,70,531.9,no
A9687,2023-08-01,Enterprise,Fintech,41,52706.07,18,87,487.7,no
A9688,2024-03-01,Scale,Retail,46,17463.95,14,-28,404.3,no
A9689,2024-07-01,Growth,Fintech,39,4135.08,8,48,428.8,no
A9690,2023-10-01,Starter,Health,9,282.07,10,-9,37.3,no
A9691,2024-01-01,Enterprise,Fintech,59,74409.16,2,-63,212.0,no
A9692,2023-11-01,Free,Media,15,0.0,15,90,428.5,no
A9693,2024-09-01,Scale,Fintech,60,21541.1,3,-71,432.1,no
A9694,2024-11-01,Scale,Logistics,1,357.62,14,40,418.6,no
A9695,2024-07-01,Enterprise,Health,20,23556.17,14,-66,297.3,no
A9696,2024-04-01,Starter,Health,10,281.36,15,6,822.7,no
A9697,2024-10-01,Scale,Fintech,30,9835.18,6,23,676.8,no
A9698,2023-05-01,Starter,Health,49,1504.22,18,-18,727.6,no
A9699,2024-07-01,Enterprise,Retail,53,64503.97,22,33,591.5,yes
A9700,2023-05-01,Enterprise,Retail,33,43113.07,13,63,641.6,no
A9701,2024-11-01,Starter,Health,9,259.96,21,4,60.5,no
A9702,2024-11-01,Free,Education,28,0.0,6,-63,235.8,yes
A9703,2023-10-01,Scale,Logistics,40,13688.3,13,-13,324.8,no
A9704,2023-11-01,Enterprise,Education,31,37341.23,17,-89,434.0,no
A9705,2023-11-01,Growth,Media,53,4757.34,15,-62,272.9,yes
A9706,2023-11-01,Growth,Education,44,4325.31,8,-93,568.0,no
A9707,2024-02-01,Enterprise,Retail,15,18378.85,18,-34,860.7,no
A9708,2024-09-01,Growth,Fintech,55,5084.82,24,-6,516.6,no
A9709,2024-04-01,Growth,Logistics,8,781.9,25,-14,571.8,no
A9710,2023-01-01,Free,Logistics,19,0.0,17,-9,268.3,yes
A9711,2023-05-01,Scale,Health,15,5436.52,17,-12,792.4,no
A9712,2025-05-01,Starter,Fintech,46,1232.88,21,29,662.1,yes
A9713,2024-06-01,Growth,Education,10,1005.94,0,-97,196.2,no
A9714,2025-05-01,Scale,Education,55,18157.01,12,-51,562.2,no
A9715,2024-05-01,Growth,Media,9,973.85,25,15,533.9,no
A9716,2024-04-01,Enterprise,Education,25,32690.06,25,-97,391.3,yes
A9717,2023-01-01,Enterprise,Retail,22,26766.25,5,-20,156.2,no
A9718,2023-07-01,Scale,Fintech,23,8218.97,20,-12,433.6,no
A9719,2023-09-01,Growth,Health,36,3753.85,14,10,828.6,no
A9720,2023-04-01,Free,Health,13,0.0,8,-87,469.0,no
A9721,2023-10-01,Starter,Education,33,983.13,6,44,258.5,no
A9722,2024-01-01,Starter,Health,8,234.25,16,-50,63.8,no
A9723,2025-05-01,Scale,Fintech,1,366.4,7,-4,529.5,yes
A9724,2024-05-01,Scale,Health,60,22341.1,8,17,649.7,yes
A9725,2025-04-01,Growth,Health,6,564.12,12,-67,515.7,no
A9726,2025-05-01,Growth,Health,6,620.28,12,37,32.8,no
A9727,2025-01-01,Enterprise,Logistics,40,48911.44,1,6,290.4,no
A9728,2024-12-01,Free,Fintech,59,0.0,25,-76,299.8,no
A9729,2023-07-01,Enterprise,Fintech,13,15522.48,21,-23,312.2,no
A9730,2023-09-01,Starter,Fintech,5,152.35,16,15,457.1,no
A9731,2025-03-01,Scale,Fintech,43,14349.26,1,10,679.2,no
A9732,2024-02-01,Starter,Education,60,1774.96,16,-66,419.6,yes
A9733,2024-06-01,Enterprise,Logistics,4,4912.71,22,-4,169.2,no
A9734,2024-05-01,Enterprise,Media,4,4490.64,5,25,501.8,no
A9735,2023-11-01,Starter,Retail,26,750.96,6,-50,160.3,no
A9736,2023-11-01,Starter,Retail,15,414.84,13,90,772.9,yes
A9737,2023-09-01,Growth,Retail,49,4530.74,20,68,619.1,no
A9738,2024-04-01,Scale,Education,12,4064.79,23,-72,836.3,no
A9739,2023-05-01,Enterprise,Media,58,65149.37,7,6,820.0,no
A9740,2023-05-01,Free,Media,53,0.0,7,54,844.5,no
A9741,2023-08-01,Enterprise,Fintech,3,3586.53,25,58,746.7,no
A9742,2024-11-01,Enterprise,Logistics,45,55120.17,16,-58,706.4,no
A9743,2024-11-01,Growth,Fintech,18,1666.55,4,-61,801.9,no
A9744,2024-10-01,Free,Fintech,14,0.0,13,-47,880.7,no
A9745,2023-12-01,Starter,Logistics,27,852.94,1,97,704.9,no
A9746,2023-12-01,Scale,Education,29,10251.61,1,-17,188.8,no
A9747,2023-11-01,Starter,Retail,5,137.19,16,-36,476.1,no
A9748,2024-03-01,Enterprise,Education,1,1189.53,23,27,811.5,yes
A9749,2023-03-01,Scale,Health,38,12998.17,6,-66,565.6,no
A9750,2024-05-01,Free,Logistics,58,0.0,13,-94,308.9,no
A9751,2025-05-01,Enterprise,Education,60,69339.29,22,55,232.4,no
A9752,2023-04-01,Scale,Health,12,3860.15,20,-85,634.1,yes
A9753,2024-12-01,Starter,Health,57,1660.17,13,7,579.5,no
A9754,2023-05-01,Starter,Education,57,1708.45,15,-13,768.3,no
A9755,2025-05-01,Growth,Logistics,24,2503.71,14,-25,119.5,no
A9756,2023-09-01,Growth,Logistics,36,3297.85,13,35,743.7,no
A9757,2024-05-01,Starter,Education,57,1637.97,22,-52,370.0,no
A9758,2025-03-01,Scale,Logistics,36,12933.21,17,-3,250.9,no
A9759,2024-10-01,Free,Fintech,28,0.0,17,71,544.1,no
A9760,2023-10-01,Enterprise,Education,32,38499.09,5,-22,498.9,no
A9761,2023-12-01,Enterprise,Health,37,46539.92,20,-55,639.6,no
A9762,2023-04-01,Free,Retail,8,0.0,23,36,845.7,no
A9763,2024-10-01,Growth,Logistics,53,5340.99,8,1,514.2,no
A9764,2024-11-01,Scale,Logistics,12,4186.93,3,42,380.9,no
A9765,2025-05-01,Starter,Fintech,43,1363.36,1,94,727.9,no
A9766,2024-08-01,Starter,Media,55,1654.95,7,-45,515.2,no
A9767,2023-05-01,Growth,Education,46,4740.75,25,14,538.3,no
A9768,2024-09-01,Enterprise,Media,1,1157.92,1,-25,557.9,no
A9769,2024-03-01,Growth,Media,29,2893.57,7,-44,125.1,yes
A9770,2023-05-01,Starter,Media,13,381.36,18,-97,41.8,no
A9771,2023-03-01,Growth,Retail,26,2676.18,1,-39,897.1,no
A9772,2023-04-01,Starter,Media,43,1337.22,22,22,782.1,no
A9773,2023-07-01,Enterprise,Logistics,51,57758.77,5,39,727.2,no
A9774,2024-05-01,Enterprise,Health,51,67079.68,24,74,667.5,no
A9775,2023-11-01,Free,Retail,31,0.0,2,-16,505.2,no
A9776,2023-05-01,Free,Education,24,0.0,2,-24,888.6,yes
A9777,2024-01-01,Growth,Retail,14,1516.93,11,-64,833.7,no
A9778,2024-06-01,Enterprise,Fintech,6,7324.92,10,77,604.4,no
A9779,2024-04-01,Enterprise,Fintech,11,13089.74,22,-14,545.7,no
A9780,2023-03-01,Starter,Fintech,29,792.13,16,21,770.2,no
A9781,2024-07-01,Scale,Retail,20,7002.0,12,8,578.8,no
A9782,2024-09-01,Free,Health,32,0.0,1,-39,488.1,yes
A9783,2023-10-01,Starter,Media,13,366.75,1,-98,655.9,no
A9784,2024-08-01,Enterprise,Education,27,33072.33,8,-78,672.4,no
A9785,2023-08-01,Free,Retail,39,0.0,21,-74,441.9,no
A9786,2023-09-01,Starter,Logistics,43,1254.43,13,-19,451.3,yes
A9787,2023-07-01,Free,Media,2,0.0,12,-49,891.0,no
A9788,2025-01-01,Scale,Fintech,43,15215.7,24,-34,542.9,no
A9789,2023-03-01,Enterprise,Logistics,36,46951.48,13,68,194.1,no
A9790,2023-06-01,Enterprise,Fintech,12,13519.35,1,-3,615.4,no
A9791,2024-04-01,Starter,Health,44,1394.04,0,-83,863.2,no
A9792,2023-05-01,Growth,Education,26,2593.31,8,-96,794.7,no
A9793,2023-01-01,Free,Logistics,16,0.0,22,0,443.4,no
A9794,2024-05-01,Starter,Media,24,687.7,7,13,287.1,no
A9795,2024-09-01,Starter,Fintech,8,232.38,8,81,245.9,yes
A9796,2023-09-01,Starter,Media,35,980.24,15,72,68.6,no
A9797,2023-03-01,Free,Logistics,28,0.0,11,-77,245.4,no
A9798,2024-04-01,Starter,Education,20,550.51,17,83,681.8,no
A9799,2025-03-01,Enterprise,Fintech,56,72906.3,25,1,509.6,yes
A9800,2025-04-01,Free,Media,17,0.0,25,-100,776.4,no
A9801,2023-03-01,Enterprise,Health,43,47080.45,11,-92,45.8,no
A9802,2024-11-01,Scale,Logistics,34,11894.21,17,-10,625.1,yes
A9803,2024-09-01,Growth,Fintech,55,4905.21,13,59,97.1,no
A9804,2023-09-01,Growth,Retail,55,5064.33,1,-5,767.4,no
A9805,2024-05-01,Scale,Logistics,5,1824.87,24,7,423.2,no
A9806,2025-05-01,Enterprise,Media,3,3895.71,21,35,748.0,no
A9807,2023-06-01,Growth,Media,21,1875.64,24,-55,253.4,no
A9808,2025-05-01,Free,Logistics,29,0.0,3,14,261.1,no
A9809,2023-05-01,Enterprise,Media,44,57175.51,9,-36,643.1,no
A9810,2023-09-01,Enterprise,Media,48,59560.7,23,-5,692.9,no
A9811,2023-07-01,Starter,Education,32,897.67,18,10,894.3,yes
A9812,2024-11-01,Free,Fintech,58,0.0,12,-8,562.2,no
A9813,2024-06-01,Scale,Education,50,17074.52,4,82,646.9,no
A9814,2023-10-01,Starter,Logistics,29,833.44,9,-65,79.1,yes
A9815,2023-08-01,Free,Retail,10,0.0,18,-74,287.9,no
A9816,2024-11-01,Scale,Education,50,19155.98,20,-16,320.1,no
A9817,2024-07-01,Enterprise,Fintech,36,40759.88,5,-22,318.6,no
A9818,2025-03-01,Scale,Retail,54,18594.5,12,43,69.9,no
A9819,2024-06-01,Scale,Logistics,35,11558.71,17,15,450.3,no
A9820,2024-08-01,Starter,Education,38,1067.32,8,-64,391.9,no
A9821,2024-06-01,Starter,Education,48,1289.79,17,34,422.3,yes
A9822,2023-05-01,Growth,Logistics,5,470.83,4,78,32.5,yes
A9823,2023-11-01,Free,Media,2,0.0,18,79,800.1,no
A9824,2023-03-01,Enterprise,Logistics,19,24136.53,2,-34,309.9,no
A9825,2025-04-01,Enterprise,Fintech,21,25698.5,13,-45,439.0,no
A9826,2025-03-01,Scale,Health,10,3797.64,19,-13,105.2,no
A9827,2023-05-01,Starter,Media,31,913.67,0,-70,218.9,no
A9828,2023-05-01,Starter,Retail,6,179.23,5,37,208.5,no
A9829,2024-07-01,Free,Health,28,0.0,4,36,377.1,no
A9830,2023-12-01,Scale,Media,37,12882.94,15,-50,371.8,no
A9831,2024-12-01,Growth,Media,13,1380.07,8,-51,850.0,no
A9832,2023-12-01,Growth,Logistics,17,1625.94,14,-4,426.5,no
A9833,2023-05-01,Free,Logistics,37,0.0,0,13,506.7,no
A9834,2024-02-01,Free,Logistics,54,0.0,22,45,437.9,no
A9835,2024-02-01,Growth,Education,21,2003.43,16,-89,358.1,yes
A9836,2024-08-01,Growth,Media,18,1776.28,15,-24,404.0,no
A9837,2024-10-01,Scale,Health,36,12115.33,1,-46,121.6,no
A9838,2024-01-01,Scale,Health,27,8754.84,23,20,666.0,yes
A9839,2024-04-01,Free,Health,45,0.0,5,22,559.5,no
A9840,2025-05-01,Scale,Logistics,53,18562.14,13,-19,455.8,no
A9841,2024-05-01,Enterprise,Health,10,12553.86,12,59,74.7,no
A9842,2024-06-01,Enterprise,Retail,15,16260.54,11,-69,731.2,no
A9843,2025-01-01,Enterprise,Fintech,21,24598.25,3,27,278.3,no
A9844,2024-05-01,Growth,Logistics,21,2276.84,9,-13,714.6,no
A9845,2024-09-01,Enterprise,Health,6,6808.1,20,5,791.7,yes
A9846,2024-10-01,Scale,Retail,35,12118.7,14,-60,267.3,no
A9847,2024-04-01,Growth,Education,41,3901.27,13,28,696.3,no
A9848,2024-03-01,Scale,Fintech,18,6309.53,12,-92,14.6,no
A9849,2023-10-01,Free,Media,52,0.0,8,-96,418.5,yes
A9850,2023-01-01,Scale,Health,37,11861.25,21,-96,722.9,no
A9851,2023-07-01,Free,Health,5,0.0,12,17,815.1,no
A9852,2024-01-01,Growth,Health,9,821.17,16,-78,599.4,no
A9853,2023-04-01,Growth,Media,54,5739.11,1,9,750.9,no
A9854,2024-07-01,Scale,Education,58,22248.72,18,78,262.1,no
A9855,2024-09-01,Free,Health,45,0.0,14,83,40.0,no
A9856,2023-04-01,Growth,Fintech,28,2828.41,24,41,587.9,no
A9857,2023-03-01,Scale,Media,27,10028.73,16,-96,267.6,no
A9858,2024-06-01,Starter,Education,30,836.17,1,-1,819.3,no
A9859,2024-07-01,Enterprise,Retail,48,54496.73,8,48,76.2,no
A9860,2024-05-01,Growth,Fintech,28,2984.75,0,50,20.7,no
A9861,2023-10-01,Enterprise,Media,7,8600.7,12,-66,730.2,no
A9862,2025-04-01,Free,Fintech,32,0.0,13,-56,110.8,no
A9863,2025-01-01,Scale,Fintech,28,10664.89,10,-45,883.2,yes
A9864,2025-04-01,Growth,Logistics,58,5198.71,19,-40,740.2,no
A9865,2023-06-01,Growth,Education,27,2654.13,17,82,301.4,no
A9866,2025-02-01,Enterprise,Logistics,1,1204.98,9,10,843.4,no
A9867,2024-12-01,Scale,Education,14,4577.13,25,54,681.0,no
A9868,2024-07-01,Enterprise,Media,12,14623.67,15,95,205.9,no
A9869,2024-11-01,Free,Education,49,0.0,17,-96,48.3,no
A9870,2023-01-01,Enterprise,Logistics,30,36872.8,10,-28,796.7,no
A9871,2024-04-01,Growth,Health,20,1846.27,15,92,125.6,no
A9872,2024-05-01,Enterprise,Media,20,21825.19,12,6,205.0,no
A9873,2023-12-01,Enterprise,Fintech,18,22144.17,0,-45,880.3,no
A9874,2023-11-01,Free,Health,17,0.0,1,25,850.5,yes
A9875,2023-04-01,Free,Education,12,0.0,19,75,806.9,yes
A9876,2023-07-01,Enterprise,Fintech,21,22900.21,11,36,427.4,no
A9877,2023-05-01,Starter,Logistics,51,1581.76,4,-40,594.0,no
A9878,2023-06-01,Scale,Education,55,19518.44,16,-41,795.2,no
A9879,2023-12-01,Scale,Education,25,8651.22,12,-61,218.1,no
A9880,2023-12-01,Scale,Retail,52,18517.37,17,-17,61.6,no
A9881,2023-01-01,Free,Health,31,0.0,4,-90,9.2,no
A9882,2023-01-01,Starter,Health,26,777.0,25,99,869.7,no
A9883,2023-12-01,Growth,Health,6,586.71,12,-77,220.2,no
A9884,2023-08-01,Enterprise,Fintech,42,45750.03,24,-11,356.3,no
A9885,2025-03-01,Scale,Logistics,35,11023.68,4,-73,607.9,no
A9886,2025-02-01,Starter,Health,48,1264.97,18,65,500.0,no
A9887,2023-05-01,Growth,Media,36,3469.91,18,14,508.4,no
A9888,2025-04-01,Free,Logistics,58,0.0,7,90,821.4,no
A9889,2023-05-01,Free,Media,58,0.0,7,84,98.5,no
A9890,2024-09-01,Enterprise,Logistics,3,3467.13,1,-6,629.1,yes
A9891,2023-09-01,Growth,Education,6,626.34,13,66,817.8,no
A9892,2025-02-01,Starter,Media,21,600.12,0,-85,539.4,no
A9893,2023-05-01,Starter,Fintech,10,295.18,7,-77,565.6,no
A9894,2024-04-01,Enterprise,Fintech,29,33777.37,22,-51,891.4,no
A9895,2023-10-01,Scale,Health,21,6786.84,10,-25,874.5,no
A9896,2023-06-01,Scale,Fintech,54,20019.16,18,-11,354.5,no
A9897,2024-03-01,Scale,Fintech,21,6870.6,14,-47,18.0,no
A9898,2024-11-01,Growth,Fintech,12,1088.17,20,19,92.3,no
A9899,2023-04-01,Starter,Media,27,757.23,14,77,255.4,no
A9900,2024-02-01,Enterprise,Media,18,19854.33,5,46,203.6,no
A9901,2024-02-01,Starter,Health,40,1206.61,20,-3,187.9,no
A9902,2024-08-01,Starter,Fintech,42,1311.39,22,88,241.2,no
A9903,2023-10-01,Free,Health,18,0.0,12,76,397.1,no
A9904,2023-05-01,Enterprise,Fintech,51,66581.76,20,67,138.6,no
A9905,2024-09-01,Free,Media,28,0.0,13,27,89.0,no
A9906,2023-06-01,Growth,Education,6,579.34,22,23,160.3,no
A9907,2023-07-01,Enterprise,Media,16,18571.29,13,45,782.9,no
A9908,2023-01-01,Starter,Health,9,262.01,13,61,694.4,no
A9909,2025-02-01,Scale,Retail,9,3430.08,13,7,171.5,no
A9910,2024-04-01,Starter,Health,57,1489.85,14,-51,81.4,no
A9911,2025-02-01,Starter,Retail,27,736.28,12,-27,360.3,no
A9912,2023-03-01,Starter,Health,15,437.87,7,21,373.3,no
A9913,2024-01-01,Starter,Fintech,50,1323.92,6,-84,660.8,no
A9914,2024-12-01,Growth,Education,43,4526.14,25,-78,117.9,no
A9915,2023-03-01,Scale,Logistics,50,18360.87,9,-20,626.5,no
A9916,2024-10-01,Starter,Fintech,32,1002.79,12,9,873.6,no
A9917,2024-08-01,Growth,Fintech,10,1022.78,6,-62,479.4,no
A9918,2023-10-01,Free,Fintech,22,0.0,25,-35,272.1,no
A9919,2023-07-01,Enterprise,Education,16,18641.4,0,58,300.1,no
A9920,2023-06-01,Growth,Logistics,30,2814.85,4,82,801.8,no
A9921,2025-03-01,Growth,Health,32,3190.3,14,98,359.8,no
A9922,2023-11-01,Enterprise,Health,6,6579.58,9,9,269.5,no
A9923,2025-02-01,Starter,Education,44,1208.68,21,-59,413.2,no
A9924,2024-04-01,Starter,Fintech,17,485.35,17,97,225.4,no
A9925,2023-05-01,Enterprise,Media,52,67062.13,24,-75,893.2,no
A9926,2024-03-01,Growth,Fintech,49,5308.5,19,86,874.8,no
A9927,2023-01-01,Starter,Logistics,6,159.47,1,48,454.5,no
A9928,2023-11-01,Starter,Logistics,15,412.53,25,55,530.1,no
A9929,2023-05-01,Growth,Education,13,1231.7,18,78,43.5,no
A9930,2024-08-01,Scale,Education,20,7257.32,11,87,54.4,no
A9931,2023-07-01,Growth,Education,36,3743.62,5,-31,39.6,no
A9932,2024-05-01,Free,Media,46,0.0,20,22,894.1,no
A9933,2024-04-01,Enterprise,Retail,3,3926.39,16,84,455.1,no
A9934,2024-05-01,Growth,Health,49,4545.89,13,-23,689.8,no
A9935,2025-05-01,Growth,Fintech,49,5242.53,10,-7,642.3,no
A9936,2025-01-01,Free,Education,60,0.0,17,-94,692.0,no
A9937,2024-11-01,Enterprise,Logistics,33,41933.12,15,34,443.6,no
A9938,2025-01-01,Scale,Health,32,10080.04,1,-22,769.8,no
A9939,2024-07-01,Free,Fintech,28,0.0,25,10,299.9,no
A9940,2023-09-01,Starter,Retail,37,1072.45,21,-83,514.6,no
A9941,2024-04-01,Scale,Logistics,27,9211.18,13,-39,196.7,no
A9942,2023-10-01,Enterprise,Logistics,49,56737.32,0,41,416.1,no
A9943,2023-11-01,Scale,Logistics,50,18484.34,15,-12,613.4,yes
A9944,2025-03-01,Free,Retail,13,0.0,24,17,598.1,no
A9945,2024-12-01,Free,Logistics,28,0.0,9,-17,641.9,no
A9946,2024-12-01,Free,Education,39,0.0,0,-33,478.4,no
A9947,2023-10-01,Starter,Media,43,1311.81,6,80,541.8,yes
A9948,2023-08-01,Free,Logistics,44,0.0,2,99,221.2,no
A9949,2024-11-01,Starter,Health,19,582.95,5,88,351.3,no
A9950,2024-10-01,Enterprise,Retail,24,29112.72,6,-57,76.9,no
A9951,2023-01-01,Free,Health,45,0.0,25,-27,125.4,no
A9952,2023-09-01,Enterprise,Retail,6,7398.05,0,-3,27.0,no
A9953,2024-01-01,Scale,Education,51,16587.44,18,8,887.2,no
A9954,2023-03-01,Enterprise,Retail,22,24008.86,21,-8,470.7,no
A9955,2025-05-01,Enterprise,Retail,20,26293.71,12,-33,282.2,no
A9956,2024-03-01,Starter,Retail,32,860.82,19,-46,656.0,no
A9957,2025-05-01,Enterprise,Education,60,64801.96,18,-5,361.1,no
A9958,2024-07-01,Starter,Media,50,1327.09,20,-73,249.2,yes
A9959,2025-04-01,Scale,Education,24,8809.13,12,-1,367.7,yes
A9960,2024-07-01,Enterprise,Education,20,22564.15,5,82,34.1,no
A9961,2023-05-01,Scale,Retail,52,19763.47,23,99,334.3,no
A9962,2025-02-01,Growth,Education,39,3589.29,23,-15,788.0,no
A9963,2025-05-01,Growth,Fintech,56,5465.77,22,-21,54.1,no
A9964,2023-07-01,Growth,Education,30,3001.41,20,-60,315.6,yes
A9965,2025-04-01,Growth,Health,48,4962.22,12,32,554.7,yes
A9966,2023-09-01,Growth,Fintech,3,272.04,11,-14,665.4,yes
A9967,2023-01-01,Starter,Logistics,52,1548.99,3,-3,677.1,no
A9968,2023-05-01,Growth,Fintech,26,2543.43,11,78,282.5,no
A9969,2024-11-01,Enterprise,Media,15,16246.96,1,-29,119.3,no
A9970,2024-05-01,Growth,Education,18,1609.94,11,-55,19.1,no
A9971,2023-05-01,Starter,Retail,35,1053.58,19,67,366.9,no
A9972,2023-07-01,Growth,Logistics,40,3815.03,25,-16,432.1,no
A9973,2023-03-01,Starter,Education,40,1166.22,9,34,396.2,no
A9974,2024-11-01,Growth,Retail,29,2859.67,23,-3,680.4,no
A9975,2025-03-01,Scale,Retail,53,18592.45,23,-84,438.5,no
A9976,2024-05-01,Free,Logistics,19,0.0,6,-40,275.3,no
A9977,2023-01-01,Starter,Media,57,1669.97,0,99,13.1,no
A9978,2024-12-01,Growth,Retail,43,4536.74,6,-94,795.6,no
A9979,2025-05-01,Scale,Retail,27,8887.62,3,-84,612.7,no
A9980,2024-01-01,Free,Logistics,22,0.0,18,-84,453.4,yes
A9981,2024-08-01,Enterprise,Media,54,61046.8,2,73,54.1,no
A9982,2023-10-01,Free,Logistics,17,0.0,24,34,758.7,no
A9983,2024-09-01,Scale,Retail,8,2844.0,11,-47,885.6,no
A9984,2023-09-01,Free,Health,59,0.0,9,-38,326.7,no
A9985,2025-01-01,Enterprise,Health,41,47858.97,17,92,157.1,no
A9986,2023-09-01,Starter,Fintech,17,477.88,7,-83,515.2,no
A9987,2024-03-01,Scale,Fintech,6,1952.32,20,-1,320.6,no
A9988,2024-04-01,Scale,Education,60,22506.72,0,-55,421.1,no
A9989,2023-01-01,Free,Media,37,0.0,12,-72,461.0,no
A9990,2025-04-01,Starter,Education,60,1696.03,8,-91,832.6,no
A9991,2023-08-01,Starter,Logistics,26,787.22,24,57,658.7,no
A9992,2024-09-01,Growth,Education,56,4997.8,25,88,832.2,no
A9993,2023-05-01,Growth,Retail,23,2153.06,22,-61,274.9,no
A9994,2023-03-01,Growth,Logistics,58,5659.91,2,50,777.0,no
A9995,2025-03-01,Starter,Fintech,3,94.61,5,-52,85.1,no
A9996,2023-07-01,Free,Logistics,18,0.0,4,16,289.1,no
A9997,2024-05-01,Growth,Health,45,4642.76,11,-52,571.5,no
A9998,2025-04-01,Free,Logistics,58,0.0,13,-19,550.0,no
A9999,2023-09-01,Starter,Education,58,1632.95,17,-15,514.8,no
A10000,2024-10-01,Scale,Fintech,14,4941.55,19,48,521.2,no
A10001,2025-05-01,Starter,Logistics,53,1575.66,10,74,191.4,no
A10002,2023-05-01,Growth,Health,3,288.37,13,-11,230.2,yes
A10003,2024-10-01,Starter,Media,9,267.17,22,79,596.3,no
A10004,2023-10-01,Scale,Fintech,28,9560.09,16,-57,250.8,no
A10005,2023-11-01,Enterprise,Logistics,37,43505.1,9,43,111.8,no
A10006,2023-10-01,Starter,Media,6,190.07,20,-72,105.6,no
A10007,2024-09-01,Enterprise,Logistics,27,32847.69,2,54,463.2,no
A10008,2024-05-01,Enterprise,Media,10,13102.17,22,-5,577.4,no
A10009,2023-04-01,Enterprise,Education,57,65109.87,10,66,609.0,no
A10010,2023-01-01,Growth,Education,47,4385.84,21,-91,49.0,no
A10011,2023-04-01,Starter,Education,22,647.34,8,-59,868.3,no
A10012,2024-10-01,Enterprise,Retail,4,5273.67,11,85,71.5,no
A10013,2023-04-01,Growth,Education,10,1053.99,6,16,839.5,no
A10014,2025-03-01,Growth,Education,7,642.64,7,-76,86.6,no
A10015,2024-08-01,Scale,Logistics,14,5283.32,13,-74,119.9,yes
A10016,2023-11-01,Free,Media,11,0.0,14,-54,347.0,no
A10017,2024-10-01,Free,Fintech,57,0.0,8,52,683.3,no
A10018,2024-09-01,Free,Education,19,0.0,17,77,466.5,no
A10019,2023-06-01,Starter,Retail,13,351.24,16,27,79.4,no
A10020,2023-08-01,Scale,Fintech,41,15540.17,19,-82,577.8,no
A10021,2025-04-01,Enterprise,Logistics,50,61422.44,17,24,683.8,no
A10022,2024-05-01,Free,Media,1,0.0,19,30,518.2,no
A10023,2025-04-01,Enterprise,Retail,37,42029.14,19,61,603.2,no
A10024,2024-08-01,Enterprise,Health,54,62094.18,9,-8,268.0,no
A10025,2023-03-01,Free,Education,21,0.0,20,9,215.5,no
A10026,2024-01-01,Starter,Retail,55,1747.25,7,-43,403.0,no
A10027,2023-08-01,Starter,Logistics,37,978.9,11,29,396.3,no
A10028,2025-03-01,Free,Logistics,36,0.0,17,-90,37.3,no
A10029,2023-03-01,Scale,Media,50,16829.72,4,31,166.9,no
A10030,2023-06-01,Growth,Fintech,44,4690.62,6,-64,295.7,no
A10031,2023-03-01,Free,Media,31,0.0,18,52,759.1,no
A10032,2024-01-01,Starter,Logistics,50,1455.32,16,-56,853.0,no
A10033,2023-09-01,Starter,Logistics,56,1492.97,2,-92,721.7,no
A10034,2024-12-01,Enterprise,Media,57,75110.14,21,66,788.6,yes
A10035,2023-11-01,Free,Logistics,37,0.0,23,99,833.6,no
A10036,2024-07-01,Free,Logistics,9,0.0,0,-95,153.8,no
A10037,2023-04-01,Scale,Education,3,1144.06,22,-41,88.5,no
A10038,2025-05-01,Starter,Media,43,1143.51,1,35,748.2,no
A10039,2023-01-01,Scale,Media,19,7134.28,10,22,85.8,no
A10040,2024-06-01,Growth,Fintech,27,2937.53,22,67,126.3,no
A10041,2023-10-01,Starter,Health,44,1250.28,0,-29,558.4,yes
A10042,2024-03-01,Growth,Media,16,1491.7,10,49,583.4,no
A10043,2023-06-01,Scale,Education,29,10627.18,24,1,488.3,no
A10044,2024-08-01,Growth,Retail,20,2029.21,14,15,370.1,no
A10045,2023-05-01,Growth,Logistics,39,4161.03,11,78,30.2,no
A10046,2025-02-01,Starter,Education,50,1428.79,14,-63,764.6,no
A10047,2024-10-01,Enterprise,Media,54,69581.99,0,-56,866.3,no
A10048,2025-01-01,Scale,Media,20,6902.46,14,97,586.1,no
A10049,2024-08-01,Starter,Media,59,1828.06,16,80,387.8,no
A10050,2024-02-01,Enterprise,Media,58,64410.58,15,-43,154.9,no
A10051,2023-05-01,Free,Logistics,26,0.0,21,-84,245.0,no
A10052,2023-06-01,Growth,Retail,28,2751.36,21,3,77.3,no
A10053,2024-11-01,Scale,Logistics,46,16222.02,19,-83,373.8,no
A10054,2024-07-01,Scale,Retail,18,5971.65,18,57,452.5,no
A10055,2025-03-01,Starter,Health,26,705.68,3,-33,851.8,no
A10056,2023-04-01,Starter,Fintech,20,620.83,24,-13,480.5,no
A10057,2024-12-01,Enterprise,Retail,55,60331.11,13,-36,579.8,no
A10058,2023-07-01,Enterprise,Education,42,46894.43,11,43,404.5,no
A10059,2025-05-01,Enterprise,Logistics,18,20181.64,18,-64,68.2,no
A10060,2023-06-01,Starter,Logistics,35,964.52,1,-98,515.7,no
A10061,2025-05-01,Starter,Logistics,42,1171.17,19,-57,790.8,no
A10062,2025-01-01,Starter,Retail,37,1038.14,17,-13,96.0,no
A10063,2024-08-01,Scale,Health,8,3068.03,9,-99,242.5,no
A10064,2023-09-01,Free,Retail,57,0.0,1,26,647.5,no
A10065,2024-04-01,Enterprise,Logistics,34,39558.68,1,92,415.8,no
A10066,2023-12-01,Starter,Logistics,21,563.59,12,59,833.3,no
A10067,2024-11-01,Growth,Fintech,58,5577.83,25,-55,258.2,no
A10068,2024-10-01,Enterprise,Retail,51,65726.27,9,36,224.9,no
A10069,2023-07-01,Starter,Health,54,1457.84,19,-89,316.8,no
A10070,2023-12-01,Starter,Retail,23,719.67,25,-79,613.9,no
A10071,2023-03-01,Free,Media,4,0.0,6,-45,291.9,no
A10072,2024-12-01,Free,Logistics,6,0.0,9,-78,436.4,no
A10073,2023-01-01,Starter,Education,37,1133.63,13,-61,657.4,no
A10074,2023-11-01,Free,Retail,2,0.0,9,69,237.9,no
A10075,2024-02-01,Enterprise,Education,23,26623.45,17,27,299.0,no
A10076,2024-07-01,Growth,Media,37,3565.26,10,49,782.3,no
A10077,2024-02-01,Enterprise,Health,2,2490.95,16,-3,813.6,no
A10078,2024-11-01,Starter,Health,39,1147.62,20,-23,706.0,no
A10079,2023-10-01,Enterprise,Health,26,31720.34,12,58,627.1,no
A10080,2024-05-01,Enterprise,Education,22,27438.37,21,-42,683.1,no
A10081,2023-12-01,Starter,Fintech,36,978.96,21,-10,445.1,no
A10082,2023-04-01,Growth,Logistics,55,5459.13,2,85,425.1,no
A10083,2024-08-01,Growth,Health,22,2353.31,18,30,165.5,no
A10084,2023-11-01,Enterprise,Fintech,9,9780.99,2,-46,308.9,no
A10085,2024-06-01,Scale,Fintech,12,4052.81,16,-43,118.2,yes
A10086,2023-10-01,Enterprise,Health,47,55502.92,5,22,434.2,no
A10087,2024-12-01,Starter,Media,30,788.84,16,51,628.0,no
A10088,2024-07-01,Free,Retail,43,0.0,3,96,432.9,no
A10089,2025-02-01,Free,Health,19,0.0,23,59,658.7,no
A10090,2024-06-01,Enterprise,Education,54,61748.35,6,36,855.1,no
A10091,2024-06-01,Growth,Retail,5,482.41,17,43,845.0,no
A10092,2024-11-01,Enterprise,Education,23,26000.88,2,81,314.2,no
A10093,2024-09-01,Enterprise,Education,21,27212.84,25,87,93.3,no
A10094,2023-09-01,Starter,Media,23,646.55,15,-13,57.9,no
A10095,2024-09-01,Starter,Fintech,55,1538.44,11,-92,591.8,no
A10096,2023-05-01,Free,Logistics,56,0.0,11,35,585.4,no
A10097,2024-05-01,Growth,Education,55,4985.21,4,-7,292.2,no
A10098,2023-06-01,Scale,Fintech,15,5163.21,18,-35,153.8,no
A10099,2023-07-01,Free,Health,2,0.0,24,30,570.9,yes
A10100,2023-03-01,Free,Retail,35,0.0,22,48,637.2,no
A10101,2024-04-01,Growth,Retail,34,3697.98,1,-8,152.5,no
A10102,2025-01-01,Free,Media,11,0.0,23,6,237.1,no
A10103,2024-05-01,Free,Fintech,18,0.0,14,13,823.0,no
A10104,2023-06-01,Enterprise,Media,47,57376.36,5,-60,693.9,no
A10105,2023-06-01,Enterprise,Logistics,30,34497.95,1,-44,825.5,no
A10106,2025-05-01,Scale,Media,39,13265.45,7,21,715.3,no
A10107,2023-01-01,Growth,Health,51,4594.38,4,67,2.9,no
A10108,2025-05-01,Enterprise,Media,17,18663.11,15,84,737.2,no
A10109,2024-12-01,Growth,Retail,24,2401.87,9,-72,452.7,yes
A10110,2024-11-01,Enterprise,Fintech,18,21430.19,19,-7,424.7,no
A10111,2023-08-01,Scale,Education,4,1402.23,13,26,181.1,no
A10112,2023-12-01,Growth,Media,20,1977.81,22,-34,497.1,no
A10113,2024-04-01,Scale,Retail,23,7585.14,2,81,692.3,no
A10114,2024-05-01,Scale,Fintech,39,12330.76,22,-41,356.6,no
A10115,2023-06-01,Scale,Retail,42,15298.66,1,-77,447.4,no
A10116,2023-05-01,Growth,Media,50,4755.5,17,70,44.8,no
A10117,2023-01-01,Starter,Media,30,862.9,1,-52,621.8,no
A10118,2023-05-01,Starter,Education,43,1202.58,15,10,603.6,no
A10119,2023-10-01,Scale,Retail,17,5875.77,15,-53,593.2,no
A10120,2025-05-01,Scale,Retail,39,13277.76,23,79,837.4,no
A10121,2023-08-01,Scale,Education,35,12061.32,12,26,194.0,no
A10122,2023-07-01,Free,Media,22,0.0,24,-21,390.3,no
A10123,2023-07-01,Free,Retail,18,0.0,11,-39,425.8,no
A10124,2023-05-01,Starter,Health,46,1406.04,12,28,319.1,no
A10125,2023-05-01,Growth,Logistics,42,3930.96,4,16,255.4,no
A10126,2024-01-01,Scale,Education,10,3303.51,11,-30,200.8,no
A10127,2023-06-01,Enterprise,Health,14,17566.32,8,-73,533.3,no
A10128,2024-05-01,Scale,Fintech,54,17601.58,8,9,711.9,no
A10129,2024-07-01,Free,Media,29,0.0,11,99,704.7,no
A10130,2023-08-01,Starter,Fintech,53,1556.41,17,-78,417.0,no
A10131,2024-12-01,Free,Fintech,12,0.0,0,48,305.6,no
A10132,2023-10-01,Starter,Health,40,1121.4,25,1,350.6,no
A10133,2024-02-01,Free,Fintech,53,0.0,3,48,495.8,no
A10134,2023-05-01,Scale,Logistics,27,9364.08,17,36,86.1,no
A10135,2024-08-01,Scale,Education,37,12770.27,23,-50,521.1,no
A10136,2025-02-01,Starter,Media,25,673.8,23,-92,324.6,no
A10137,2024-01-01,Free,Logistics,45,0.0,8,87,224.7,no
A10138,2025-03-01,Growth,Education,13,1222.22,2,-81,153.2,no
A10139,2024-06-01,Scale,Logistics,43,14340.67,3,68,537.5,no
A10140,2024-02-01,Growth,Education,10,1043.91,14,38,447.5,no
A10141,2025-03-01,Growth,Logistics,46,4307.51,1,-89,203.4,no
A10142,2023-06-01,Enterprise,Education,1,1319.2,3,60,265.9,no
A10143,2024-06-01,Starter,Retail,13,378.97,25,-40,116.0,no
A10144,2024-04-01,Scale,Health,10,3363.58,24,-59,713.7,no
A10145,2024-03-01,Enterprise,Education,1,1252.04,2,87,683.1,no
A10146,2023-10-01,Scale,Retail,46,14906.78,3,86,66.2,no
A10147,2024-09-01,Starter,Logistics,38,1093.47,11,79,661.2,no
A10148,2023-11-01,Growth,Logistics,43,4252.2,9,59,675.4,yes
A10149,2023-04-01,Free,Health,52,0.0,18,-53,733.4,no
A10150,2024-02-01,Free,Fintech,10,0.0,10,-97,790.0,no
A10151,2024-06-01,Growth,Education,49,4513.91,9,87,669.6,no
A10152,2025-04-01,Growth,Education,51,5269.57,15,-22,728.4,no
A10153,2023-01-01,Enterprise,Fintech,1,1146.84,19,53,763.1,no
A10154,2025-05-01,Starter,Media,45,1290.77,17,-29,248.1,no
A10155,2023-05-01,Free,Media,1,0.0,13,94,868.7,no
A10156,2025-04-01,Starter,Education,57,1750.16,17,-84,455.1,no
A10157,2024-11-01,Growth,Logistics,55,5341.81,10,17,52.7,no
A10158,2023-10-01,Free,Logistics,42,0.0,2,-35,897.1,no
A10159,2024-08-01,Growth,Logistics,56,5690.13,19,87,240.1,no
A10160,2023-10-01,Free,Logistics,45,0.0,10,67,198.4,no
A10161,2023-07-01,Starter,Logistics,32,970.45,5,26,487.3,no
A10162,2025-04-01,Enterprise,Media,28,33264.97,1,-4,100.3,no
A10163,2024-04-01,Starter,Fintech,31,851.14,19,-59,892.6,no
A10164,2023-10-01,Growth,Fintech,59,5406.13,16,-46,267.6,no
A10165,2024-09-01,Free,Media,13,0.0,15,23,154.2,no
A10166,2023-03-01,Enterprise,Logistics,54,60258.7,19,70,355.8,no
A10167,2023-08-01,Growth,Education,32,3332.96,5,-76,54.1,no
A10168,2024-08-01,Growth,Health,25,2383.86,18,29,591.1,no
A10169,2024-10-01,Growth,Health,14,1427.99,14,85,434.0,no
A10170,2025-04-01,Free,Fintech,49,0.0,9,-21,835.8,no
A10171,2024-03-01,Growth,Logistics,37,3788.68,23,23,95.5,no
A10172,2023-08-01,Scale,Education,58,21649.83,18,14,222.4,no
A10173,2024-07-01,Scale,Retail,38,13834.84,16,-62,261.5,no
A10174,2024-12-01,Starter,Logistics,7,201.01,18,-83,428.9,yes
A10175,2024-07-01,Free,Health,24,0.0,9,31,783.7,no
A10176,2023-07-01,Free,Fintech,5,0.0,22,-91,755.3,no
A10177,2023-05-01,Free,Fintech,42,0.0,22,-94,157.0,no
A10178,2023-04-01,Starter,Health,28,889.45,25,-64,387.5,no
A10179,2025-03-01,Enterprise,Media,35,40657.27,5,39,569.4,no
A10180,2023-03-01,Growth,Logistics,60,6364.66,4,54,633.1,no
A10181,2023-08-01,Enterprise,Media,39,51169.63,4,67,139.8,no
A10182,2023-07-01,Scale,Retail,26,8760.72,17,58,529.6,no
A10183,2023-01-01,Growth,Retail,32,2971.63,22,-95,558.7,no
A10184,2023-10-01,Growth,Education,41,4079.31,0,34,45.2,no
A10185,2025-04-01,Growth,Retail,2,180.64,4,54,223.8,no
A10186,2024-03-01,Starter,Education,21,558.53,14,24,81.0,no
A10187,2023-05-01,Scale,Fintech,51,17832.68,25,68,10.1,no
A10188,2024-10-01,Growth,Logistics,60,6138.71,25,-37,314.9,no
A10189,2023-10-01,Starter,Health,41,1237.97,24,26,233.7,yes
A10190,2023-06-01,Free,Retail,35,0.0,7,9,679.6,no
A10191,2023-03-01,Scale,Education,8,2801.76,7,-6,595.7,no
A10192,2024-03-01,Starter,Media,42,1287.15,8,79,179.9,no
A10193,2025-03-01,Starter,Fintech,60,1844.63,1,-13,828.7,no
A10194,2025-04-01,Free,Media,12,0.0,12,30,542.5,no
A10195,2023-06-01,Growth,Fintech,59,5869.73,20,16,868.8,no
A10196,2023-09-01,Enterprise,Fintech,15,18478.75,5,-71,778.1,no
A10197,2024-11-01,Free,Logistics,48,0.0,16,-53,182.6,no
A10198,2023-01-01,Starter,Education,20,570.84,1,44,517.3,no
A10199,2024-01-01,Starter,Education,11,345.37,13,-87,427.7,no
A10200,2024-10-01,Starter,Education,14,403.22,5,95,366.0,no
A10201,2023-10-01,Starter,Media,13,383.4,17,76,853.5,no
A10202,2023-07-01,Scale,Media,32,10972.57,11,-74,822.2,no
A10203,2023-12-01,Starter,Education,47,1435.76,20,60,268.5,no
A10204,2024-01-01,Scale,Health,25,9454.77,17,38,359.9,no
A10205,2023-07-01,Growth,Education,43,4072.04,22,55,250.4,no
A10206,2025-05-01,Free,Logistics,18,0.0,22,96,772.6,no
A10207,2025-05-01,Growth,Media,25,2418.49,8,10,498.8,no
A10208,2023-05-01,Growth,Health,24,2573.01,9,-90,648.2,no
A10209,2023-03-01,Scale,Fintech,50,17402.76,15,28,0.2,no
A10210,2023-07-01,Starter,Logistics,34,1021.07,24,8,70.2,no
A10211,2024-07-01,Enterprise,Retail,6,7147.22,18,-24,273.0,no
A10212,2023-11-01,Growth,Health,21,1983.87,12,96,839.1,no
A10213,2023-10-01,Scale,Fintech,51,17223.26,5,-88,762.4,no
A10214,2025-02-01,Scale,Education,47,16830.21,25,45,796.3,no
A10215,2023-09-01,Growth,Education,28,2925.97,10,-25,755.8,no
A10216,2024-07-01,Growth,Education,19,1759.89,17,85,667.9,yes
A10217,2023-05-01,Scale,Logistics,26,8952.12,7,-75,705.6,no
A10218,2023-03-01,Scale,Health,20,7152.93,22,-43,718.5,no
A10219,2023-05-01,Growth,Media,13,1252.25,19,29,465.7,yes
A10220,2023-12-01,Starter,Education,39,1204.22,3,45,434.2,no
A10221,2024-04-01,Enterprise,Retail,19,21065.42,16,81,153.4,no
A10222,2023-07-01,Scale,Retail,4,1379.6,19,-6,313.5,no
A10223,2024-01-01,Free,Media,21,0.0,23,-70,361.0,no
A10224,2023-01-01,Growth,Logistics,42,4073.35,6,-40,687.8,yes
A10225,2023-12-01,Starter,Health,28,880.01,2,-85,807.9,no
A10226,2024-12-01,Scale,Logistics,33,11582.89,17,-44,285.5,no
A10227,2023-03-01,Scale,Health,26,9604.61,15,19,784.7,no
A10228,2024-09-01,Free,Media,43,0.0,2,-6,264.5,no
A10229,2025-02-01,Enterprise,Education,29,35547.63,19,-71,196.7,no
A10230,2024-09-01,Scale,Health,49,18255.34,14,28,664.1,no
A10231,2025-04-01,Starter,Health,18,528.32,15,4,81.1,no
A10232,2024-10-01,Starter,Logistics,47,1325.56,5,-60,105.6,no
A10233,2024-02-01,Starter,Fintech,11,348.02,25,69,229.2,no
A10234,2024-12-01,Scale,Retail,1,366.45,20,-1,806.5,no
A10235,2024-02-01,Free,Education,15,0.0,16,-58,857.2,no
A10236,2025-03-01,Growth,Media,19,1969.83,1,-46,483.7,no
A10237,2024-12-01,Enterprise,Fintech,16,17759.73,24,-12,508.9,no
A10238,2023-09-01,Starter,Health,13,410.71,24,22,793.5,no
A10239,2024-09-01,Scale,Media,37,12192.22,0,-88,363.1,no
A10240,2023-10-01,Enterprise,Retail,16,20485.51,15,-91,150.4,no
A10241,2023-04-01,Scale,Retail,11,4120.34,6,24,113.1,no
A10242,2023-03-01,Enterprise,Logistics,7,7661.09,24,73,274.1,no
A10243,2024-09-01,Growth,Health,18,1756.1,24,-83,455.9,no
A10244,2024-12-01,Free,Retail,55,0.0,18,-32,681.8,no
A10245,2023-05-01,Growth,Health,48,4392.04,3,33,125.6,no
A10246,2023-04-01,Starter,Fintech,46,1269.66,14,-62,88.7,no
A10247,2025-04-01,Enterprise,Logistics,23,27105.01,20,2,862.4,no
A10248,2023-01-01,Scale,Health,60,20894.04,24,-81,757.0,no
A10249,2023-04-01,Starter,Retail,4,122.05,23,24,824.5,no
A10250,2024-05-01,Growth,Retail,6,644.07,0,-73,689.1,no
A10251,2023-05-01,Growth,Logistics,42,3872.32,12,-95,270.2,no
A10252,2023-05-01,Starter,Media,20,598.72,6,83,136.2,no
A10253,2023-03-01,Starter,Education,18,566.49,0,9,421.5,no
A10254,2023-01-01,Scale,Media,12,4467.72,3,27,479.0,yes
A10255,2024-02-01,Enterprise,Media,23,27824.49,10,70,576.2,no
A10256,2024-08-01,Free,Fintech,32,0.0,17,98,158.7,no
A10257,2024-04-01,Starter,Fintech,58,1630.1,17,54,713.5,no
A10258,2025-05-01,Enterprise,Retail,34,42095.81,20,-47,858.6,no
A10259,2024-10-01,Enterprise,Media,23,26301.59,2,83,241.5,yes
A10260,2025-02-01,Enterprise,Education,39,46734.48,2,85,573.2,no
A10261,2024-06-01,Enterprise,Media,40,51910.53,14,-22,67.8,no
A10262,2024-05-01,Free,Education,45,0.0,20,83,418.8,no
A10263,2025-03-01,Enterprise,Media,60,71349.25,5,-9,683.9,no
A10264,2024-07-01,Free,Health,49,0.0,4,-100,641.8,no
A10265,2024-09-01,Starter,Retail,6,171.84,5,17,313.8,no
A10266,2023-01-01,Growth,Retail,14,1361.0,13,94,466.0,no
A10267,2023-08-01,Starter,Media,29,912.67,11,42,596.6,no
A10268,2024-01-01,Enterprise,Fintech,43,52796.37,22,46,348.1,no
A10269,2023-07-01,Starter,Education,12,338.49,24,-80,342.5,no
A10270,2024-08-01,Enterprise,Media,8,9652.45,9,51,311.5,no
A10271,2023-01-01,Enterprise,Health,55,62016.2,11,36,192.2,no
A10272,2024-08-01,Growth,Health,48,5129.7,2,55,776.4,no
A10273,2024-05-01,Growth,Media,24,2195.87,0,31,416.9,no
A10274,2025-02-01,Growth,Fintech,21,1885.05,8,-44,157.1,no
A10275,2024-01-01,Starter,Fintech,14,429.52,0,-48,407.4,no
A10276,2024-10-01,Growth,Education,12,1195.24,16,29,438.7,no
A10277,2024-01-01,Starter,Logistics,37,991.65,3,71,281.0,no
A10278,2024-09-01,Scale,Fintech,22,7162.45,12,-78,803.1,no
A10279,2024-07-01,Enterprise,Retail,33,39782.6,21,40,650.5,no
A10280,2024-11-01,Free,Retail,9,0.0,10,26,132.8,no
A10281,2024-12-01,Starter,Health,3,85.55,10,41,656.3,no
A10282,2023-12-01,Growth,Health,41,4436.24,7,-69,196.6,no
A10283,2024-09-01,Free,Media,28,0.0,9,27,695.1,no
A10284,2024-09-01,Enterprise,Fintech,60,65658.14,4,9,660.4,no
A10285,2024-09-01,Scale,Media,54,18432.83,0,94,863.1,no
A10286,2024-12-01,Enterprise,Retail,17,20252.56,6,-33,856.8,no
A10287,2023-03-01,Scale,Media,30,11289.55,0,-1,413.8,no
A10288,2023-07-01,Starter,Health,35,930.56,10,-73,633.4,no
A10289,2024-02-01,Growth,Fintech,13,1368.87,13,-97,736.6,no
A10290,2023-06-01,Growth,Health,36,3283.87,6,86,385.8,no
A10291,2023-11-01,Starter,Logistics,13,380.01,9,-57,630.7,no
A10292,2023-06-01,Scale,Fintech,25,9198.15,24,-88,216.3,no
A10293,2024-05-01,Enterprise,Logistics,37,45982.78,16,4,629.0,no
A10294,2023-12-01,Starter,Retail,35,1014.3,13,86,326.0,no
A10295,2023-05-01,Scale,Health,29,10895.5,14,97,568.3,yes
A10296,2023-03-01,Scale,Retail,13,4416.38,9,-43,431.9,yes
A10297,2023-05-01,Free,Retail,32,0.0,21,20,556.0,yes
A10298,2024-09-01,Starter,Media,56,1464.61,13,38,517.4,no
A10299,2023-07-01,Growth,Education,59,6116.28,3,99,552.6,no
A10300,2025-04-01,Starter,Media,26,802.98,17,0,370.0,no
A10301,2023-03-01,Starter,Education,45,1285.53,9,-73,373.8,no
A10302,2023-08-01,Starter,Health,44,1156.73,14,-87,800.9,no
A10303,2024-02-01,Starter,Fintech,15,393.78,6,-5,165.7,no
A10304,2023-07-01,Enterprise,Media,24,28752.16,14,85,801.1,no
A10305,2023-04-01,Starter,Retail,26,692.33,19,-77,475.3,no
A10306,2023-01-01,Free,Health,58,0.0,3,54,881.0,no
A10307,2024-12-01,Scale,Health,39,12802.05,13,-9,401.4,no
A10308,2023-01-01,Scale,Logistics,52,19067.75,6,-33,263.5,no
A10309,2024-05-01,Enterprise,Retail,29,34231.35,25,-44,418.6,no
A10310,2023-11-01,Free,Fintech,27,0.0,19,39,852.8,no
A10311,2024-10-01,Starter,Fintech,60,1877.49,20,-38,699.9,no
A10312,2023-09-01,Free,Fintech,10,0.0,20,-37,440.5,no
A10313,2023-04-01,Scale,Logistics,47,15891.4,19,56,298.9,no
A10314,2023-12-01,Scale,Education,6,1974.31,20,47,735.4,no
A10315,2024-11-01,Enterprise,Health,41,47862.46,4,-75,682.0,no
A10316,2023-06-01,Free,Health,24,0.0,24,-72,154.4,no
A10317,2023-04-01,Scale,Logistics,20,7661.49,7,100,193.0,no
A10318,2024-09-01,Enterprise,Health,41,46971.89,22,94,518.5,no
A10319,2025-02-01,Enterprise,Media,19,24122.24,3,-84,556.5,no
A10320,2023-01-01,Scale,Retail,52,19397.95,14,-25,755.6,no
A10321,2023-08-01,Free,Education,31,0.0,19,-10,629.1,no
A10322,2023-09-01,Enterprise,Fintech,23,26505.81,22,-57,660.9,no
A10323,2023-01-01,Free,Logistics,46,0.0,1,87,873.3,no
A10324,2023-05-01,Growth,Logistics,18,1881.66,6,-89,238.4,no
A10325,2024-10-01,Growth,Media,12,1231.9,19,-33,241.2,yes
A10326,2023-12-01,Growth,Media,3,289.91,9,-84,225.3,no
A10327,2023-10-01,Growth,Retail,48,4552.66,5,-3,834.5,no
A10328,2023-01-01,Starter,Media,50,1465.69,20,-67,130.1,no
A10329,2024-02-01,Starter,Logistics,1,28.68,14,86,322.2,no
A10330,2024-09-01,Scale,Media,10,3621.71,23,-22,883.2,yes
A10331,2024-07-01,Starter,Fintech,56,1587.0,13,-97,703.8,no
A10332,2023-04-01,Growth,Media,31,3287.26,15,-28,439.1,no
A10333,2023-07-01,Starter,Logistics,37,1040.18,11,-2,600.4,no
A10334,2023-07-01,Starter,Logistics,43,1267.61,2,-29,504.5,yes
A10335,2024-04-01,Growth,Logistics,15,1388.79,10,29,704.1,no
A10336,2024-10-01,Starter,Education,10,280.81,24,83,112.7,no
A10337,2023-08-01,Scale,Health,7,2581.21,8,-49,417.3,no
A10338,2023-10-01,Scale,Media,14,4906.59,7,40,579.4,no
A10339,2024-09-01,Scale,Retail,58,20940.62,15,-2,130.7,no
A10340,2023-07-01,Starter,Health,4,108.09,11,-72,436.5,no
A10341,2023-07-01,Free,Education,10,0.0,13,-43,650.3,no
A10342,2024-04-01,Scale,Health,39,13699.12,21,-56,777.0,no
A10343,2024-08-01,Enterprise,Media,19,22653.73,2,97,768.7,no
A10344,2023-03-01,Starter,Health,30,820.31,1,40,305.0,no
A10345,2023-12-01,Scale,Fintech,28,9819.73,17,-65,625.7,no
A10346,2023-03-01,Starter,Retail,40,1146.42,24,-92,431.5,no
A10347,2023-01-01,Growth,Education,25,2381.86,17,49,703.6,no
A10348,2024-01-01,Free,Fintech,15,0.0,9,-87,428.3,no
A10349,2025-03-01,Free,Health,41,0.0,14,-46,192.2,no
A10350,2023-05-01,Starter,Retail,52,1481.83,11,38,616.0,no
A10351,2023-05-01,Enterprise,Fintech,51,66545.15,18,-68,401.0,no
A10352,2024-10-01,Free,Media,57,0.0,2,-76,277.8,no
A10353,2025-05-01,Starter,Logistics,27,716.74,15,-54,476.7,no
A10354,2024-08-01,Free,Health,42,0.0,9,-15,16.8,yes
A10355,2023-04-01,Scale,Health,3,1120.55,1,-33,242.5,no
A10356,2023-07-01,Starter,Education,20,605.09,2,38,714.4,no
A10357,2023-06-01,Free,Education,44,0.0,16,-18,331.0,no
A10358,2023-01-01,Growth,Fintech,42,4048.32,24,50,557.5,no
A10359,2024-09-01,Growth,Logistics,20,1917.6,6,-12,133.0,no
A10360,2024-12-01,Scale,Education,9,3232.91,7,-41,13.1,no
A10361,2024-07-01,Starter,Education,54,1547.51,25,-12,495.7,no
A10362,2025-03-01,Scale,Logistics,34,11233.05,4,30,174.8,no
A10363,2023-06-01,Scale,Fintech,48,15285.13,0,65,760.3,no
A10364,2024-03-01,Free,Education,38,0.0,9,-65,715.8,no
A10365,2023-12-01,Enterprise,Health,48,57466.82,8,-72,745.8,no
A10366,2024-04-01,Scale,Health,3,1039.37,8,-70,839.5,no
A10367,2025-04-01,Scale,Health,57,20203.23,6,2,451.8,no
A10368,2023-01-01,Scale,Retail,57,21338.78,9,28,317.0,no
A10369,2025-05-01,Enterprise,Fintech,25,32967.41,0,34,479.9,no
A10370,2024-07-01,Starter,Retail,21,644.72,18,99,296.8,no
A10371,2025-02-01,Starter,Fintech,2,54.86,5,-65,145.7,no
A10372,2024-10-01,Scale,Health,60,18967.21,13,80,634.3,no
A10373,2024-02-01,Free,Media,48,0.0,1,-46,182.9,no
A10374,2023-05-01,Starter,Fintech,59,1559.35,14,88,783.6,no
A10375,2024-08-01,Growth,Retail,10,953.0,7,81,474.8,no
A10376,2024-12-01,Growth,Fintech,59,5787.15,5,33,368.2,no
A10377,2024-02-01,Growth,Fintech,38,3855.91,6,-93,459.9,no
A10378,2024-12-01,Free,Education,52,0.0,11,24,699.7,no
A10379,2023-10-01,Growth,Logistics,9,957.0,20,34,235.6,no
A10380,2025-05-01,Starter,Retail,39,1123.56,18,-33,886.7,no
A10381,2024-05-01,Scale,Education,9,3448.93,12,-67,589.2,no
A10382,2024-05-01,Growth,Retail,24,2300.54,17,-7,424.9,no
A10383,2023-04-01,Scale,Fintech,14,4779.41,10,14,150.2,yes
A10384,2023-01-01,Enterprise,Health,58,70157.89,25,44,586.4,no
A10385,2023-07-01,Scale,Logistics,44,14099.51,8,60,772.2,yes
A10386,2024-02-01,Starter,Health,24,661.82,5,61,674.4,no
A10387,2025-03-01,Scale,Health,4,1461.39,9,-54,153.6,yes
A10388,2024-07-01,Scale,Retail,7,2457.35,11,-16,126.4,no
A10389,2023-04-01,Starter,Media,52,1650.19,1,23,883.7,no
A10390,2024-03-01,Scale,Media,17,6371.82,5,94,19.6,no
A10391,2023-10-01,Growth,Education,37,3328.07,10,74,709.5,no
A10392,2024-03-01,Enterprise,Education,10,11815.38,18,38,134.8,no
A10393,2023-05-01,Enterprise,Logistics,21,24250.93,4,2,613.5,no
A10394,2023-07-01,Starter,Health,25,777.04,13,-14,603.2,no
A10395,2023-11-01,Starter,Media,20,541.46,14,25,471.1,no
A10396,2024-06-01,Starter,Logistics,3,82.28,0,30,720.5,yes
A10397,2024-01-01,Starter,Media,52,1579.23,0,-56,31.6,no
A10398,2025-03-01,Growth,Media,21,2253.98,18,47,435.6,no
A10399,2023-05-01,Starter,Media,32,876.64,13,-66,847.8,no
A9000,2023-04-01,Free,Retail,23,0.0,19,35,65.4,no
A9001,2025-01-01,Free,Retail,12,0.0,5,35,17.4,no
A9002,2023-08-01,Enterprise,Retail,16,17898.88,3,-59,310.1,no
A9003,2024-03-01,Growth,Retail,24,2507.36,21,-57,331.9,no
A9004,2025-01-01,Starter,Education,38,1031.81,13,26,356.6,no
A9005,2023-03-01,Growth,Health,59,5441.15,1,55,797.1,no
A9006,2023-06-01,Growth,Logistics,55,5232.26,10,56,481.4,no
A9007,2023-01-01,Growth,Fintech,33,3400.88,20,4,770.8,no
A9008,2024-05-01,Starter,Fintech,3,88.82,1,86,627.6,no
A9009,2024-02-01,Growth,Education,35,3356.53,8,59,667.2,no
A9010,2024-11-01,Enterprise,Logistics,5,6141.2,3,70,442.9,no
A9011,2025-05-01,Enterprise,Health,44,55971.8,19,82,306.1,no
A9012,2025-01-01,Growth,Retail,34,3182.59,16,-27,327.5,no
A9013,2023-01-01,Free,Education,42,0.0,4,-73,68.5,no
A9014,2023-12-01,Scale,Logistics,10,3533.0,9,-9,601.0,no
A9015,2024-02-01,Free,Logistics,47,0.0,6,-53,581.7,no
A9016,2024-09-01,Growth,Fintech,30,2700.28,18,-73,365.7,no
A9017,2023-06-01,Enterprise,Fintech,29,31456.27,16,-73,436.0,no
A9018,2025-02-01,Free,Fintech,2,0.0,21,24,861.5,no
A9019,2023-11-01,Scale,Fintech,50,18975.11,15,70,764.7,yes
A9020,2023-05-01,Starter,Health,35,978.22,20,-20,133.5,no
A9021,2024-01-01,Free,Health,11,0.0,18,46,36.8,no
A9022,2024-07-01,Scale,Logistics,46,16939.57,25,36,608.6,no
A9023,2023-05-01,Growth,Media,46,4912.95,21,-42,356.8,no
A9024,2024-01-01,Enterprise,Education,13,15209.64,20,8,848.2,no
A9025,2023-01-01,Free,Health,1,0.0,14,-54,876.8,no
A9026,2025-01-01,Free,Logistics,8,0.0,16,8,233.3,no
A9027,2024-02-01,Free,Retail,53,0.0,20,81,521.3,no
A9028,2023-03-01,Starter,Education,23,685.0,5,-97,495.8,yes
A9029,2025-04-01,Growth,Health,50,4700.8,19,-81,544.6,no
A9030,2023-05-01,Starter,Logistics,35,1050.04,0,97,493.3,no
A9031,2024-04-01,Growth,Logistics,18,1809.53,16,-42,607.1,no
A9032,2023-01-01,Growth,Education,51,4680.06,24,-91,74.7,yes
A9033,2024-11-01,Scale,Health,39,12500.7,8,-80,609.7,no
A9034,2024-11-01,Starter,Health,19,496.18,20,-30,68.6,no
A9035,2024-07-01,Growth,Education,56,5409.61,14,-82,879.1,no
A9036,2025-05-01,Scale,Health,25,9075.06,12,-91,104.0,no
A9037,2024-01-01,Free,Fintech,17,0.0,24,-24,3.7,no
A9038,2023-03-01,Free,Media,24,0.0,20,79,235.2,no
A9039,2023-04-01,Growth,Logistics,52,4896.93,18,-13,739.6,no
A9040,2023-06-01,Starter,Retail,14,428.28,16,-28,347.0,no
A9041,2023-05-01,Free,Logistics,19,0.0,21,15,598.4,no
A9042,2023-01-01,Starter,Media,3,93.15,11,-26,632.5,yes
A9043,2023-06-01,Starter,Education,9,255.18,18,1,443.5,no
A9044,2023-01-01,Enterprise,Health,26,33511.59,11,56,408.4,no
A9045,2023-12-01,Enterprise,Retail,47,61587.18,3,-51,591.4,no
A9046,2024-12-01,Starter,Retail,3,82.37,8,10,844.1,no
A9047,2023-09-01,Scale,Logistics,24,9186.59,14,-48,874.9,no
A9048,2024-12-01,Enterprise,Fintech,9,10188.87,3,35,183.8,no
A9049,2024-03-01,Starter,Logistics,37,1024.07,6,17,829.6,no
A9050,2023-06-01,Scale,Retail,53,18858.77,0,69,477.3,no
A9051,2024-12-01,Growth,Logistics,32,2952.29,16,-19,387.0,no
A9052,2023-12-01,Enterprise,Retail,58,68783.73,7,-51,495.6,no
A9053,2024-10-01,Growth,Media,19,1698.96,2,37,151.0,yes
A9054,2023-04-01,Starter,Health,15,408.2,25,-18,240.9,no
A9055,2024-10-01,Starter,Retail,21,667.62,11,-20,331.0,no
A9056,2023-05-01,Starter,Media,39,1050.45,6,6,7.1,no
A9057,2023-05-01,Free,Education,23,0.0,4,-3,602.1,no
A9058,2023-01-01,Enterprise,Health,28,34787.67,11,28,639.0,no
A9059,2024-11-01,Scale,Fintech,49,15519.46,18,-56,472.4,no
A9060,2023-10-01,Free,Health,29,0.0,17,50,836.6,no
A9061,2023-07-01,Growth,Logistics,13,1255.31,10,-100,478.5,no
A9062,2023-07-01,Scale,Logistics,19,6132.73,17,-24,233.4,no
A9063,2023-09-01,Starter,Media,26,686.94,19,-21,112.0,no
A9064,2024-09-01,Enterprise,Logistics,54,64478.61,14,82,28.7,no
A9065,2023-09-01,Free,Media,15,0.0,13,-75,173.8,no
A9066,2023-10-01,Scale,Education,18,6725.54,3,-6,90.8,no
A9067,2025-02-01,Free,Education,56,0.0,20,8,12.6,no
A9068,2024-03-01,Enterprise,Logistics,55,71315.52,8,-27,50.3,no
A9069,2023-01-01,Free,Logistics,48,0.0,21,-17,544.4,no
A9070,2024-07-01,Growth,Health,2,180.58,1,13,348.1,no
A9071,2024-07-01,Free,Health,6,0.0,14,-70,112.9,yes
A9072,2024-04-01,Free,Health,6,0.0,1,-4,784.9,no
A9073,2023-05-01,Starter,Logistics,57,1607.02,8,24,98.1,yes
A9074,2024-05-01,Free,Media,16,0.0,17,-38,91.6,no
A9075,2024-11-01,Enterprise,Media,27,34699.67,4,-29,257.8,yes
A9076,2023-07-01,Enterprise,Fintech,15,19355.5,14,-91,371.0,no
A9077,2024-08-01,Scale,Education,46,15533.14,14,30,223.2,no
A9078,2024-05-01,Starter,Health,1,30.53,19,39,97.0,no
A9079,2025-03-01,Scale,Education,4,1378.69,3,69,117.4,no
A9080,2024-12-01,Scale,Education,50,16274.93,9,-79,21.5,no
A9081,2024-12-01,Free,Logistics,52,0.0,17,77,588.7,no
A9082,2023-10-01,Enterprise,Education,2,2413.74,16,1,573.7,no
A9083,2024-09-01,Growth,Logistics,27,2867.01,10,-10,342.4,no
A9084,2023-10-01,Growth,Media,17,1795.54,18,-58,880.7,no
A9085,2024-06-01,Growth,Fintech,57,5960.35,24,-67,655.2,yes
A9086,2025-03-01,Starter,Health,35,960.99,7,-95,319.2,no
A9087,2023-12-01,Starter,Education,4,112.28,10,53,352.5,no
A9088,2023-09-01,Free,Logistics,21,0.0,1,18,382.4,no
A9089,2024-02-01,Scale,Fintech,23,7619.0,0,94,397.5,no
A9090,2024-03-01,Free,Retail,7,0.0,8,-40,727.2,no
A9091,2024-08-01,Growth,Retail,45,4419.27,14,60,186.1,no
A9092,2023-05-01,Growth,Media,5,504.43,23,92,666.0,no
A9093,2025-01-01,Scale,Education,40,12753.19,11,99,146.3,no
A9094,2024-10-01,Enterprise,Education,35,43103.27,25,5,314.5,no
A9095,2024-07-01,Starter,Education,22,668.2,11,20,8.4,no
A9096,2024-07-01,Enterprise,Logistics,56,63281.18,5,-91,885.8,no
A9097,2024-04-01,Free,Education,3,0.0,10,-37,218.9,no
A9098,2024-04-01,Starter,Health,20,571.63,16,-8,668.1,no
A9099,2025-02-01,Scale,Retail,33,11903.67,3,-87,394.7,no
A9100,2024-09-01,Starter,Retail,59,1748.33,1,-52,553.7,no
A9101,2024-01-01,Starter,Education,15,437.76,11,-99,389.6,no
A9102,2023-03-01,Scale,Logistics,56,20377.82,2,-62,580.0,no
A9103,2024-09-01,Enterprise,Education,47,61004.57,22,24,756.8,no
A9104,2024-03-01,Free,Education,43,0.0,20,-72,349.0,yes
A9105,2023-07-01,Growth,Media,21,2268.5,1,57,511.9,no
A9106,2024-04-01,Growth,Retail,25,2622.95,25,91,140.0,no
A9107,2024-01-01,Scale,Retail,16,6011.2,10,62,87.6,no
A9108,2024-12-01,Growth,Retail,40,3765.48,3,-75,144.5,no
A9109,2024-11-01,Growth,Fintech,12,1188.47,18,-9,628.2,no
A9110,2024-10-01,Enterprise,Fintech,39,48943.96,6,4,802.2,no
A9111,2024-06-01,Free,Fintech,11,0.0,14,-69,31.8,no
A9112,2023-10-01,Enterprise,Fintech,15,18315.1,15,35,892.3,no
A9113,2023-07-01,Starter,Education,10,267.48,3,53,143.6,no
A9114,2023-07-01,Scale,Retail,57,20901.58,1,19,666.4,no
A9115,2024-05-01,Enterprise,Media,24,26888.88,4,-56,408.5,yes
A9116,2024-04-01,Growth,Logistics,48,4747.36,21,-13,587.2,no
A9117,2024-05-01,Scale,Retail,60,20689.03,25,5,238.9,no
A9118,2023-06-01,Growth,Education,5,514.7,19,-47,66.0,no
A9119,2024-11-01,Free,Health,53,0.0,0,87,135.4,no
A9120,2024-10-01,Growth,Fintech,40,4274.74,10,10,803.5,no
A9121,2025-04-01,Starter,Media,49,1392.27,24,-60,700.8,no
A9122,2024-05-01,Scale,Logistics,47,17493.25,25,-89,751.5,no
A9123,2024-06-01,Free,Education,55,0.0,12,-93,407.0,no
A9124,2024-08-01,Free,Retail,46,0.0,14,16,87.1,no
A9125,2023-08-01,Enterprise,Education,15,17387.23,0,13,512.9,no
A9126,2024-05-01,Enterprise,Retail,35,42367.34,7,82,392.1,no
A9127,2024-02-01,Free,Logistics,30,0.0,8,10,252.0,no
A9128,2024-08-01,Free,Retail,36,0.0,6,-86,180.8,no
A9129,2023-01-01,Starter,Education,50,1463.39,16,70,516.0,no
A9130,2023-11-01,Growth,Education,14,1334.27,11,-100,766.8,yes
A9131,2023-08-01,Enterprise,Education,12,13753.82,12,-29,194.6,no
A9132,2025-04-01,Starter,Retail,37,1155.01,16,-4,319.3,yes
A9133,2023-01-01,Starter,Education,22,700.84,2,22,825.4,no
A9134,2025-05-01,Free,Media,27,0.0,10,84,253.2,no
A9135,2024-11-01,Scale,Education,2,644.27,8,30,452.2,no
A9136,2024-08-01,Starter,Logistics,21,651.06,22,-58,418.9,no
A9137,2024-08-01,Growth,Media,5,451.1,4,47,735.5,yes
A9138,2024-01-01,Starter,Retail,29,916.75,18,18,582.5,no
A9139,2024-11-01,Free,Media,4,0.0,21,96,867.2,no
A9140,2024-09-01,Growth,Logistics,13,1387.19,4,4,145.5,no
A9141,2024-03-01,Scale,Education,8,2855.11,17,-5,253.1,no
A9142,2024-12-01,Enterprise,Fintech,31,38625.9,21,7,274.3,no
A9143,2024-07-01,Starter,Fintech,34,940.14,7,52,424.5,no
A9144,2024-01-01,Enterprise,Health,20,25931.52,4,-67,656.1,no
A9145,2023-05-01,Starter,Retail,19,586.46,8,-67,553.9,no
A9146,2023-01-01,Enterprise,Education,37,46275.21,17,-24,520.9,no
A9147,2023-09-01,Scale,Education,60,21260.28,21,-13,130.6,no
A9148,2025-02-01,Scale,Logistics,7,2669.88,22,-55,310.3,no
A9149,2023-08-01,Starter,Education,6,189.03,19,-92,69.3,no
A9150,2024-07-01,Enterprise,Retail,17,19990.49,19,-40,307.7,no
A9151,2024-09-01,Free,Fintech,17,0.0,15,-4,511.2,no
A9152,2025-05-01,Growth,Retail,44,4477.31,2,-8,585.3,yes
A9153,2025-02-01,Starter,Fintech,20,565.39,24,-12,76.1,no
A9154,2023-05-01,Free,Health,47,0.0,25,67,533.7,no
A9155,2023-05-01,Scale,Logistics,35,11412.63,8,78,115.5,no
A9156,2023-10-01,Growth,Fintech,33,3471.73,22,-26,278.4,no
A9157,2024-01-01,Enterprise,Education,11,12093.51,14,23,276.7,no
A9158,2025-02-01,Growth,Retail,33,3115.82,12,2,855.8,no
A9159,2023-05-01,Starter,Media,1,27.52,6,-46,26.6,no
A9160,2023-05-01,Scale,Education,25,8733.59,2,22,824.9,yes
A9161,2024-09-01,Starter,Media,4,105.94,12,-6,215.7,no
A9162,2023-06-01,Free,Retail,34,0.0,6,8,278.6,no
A9163,2023-03-01,Enterprise,Health,50,56255.62,7,-71,19.9,no
A9164,2023-04-01,Enterprise,Education,49,56648.47,15,36,798.2,yes
A9165,2023-05-01,Starter,Education,28,850.86,0,47,824.1,no
A9166,2023-05-01,Free,Retail,6,0.0,24,89,402.8,no
A9167,2023-06-01,Starter,Logistics,55,1468.74,16,32,212.3,no
A9168,2024-10-01,Starter,Media,37,983.28,20,70,410.7,no
A9169,2023-05-01,Enterprise,Health,9,11399.78,1,-87,767.8,no
A9170,2024-05-01,Growth,Fintech,40,3960.23,4,-99,461.3,no
A9171,2023-04-01,Growth,Education,8,823.83,19,4,429.5,no
A9172,2023-05-01,Free,Health,60,0.0,12,21,468.2,yes
A9173,2024-06-01,Enterprise,Health,16,19820.11,9,-13,722.8,no
A9174,2024-02-01,Free,Media,36,0.0,25,-81,179.1,yes
A9175,2023-09-01,Growth,Retail,20,2076.39,2,-55,290.4,no
A9176,2024-06-01,Growth,Fintech,50,4771.54,10,-42,221.0,no
A9177,2025-05-01,Starter,Media,9,274.44,0,36,501.4,no
A9178,2024-10-01,Starter,Retail,13,359.34,8,36,670.0,no
A9179,2023-04-01,Growth,Retail,54,4958.86,25,78,834.2,no
A9180,2024-04-01,Starter,Health,50,1307.67,10,-66,540.3,no
A9181,2025-01-01,Growth,Education,56,5192.38,8,-11,417.4,no
A9182,2024-12-01,Growth,Education,45,4715.82,12,-68,295.4,no
A9183,2023-09-01,Growth,Health,56,5393.85,4,-64,887.5,no
A9184,2023-08-01,Free,Retail,33,0.0,23,24,447.0,no
A9185,2024-01-01,Free,Media,32,0.0,13,-45,107.8,no
A9186,2023-04-01,Growth,Retail,38,3818.98,16,72,728.9,no
A9187,2023-11-01,Growth,Fintech,56,5607.52,3,75,70.7,no
A9188,2023-01-01,Scale,Logistics,2,767.44,15,-83,714.8,yes
A9189,2025-04-01,Free,Education,52,0.0,16,64,383.1,no
A9190,2023-01-01,Starter,Logistics,4,106.58,4,-21,150.5,no
A9191,2024-04-01,Enterprise,Fintech,18,22770.43,8,27,394.8,no
A9192,2023-03-01,Growth,Media,22,2069.11,18,77,794.2,no
A9193,2023-05-01,Starter,Media,2,62.12,11,-17,375.5,yes
A9194,2025-02-01,Starter,Logistics,58,1543.34,25,86,650.2,no
A9195,2024-07-01,Scale,Media,18,5774.99,25,42,814.7,yes
A9196,2024-08-01,Growth,Retail,52,4987.84,13,16,3.8,no
A9197,2024-04-01,Scale,Fintech,23,8645.53,10,-37,661.8,yes
A9198,2024-11-01,Free,Media,15,0.0,18,100,68.5,no
A9199,2024-11-01,Free,Health,50,0.0,24,-31,651.9,no
A9200,2023-01-01,Growth,Education,54,5551.52,0,-15,637.3,no
A9201,2023-08-01,Free,Media,51,0.0,16,49,67.8,no
A9202,2024-04-01,Starter,Health,2,52.6,9,-27,704.4,no
A9203,2025-01-01,Growth,Fintech,46,4200.37,9,-28,614.6,no
A9204,2023-11-01,Growth,Fintech,51,4790.64,1,51,197.5,yes
A9205,2023-09-01,Scale,Education,6,1886.1,2,-75,147.0,no
A9206,2023-05-01,Scale,Media,53,17341.18,10,43,390.2,no
A9207,2025-03-01,Scale,Retail,26,8295.81,20,-68,777.6,yes
A9208,2023-01-01,Growth,Retail,47,5098.69,10,-35,651.1,no
A9209,2023-10-01,Growth,Fintech,39,3807.1,24,-14,742.6,no
A9210,2024-12-01,Growth,Media,45,4747.93,7,-88,454.1,no
A9211,2023-11-01,Growth,Fintech,6,587.24,4,35,273.5,no
A9212,2023-03-01,Scale,Logistics,16,5585.21,14,-62,298.8,no
A9213,2023-09-01,Free,Retail,19,0.0,24,-59,118.9,no
A9214,2024-03-01,Scale,Logistics,48,16374.79,25,8,129.8,no
A9215,2023-11-01,Scale,Media,56,17950.16,15,86,499.7,no
A9216,2023-06-01,Starter,Health,36,983.63,25,83,324.4,no
A9217,2023-10-01,Free,Retail,31,0.0,5,82,835.3,no
A9218,2024-08-01,Starter,Logistics,52,1584.53,6,99,10.6,yes
A9219,2023-08-01,Growth,Health,37,3887.75,13,15,370.3,no
A9220,2023-03-01,Free,Education,21,0.0,18,85,824.7,no
A9221,2024-12-01,Enterprise,Education,31,35555.03,4,60,44.3,yes
A9222,2025-04-01,Enterprise,Fintech,58,75182.48,9,62,737.9,yes
A9223,2024-08-01,Scale,Health,16,5625.92,8,-58,581.8,no
A9224,2025-02-01,Free,Fintech,34,0.0,1,8,582.2,no
A9225,2023-03-01,Growth,Retail,54,5574.56,1,95,257.5,no
A9226,2024-07-01,Growth,Education,26,2707.08,25,44,292.5,yes
A9227,2024-05-01,Starter,Education,7,218.71,16,72,820.9,no
A9228,2024-03-01,Growth,Retail,37,3871.22,14,-17,349.3,yes
A9229,2023-09-01,Growth,Logistics,45,4533.64,24,79,723.3,no
A9230,2025-05-01,Free,Fintech,59,0.0,10,-41,180.0,no
A9231,2023-07-01,Growth,Fintech,19,1721.47,19,-42,85.0,no
A9232,2023-01-01,Growth,Retail,43,4081.53,6,68,768.1,no
A9233,2025-02-01,Starter,Health,3,80.25,18,92,473.2,no
A9234,2024-03-01,Starter,Logistics,3,85.25,16,-86,63.5,yes
A9235,2023-09-01,Free,Education,40,0.0,4,12,436.3,no
A9236,2023-09-01,Free,Media,59,0.0,3,22,207.6,yes
A9237,2024-02-01,Enterprise,Logistics,24,29548.37,20,4,504.6,no
A9238,2024-10-01,Scale,Fintech,18,6576.12,8,-75,59.7,no
A9239,2024-04-01,Growth,Education,58,5657.7,18,-71,566.4,no
A9240,2025-03-01,Free,Retail,57,0.0,11,-82,349.7,no
A9241,2023-06-01,Scale,Retail,13,4976.35,3,-21,800.1,no
A9242,2025-04-01,Starter,Health,42,1167.83,11,8,261.7,no
A9243,2023-12-01,Scale,Media,54,17726.51,22,17,554.2,no
A9244,2024-03-01,Growth,Education,28,2695.31,21,-27,808.5,no
A9245,2023-06-01,Enterprise,Retail,12,13832.27,6,-89,863.5,no
A9246,2025-03-01,Enterprise,Fintech,33,39446.86,7,-41,886.8,no
A9247,2023-11-01,Scale,Logistics,53,17058.23,2,65,475.2,no
A9248,2023-07-01,Enterprise,Retail,35,38448.61,24,21,48.8,no
A9249,2024-08-01,Scale,Health,30,10978.71,15,29,634.5,no
A9250,2023-12-01,Starter,Media,9,258.33,5,-55,875.9,no
A9251,2024-10-01,Scale,Media,19,6998.43,13,1,239.3,yes
A9252,2023-03-01,Growth,Logistics,10,991.23,18,-18,858.3,no
A9253,2024-07-01,Growth,Fintech,17,1539.94,6,-54,757.8,no
A9254,2024-03-01,Growth,Health,60,5576.04,4,-78,692.4,no
A9255,2025-02-01,Starter,Education,31,915.52,13,-28,177.7,no
A9256,2023-04-01,Free,Media,1,0.0,6,8,790.2,no
A9257,2023-12-01,Growth,Fintech,25,2634.24,11,-33,62.1,no
A9258,2024-09-01,Free,Media,13,0.0,16,-3,566.4,no
A9259,2023-01-01,Scale,Education,26,9888.57,8,-84,601.6,no
A9260,2023-12-01,Enterprise,Education,55,65637.76,5,13,343.8,no
A9261,2023-05-01,Growth,Retail,52,5120.66,18,-80,399.4,no
A9262,2024-01-01,Growth,Health,4,369.68,9,-30,155.9,no
A9263,2024-05-01,Enterprise,Retail,8,10146.24,2,0,544.2,no
A9264,2023-09-01,Starter,Fintech,43,1171.66,8,-26,489.2,no
A9265,2024-02-01,Starter,Education,14,378.83,8,43,506.8,no
A9266,2023-05-01,Enterprise,Retail,32,39316.66,7,-82,76.6,no
A9267,2025-03-01,Scale,Logistics,54,17156.27,21,28,137.8,no
A9268,2024-01-01,Growth,Fintech,8,835.55,8,-78,3.5,no
A9269,2025-04-01,Free,Health,15,0.0,12,-5,383.0,no
A9270,2023-07-01,Starter,Retail,11,289.57,0,91,795.5,no
A9271,2023-08-01,Free,Media,14,0.0,14,17,469.6,no
A9272,2024-11-01,Growth,Media,37,3697.26,25,-87,798.8,no
A9273,2025-01-01,Starter,Fintech,15,407.51,8,-63,563.4,no
A9274,2023-03-01,Starter,Retail,1,30.87,11,34,785.7,no
A9275,2024-02-01,Enterprise,Logistics,20,22534.95,6,70,566.2,no
A9276,2024-09-01,Enterprise,Education,11,13763.83,13,42,723.7,no
A9277,2023-06-01,Enterprise,Health,14,16404.01,14,-85,229.0,no
A9278,2024-04-01,Growth,Retail,17,1641.24,16,-30,896.9,no
A9279,2024-09-01,Starter,Fintech,25,747.13,4,7,296.1,no
A9280,2023-11-01,Growth,Retail,49,4448.51,18,-18,200.7,no
A9281,2023-11-01,Free,Media,36,0.0,14,51,588.5,no
A9282,2024-09-01,Enterprise,Media,30,37264.53,3,-47,169.2,no
A9283,2024-02-01,Scale,Logistics,23,7473.43,7,-71,542.3,no
A9284,2025-04-01,Enterprise,Health,46,54360.31,25,-71,8.3,no
A9285,2024-10-01,Starter,Logistics,36,1031.77,1,86,900.0,no
A9286,2024-10-01,Free,Education,8,0.0,2,52,73.5,no
A9287,2023-03-01,Enterprise,Logistics,31,34009.12,10,-99,687.1,no
A9288,2024-11-01,Growth,Health,26,2564.66,18,49,820.1,yes
A9289,2025-05-01,Free,Fintech,15,0.0,15,-85,337.0,no
A9290,2023-04-01,Starter,Fintech,15,443.02,8,75,271.6,no
A9291,2023-12-01,Scale,Education,12,4451.66,22,75,171.4,no
A9292,2024-01-01,Free,Media,10,0.0,1,-27,444.8,no
A9293,2023-03-01,Free,Fintech,32,0.0,24,50,133.9,no
A9294,2025-05-01,Scale,Education,42,15642.07,0,-79,36.0,no
A9295,2023-05-01,Enterprise,Fintech,32,37513.11,3,-91,321.0,no
A9296,2023-05-01,Free,Fintech,28,0.0,0,54,143.4,no
A9297,2025-02-01,Scale,Retail,26,9119.83,14,21,778.7,no
A9298,2023-12-01,Growth,Logistics,1,92.94,14,-58,429.5,no
A9299,2024-09-01,Scale,Education,12,4351.63,15,-14,507.9,no
A9300,2023-11-01,Starter,Fintech,1,28.87,23,84,499.8,yes
A9301,2023-01-01,Scale,Health,27,8684.44,24,-42,880.7,no
A9302,2023-07-01,Starter,Logistics,23,699.13,7,86,533.6,yes
A9303,2025-02-01,Scale,Fintech,19,6723.81,6,-14,474.6,no
A9304,2025-05-01,Scale,Media,31,10773.74,14,97,757.9,no
A9305,2023-10-01,Starter,Logistics,2,55.16,0,-11,158.2,no
A9306,2023-03-01,Free,Fintech,26,0.0,18,43,795.9,no
A9307,2024-07-01,Growth,Media,45,4309.55,22,42,541.9,no
A9308,2024-10-01,Enterprise,Media,59,64205.37,6,-38,792.2,no
A9309,2023-04-01,Free,Health,31,0.0,10,-15,418.0,no
A9310,2023-11-01,Free,Retail,47,0.0,12,-96,812.8,yes
A9311,2024-07-01,Free,Media,14,0.0,8,4,190.1,no
A9312,2024-02-01,Enterprise,Retail,41,52981.99,3,-18,163.3,no
A9313,2024-03-01,Growth,Media,29,2916.93,3,12,814.7,no
A9314,2024-03-01,Growth,Education,34,3202.35,23,-82,455.4,no
A9315,2023-08-01,Starter,Media,23,624.99,19,47,169.7,no
A9316,2023-03-01,Free,Health,4,0.0,7,13,404.0,no
A9317,2023-04-01,Growth,Logistics,52,4775.25,2,-71,781.2,yes
A9318,2023-08-01,Growth,Logistics,2,200.51,2,-12,84.8,no
A9319,2024-07-01,Starter,Media,45,1344.41,14,51,161.3,no
A9320,2024-06-01,Growth,Health,14,1301.58,14,-40,287.2,no
A9321,2024-07-01,Enterprise,Retail,52,62392.54,18,78,645.4,no
A9322,2025-05-01,Free,Fintech,26,0.0,14,70,669.0,no
A9323,2023-05-01,Scale,Fintech,60,19865.31,8,74,416.5,no
A9324,2024-06-01,Free,Health,38,0.0,10,-79,511.1,no
A9325,2023-05-01,Enterprise,Fintech,9,10114.49,17,5,129.2,no
A9326,2023-05-01,Free,Fintech,60,0.0,1,-73,755.0,no
A9327,2024-12-01,Starter,Health,28,860.59,3,25,405.9,no
A9328,2023-08-01,Scale,Media,30,9445.29,25,55,255.2,no
A9329,2023-10-01,Scale,Education,40,13127.15,11,-35,387.8,no
A9330,2024-12-01,Growth,Education,30,3037.18,7,62,272.2,no
A9331,2025-02-01,Enterprise,Health,9,11111.83,13,38,680.4,yes
A9332,2023-07-01,Enterprise,Logistics,33,37798.47,15,-19,756.6,no
A9333,2025-02-01,Starter,Retail,28,773.1,17,21,644.9,no
A9334,2024-02-01,Enterprise,Logistics,15,16890.38,14,-54,448.7,no
A9335,2024-08-01,Free,Fintech,50,0.0,20,-61,888.5,no
A9336,2024-06-01,Growth,Fintech,42,4343.56,23,-98,58.5,no
A9337,2024-03-01,Free,Education,54,0.0,5,48,214.7,no
A9338,2023-12-01,Starter,Media,59,1737.63,7,23,818.2,no
A9339,2023-07-01,Scale,Health,59,20789.55,22,-68,416.7,no
A9340,2025-05-01,Enterprise,Health,16,17654.13,2,32,803.7,no
A9341,2023-04-01,Scale,Retail,3,1009.94,9,-6,587.8,yes
A9342,2024-10-01,Growth,Media,22,2172.59,1,-45,63.8,no
A9343,2024-06-01,Scale,Retail,46,16115.05,24,-6,512.6,no
A9344,2023-07-01,Growth,Retail,55,5690.46,9,-50,782.8,yes
A9345,2023-10-01,Starter,Health,15,442.79,19,9,245.4,no
A9346,2024-02-01,Starter,Media,30,884.12,2,44,335.5,no
A9347,2023-12-01,Enterprise,Media,30,34400.98,12,-63,317.8,no
A9348,2024-01-01,Scale,Education,37,13193.15,7,82,289.4,no
A9349,2025-01-01,Enterprise,Logistics,21,23999.78,11,88,864.8,no
A9350,2025-02-01,Enterprise,Media,47,60963.71,19,13,324.1,no
A9351,2024-06-01,Enterprise,Education,38,41214.23,15,62,136.5,no
A9352,2024-12-01,Free,Logistics,43,0.0,21,-9,885.2,no
A9353,2023-07-01,Free,Fintech,9,0.0,23,-13,717.9,no
A9354,2024-06-01,Free,Health,37,0.0,22,54,349.3,no
A9355,2024-05-01,Scale,Education,18,6034.28,3,50,49.7,no
A9356,2025-05-01,Enterprise,Fintech,30,37922.96,9,-9,821.9,no
A9357,2023-04-01,Enterprise,Retail,15,19044.04,23,-98,404.6,no
A9358,2025-05-01,Scale,Fintech,33,11125.37,24,21,507.9,yes
A9359,2025-02-01,Free,Media,53,0.0,21,8,381.8,no
A9360,2024-11-01,Growth,Logistics,53,4737.58,16,-19,232.1,no
A9361,2023-03-01,Starter,Retail,45,1183.62,5,-91,819.6,no
A9362,2025-04-01,Starter,Education,6,169.07,6,76,573.6,no
A9363,2025-03-01,Growth,Fintech,18,1871.51,3,-83,661.2,yes
A9364,2024-07-01,Growth,Media,10,1017.42,3,32,442.3,no
A9365,2024-09-01,Starter,Education,40,1074.85,13,66,879.2,no
A9366,2023-05-01,Enterprise,Fintech,12,13473.28,10,52,752.3,no
A9367,2023-12-01,Starter,Retail,5,152.86,0,87,235.5,no
A9368,2023-04-01,Free,Retail,48,0.0,21,68,263.5,no
A9369,2025-01-01,Starter,Media,1,30.12,3,61,448.9,no
A9370,2024-01-01,Enterprise,Fintech,22,25739.89,6,37,872.5,no
A9371,2023-12-01,Growth,Media,47,4423.39,14,50,54.5,no
A9372,2024-01-01,Free,Fintech,41,0.0,17,-25,467.5,no
A9373,2025-03-01,Scale,Logistics,34,10978.44,1,14,183.9,no
A9374,2024-09-01,Starter,Logistics,55,1732.69,2,-44,152.0,no
A9375,2023-08-01,Growth,Fintech,12,1089.65,22,-92,461.9,no
A9376,2024-03-01,Starter,Retail,59,1542.46,5,-61,448.9,no
A9377,2024-06-01,Scale,Health,46,14693.42,10,33,286.6,no
A9378,2025-01-01,Enterprise,Logistics,3,3923.23,11,-10,765.6,no
A9379,2024-01-01,Free,Logistics,45,0.0,14,-6,766.8,no
A9380,2023-08-01,Free,Health,4,0.0,6,53,283.1,no
A9381,2023-04-01,Scale,Retail,39,13553.94,25,-9,888.6,yes
A9382,2025-01-01,Free,Media,25,0.0,16,-49,679.9,no
A9383,2024-01-01,Growth,Health,30,2762.68,11,-27,202.5,no
A9384,2024-09-01,Free,Health,50,0.0,23,-9,223.7,no
A9385,2023-12-01,Free,Education,13,0.0,3,43,367.3,no
A9386,2023-03-01,Starter,Health,54,1596.29,21,30,278.1,no
A9387,2023-05-01,Scale,Fintech,12,4007.5,24,13,875.4,no
A9388,2025-04-01,Free,Fintech,8,0.0,15,38,271.9,no
A9389,2024-03-01,Free,Education,23,0.0,20,65,307.4,no
A9390,2024-05-01,Free,Fintech,22,0.0,25,-62,724.5,no
A9391,2025-05-01,Starter,Retail,42,1106.29,12,38,100.1,no
A9392,2025-03-01,Scale,Logistics,36,12573.23,12,72,672.7,no
A9393,2023-03-01,Scale,Retail,45,14757.2,20,-43,65.7,no
A9394,2023-08-01,Growth,Logistics,37,3315.73,14,-33,747.9,no
A9395,2025-02-01,Free,Logistics,54,0.0,13,-76,568.5,no
A9396,2023-05-01,Growth,Health,28,2861.84,22,-85,329.4,yes
A9397,2024-09-01,Free,Logistics,37,0.0,9,-51,137.0,no
A9398,2023-08-01,Starter,Retail,17,517.73,23,19,647.8,no
A9399,2023-03-01,Scale,Retail,10,3670.58,20,-45,518.2,no
A9400,2024-04-01,Scale,Retail,19,6753.17,13,5,453.4,no
A9401,2023-07-01,Scale,Logistics,32,11809.47,23,-57,464.6,no
A9402,2025-01-01,Growth,Fintech,29,2742.4,18,24,714.7,no
A9403,2024-12-01,Starter,Media,44,1285.74,19,-22,248.7,no
A9404,2023-04-01,Enterprise,Logistics,4,4553.12,23,31,652.8,no
A9405,2024-04-01,Starter,Health,59,1651.55,15,-79,514.4,no
A9406,2023-05-01,Free,Media,38,0.0,8,58,298.1,no
A9407,2023-05-01,Scale,Media,53,17949.72,6,22,396.0,no
A9408,2023-10-01,Scale,Fintech,57,18615.33,22,-3,711.3,no
A9409,2024-03-01,Growth,Health,34,3332.36,10,-85,94.1,yes
A9410,2025-03-01,Enterprise,Logistics,40,46782.66,19,10,691.3,no
A9411,2023-10-01,Growth,Health,48,5082.53,7,-58,670.3,no
A9412,2024-07-01,Enterprise,Retail,53,65637.47,21,-38,318.6,no
A9413,2023-07-01,Growth,Education,59,5839.34,17,-44,264.6,no
A9414,2025-02-01,Free,Logistics,7,0.0,17,-16,279.7,no
A9415,2024-11-01,Free,Media,10,0.0,4,18,16.3,no
A9416,2023-05-01,Scale,Health,29,10298.07,19,21,815.7,no
A9417,2023-08-01,Enterprise,Education,18,19638.39,24,64,749.2,no
A9418,2025-04-01,Growth,Education,60,6088.94,22,46,660.3,no
A9419,2025-03-01,Enterprise,Health,38,41234.45,2,-54,329.3,no
A9420,2024-09-01,Growth,Education,32,3414.59,21,-59,662.1,no
A9421,2025-01-01,Scale,Retail,35,11545.56,16,99,38.7,no
A9422,2023-05-01,Free,Media,13,0.0,14,-91,162.6,no
A9423,2025-05-01,Enterprise,Fintech,6,7817.12,25,-92,846.8,no
A9424,2024-05-01,Starter,Media,49,1382.24,5,16,511.3,no
A9425,2023-05-01,Scale,Fintech,34,10797.42,8,-49,576.1,no
A9426,2023-06-01,Enterprise,Logistics,28,34877.53,21,-5,85.9,no
A9427,2023-10-01,Free,Education,54,0.0,23,46,90.4,no
A9428,2024-02-01,Free,Health,25,0.0,14,-26,338.0,no
A9429,2024-10-01,Free,Media,7,0.0,13,56,602.0,no
A9430,2024-11-01,Growth,Logistics,13,1298.36,23,-71,233.8,yes
A9431,2023-01-01,Scale,Education,8,2847.72,25,52,769.9,no
A9432,2025-02-01,Starter,Education,39,1105.89,8,7,506.8,no
A9433,2024-02-01,Growth,Retail,60,6439.15,23,38,34.4,no
A9434,2024-09-01,Scale,Retail,22,7912.51,16,18,269.3,no
A9435,2023-05-01,Growth,Education,25,2361.62,10,41,109.1,no
A9436,2024-06-01,Starter,Education,23,610.08,8,-12,255.6,no
A9437,2024-04-01,Free,Media,37,0.0,22,-72,799.6,no
A9438,2024-03-01,Growth,Media,38,4085.24,23,-63,437.1,no
A9439,2023-05-01,Scale,Retail,55,18797.12,8,-89,288.2,no
A9440,2024-07-01,Growth,Media,2,201.86,8,42,589.1,no
A9441,2024-03-01,Scale,Education,58,21168.38,11,2,752.9,no
A9442,2023-03-01,Free,Education,41,0.0,17,-12,234.9,no
A9443,2024-04-01,Growth,Fintech,36,3650.87,13,51,695.3,no
A9444,2023-12-01,Starter,Education,2,55.95,19,33,828.3,no
A9445,2024-10-01,Growth,Logistics,19,1696.76,3,61,811.5,no
A9446,2023-05-01,Growth,Retail,23,2245.65,0,-59,810.3,no
A9447,2024-03-01,Enterprise,Media,60,74916.47,12,-40,133.1,no
A9448,2023-04-01,Enterprise,Fintech,55,63304.74,2,67,469.1,no
A9449,2024-06-01,Enterprise,Fintech,20,23161.4,12,-5,545.3,no
A9450,2024-12-01,Free,Education,20,0.0,6,88,481.2,no
A9451,2024-04-01,Growth,Fintech,20,2106.89,5,92,253.0,no
A9452,2024-07-01,Growth,Health,35,3556.4,21,-75,503.7,yes
A9453,2025-04-01,Starter,Fintech,43,1280.7,13,29,514.4,no
A9454,2025-03-01,Scale,Logistics,30,10029.62,17,-19,751.1,no
A9455,2024-08-01,Starter,Health,55,1681.44,0,48,492.8,no
A9456,2024-10-01,Growth,Retail,38,3660.59,23,-92,668.4,no
A9457,2025-04-01,Free,Fintech,17,0.0,12,24,3.8,no
A9458,2024-10-01,Starter,Health,13,412.07,20,52,627.4,no
A9459,2023-05-01,Enterprise,Health,20,24594.35,13,-24,449.3,no
A9460,2023-03-01,Growth,Health,51,5268.05,22,99,556.4,no
A9461,2025-03-01,Scale,Media,52,19814.34,21,15,157.3,no
A9462,2023-11-01,Scale,Logistics,4,1392.08,7,20,405.1,no
A9463,2024-12-01,Starter,Fintech,10,264.15,14,64,270.6,no
A9464,2024-11-01,Free,Education,20,0.0,11,-65,486.1,no
A9465,2023-04-01,Enterprise,Education,16,18399.33,2,81,35.5,no
A9466,2025-05-01,Free,Logistics,22,0.0,14,54,265.2,no
A9467,2025-03-01,Starter,Health,53,1649.93,11,-17,387.8,no
A9468,2024-01-01,Scale,Media,11,4054.36,2,52,647.9,no
A9469,2024-01-01,Enterprise,Retail,1,1102.53,22,-52,255.5,no
A9470,2025-02-01,Enterprise,Fintech,5,6559.96,13,-33,193.8,no
A9471,2025-04-01,Scale,Fintech,26,8896.83,1,-12,354.3,no
A9472,2025-01-01,Scale,Retail,19,6323.64,20,-24,680.2,no
A9473,2025-03-01,Growth,Logistics,10,1030.02,21,-76,241.8,no
A9474,2025-05-01,Free,Logistics,41,0.0,17,10,499.1,no
A9475,2024-07-01,Growth,Health,54,5231.93,11,45,489.5,no
A9476,2024-04-01,Scale,Logistics,28,9391.84,3,-51,138.0,no
A9477,2023-08-01,Growth,Media,1,92.57,5,-2,846.5,no
A9478,2024-01-01,Growth,Logistics,8,780.27,3,-18,502.0,no
A9479,2024-12-01,Growth,Fintech,56,5215.49,6,-86,137.5,no
A9480,2025-02-01,Enterprise,Logistics,45,57568.31,19,25,698.8,no
A9481,2025-03-01,Free,Media,48,0.0,9,-84,639.7,no
A9482,2023-06-01,Growth,Retail,57,6044.35,23,-10,640.7,no
A9483,2023-12-01,Enterprise,Logistics,27,33163.14,8,8,734.9,no
A9484,2024-03-01,Scale,Logistics,21,6664.74,10,-45,294.5,yes
A9485,2025-05-01,Starter,Education,3,78.31,20,42,749.0,no
A9486,2023-10-01,Starter,Education,43,1299.39,11,73,654.7,no
A9487,2023-09-01,Growth,Fintech,34,3579.78,17,-38,731.2,no
A9488,2024-11-01,Enterprise,Media,39,46473.35,13,-24,34.9,no
A9489,2024-10-01,Growth,Education,36,3803.26,15,-30,694.8,no
A9490,2023-03-01,Scale,Logistics,59,19172.68,11,89,657.6,no
A9491,2023-07-01,Starter,Media,38,1123.07,6,39,438.6,no
A9492,2023-04-01,Scale,Education,36,13763.4,9,-30,163.0,no
A9493,2023-06-01,Scale,Health,29,10395.34,19,98,435.1,no
A9494,2023-11-01,Growth,Logistics,10,1078.94,4,-96,27.1,no
A9495,2023-05-01,Scale,Health,13,4090.76,19,-12,284.0,no
A9496,2024-02-01,Starter,Media,28,806.55,12,-2,37.3,no
A9497,2024-12-01,Scale,Logistics,27,8632.75,10,6,222.1,no
A9498,2023-11-01,Scale,Education,26,8318.8,24,-8,400.5,no
A9499,2023-11-01,Starter,Education,47,1369.34,17,72,173.0,yes
A9500,2024-01-01,Growth,Health,17,1831.98,24,-42,391.0,no
A9501,2024-03-01,Starter,Logistics,31,816.02,11,15,484.4,no
A9502,2023-09-01,Enterprise,Retail,30,36124.18,25,100,329.7,no
A9503,2025-02-01,Growth,Health,3,320.25,11,-50,154.1,no
A9504,2025-04-01,Growth,Logistics,45,4289.78,13,-19,637.3,no
A9505,2024-10-01,Enterprise,Logistics,31,34979.25,7,32,545.2,no
A9506,2023-03-01,Scale,Fintech,23,7687.79,16,-95,266.9,no
A9507,2023-09-01,Enterprise,Media,2,2400.28,0,-17,640.7,no
A9508,2024-11-01,Scale,Logistics,10,3229.77,25,-8,241.6,no
A9509,2023-01-01,Growth,Health,58,5173.27,10,-46,155.4,no
A9510,2024-10-01,Enterprise,Fintech,24,27061.32,14,87,539.4,no
A9511,2023-10-01,Enterprise,Retail,26,32587.04,21,-95,21.6,no
A9512,2025-02-01,Free,Health,23,0.0,5,66,825.3,no
A9513,2025-04-01,Enterprise,Health,7,7590.53,23,35,640.9,no
A9514,2023-07-01,Enterprise,Media,7,7842.13,11,32,158.3,no
A9515,2024-08-01,Scale,Logistics,41,15231.99,0,-49,887.7,no
A9516,2025-04-01,Scale,Logistics,19,6960.93,1,-39,780.2,no
A9517,2023-10-01,Enterprise,Health,30,38729.69,23,-96,708.5,no
A9518,2024-03-01,Free,Health,59,0.0,15,32,548.0,no
A9519,2024-02-01,Starter,Health,57,1759.88,12,-57,701.4,no
A9520,2023-08-01,Enterprise,Education,13,16002.25,14,47,591.6,no
A9521,2023-05-01,Starter,Education,5,141.98,18,82,816.5,no
A9522,2023-11-01,Free,Fintech,25,0.0,20,-95,124.6,no
A9523,2025-01-01,Free,Logistics,52,0.0,17,39,597.0,no
A9524,2023-05-01,Free,Media,31,0.0,2,-8,479.0,no
A9525,2025-05-01,Enterprise,Education,7,7632.09,20,-6,191.7,no
A9526,2024-06-01,Enterprise,Health,49,55872.5,24,25,220.0,no
A9527,2024-11-01,Growth,Retail,27,2757.63,12,85,211.0,no
A9528,2023-05-01,Starter,Education,24,700.06,4,71,662.3,no
A9529,2024-12-01,Growth,Media,41,4011.37,10,80,464.2,no
A9530,2023-01-01,Growth,Retail,5,515.72,16,95,290.3,no
A9531,2023-12-01,Scale,Media,31,11205.81,4,-80,142.4,no
A9532,2025-03-01,Scale,Health,15,5103.19,23,54,572.4,no
A9533,2023-05-01,Enterprise,Health,9,10820.63,16,-93,304.3,no
A9534,2024-02-01,Enterprise,Education,47,60042.27,1,-46,26.4,yes
A9535,2025-02-01,Growth,Logistics,6,599.87,14,14,361.7,no
A9536,2023-01-01,Starter,Health,23,624.02,1,-26,710.1,no
A9537,2024-02-01,Enterprise,Fintech,32,40678.52,22,60,504.0,no
A9538,2023-04-01,Scale,Health,32,11631.3,14,68,756.4,yes
A9539,2023-10-01,Scale,Education,20,6599.29,5,41,793.2,no
A9540,2023-06-01,Enterprise,Fintech,44,50919.87,24,88,400.4,no
A9541,2024-06-01,Scale,Fintech,22,8341.48,8,-89,463.5,no
A9542,2024-02-01,Growth,Logistics,56,5262.59,7,-10,83.5,no
A9543,2024-11-01,Enterprise,Health,59,64041.09,17,-72,643.5,no
A9544,2025-04-01,Free,Retail,50,0.0,0,42,701.7,no
A9545,2025-03-01,Starter,Retail,24,750.85,12,92,543.4,no
A9546,2025-04-01,Growth,Fintech,27,2805.44,4,-46,690.7,no
A9547,2023-05-01,Growth,Retail,57,5461.53,17,-98,874.0,no
A9548,2025-02-01,Starter,Fintech,54,1531.06,22,16,431.3,no
A9549,2024-05-01,Starter,Media,38,1054.71,19,30,221.7,no
A9550,2024-12-01,Growth,Media,60,6331.39,14,-15,553.8,no
A9551,2023-07-01,Free,Fintech,15,0.0,21,-65,762.5,no
A9552,2024-03-01,Starter,Health,46,1231.79,17,-6,740.7,yes
A9553,2024-09-01,Starter,Education,9,247.63,5,49,375.5,no
A9554,2023-09-01,Enterprise,Education,40,47973.98,3,36,883.9,no
A9555,2023-08-01,Free,Fintech,2,0.0,20,-76,119.1,no
A9556,2024-08-01,Free,Logistics,60,0.0,12,-37,382.4,no
A9557,2023-07-01,Scale,Logistics,60,19669.93,9,42,41.2,no
A9558,2024-01-01,Enterprise,Fintech,42,47272.63,18,90,723.2,no
A9559,2024-01-01,Free,Fintech,55,0.0,8,-89,69.8,no
A9560,2023-12-01,Free,Health,43,0.0,25,86,493.3,no
A9561,2024-06-01,Free,Logistics,37,0.0,2,2,544.2,no
A9562,2023-01-01,Scale,Logistics,25,8839.56,16,92,761.9,no
A9563,2024-08-01,Free,Retail,34,0.0,22,63,459.1,yes
A9564,2024-03-01,Scale,Retail,32,10624.66,1,55,5.9,no
A9565,2025-01-01,Growth,Media,55,5731.45,1,-9,307.1,no
A9566,2024-01-01,Growth,Media,8,809.63,22,-95,783.1,no
A9567,2024-10-01,Growth,Fintech,49,4473.83,12,-87,435.3,yes
A9568,2024-06-01,Starter,Logistics,1,31.61,7,62,882.0,no
A9569,2025-05-01,Growth,Logistics,34,3608.14,2,-61,656.0,no
A9570,2023-08-01,Scale,Retail,18,6251.15,17,-8,76.6,no
A9571,2025-05-01,Enterprise,Education,4,4681.23,3,60,64.7,no
A9572,2025-05-01,Free,Media,27,0.0,4,34,216.9,yes
A9573,2023-05-01,Enterprise,Retail,31,38165.61,19,49,495.7,no
A9574,2024-10-01,Starter,Education,20,605.99,7,-99,577.3,no
A9575,2024-11-01,Starter,Retail,48,1423.81,18,-34,126.5,no
A9576,2024-04-01,Free,Retail,52,0.0,23,-3,652.4,no
A9577,2024-09-01,Free,Logistics,23,0.0,22,76,155.3,no
A9578,2023-10-01,Free,Logistics,4,0.0,4,-62,30.6,no
A9579,2025-03-01,Enterprise,Fintech,26,30223.86,9,-57,680.7,no
A9580,2024-01-01,Starter,Media,15,456.86,6,96,245.8,no
A9581,2023-09-01,Starter,Logistics,28,892.76,14,-34,576.9,no
A9582,2025-05-01,Enterprise,Retail,16,20625.52,1,77,329.3,no
A9583,2024-07-01,Starter,Fintech,58,1575.23,19,26,656.6,no
A9584,2024-10-01,Starter,Retail,39,1044.79,25,41,323.2,no
A9585,2023-08-01,Growth,Education,40,3565.13,0,-86,788.6,no
A9586,2025-04-01,Starter,Retail,4,107.83,15,-77,434.7,no
A9587,2023-01-01,Starter,Education,37,1059.0,6,100,594.6,no
A9588,2023-11-01,Free,Fintech,48,0.0,19,-32,896.0,no
A9589,2024-12-01,Starter,Media,1,28.77,18,53,32.6,no
A9590,2024-08-01,Enterprise,Fintech,16,20261.54,22,-57,643.7,no
A9591,2024-01-01,Enterprise,Fintech,32,41433.98,21,-31,184.0,yes
A9592,2023-05-01,Starter,Logistics,35,1022.92,19,33,383.3,no
A9593,2024-10-01,Growth,Media,55,5338.79,8,-85,124.5,no
A9594,2023-01-01,Enterprise,Media,58,68983.96,13,-61,144.0,no
A9595,2023-05-01,Enterprise,Health,24,27536.76,15,-60,431.4,no
A9596,2023-09-01,Starter,Retail,10,271.57,18,-43,218.8,no
A9597,2024-06-01,Enterprise,Health,21,23058.89,7,-37,459.6,no
A9598,2023-10-01,Free,Logistics,35,0.0,9,1,698.4,no
A9599,2024-09-01,Starter,Media,42,1139.07,24,-84,84.6,no
A9600,2024-12-01,Starter,Retail,30,906.95,19,11,40.3,no
A9601,2025-05-01,Starter,Media,47,1267.2,21,-43,166.4,no
A9602,2023-04-01,Free,Education,13,0.0,6,-14,109.4,no
A9603,2024-09-01,Scale,Media,22,7393.78,13,-59,109.0,no
A9604,2023-05-01,Enterprise,Education,22,23837.5,6,86,56.0,no
A9605,2023-07-01,Scale,Media,60,20044.9,0,-59,844.9,no
A9606,2023-06-01,Starter,Media,17,492.59,4,10,190.8,no
A9607,2024-05-01,Starter,Fintech,57,1660.92,13,-35,400.3,no
A9608,2023-07-01,Enterprise,Media,21,25546.63,20,68,692.6,no
A9609,2024-12-01,Enterprise,Health,59,72829.11,25,-76,890.3,no
A9610,2024-02-01,Free,Education,37,0.0,17,-7,800.0,no
A9611,2023-07-01,Growth,Education,1,97.35,5,73,894.5,no
A9612,2023-01-01,Scale,Education,30,9542.5,7,78,62.2,no
A9613,2025-05-01,Starter,Retail,23,615.99,20,37,568.5,no
A9614,2023-07-01,Scale,Logistics,2,703.85,19,-39,132.2,no
A9615,2023-01-01,Scale,Retail,3,1133.7,7,-73,327.6,no
A9616,2023-05-01,Scale,Education,41,14747.09,18,22,38.0,no
A9617,2024-02-01,Scale,Health,12,4579.14,12,-80,793.1,no
A9618,2025-03-01,Free,Health,5,0.0,2,66,461.8,no
A9619,2024-09-01,Free,Retail,4,0.0,0,81,537.0,no
A9620,2024-10-01,Free,Media,11,0.0,3,-65,224.4,no
A9621,2024-01-01,Scale,Health,59,20958.46,14,-96,715.4,no
A9622,2024-04-01,Enterprise,Logistics,34,40071.43,6,15,487.4,yes
A9623,2023-01-01,Growth,Logistics,48,4362.25,17,-54,809.5,no
A9624,2023-01-01,Starter,Logistics,39,1098.89,9,-82,531.6,no
A9625,2023-01-01,Starter,Retail,37,1059.43,21,-31,897.0,no
A9626,2025-03-01,Free,Education,17,0.0,14,-93,573.3,no
A9627,2025-01-01,Free,Retail,12,0.0,12,14,604.8,no
A9628,2024-09-01,Growth,Retail,50,4482.23,1,70,833.8,no
A9629,2023-06-01,Growth,Logistics,14,1254.58,5,-5,721.5,no
A9630,2024-12-01,Growth,Education,38,3603.22,24,70,267.4,no
A9631,2024-02-01,Growth,Health,52,5307.49,3,-61,316.9,no
A9632,2024-02-01,Starter,Education,12,367.45,16,88,489.5,no
A9633,2023-01-01,Free,Education,55,0.0,20,76,786.6,no
A9634,2024-07-01,Free,Logistics,38,0.0,17,-82,404.5,no
A9635,2024-12-01,Free,Education,39,0.0,11,47,9.6,no
A9636,2025-05-01,Enterprise,Media,11,14444.56,1,87,689.2,no
A9637,2023-08-01,Scale,Retail,50,17025.1,4,-86,406.0,no
A9638,2024-04-01,Starter,Fintech,28,841.33,10,100,544.5,no
A9639,2023-07-01,Growth,Media,15,1545.57,8,-54,410.4,no
A9640,2024-07-01,Growth,Media,35,3495.76,6,20,661.3,no
A9641,2023-07-01,Enterprise,Logistics,33,40564.76,4,7,611.4,no
A9642,2023-07-01,Enterprise,Logistics,46,51864.93,3,94,331.3,no
A9643,2024-03-01,Free,Fintech,57,0.0,1,-21,430.9,no
A9644,2023-09-01,Enterprise,Education,57,63166.65,13,-47,443.7,no
A9645,2024-01-01,Enterprise,Media,44,53228.1,25,-34,250.4,no
A9646,2023-04-01,Growth,Media,54,5511.48,14,95,873.3,no
A9647,2023-10-01,Enterprise,Fintech,57,67526.89,7,7,359.3,no
A9648,2024-11-01,Free,Media,56,0.0,5,-44,889.0,no
A9649,2024-12-01,Scale,Retail,39,13842.2,16,-99,5.9,no
A9650,2024-06-01,Starter,Health,6,190.45,11,-48,586.8,yes
A9651,2024-01-01,Growth,Health,37,3883.42,4,92,185.2,no
A9652,2024-10-01,Starter,Health,47,1451.71,12,21,652.2,no
A9653,2025-01-01,Free,Fintech,44,0.0,16,-64,476.1,no
A9654,2024-07-01,Enterprise,Health,54,60776.7,25,0,783.1,no
A9655,2024-05-01,Scale,Health,41,13133.4,18,56,91.4,no
A9656,2024-09-01,Free,Media,1,0.0,22,39,65.4,yes
A9657,2024-11-01,Enterprise,Education,28,32750.52,12,50,79.9,no
A9658,2024-04-01,Growth,Media,38,4008.57,12,-38,748.4,no
A9659,2024-06-01,Free,Fintech,33,0.0,8,-23,585.5,no
A9660,2024-10-01,Enterprise,Education,19,20929.54,3,-90,491.2,no
A9661,2023-10-01,Free,Education,51,0.0,17,-24,245.6,no
A9662,2024-07-01,Enterprise,Education,51,58469.42,16,99,526.9,no
A9663,2025-04-01,Enterprise,Education,41,48556.62,9,96,16.9,no
A9664,2025-01-01,Scale,Logistics,13,4551.34,25,-7,181.7,no
A9665,2024-10-01,Enterprise,Retail,51,56736.56,19,-26,819.3,no
A9666,2024-06-01,Free,Retail,2,0.0,5,98,786.2,no
A9667,2024-10-01,Growth,Logistics,23,2112.62,10,-72,34.8,no
A9668,2023-07-01,Enterprise,Health,17,21070.26,2,-79,478.7,no
A9669,2024-01-01,Enterprise,Retail,40,43591.34,8,54,403.6,no
A9670,2024-04-01,Starter,Fintech,53,1502.22,16,-64,365.5,no
A9671,2023-10-01,Starter,Fintech,6,188.33,19,81,475.8,no
A9672,2023-08-01,Enterprise,Retail,51,57163.78,11,-84,849.2,no
A9673,2023-01-01,Scale,Fintech,3,1051.92,23,9,37.6,no
A9674,2025-05-01,Starter,Fintech,34,1070.3,11,-62,298.9,no
A9675,2024-05-01,Growth,Logistics,12,1265.02,8,-68,395.7,no
A9676,2024-04-01,Free,Fintech,15,0.0,22,26,458.5,no
A9677,2023-03-01,Free,Logistics,41,0.0,7,77,567.6,no
A9678,2025-01-01,Enterprise,Health,13,16735.22,24,-1,498.2,no
A9679,2023-12-01,Free,Media,56,0.0,13,27,210.9,no
A9680,2023-11-01,Starter,Health,4,110.91,14,33,420.8,yes
A9681,2024-11-01,Free,Fintech,57,0.0,4,-11,44.0,no
A9682,2025-02-01,Scale,Retail,48,18393.47,5,30,888.4,no
A9683,2024-06-01,Enterprise,Logistics,38,45764.36,23,86,7.3,no
A9684,2024-10-01,Enterprise,Logistics,45,49878.64,3,33,783.1,no
A9685,2024-12-01,Enterprise,Health,3,3312.9,20,64,659.1,no
A9686,2024-01-01,Enterprise,Media,42,53629.29,3,40,253.5,no
A9687,2023-06-01,Scale,Health,22,7522.69,15,61,432.8,no
A9688,2023-05-01,Scale,Health,3,1079.1,9,15,654.7,yes
A9689,2025-01-01,Starter,Health,12,363.4,15,-49,297.9,no
A9690,2024-12-01,Enterprise,Fintech,42,49534.66,9,-62,525.5,yes
A9691,2024-06-01,Scale,Media,8,2823.25,1,20,199.6,no
A9692,2023-12-01,Scale,Retail,40,13781.65,1,62,674.7,no
A9693,2024-03-01,Free,Fintech,4,0.0,9,-29,233.9,no
A9694,2023-04-01,Enterprise,Health,48,58460.64,9,33,669.1,yes
A9695,2024-07-01,Scale,Media,50,15775.75,20,36,218.9,no
A9696,2023-01-01,Enterprise,Education,14,15909.72,6,69,162.9,no
A9697,2023-10-01,Enterprise,Fintech,28,32054.95,13,96,181.9,no
A9698,2025-03-01,Starter,Health,45,1273.34,25,68,46.4,no
A9699,2025-02-01,Starter,Fintech,39,1045.49,19,-81,461.8,no
A9700,2025-05-01,Scale,Media,59,19393.68,0,66,55.1,no
A9701,2023-05-01,Enterprise,Retail,14,18416.59,6,38,393.1,no
A9702,2023-04-01,Growth,Retail,47,4556.38,9,82,864.1,no
A9703,2023-04-01,Starter,Logistics,1,31.65,24,-53,779.5,no
A9704,2025-02-01,Starter,Media,33,998.51,20,54,787.9,no
A9705,2024-10-01,Enterprise,Media,45,53788.11,20,63,112.8,no
A9706,2023-07-01,Scale,Fintech,12,3898.35,21,-16,168.6,no
A9707,2023-04-01,Enterprise,Education,14,17828.04,15,22,885.2,no
A9708,2023-04-01,Enterprise,Media,31,40290.93,7,-67,886.4,no
A9709,2024-10-01,Scale,Media,54,17316.2,7,-24,673.8,yes
A9710,2024-03-01,Enterprise,Health,30,36010.35,10,60,607.2,no
A9711,2023-07-01,Scale,Health,1,325.53,22,75,458.8,no
A9712,2024-01-01,Growth,Health,22,1968.59,6,54,655.9,no
A9713,2024-07-01,Growth,Education,4,358.06,23,28,129.1,no
A9714,2023-05-01,Scale,Logistics,11,3790.29,13,-89,846.4,yes
A9715,2024-11-01,Growth,Logistics,40,3647.23,25,12,683.7,no
A9716,2024-01-01,Starter,Retail,15,395.53,18,-4,122.8,no
A9717,2024-03-01,Growth,Health,18,1839.57,2,-4,573.1,no
A9718,2024-09-01,Free,Health,24,0.0,4,59,13.4,no
A9719,2023-05-01,Free,Education,34,0.0,0,20,321.9,no
A9720,2024-05-01,Scale,Logistics,8,2842.58,13,-39,476.8,no
A9721,2023-09-01,Enterprise,Health,43,51722.2,25,65,137.4,no
A9722,2024-03-01,Free,Logistics,2,0.0,9,1,288.1,no
A9723,2023-10-01,Enterprise,Education,44,48624.07,25,11,414.6,no
A9724,2023-09-01,Scale,Education,26,9204.46,1,-53,689.1,no
A9725,2023-09-01,Growth,Fintech,23,2343.67,7,91,886.1,no
A9726,2023-07-01,Growth,Health,25,2436.84,25,7,817.2,no
A9727,2023-06-01,Free,Logistics,58,0.0,5,28,544.8,no
A9728,2023-01-01,Starter,Education,36,1146.01,15,93,296.0,no
A9729,2023-09-01,Free,Health,52,0.0,10,-9,345.7,no
A9730,2024-04-01,Free,Fintech,10,0.0,24,22,10.2,no
A9731,2025-05-01,Starter,Media,46,1346.64,12,-82,883.8,no
A9732,2024-10-01,Starter,Fintech,27,797.72,5,2,368.1,no
A9733,2023-05-01,Starter,Retail,23,603.78,22,-77,124.8,yes
A9734,2024-07-01,Growth,Media,14,1381.78,1,35,288.8,no
A9735,2023-05-01,Enterprise,Fintech,9,9751.87,9,-92,606.7,no
A9736,2024-04-01,Scale,Education,19,6754.55,4,-36,730.3,no
A9737,2025-05-01,Enterprise,Education,2,2313.92,9,91,132.8,no
A9738,2023-08-01,Enterprise,Media,33,39680.7,18,9,313.3,no
A9739,2023-03-01,Free,Fintech,25,0.0,5,43,363.6,no
A9740,2024-06-01,Free,Fintech,32,0.0,15,-64,744.8,no
A9741,2025-05-01,Free,Health,24,0.0,15,-93,888.3,no
A9742,2023-08-01,Free,Logistics,6,0.0,17,-1,542.0,yes
A9743,2024-10-01,Starter,Logistics,26,810.89,1,-16,478.3,no
A9744,2023-01-01,Enterprise,Health,34,43649.52,20,-74,17.4,no
A9745,2024-12-01,Free,Logistics,3,0.0,0,-51,115.8,no
A9746,2023-07-01,Free,Retail,10,0.0,25,-45,51.8,no
A9747,2023-03-01,Free,Fintech,14,0.0,4,-15,340.3,yes
A9748,2024-03-01,Free,Education,50,0.0,23,60,555.2,no
A9749,2023-05-01,Starter,Health,11,297.81,12,-23,99.9,no
A9750,2023-04-01,Enterprise,Health,38,49687.89,6,-76,809.7,no
A9751,2023-01-01,Starter,Retail,52,1438.43,22,52,92.4,no
A9752,2023-01-01,Scale,Fintech,38,13472.45,25,85,191.3,no
A9753,2025-02-01,Enterprise,Education,23,25461.18,21,-8,245.7,no
A9754,2023-04-01,Enterprise,Health,12,13861.74,10,89,475.6,no
A9755,2023-04-01,Scale,Health,13,4416.68,17,20,80.5,no
A9756,2023-05-01,Scale,Logistics,12,4405.97,21,58,135.2,no
A9757,2024-04-01,Growth,Logistics,53,5536.28,13,-5,383.1,no
A9758,2024-03-01,Scale,Media,41,13662.91,5,-24,196.5,no
A9759,2023-09-01,Enterprise,Fintech,19,24689.22,13,92,842.3,no
A9760,2023-10-01,Starter,Logistics,47,1378.97,7,-37,455.9,no
A9761,2024-10-01,Scale,Fintech,4,1377.12,24,53,69.7,yes
A9762,2023-07-01,Enterprise,Retail,18,20054.25,25,-82,840.0,no
A9763,2025-03-01,Free,Media,8,0.0,12,-73,102.5,no
A9764,2023-09-01,Growth,Logistics,7,634.05,19,20,40.6,no
A9765,2024-07-01,Free,Education,54,0.0,1,-48,104.6,no
A9766,2023-06-01,Scale,Education,9,3356.85,24,-94,479.3,yes
A9767,2024-08-01,Starter,Fintech,21,639.42,10,-72,261.8,no
A9768,2025-05-01,Scale,Education,9,3438.76,8,82,431.6,no
A9769,2023-12-01,Enterprise,Fintech,52,64462.37,18,64,143.1,no
A9770,2023-12-01,Free,Education,59,0.0,14,-43,532.0,no
A9771,2023-05-01,Growth,Education,47,4723.07,7,99,439.4,no
A9772,2023-05-01,Growth,Fintech,26,2646.16,15,51,657.1,no
A9773,2023-10-01,Enterprise,Logistics,39,48143.83,0,-91,797.3,no
A9774,2025-02-01,Scale,Retail,46,16689.45,9,43,238.3,no
A9775,2023-06-01,Enterprise,Retail,54,66407.2,18,-86,189.0,no
A9776,2023-10-01,Scale,Media,8,3058.28,12,71,301.5,no
A9777,2025-01-01,Growth,Logistics,9,894.21,25,-71,893.0,no
A9778,2025-03-01,Starter,Retail,31,917.98,16,-8,892.5,no
A9779,2024-08-01,Growth,Education,20,2032.24,4,-79,680.2,no
A9780,2023-04-01,Scale,Fintech,47,15433.14,13,-49,877.3,no
A9781,2024-12-01,Growth,Logistics,19,1805.19,24,7,730.7,no
A9782,2024-01-01,Scale,Fintech,60,21380.86,5,72,150.2,no
A9783,2023-10-01,Scale,Retail,56,20075.89,0,-34,137.4,no
A9784,2024-04-01,Growth,Education,14,1378.9,1,53,785.6,no
A9785,2023-03-01,Growth,Media,35,3478.75,16,85,683.4,no
A9786,2024-06-01,Free,Health,60,0.0,10,39,875.7,no
A9787,2023-01-01,Growth,Health,35,3704.49,11,-67,210.0,no
A9788,2023-05-01,Starter,Retail,58,1541.11,7,-19,847.1,no
A9789,2024-08-01,Scale,Retail,47,15321.53,22,1,645.8,no
A9790,2023-06-01,Free,Media,54,0.0,10,-72,539.2,no
A9791,2023-08-01,Free,Health,37,0.0,17,30,31.6,no
A9792,2025-03-01,Growth,Education,25,2526.49,4,22,319.0,yes
A9793,2023-09-01,Enterprise,Media,29,37155.77,2,41,526.9,no
A9794,2024-04-01,Scale,Health,5,1674.73,18,53,461.6,no
A9795,2024-03-01,Free,Health,9,0.0,18,-72,87.8,no
A9796,2024-11-01,Enterprise,Logistics,54,63114.58,14,1,277.1,no
A9797,2024-08-01,Growth,Retail,31,3150.01,3,-61,233.4,no
A9798,2024-09-01,Starter,Logistics,2,58.83,17,-97,505.8,no
A9799,2023-07-01,Free,Health,42,0.0,23,-66,808.4,no
A9800,2025-02-01,Growth,Media,3,291.44,22,-94,403.5,no
A9801,2023-03-01,Enterprise,Fintech,42,53629.98,13,-92,254.0,no
A9802,2025-04-01,Free,Logistics,19,0.0,11,-70,329.2,no
A9803,2023-05-01,Growth,Health,31,2905.24,3,-91,868.4,no
A9804,2023-09-01,Free,Logistics,54,0.0,7,70,392.2,no
A9805,2023-01-01,Starter,Media,46,1451.77,21,-62,729.0,no
A9806,2023-01-01,Enterprise,Logistics,52,62463.35,2,0,558.0,no
A9807,2024-06-01,Enterprise,Logistics,28,33338.61,13,52,371.0,no
A9808,2024-02-01,Starter,Education,32,871.54,6,-76,10.0,no
A9809,2024-08-01,Free,Education,44,0.0,2,-63,435.5,no
A9810,2025-05-01,Scale,Education,56,20589.25,13,73,342.1,no
A9811,2024-09-01,Growth,Logistics,34,3409.29,18,-49,43.7,no
A9812,2025-02-01,Free,Media,31,0.0,23,-33,565.1,no
A9813,2023-10-01,Scale,Health,8,2771.6,1,90,611.8,no
A9814,2025-05-01,Growth,Education,59,5446.66,1,-55,810.2,yes
A9815,2025-02-01,Scale,Retail,34,12749.4,19,67,330.6,no
A9816,2023-10-01,Free,Media,34,0.0,11,2,693.5,no
A9817,2023-07-01,Growth,Media,27,2820.29,7,-76,285.5,yes
A9818,2025-05-01,Enterprise,Education,58,67090.61,5,-7,201.4,no
A9819,2023-05-01,Scale,Media,54,18829.54,2,11,39.3,no
A9820,2025-05-01,Scale,Retail,59,20120.21,7,14,323.8,no
A9821,2024-03-01,Growth,Logistics,42,4307.13,22,74,768.3,no
A9822,2024-11-01,Enterprise,Education,21,25458.81,12,21,572.1,yes
A9823,2023-11-01,Growth,Retail,33,2987.91,9,85,503.0,yes
A9824,2023-10-01,Scale,Health,50,17112.69,7,-2,887.2,no
A9825,2023-03-01,Growth,Education,6,603.11,3,48,488.0,no
A9826,2023-12-01,Free,Education,37,0.0,6,-29,235.2,no
A9827,2025-02-01,Enterprise,Media,22,25046.08,19,-51,38.3,no
A9828,2024-03-01,Growth,Retail,14,1322.32,24,77,127.6,no
A9829,2025-05-01,Scale,Logistics,34,11352.45,8,31,586.2,no
A9830,2024-09-01,Scale,Education,32,10727.82,5,-87,662.8,no
A9831,2023-05-01,Scale,Logistics,1,342.59,14,-40,591.8,no
A9832,2023-03-01,Enterprise,Media,1,1206.59,14,-38,483.6,no
A9833,2024-08-01,Starter,Fintech,39,1166.38,3,-92,641.9,no
A9834,2025-03-01,Growth,Media,11,1069.47,24,-10,444.0,no
A9835,2024-06-01,Enterprise,Fintech,25,30950.67,0,70,690.7,no
A9836,2024-02-01,Growth,Retail,39,4223.08,1,-27,233.2,no
A9837,2025-05-01,Starter,Retail,52,1620.93,21,-81,594.4,no
A9838,2024-04-01,Free,Logistics,17,0.0,7,-37,653.5,no
A9839,2023-01-01,Free,Fintech,42,0.0,22,-22,382.5,no
A9840,2025-04-01,Starter,Education,36,1059.81,17,36,756.8,no
A9841,2025-02-01,Free,Media,30,0.0,0,10,142.1,no
A9842,2024-04-01,Free,Health,5,0.0,5,-3,213.9,yes
A9843,2023-11-01,Starter,Fintech,27,836.41,19,-59,501.9,no
A9844,2023-01-01,Starter,Retail,38,1109.54,5,51,36.9,no
A9845,2025-03-01,Scale,Health,31,10452.73,9,-73,777.6,no
A9846,2024-02-01,Enterprise,Retail,30,38442.2,24,30,71.0,no
A9847,2024-06-01,Enterprise,Media,1,1148.03,3,71,737.1,no
A9848,2023-03-01,Starter,Media,25,794.84,6,-73,354.6,no
A9849,2025-03-01,Growth,Health,38,3762.34,20,4,603.5,no
A9850,2023-06-01,Growth,Retail,55,5793.25,14,9,6.3,no
A9851,2024-05-01,Starter,Logistics,50,1490.94,7,-66,824.2,no
A9852,2024-07-01,Enterprise,Retail,29,33609.68,24,34,75.9,no
A9853,2024-02-01,Growth,Logistics,8,756.73,6,-68,202.6,no
A9854,2023-05-01,Growth,Fintech,46,4884.39,12,-9,559.9,no
A9855,2024-03-01,Enterprise,Health,23,29141.45,6,-69,439.7,no
A9856,2023-04-01,Scale,Education,53,18803.95,3,-65,147.9,no
A9857,2023-09-01,Enterprise,Media,31,36499.69,0,-1,851.3,no
A9858,2024-09-01,Starter,Media,50,1480.45,16,24,596.2,no
A9859,2024-01-01,Free,Retail,58,0.0,9,-89,182.5,no
A9860,2024-03-01,Starter,Logistics,13,382.52,4,-81,391.1,no
A9861,2023-11-01,Starter,Retail,22,584.22,9,-78,261.2,no
A9862,2023-04-01,Starter,Retail,12,320.58,21,-75,705.6,no
A9863,2023-10-01,Free,Retail,17,0.0,3,-13,240.4,no
A9864,2023-03-01,Growth,Media,50,5288.66,20,78,451.6,no
A9865,2023-01-01,Starter,Retail,4,109.51,17,-100,274.3,no
A9866,2025-03-01,Growth,Media,40,4056.16,25,-49,703.1,no
A9867,2024-02-01,Enterprise,Media,8,9328.21,22,-18,560.6,no
A9868,2024-02-01,Free,Logistics,3,0.0,16,-18,500.8,yes
A9869,2023-10-01,Scale,Fintech,51,18346.84,5,-94,100.1,no
A9870,2024-12-01,Starter,Logistics,33,1012.23,10,54,536.6,no
A9871,2024-06-01,Free,Logistics,39,0.0,4,-9,708.9,no
A9872,2024-12-01,Free,Retail,37,0.0,25,1,256.0,no
A9873,2025-01-01,Growth,Fintech,55,5110.15,21,26,69.5,no
A9874,2024-01-01,Scale,Education,49,16503.92,5,43,898.5,no
A9875,2025-01-01,Free,Health,37,0.0,23,-13,462.5,no
A9876,2023-08-01,Scale,Media,31,11719.65,0,55,40.6,no
A9877,2024-06-01,Free,Retail,1,0.0,5,-72,137.5,no
A9878,2023-03-01,Free,Media,9,0.0,17,-35,504.7,no
A9879,2023-01-01,Free,Health,25,0.0,13,70,338.4,no
A9880,2024-02-01,Free,Retail,31,0.0,3,-34,334.8,no
A9881,2025-02-01,Growth,Fintech,46,4742.9,24,31,402.7,yes
A9882,2024-12-01,Free,Fintech,17,0.0,19,43,445.3,no
A9883,2023-03-01,Starter,Fintech,11,316.46,8,-57,548.1,no
A9884,2024-06-01,Scale,Retail,8,2925.23,0,-58,782.1,no
A9885,2024-05-01,Growth,Retail,21,1949.75,22,15,395.9,no
A9886,2024-12-01,Free,Fintech,28,0.0,5,-60,294.1,no
A9887,2023-03-01,Growth,Logistics,29,3139.07,5,-39,564.2,no
A9888,2025-01-01,Starter,Logistics,17,485.16,7,-32,342.3,no
A9889,2025-04-01,Free,Logistics,56,0.0,10,79,624.0,no
A9890,2025-05-01,Free,Logistics,43,0.0,16,79,102.6,no
A9891,2025-05-01,Free,Fintech,26,0.0,19,49,171.3,no
A9892,2024-07-01,Starter,Logistics,26,774.21,24,-93,492.9,no
A9893,2024-05-01,Enterprise,Education,13,14874.46,24,-99,443.0,no
A9894,2024-07-01,Starter,Retail,30,823.44,24,-85,644.9,no
A9895,2024-01-01,Free,Logistics,25,0.0,4,-4,456.2,no
A9896,2024-06-01,Enterprise,Media,53,59245.95,7,-64,365.1,no
A9897,2023-01-01,Scale,Retail,4,1334.9,10,2,163.8,no
A9898,2024-03-01,Growth,Logistics,36,3728.51,17,0,716.8,no
A9899,2024-09-01,Starter,Education,43,1368.82,25,-76,606.7,no
A9900,2025-02-01,Starter,Media,53,1676.59,24,77,205.7,no
A9901,2024-06-01,Free,Fintech,17,0.0,17,13,524.5,no
A9902,2024-07-01,Growth,Health,15,1450.36,2,60,541.8,no
A9903,2025-01-01,Growth,Health,38,4102.31,19,65,777.2,no
A9904,2023-05-01,Free,Fintech,24,0.0,5,-31,229.5,no
A9905,2024-05-01,Scale,Health,45,15967.89,24,-15,181.9,no
A9906,2025-01-01,Growth,Retail,9,970.8,24,-1,282.1,no
A9907,2023-12-01,Free,Education,2,0.0,12,-84,734.8,no
A9908,2025-01-01,Free,Health,44,0.0,5,23,325.4,no
A9909,2023-12-01,Enterprise,Logistics,5,6128.61,10,64,766.6,no
A9910,2024-03-01,Scale,Health,38,12483.36,6,76,621.3,no
A9911,2023-11-01,Growth,Education,45,4232.3,17,-91,666.4,no
A9912,2023-09-01,Starter,Fintech,47,1474.58,1,-16,206.7,no
A9913,2023-01-01,Enterprise,Health,32,41354.97,10,-53,393.1,no
A9914,2023-06-01,Enterprise,Media,34,41118.1,5,-69,429.1,no
A9915,2023-10-01,Enterprise,Fintech,37,41358.68,17,-66,350.8,yes
A9916,2023-11-01,Scale,Media,30,9702.15,21,61,85.9,no
A9917,2024-01-01,Growth,Media,59,5510.84,12,-35,737.8,yes
A9918,2024-03-01,Free,Media,29,0.0,5,-12,872.2,no
A9919,2023-12-01,Enterprise,Media,36,45352.25,15,-30,119.3,no
A9920,2023-08-01,Free,Education,53,0.0,0,-49,153.8,no
A9921,2025-04-01,Free,Media,6,0.0,5,-89,269.2,no
A9922,2024-04-01,Growth,Media,24,2272.98,16,-52,41.7,no
A9923,2024-03-01,Starter,Retail,45,1377.62,17,54,288.5,no
A9924,2023-01-01,Growth,Retail,39,3584.5,18,12,899.7,no
A9925,2023-05-01,Free,Education,47,0.0,14,-97,246.6,no
A9926,2023-08-01,Enterprise,Logistics,36,40146.35,8,-47,668.1,no
A9927,2023-08-01,Scale,Health,60,22895.14,4,-65,415.2,no
A9928,2023-05-01,Starter,Education,30,794.33,19,60,406.0,no
A9929,2024-10-01,Growth,Media,20,2099.57,9,14,526.6,no
A9930,2024-07-01,Free,Logistics,23,0.0,1,50,190.4,no
A9931,2025-04-01,Enterprise,Logistics,7,9173.84,14,-97,677.3,no
A9932,2024-09-01,Enterprise,Education,59,64690.78,14,-25,158.8,no
A9933,2025-03-01,Free,Fintech,33,0.0,22,47,851.2,no
A9934,2023-01-01,Growth,Logistics,34,3566.29,17,-50,522.2,no
A9935,2023-08-01,Starter,Education,37,1087.93,25,-22,608.2,yes
A9936,2024-01-01,Free,Logistics,30,0.0,18,80,630.0,yes
A9937,2023-05-01,Starter,Retail,52,1391.42,2,9,445.8,no
A9938,2024-10-01,Free,Retail,34,0.0,22,-69,531.0,no
A9939,2024-01-01,Starter,Health,22,698.62,4,95,347.8,no
A9940,2024-02-01,Growth,Health,19,2066.24,0,-80,579.7,yes
A9941,2025-02-01,Scale,Media,41,15324.92,14,-79,390.7,no
A9942,2025-05-01,Free,Fintech,29,0.0,10,98,872.0,no
A9943,2025-05-01,Enterprise,Education,59,76530.55,17,26,362.4,no
A9944,2024-01-01,Enterprise,Media,47,61602.24,15,51,440.9,no
A9945,2024-02-01,Free,Education,10,0.0,15,48,725.8,no
A9946,2023-05-01,Growth,Retail,12,1142.26,12,96,690.1,no
A9947,2023-06-01,Free,Health,35,0.0,13,-85,529.8,no
A9948,2024-10-01,Enterprise,Retail,1,1169.14,13,38,229.1,no
A9949,2023-01-01,Starter,Health,52,1474.76,7,-61,145.0,no
A9950,2024-01-01,Enterprise,Media,56,70789.69,18,-51,621.8,no
A9951,2024-06-01,Growth,Logistics,59,6285.72,6,10,173.8,yes
A9952,2024-10-01,Enterprise,Fintech,26,28861.33,13,-26,211.1,no
A9953,2023-01-01,Scale,Retail,16,5919.22,8,-11,679.9,no
A9954,2024-04-01,Growth,Education,23,2219.06,14,59,139.2,no
A9955,2023-04-01,Starter,Logistics,22,618.61,7,-31,715.8,no
A9956,2023-08-01,Free,Fintech,33,0.0,4,68,881.3,no
A9957,2023-09-01,Scale,Logistics,47,14817.09,2,48,738.4,no
A9958,2023-05-01,Scale,Retail,33,10410.0,9,79,750.3,no
A9959,2023-01-01,Growth,Media,31,3073.04,22,-18,583.9,no
A9960,2023-05-01,Scale,Health,16,5679.76,12,-61,694.3,no
A9961,2024-12-01,Enterprise,Retail,49,55955.25,13,7,682.0,no
A9962,2023-10-01,Enterprise,Fintech,39,44347.01,15,23,246.1,no
A9963,2025-05-01,Starter,Health,5,143.91,13,-44,646.2,no
A9964,2024-08-01,Starter,Media,4,117.97,11,-36,189.6,yes
A9965,2024-10-01,Growth,Education,26,2783.81,7,-84,541.9,no
A9966,2023-01-01,Free,Logistics,11,0.0,3,74,422.2,no
A9967,2024-07-01,Scale,Logistics,6,1931.37,3,-98,40.1,no
A9968,2025-02-01,Scale,Fintech,19,6800.87,1,42,752.3,no
A9969,2023-10-01,Growth,Fintech,27,2596.1,24,-70,796.4,no
A9970,2023-03-01,Starter,Fintech,52,1387.94,5,-26,127.0,no
A9971,2023-01-01,Scale,Logistics,17,6021.47,3,-65,750.8,no
A9972,2023-12-01,Growth,Retail,47,4604.96,1,46,472.7,no
A9973,2024-02-01,Growth,Retail,18,1943.23,16,12,227.4,no
A9974,2023-03-01,Scale,Fintech,33,12330.82,3,-64,33.4,no
A9975,2024-08-01,Free,Health,15,0.0,14,68,27.0,no
A9976,2023-05-01,Starter,Health,59,1599.92,7,-6,446.0,no
A9977,2024-11-01,Starter,Retail,33,884.08,0,9,174.8,no
A9978,2024-03-01,Starter,Media,42,1221.63,1,16,272.2,no
A9979,2023-10-01,Starter,Education,9,271.33,7,23,318.9,no
A9980,2023-01-01,Growth,Media,41,4370.86,23,59,344.5,no
A9981,2023-04-01,Starter,Fintech,15,420.66,10,-67,409.4,no
A9982,2023-07-01,Growth,Retail,4,414.08,1,30,630.5,no
A9983,2023-03-01,Enterprise,Health,57,68204.17,7,-80,719.8,yes
A9984,2023-05-01,Growth,Logistics,51,5472.73,9,72,752.0,no
A9985,2024-07-01,Scale,Education,19,6776.48,4,10,590.6,no
A9986,2023-11-01,Scale,Fintech,3,943.05,1,65,737.3,no
A9987,2023-05-01,Free,Retail,30,0.0,8,5,456.8,no
A9988,2023-11-01,Enterprise,Logistics,57,73431.71,3,59,111.8,no
A9989,2023-07-01,Scale,Logistics,11,4023.43,15,88,775.1,no
A9990,2023-11-01,Scale,Retail,13,4839.72,21,-91,369.3,no
A9991,2024-02-01,Enterprise,Retail,41,52152.21,21,2,628.0,no
A9992,2023-05-01,Growth,Logistics,32,3423.75,18,94,126.3,no
A9993,2023-11-01,Growth,Retail,51,4609.84,25,16,602.2,no
A9994,2024-06-01,Scale,Health,4,1355.83,3,81,151.7,no
A9995,2024-03-01,Scale,Fintech,11,3955.61,14,56,5.8,no
A9996,2023-01-01,Free,Media,9,0.0,24,-14,664.0,no
A9997,2024-08-01,Scale,Health,8,2587.35,16,-34,816.3,no
A9998,2024-07-01,Enterprise,Education,43,48333.06,13,-2,48.0,no
A9999,2024-07-01,Scale,Logistics,43,14831.83,21,74,390.4,no
A10000,2025-02-01,Growth,Logistics,15,1395.9,24,42,46.6,no
A10001,2024-09-01,Enterprise,Health,17,18891.9,6,-29,768.4,no
A10002,2023-01-01,Enterprise,Logistics,2,2489.06,16,93,431.7,yes
A10003,2023-05-01,Scale,Fintech,38,13939.92,4,-77,863.6,no
A10004,2023-07-01,Growth,Retail,31,3029.47,7,-99,866.4,no
A10005,2024-03-01,Free,Media,13,0.0,21,-11,237.9,no
A10006,2023-10-01,Scale,Media,57,20787.08,16,56,384.0,no
A10007,2023-07-01,Starter,Media,46,1244.44,20,-92,120.6,no
A10008,2024-03-01,Starter,Health,51,1417.08,8,-33,475.1,no
A10009,2023-09-01,Growth,Media,25,2425.04,5,-78,96.9,no
A10010,2025-05-01,Scale,Health,2,652.11,10,-88,455.0,no
A10011,2023-08-01,Growth,Fintech,39,3594.58,3,-17,360.3,no
A10012,2024-08-01,Scale,Fintech,1,318.81,0,93,712.8,no
A10013,2024-09-01,Free,Retail,11,0.0,6,-87,146.3,no
A10014,2023-12-01,Scale,Media,6,2136.88,21,16,294.2,no
A10015,2024-06-01,Growth,Health,44,4665.96,20,42,333.1,no
A10016,2024-01-01,Scale,Fintech,4,1499.45,23,17,515.9,no
A10017,2024-08-01,Enterprise,Media,25,29418.85,23,22,291.7,no
A10018,2023-07-01,Scale,Media,50,18724.15,22,93,316.9,no
A10019,2024-11-01,Starter,Logistics,9,248.79,2,81,768.7,no
A10020,2024-03-01,Free,Education,11,0.0,6,56,627.9,no
A10021,2025-05-01,Scale,Health,12,4285.15,2,-57,871.8,no
A10022,2023-11-01,Enterprise,Media,4,5131.45,23,-55,649.0,no
A10023,2024-08-01,Scale,Education,11,4021.91,2,-10,806.2,no
A10024,2023-09-01,Scale,Education,5,1810.51,19,-59,557.1,yes
A10025,2024-02-01,Growth,Health,42,4554.97,17,-95,849.2,no
A10026,2024-01-01,Free,Education,40,0.0,10,-29,774.3,no
A10027,2024-01-01,Scale,Education,23,8213.37,4,54,610.2,no
A10028,2024-12-01,Enterprise,Education,22,26185.01,9,23,461.2,yes
A10029,2023-03-01,Starter,Fintech,15,412.56,4,17,689.1,no
A10030,2023-10-01,Enterprise,Health,41,44788.01,5,28,37.7,no
A10031,2023-11-01,Scale,Media,48,18184.2,23,88,372.7,no
A10032,2023-09-01,Enterprise,Retail,20,24343.18,7,-66,778.3,no
A10033,2024-03-01,Free,Fintech,13,0.0,16,11,364.6,no
A10034,2023-07-01,Growth,Logistics,57,6190.29,8,-53,890.0,no
A10035,2023-11-01,Scale,Fintech,40,14263.56,17,68,190.5,no
A10036,2023-10-01,Free,Education,51,0.0,2,-96,445.0,no
A10037,2023-06-01,Growth,Media,48,4739.95,2,38,216.6,yes
A10038,2023-11-01,Starter,Fintech,10,293.39,20,14,831.3,no
A10039,2024-08-01,Starter,Media,19,558.75,12,22,213.4,no
A10040,2025-01-01,Scale,Logistics,60,19082.76,11,55,596.5,no
A10041,2024-03-01,Starter,Health,42,1272.28,8,-67,847.1,no
A10042,2023-05-01,Free,Fintech,37,0.0,3,-1,858.0,no
A10043,2023-05-01,Starter,Logistics,3,79.25,20,35,878.3,no
A10044,2025-04-01,Enterprise,Health,51,58098.49,18,30,436.9,no
A10045,2024-01-01,Starter,Media,18,550.32,9,21,449.0,no
A10046,2024-08-01,Growth,Retail,26,2502.09,6,43,484.4,no
A10047,2024-11-01,Scale,Health,15,5205.52,16,36,890.6,no
A10048,2023-08-01,Growth,Media,48,5223.09,19,-31,291.1,no
A10049,2024-08-01,Starter,Education,18,526.78,22,-56,299.4,no
A10050,2023-07-01,Growth,Media,2,193.06,19,7,408.9,no
A10051,2024-07-01,Enterprise,Fintech,56,66471.3,24,49,189.5,no
A10052,2023-04-01,Enterprise,Retail,28,36332.7,15,-77,163.4,no
A10053,2023-11-01,Free,Fintech,35,0.0,18,24,245.3,no
A10054,2024-06-01,Scale,Fintech,9,3147.08,15,-6,218.8,no
A10055,2024-02-01,Growth,Retail,27,2870.82,23,12,593.9,no
A10056,2024-06-01,Starter,Health,6,188.36,19,43,721.8,no
A10057,2023-03-01,Scale,Retail,26,8848.79,10,36,478.7,no
A10058,2025-01-01,Growth,Education,25,2447.49,0,-90,633.4,yes
A10059,2024-12-01,Growth,Logistics,22,2202.54,24,-26,31.3,no
A10060,2023-09-01,Enterprise,Logistics,43,48299.26,19,16,895.5,no
A10061,2023-06-01,Enterprise,Health,49,57412.92,2,-40,466.3,no
A10062,2025-04-01,Free,Education,39,0.0,20,27,819.6,no
A10063,2023-07-01,Enterprise,Education,54,69882.1,10,-85,382.5,no
A10064,2023-07-01,Enterprise,Education,32,35345.42,2,91,236.6,yes
A10065,2024-05-01,Starter,Education,30,881.85,0,-51,246.5,no
A10066,2023-10-01,Starter,Retail,23,634.54,1,41,136.9,no
A10067,2023-01-01,Growth,Fintech,35,3654.17,0,-90,72.9,no
A10068,2024-12-01,Starter,Fintech,30,860.85,25,-46,99.2,no
A10069,2023-06-01,Starter,Education,10,313.59,15,-72,178.4,no
A10070,2024-07-01,Free,Education,40,0.0,7,79,721.6,no
A10071,2023-08-01,Free,Health,40,0.0,11,90,462.6,no
A10072,2024-07-01,Enterprise,Logistics,49,63771.37,18,80,832.2,no
A10073,2024-07-01,Enterprise,Media,31,40744.7,3,-53,319.7,no
A10074,2024-04-01,Scale,Education,26,8438.97,4,-73,765.1,no
A10075,2025-01-01,Free,Media,12,0.0,1,72,534.6,no
A10076,2023-06-01,Enterprise,Logistics,39,46459.46,13,82,102.3,no
A10077,2023-07-01,Growth,Retail,34,3505.77,0,55,79.6,no
A10078,2024-10-01,Growth,Logistics,47,4977.97,20,-30,854.6,no
A10079,2023-04-01,Scale,Health,23,8439.31,19,86,783.8,no
A10080,2024-11-01,Scale,Retail,36,13596.08,22,97,404.4,no
A10081,2023-01-01,Enterprise,Fintech,37,44693.83,6,-93,840.2,no
A10082,2024-04-01,Free,Retail,47,0.0,5,-44,716.7,no
A10083,2023-01-01,Free,Logistics,55,0.0,18,86,4.1,no
A10084,2023-01-01,Free,Education,49,0.0,13,-61,214.6,no
A10085,2023-01-01,Enterprise,Media,35,39134.65,22,-44,584.0,no
A10086,2023-03-01,Free,Fintech,36,0.0,3,96,899.6,no
A10087,2024-02-01,Enterprise,Education,13,15887.83,16,78,503.7,no
A10088,2024-01-01,Starter,Media,19,582.89,20,65,827.3,no
A10089,2023-06-01,Free,Health,55,0.0,15,32,316.1,no
A10090,2025-02-01,Starter,Retail,46,1431.67,20,31,250.9,no
A10091,2023-06-01,Free,Education,26,0.0,3,69,403.7,no
A10092,2024-07-01,Scale,Health,38,14161.18,4,-62,637.8,no
A10093,2023-09-01,Starter,Health,18,539.6,5,61,497.9,no
A10094,2023-05-01,Free,Logistics,24,0.0,15,14,641.2,no
A10095,2025-02-01,Enterprise,Retail,30,35760.99,19,-69,144.5,yes
A10096,2024-03-01,Enterprise,Media,40,45230.46,11,30,282.4,no
A10097,2024-02-01,Free,Media,56,0.0,6,10,43.7,no
A10098,2023-05-01,Enterprise,Media,50,54162.94,5,-99,211.8,yes
A10099,2024-10-01,Starter,Health,50,1517.6,2,-6,831.1,no
A10100,2024-05-01,Enterprise,Media,57,67484.0,3,-7,201.2,no
A10101,2023-09-01,Growth,Education,9,918.68,2,85,157.1,no
A10102,2025-01-01,Starter,Retail,4,112.44,15,33,863.0,no
A10103,2023-08-01,Free,Education,3,0.0,7,51,150.6,no
A10104,2023-04-01,Growth,Education,51,4687.47,22,-95,850.4,no
A10105,2023-04-01,Enterprise,Fintech,57,67941.27,1,21,184.8,no
A10106,2025-04-01,Enterprise,Logistics,55,70005.65,19,36,775.4,no
A10107,2023-03-01,Starter,Retail,35,955.36,12,-83,137.7,no
A10108,2023-12-01,Starter,Retail,57,1590.72,10,-7,86.8,no
A10109,2025-05-01,Free,Health,57,0.0,25,-69,698.7,no
A10110,2023-05-01,Enterprise,Health,41,47568.67,16,-29,859.9,no
A10111,2023-11-01,Starter,Logistics,29,881.72,8,73,571.0,no
A10112,2023-09-01,Growth,Health,29,2644.01,17,-52,682.8,no
A10113,2023-04-01,Enterprise,Fintech,1,1133.48,8,-95,263.8,yes
A10114,2025-05-01,Enterprise,Health,8,9780.36,12,77,886.0,no
A10115,2023-01-01,Enterprise,Retail,42,50146.13,1,50,101.6,yes
A10116,2024-04-01,Enterprise,Education,30,37898.63,10,-17,588.0,no
A10117,2025-05-01,Enterprise,Education,40,51836.27,7,19,869.2,no
A10118,2023-05-01,Growth,Health,20,1942.62,12,53,36.8,no
A10119,2025-04-01,Growth,Retail,9,872.14,12,28,148.8,no
A10120,2023-07-01,Free,Health,27,0.0,25,41,640.4,no
A10121,2025-04-01,Starter,Fintech,23,602.4,15,-33,852.7,no
A10122,2023-01-01,Free,Media,55,0.0,0,70,149.9,no
A10123,2023-07-01,Growth,Health,50,4471.25,23,2,309.0,no
A10124,2023-05-01,Free,Retail,53,0.0,15,10,585.0,no
A10125,2024-11-01,Growth,Fintech,52,5314.79,4,-23,867.3,no
A10126,2023-11-01,Free,Fintech,38,0.0,20,20,245.1,no
A10127,2023-06-01,Scale,Education,60,19400.13,17,34,112.4,no
A10128,2025-02-01,Free,Retail,50,0.0,10,1,486.1,no
A10129,2023-04-01,Scale,Retail,57,21114.38,7,14,492.2,no
A10130,2024-09-01,Growth,Retail,56,5368.13,24,86,202.6,no
A10131,2023-10-01,Starter,Media,33,931.18,14,100,403.4,no
A10132,2024-11-01,Growth,Media,35,3728.3,8,-23,829.3,no
A10133,2023-01-01,Free,Media,4,0.0,13,46,713.8,no
A10134,2023-06-01,Free,Health,19,0.0,12,-54,117.5,no
A10135,2024-08-01,Starter,Health,1,26.41,11,88,104.2,no
A10136,2025-04-01,Enterprise,Health,25,29629.86,19,-3,8.0,no
A10137,2023-01-01,Growth,Retail,6,556.25,18,-92,105.7,no
A10138,2025-04-01,Scale,Logistics,55,17740.81,2,95,226.1,no
A10139,2023-10-01,Growth,Logistics,10,893.4,19,-62,781.8,no
A10140,2024-11-01,Enterprise,Education,4,4359.56,25,-27,335.0,no
A10141,2023-07-01,Free,Health,24,0.0,12,93,764.2,no
A10142,2024-05-01,Growth,Retail,45,4614.06,13,-54,390.6,no
A10143,2025-02-01,Starter,Fintech,37,1163.89,11,-97,869.3,no
A10144,2024-10-01,Free,Health,16,0.0,23,-5,327.4,no
A10145,2023-01-01,Enterprise,Logistics,22,28600.91,25,40,833.6,no
A10146,2024-08-01,Enterprise,Retail,27,33341.24,18,-2,365.7,no
A10147,2023-09-01,Scale,Media,49,18667.43,9,1,397.0,no
A10148,2025-03-01,Growth,Logistics,51,4792.13,23,-77,846.3,no
A10149,2023-01-01,Free,Health,19,0.0,19,-15,234.9,no
A10150,2024-07-01,Starter,Logistics,36,1144.36,22,-96,72.5,no
A10151,2023-09-01,Enterprise,Education,26,28920.73,0,72,7.5,no
A10152,2024-12-01,Free,Education,60,0.0,18,81,756.6,yes
A10153,2024-12-01,Scale,Fintech,21,6899.43,13,8,419.6,no
A10154,2023-08-01,Enterprise,Media,34,43540.57,1,85,191.7,no
A10155,2023-08-01,Enterprise,Retail,12,13060.17,25,84,524.7,no
A10156,2023-05-01,Free,Retail,53,0.0,8,-6,263.7,no
A10157,2024-09-01,Growth,Fintech,15,1563.1,5,-13,604.6,no
A10158,2023-09-01,Scale,Education,6,2143.74,19,90,537.2,no
A10159,2024-11-01,Free,Fintech,17,0.0,22,17,79.7,no
A10160,2024-11-01,Growth,Media,29,2797.65,5,51,750.4,no
A10161,2023-03-01,Free,Logistics,34,0.0,23,-47,131.7,no
A10162,2023-07-01,Scale,Health,24,8481.8,5,-16,173.7,no
A10163,2023-11-01,Scale,Retail,60,21963.96,9,60,85.6,no
A10164,2023-08-01,Free,Logistics,13,0.0,12,-47,767.5,no
A10165,2024-01-01,Growth,Health,1,97.37,17,-67,818.3,no
A10166,2025-01-01,Starter,Fintech,48,1258.78,17,48,212.2,yes
A10167,2024-05-01,Starter,Media,50,1373.19,12,-76,587.1,no
A10168,2023-12-01,Free,Fintech,41,0.0,3,-41,243.1,no
A10169,2025-02-01,Enterprise,Fintech,16,19282.02,21,-4,154.2,no
A10170,2023-04-01,Enterprise,Health,27,31591.41,21,0,824.4,no
A10171,2024-03-01,Free,Media,12,0.0,16,-95,461.0,no
A10172,2024-01-01,Growth,Logistics,5,493.04,10,45,659.4,no
A10173,2023-01-01,Growth,Health,32,2931.4,11,-65,11.2,no
A10174,2024-08-01,Scale,Fintech,2,647.02,16,-83,142.7,no
A10175,2024-12-01,Growth,Education,41,3962.86,13,70,848.1,no
A10176,2024-02-01,Growth,Logistics,39,4235.73,13,66,772.5,yes
A10177,2023-09-01,Starter,Logistics,52,1581.27,25,-76,390.7,no
A10178,2025-01-01,Scale,Logistics,58,22032.69,14,-19,142.9,no
A10179,2024-09-01,Enterprise,Retail,3,3429.75,22,19,593.8,no
A10180,2023-05-01,Scale,Retail,8,2788.12,9,-75,59.3,no
A10181,2023-01-01,Starter,Media,3,89.15,0,-46,413.1,no
A10182,2024-10-01,Enterprise,Health,1,1097.08,7,-99,147.9,no
A10183,2023-12-01,Starter,Education,27,860.54,11,-75,284.2,no
A10184,2025-05-01,Growth,Education,13,1368.13,2,-23,333.3,no
A10185,2023-06-01,Starter,Media,55,1722.23,14,84,102.3,no
A10186,2023-03-01,Scale,Retail,54,19450.27,18,-77,845.7,no
A10187,2024-07-01,Enterprise,Logistics,48,54816.71,21,50,221.3,no
A10188,2025-03-01,Enterprise,Fintech,21,26243.19,19,-32,320.2,no
A10189,2023-01-01,Free,Logistics,2,0.0,23,32,239.7,no
A10190,2024-12-01,Enterprise,Logistics,58,63794.37,24,-74,371.0,no
A10191,2023-01-01,Free,Fintech,41,0.0,16,-91,159.9,no
A10192,2023-01-01,Growth,Fintech,7,708.19,15,-7,284.4,no
A10193,2023-01-01,Scale,Logistics,33,11485.72,9,27,32.6,no
A10194,2024-05-01,Starter,Logistics,57,1793.83,23,-49,170.6,no
A10195,2025-01-01,Scale,Logistics,34,10988.98,6,-19,234.2,no
A10196,2025-01-01,Growth,Media,19,1766.98,23,-93,458.8,no
A10197,2023-03-01,Starter,Education,53,1394.47,10,-57,253.7,no
A10198,2023-08-01,Scale,Retail,32,10552.67,6,89,175.9,no
A10199,2024-04-01,Starter,Fintech,5,153.23,1,-28,752.6,no
A10200,2024-01-01,Growth,Retail,37,3893.68,7,-78,552.7,no
A10201,2024-10-01,Growth,Retail,35,3546.07,20,41,759.5,no
A10202,2023-09-01,Free,Retail,20,0.0,16,9,350.0,no
A10203,2024-11-01,Enterprise,Retail,32,41868.14,7,-54,407.0,no
A10204,2024-01-01,Enterprise,Media,29,36710.85,8,83,691.7,no
A10205,2023-10-01,Enterprise,Fintech,57,74276.59,6,70,568.0,no
A10206,2024-05-01,Growth,Media,8,830.55,3,4,131.5,no
A10207,2023-03-01,Starter,Health,21,611.44,18,75,569.6,yes
A10208,2024-07-01,Scale,Media,47,17184.47,19,33,645.3,no
A10209,2023-08-01,Scale,Logistics,20,7431.8,15,40,446.9,no
A10210,2024-04-01,Growth,Media,31,3015.05,4,48,106.5,no
A10211,2024-12-01,Scale,Media,54,20619.59,4,84,187.6,no
A10212,2025-04-01,Scale,Media,30,10583.33,13,-16,264.2,no
A10213,2023-07-01,Growth,Fintech,6,633.98,2,-14,561.7,no
A10214,2024-11-01,Growth,Media,19,1806.67,21,-58,167.8,no
A10215,2023-10-01,Enterprise,Logistics,41,48190.54,9,-72,689.5,yes
A10216,2024-06-01,Free,Health,37,0.0,4,27,215.7,no
A10217,2024-05-01,Enterprise,Retail,17,21523.53,24,-91,835.3,no
A10218,2024-11-01,Starter,Education,46,1311.57,24,-21,120.8,no
A10219,2023-05-01,Growth,Logistics,28,2732.29,22,-8,173.0,no
A10220,2025-03-01,Starter,Health,53,1566.71,15,10,396.5,no
A10221,2023-03-01,Free,Health,60,0.0,0,-96,853.4,no
A10222,2023-11-01,Free,Education,43,0.0,22,73,256.0,no
A10223,2023-01-01,Starter,Health,20,584.96,9,-100,781.9,no
A10224,2023-01-01,Free,Media,56,0.0,14,-16,111.9,no
A10225,2024-04-01,Scale,Logistics,26,8414.15,4,-77,170.9,no
A10226,2024-10-01,Enterprise,Health,14,16106.14,10,-23,464.8,no
A10227,2025-01-01,Starter,Media,7,193.52,16,79,195.1,yes
A10228,2023-06-01,Enterprise,Media,17,21138.33,21,83,879.0,no
A10229,2023-01-01,Starter,Fintech,56,1611.84,5,1,590.6,no
A10230,2023-03-01,Free,Health,1,0.0,4,-37,305.4,no
A10231,2023-11-01,Free,Education,8,0.0,14,-29,4.9,no
A10232,2023-05-01,Enterprise,Education,21,26223.38,3,57,437.0,no
A10233,2023-11-01,Starter,Education,39,1089.17,25,-2,262.0,yes
A10234,2024-11-01,Scale,Health,13,4436.43,20,-69,751.5,no
A10235,2023-05-01,Free,Fintech,39,0.0,22,-78,330.7,no
A10236,2024-06-01,Enterprise,Retail,39,44256.02,6,20,463.1,no
A10237,2024-10-01,Enterprise,Logistics,40,51158.68,12,-33,275.7,no
A10238,2025-04-01,Scale,Health,46,16448.98,21,11,138.1,no
A10239,2024-01-01,Growth,Fintech,1,90.57,20,55,194.1,no
A10240,2023-07-01,Scale,Media,4,1418.66,4,77,513.2,no
A10241,2023-06-01,Scale,Health,23,7493.18,8,-29,282.6,no
A10242,2024-07-01,Free,Health,49,0.0,22,-96,338.7,no
A10243,2023-03-01,Free,Health,32,0.0,14,18,4.7,no
A10244,2023-11-01,Free,Retail,54,0.0,12,37,234.4,no
A10245,2024-07-01,Enterprise,Media,48,59337.51,12,35,745.7,no
A10246,2025-01-01,Growth,Retail,17,1658.1,17,47,837.4,no
A10247,2023-05-01,Starter,Health,47,1447.81,10,95,237.7,no
A10248,2024-05-01,Starter,Education,18,510.58,25,-32,146.0,no
A10249,2023-06-01,Scale,Logistics,40,13122.5,12,-79,293.4,no
A10250,2023-07-01,Starter,Education,3,80.81,19,-22,708.6,no
A10251,2024-06-01,Free,Media,22,0.0,19,30,346.8,no
A10252,2024-09-01,Free,Media,26,0.0,8,92,672.0,no
A10253,2024-07-01,Enterprise,Retail,11,13293.11,17,7,280.4,no
A10254,2023-10-01,Free,Media,15,0.0,18,27,507.5,no
A10255,2025-04-01,Free,Media,17,0.0,15,-62,410.3,no
A10256,2023-06-01,Free,Logistics,11,0.0,23,-60,561.4,no
A10257,2024-05-01,Growth,Retail,43,3875.03,3,-13,126.1,no
A10258,2024-03-01,Starter,Retail,37,1179.7,25,-15,425.1,no
A10259,2023-04-01,Scale,Education,21,6636.54,20,86,690.4,no
A10260,2023-03-01,Enterprise,Media,9,10422.19,12,55,893.9,no
A10261,2024-03-01,Enterprise,Education,55,64107.49,19,68,451.9,no
A10262,2023-07-01,Free,Logistics,13,0.0,11,60,68.7,no
A10263,2024-03-01,Free,Education,49,0.0,20,-6,329.6,no
A10264,2024-08-01,Starter,Health,30,953.06,19,7,240.2,no
A10265,2024-09-01,Starter,Media,28,882.46,4,-56,157.2,no
A10266,2024-11-01,Free,Fintech,58,0.0,3,-60,411.8,no
A10267,2023-09-01,Starter,Logistics,26,700.06,17,18,374.5,no
A10268,2023-12-01,Scale,Retail,45,14595.01,5,-92,380.2,no
A10269,2024-06-01,Growth,Retail,24,2414.66,11,78,375.6,no
A10270,2024-01-01,Starter,Media,59,1574.93,20,-81,735.7,no
A10271,2024-02-01,Enterprise,Retail,30,36969.48,1,-11,792.7,no
A10272,2024-02-01,Free,Retail,29,0.0,4,34,779.6,no
A10273,2023-08-01,Scale,Fintech,27,10261.54,17,-74,534.4,no
A10274,2023-12-01,Enterprise,Logistics,34,43187.49,16,13,313.0,yes
A10275,2023-01-01,Starter,Fintech,32,851.76,1,-24,402.1,no
A10276,2023-01-01,Starter,Retail,6,168.09,4,-27,619.4,no
A10277,2023-01-01,Starter,Fintech,1,27.87,10,-90,133.1,no
A10278,2023-09-01,Starter,Fintech,7,212.07,5,29,745.9,no
A10279,2024-01-01,Scale,Fintech,46,14994.3,5,85,825.0,no
A10280,2025-04-01,Enterprise,Fintech,46,52082.48,25,94,753.6,no
A10281,2024-04-01,Enterprise,Health,52,64439.1,2,-98,128.5,no
A10282,2024-09-01,Free,Education,49,0.0,23,33,625.8,no
A10283,2024-09-01,Growth,Health,14,1256.31,11,67,167.6,no
A10284,2024-05-01,Scale,Logistics,58,20684.29,2,-54,580.4,no
A10285,2024-10-01,Starter,Fintech,3,83.32,1,-76,286.9,no
A10286,2023-12-01,Starter,Media,29,897.02,20,-79,505.3,yes
A10287,2023-01-01,Scale,Media,15,5585.87,18,6,95.0,no
A10288,2023-01-01,Scale,Health,48,15536.93,0,-23,422.3,no
A10289,2024-08-01,Scale,Logistics,56,19392.05,14,-37,585.1,no
A10290,2025-01-01,Enterprise,Fintech,29,37361.58,14,79,779.2,no
A10291,2024-01-01,Enterprise,Media,42,49971.24,20,-57,843.9,no
A10292,2025-03-01,Enterprise,Fintech,32,35269.08,3,-27,262.1,no
A10293,2023-09-01,Free,Health,46,0.0,0,-88,478.4,no
A10294,2024-02-01,Free,Retail,9,0.0,21,-4,546.9,no
A10295,2023-01-01,Enterprise,Fintech,56,65027.55,13,95,648.0,no
A10296,2024-03-01,Starter,Education,20,630.46,16,-83,180.3,no
A10297,2024-03-01,Growth,Retail,3,299.03,3,93,411.8,no
A10298,2025-01-01,Free,Health,59,0.0,22,-100,827.1,no
A10299,2024-08-01,Free,Media,2,0.0,23,99,686.1,no
A10300,2023-06-01,Starter,Health,51,1476.95,12,87,215.7,no
A10301,2023-01-01,Scale,Retail,27,9643.17,3,18,885.8,no
A10302,2024-12-01,Free,Health,6,0.0,3,-5,710.3,no
A10303,2024-09-01,Enterprise,Fintech,47,58123.32,17,-55,123.8,no
A10304,2024-03-01,Scale,Fintech,34,12953.56,10,47,563.8,no
A10305,2025-01-01,Starter,Education,9,251.32,18,-56,809.0,no
A10306,2023-07-01,Enterprise,Logistics,36,46879.34,12,70,580.9,no
A10307,2024-02-01,Growth,Logistics,8,860.07,19,-31,281.3,no
A10308,2023-01-01,Starter,Logistics,2,62.02,16,83,344.9,no
A10309,2024-10-01,Starter,Health,19,592.92,15,-86,491.1,no
A10310,2023-07-01,Enterprise,Fintech,10,11145.33,10,-39,450.8,no
A10311,2023-03-01,Starter,Fintech,31,928.75,7,62,96.1,no
A10312,2024-07-01,Enterprise,Media,1,1292.68,21,-57,649.4,no
A10313,2023-06-01,Growth,Media,24,2169.34,2,66,726.1,no
A10314,2023-01-01,Growth,Retail,36,3470.83,11,-19,358.9,no
A10315,2025-05-01,Starter,Fintech,20,582.98,22,61,885.0,no
A10316,2023-05-01,Enterprise,Retail,30,33755.97,21,-72,684.2,no
A10317,2023-12-01,Free,Education,38,0.0,9,76,31.8,no
A10318,2024-05-01,Free,Logistics,1,0.0,14,-4,60.0,no
A10319,2023-05-01,Scale,Fintech,4,1496.29,18,-27,491.8,no
A10320,2024-08-01,Enterprise,Health,32,40857.33,6,48,824.1,no
A10321,2025-04-01,Free,Retail,22,0.0,4,-51,196.9,no
A10322,2024-09-01,Enterprise,Media,57,62376.67,10,37,138.3,yes
A10323,2024-06-01,Growth,Media,53,4995.43,6,68,597.3,no
A10324,2023-10-01,Free,Media,12,0.0,16,-56,724.4,no
A10325,2024-03-01,Starter,Fintech,52,1619.34,17,-68,390.4,no
A10326,2023-04-01,Enterprise,Education,47,51378.66,20,14,551.9,no
A10327,2024-06-01,Free,Retail,56,0.0,15,-94,700.8,no
A10328,2024-09-01,Growth,Media,36,3769.23,5,52,365.8,no
A10329,2024-12-01,Enterprise,Health,41,48939.21,13,-79,110.6,no
A10330,2024-10-01,Free,Retail,7,0.0,3,-21,304.1,no
A10331,2024-11-01,Scale,Education,45,15306.03,9,-20,146.3,yes
A10332,2024-04-01,Scale,Logistics,46,15697.6,14,28,91.8,no
A10333,2023-01-01,Enterprise,Health,33,39804.95,4,22,194.8,no
A10334,2023-12-01,Growth,Education,52,5303.26,15,27,417.3,no
A10335,2024-12-01,Free,Health,1,0.0,11,-52,593.8,no
A10336,2023-05-01,Scale,Fintech,37,12868.02,24,0,79.2,no
A10337,2023-05-01,Scale,Health,35,11202.02,16,59,7.0,no
A10338,2023-03-01,Free,Media,49,0.0,23,46,56.0,no
A10339,2024-12-01,Free,Logistics,18,0.0,6,51,712.0,no
A10340,2023-06-01,Growth,Fintech,41,3962.67,25,-51,709.9,no
A10341,2024-04-01,Growth,Media,17,1765.13,19,9,651.7,no
A10342,2023-07-01,Growth,Media,27,2422.44,22,69,824.9,no
A10343,2023-07-01,Growth,Fintech,51,5330.36,20,60,183.0,yes
A10344,2023-10-01,Starter,Education,54,1448.6,20,-14,205.9,no
A10345,2025-03-01,Growth,Health,45,4738.92,16,-46,719.7,yes
A10346,2023-05-01,Scale,Fintech,59,20138.64,20,-82,417.2,no
A10347,2024-08-01,Growth,Health,32,3469.72,3,28,479.4,yes
A10348,2025-01-01,Starter,Retail,10,298.89,17,-63,585.0,no
A10349,2023-10-01,Enterprise,Retail,53,58685.73,13,9,202.2,no
A10350,2024-01-01,Starter,Education,4,120.13,13,-8,164.3,no
A10351,2023-12-01,Starter,Education,13,361.4,7,38,166.6,no
A10352,2023-06-01,Growth,Logistics,17,1557.58,16,-27,803.3,no
A10353,2024-02-01,Enterprise,Education,35,40144.04,20,-79,420.3,no
A10354,2024-07-01,Scale,Media,7,2295.7,20,34,380.0,no
A10355,2024-07-01,Growth,Health,59,5525.47,8,24,15.2,no
A10356,2024-11-01,Growth,Education,24,2441.65,1,13,602.1,no
A10357,2024-09-01,Starter,Health,17,502.29,7,-68,361.1,no
A10358,2024-09-01,Free,Logistics,18,0.0,3,-73,296.5,no
A10359,2023-05-01,Free,Fintech,12,0.0,9,-91,112.1,no
A10360,2024-10-01,Free,Retail,59,0.0,7,-50,418.7,no
A10361,2024-10-01,Enterprise,Health,11,12901.51,0,-53,848.5,no
A10362,2024-08-01,Scale,Media,55,18071.32,18,-23,107.8,no
A10363,2023-04-01,Starter,Logistics,56,1688.85,9,-29,732.6,no
A10364,2023-12-01,Growth,Logistics,27,2882.7,21,38,316.8,no
A10365,2023-05-01,Free,Media,59,0.0,6,-7,817.5,no
A10366,2024-03-01,Starter,Retail,37,990.01,15,-51,582.8,no
A10367,2023-08-01,Scale,Fintech,18,6706.96,9,-56,861.5,no
A10368,2023-04-01,Scale,Health,24,8024.81,15,-89,688.3,no
A10369,2024-11-01,Free,Logistics,22,0.0,24,-91,188.5,no
A10370,2025-01-01,Enterprise,Logistics,9,9850.61,2,-90,560.8,no
A10371,2025-02-01,Starter,Logistics,2,55.07,9,54,475.1,no
A10372,2025-04-01,Starter,Retail,17,458.39,15,-9,670.4,no
A10373,2025-01-01,Growth,Retail,22,2032.79,21,-12,410.8,yes
A10374,2024-02-01,Scale,Media,10,3799.33,8,-39,759.9,no
A10375,2025-01-01,Starter,Retail,46,1388.15,24,-48,203.7,no
A10376,2023-04-01,Enterprise,Health,39,42735.71,12,87,601.8,no
A10377,2025-03-01,Growth,Logistics,56,5043.04,8,14,54.6,no
A10378,2023-01-01,Starter,Fintech,31,987.59,23,-80,18.0,no
A10379,2023-03-01,Starter,Retail,54,1585.29,11,-1,414.1,no
A10380,2024-06-01,Free,Education,59,0.0,21,-92,133.7,no
A10381,2025-02-01,Growth,Health,20,2077.94,1,59,476.6,no
A10382,2025-03-01,Free,Education,17,0.0,18,-91,23.2,no
A10383,2023-01-01,Starter,Logistics,14,399.48,17,-53,442.0,no
A10384,2023-04-01,Growth,Retail,49,4612.64,9,2,118.9,no
A10385,2023-11-01,Enterprise,Logistics,22,23947.11,13,17,29.1,no
A10386,2023-06-01,Scale,Health,20,7094.35,17,26,773.1,no
A10387,2025-05-01,Enterprise,Media,45,54308.63,24,1,80.5,no
A10388,2024-04-01,Enterprise,Logistics,8,10425.54,19,15,55.7,yes
A10389,2024-06-01,Enterprise,Media,6,7334.96,17,-99,220.4,no
A10390,2023-01-01,Free,Fintech,38,0.0,6,-67,770.6,no
A10391,2023-11-01,Scale,Retail,46,16182.0,7,-44,595.4,no
A10392,2025-04-01,Scale,Fintech,6,2095.3,5,31,234.5,no
A10393,2024-04-01,Starter,Media,14,388.36,3,93,403.2,no
A10394,2024-03-01,Enterprise,Media,23,25845.4,3,-91,53.9,no
A10395,2023-12-01,Growth,Retail,13,1192.02,0,-33,464.2,no
A10396,2024-11-01,Starter,Health,32,1000.74,25,65,556.2,no
A10397,2024-01-01,Starter,Retail,11,323.35,5,-60,612.1,no
A10398,2024-06-01,Free,Media,31,0.0,16,56,210.1,no
A10399,2023-12-01,Growth,Health,25,2707.64,10,74,415.7,no
A9000,2024-07-01,Scale,Education,36,12977.53,13,-100,231.4,no
A9001,2023-06-01,Growth,Education,53,5459.45,13,79,508.6,no
A9002,2023-05-01,Growth,Logistics,29,2795.07,24,-70,314.7,no
A9003,2023-12-01,Growth,Fintech,51,5512.19,23,-49,692.5,no
A9004,2024-03-01,Scale,Logistics,20,6962.17,24,8,19.0,no
A9005,2024-08-01,Scale,Media,3,1023.67,13,59,58.7,no
A9006,2023-03-01,Free,Fintech,30,0.0,7,-8,599.6,yes
A9007,2024-04-01,Growth,Media,23,2466.21,22,-39,558.1,no
A9008,2023-07-01,Free,Education,34,0.0,17,67,490.4,yes
A9009,2024-12-01,Growth,Fintech,57,5955.07,9,7,539.0,no
A9010,2025-03-01,Growth,Fintech,17,1673.17,13,12,54.2,no
A9011,2024-09-01,Enterprise,Fintech,26,33354.81,6,80,474.7,no
A9012,2024-01-01,Scale,Media,29,9422.64,22,-49,750.5,no
A9013,2023-10-01,Scale,Fintech,57,19427.09,13,86,454.5,no
A9014,2024-08-01,Enterprise,Health,7,8501.21,9,19,707.9,no
A9015,2025-01-01,Growth,Fintech,16,1434.32,0,-26,16.7,no
A9016,2023-11-01,Growth,Retail,37,3642.08,12,-2,258.6,no
A9017,2023-01-01,Free,Health,38,0.0,22,-2,817.5,no
A9018,2024-04-01,Scale,Retail,13,4328.95,3,-90,429.2,no
A9019,2024-11-01,Starter,Media,45,1243.63,22,-96,456.3,yes
A9020,2025-01-01,Starter,Fintech,52,1629.94,17,48,188.1,no
A9021,2024-11-01,Growth,Retail,35,3270.71,9,90,22.3,no
A9022,2025-05-01,Starter,Logistics,38,1097.45,24,41,381.3,no
A9023,2023-05-01,Growth,Retail,32,3121.75,20,-16,98.8,no
A9024,2024-12-01,Starter,Education,25,690.24,2,-5,277.1,no
A9025,2023-09-01,Free,Media,52,0.0,10,-86,750.0,no
A9026,2024-08-01,Starter,Media,27,815.48,1,-36,353.5,no
A9027,2023-12-01,Scale,Fintech,41,14515.27,16,62,572.5,no
A9028,2025-01-01,Enterprise,Education,53,66414.37,19,57,50.6,no
A9029,2024-01-01,Starter,Logistics,59,1544.04,16,-27,417.6,no
A9030,2025-05-01,Free,Health,25,0.0,8,-49,170.8,no
A9031,2024-03-01,Free,Retail,8,0.0,10,-50,438.4,no
A9032,2023-03-01,Free,Health,53,0.0,22,-47,249.6,no
A9033,2023-01-01,Free,Fintech,48,0.0,6,40,225.9,no
A9034,2025-01-01,Starter,Health,51,1516.8,7,51,637.3,no
A9035,2023-04-01,Free,Media,23,0.0,3,-8,572.3,yes
A9036,2023-11-01,Free,Education,54,0.0,16,-82,13.3,no
A9037,2025-04-01,Growth,Media,38,3690.68,19,95,487.8,no
A9038,2023-12-01,Scale,Fintech,19,6102.81,17,-61,40.2,no
A9039,2025-01-01,Free,Retail,5,0.0,18,67,178.6,no
A9040,2024-01-01,Free,Retail,14,0.0,1,-41,106.0,yes
A9041,2023-05-01,Free,Health,41,0.0,19,80,237.7,no
A9042,2024-05-01,Enterprise,Health,57,75123.44,22,-24,888.5,no
A9043,2023-03-01,Growth,Logistics,58,5450.72,24,-66,64.2,no
A9044,2024-11-01,Growth,Fintech,5,461.64,2,2,812.2,no
A9045,2023-03-01,Growth,Media,41,3861.24,5,-59,849.5,no
A9046,2023-03-01,Scale,Education,14,4832.14,24,95,719.9,no
A9047,2024-01-01,Starter,Health,56,1698.36,3,25,832.1,yes
A9048,2024-02-01,Growth,Fintech,57,5640.62,12,51,557.4,no
A9049,2023-09-01,Enterprise,Fintech,25,32139.11,2,16,736.7,no
A9050,2024-08-01,Starter,Retail,36,1030.3,22,-63,665.6,yes
A9051,2024-10-01,Enterprise,Health,39,43526.89,16,-100,642.3,no
A9052,2023-01-01,Scale,Logistics,14,4925.0,2,29,14.7,yes
A9053,2025-03-01,Starter,Media,50,1491.11,11,-17,646.5,no
A9054,2024-08-01,Growth,Media,50,5129.38,7,-89,258.0,no
A9055,2023-05-01,Scale,Education,32,12050.6,9,-78,860.9,no
A9056,2025-03-01,Enterprise,Education,47,52514.13,20,74,81.4,no
A9057,2024-09-01,Enterprise,Retail,21,22863.9,5,73,569.3,yes
A9058,2024-12-01,Free,Retail,52,0.0,25,62,492.4,no
A9059,2023-07-01,Starter,Retail,13,365.87,8,-11,775.0,no
A9060,2024-09-01,Growth,Logistics,38,3423.96,2,-7,545.3,yes
A9061,2024-11-01,Growth,Media,58,5981.17,9,42,733.5,no
A9062,2023-05-01,Starter,Media,4,105.94,24,34,551.0,yes
A9063,2024-02-01,Free,Media,40,0.0,20,23,565.3,no
A9064,2025-05-01,Free,Media,39,0.0,5,-63,275.5,yes
A9065,2024-12-01,Growth,Logistics,51,5226.73,4,-88,403.4,no
A9066,2024-05-01,Enterprise,Logistics,38,43214.98,2,-71,148.1,no
A9067,2023-05-01,Free,Education,42,0.0,0,-15,355.8,no
A9068,2024-11-01,Growth,Health,13,1340.66,15,88,773.6,no
A9069,2025-03-01,Starter,Logistics,34,888.62,10,12,98.7,no
A9070,2025-02-01,Scale,Media,23,8150.22,3,44,805.5,no
A9071,2024-02-01,Enterprise,Retail,44,50081.66,24,-12,391.3,no
A9072,2023-07-01,Enterprise,Media,35,40801.74,4,-11,712.3,no
A9073,2025-03-01,Starter,Fintech,23,646.83,18,41,39.8,no
A9074,2023-11-01,Enterprise,Fintech,21,27299.16,7,-17,162.6,yes
A9075,2024-02-01,Scale,Fintech,47,16241.78,18,-56,350.6,no
A9076,2023-12-01,Growth,Logistics,33,3238.06,17,-74,695.6,no
A9077,2024-02-01,Growth,Health,56,5157.69,23,39,416.9,no
A9078,2023-12-01,Enterprise,Fintech,10,10803.9,0,-60,139.6,no
A9079,2023-05-01,Growth,Logistics,22,2019.2,23,69,865.8,no
A9080,2024-05-01,Free,Education,16,0.0,7,76,590.7,no
A9081,2024-10-01,Growth,Fintech,6,561.33,9,31,2.7,no
A9082,2023-09-01,Enterprise,Logistics,47,52068.5,15,37,202.0,no
A9083,2024-09-01,Enterprise,Retail,14,15345.49,16,-93,86.3,no
A9084,2023-05-01,Growth,Retail,3,306.7,0,-51,821.1,no
A9085,2025-01-01,Free,Logistics,7,0.0,23,71,701.2,no
A9086,2024-02-01,Enterprise,Education,54,58633.06,20,-92,708.8,no
A9087,2024-03-01,Scale,Logistics,2,714.87,7,35,554.4,no
A9088,2024-04-01,Enterprise,Health,17,18565.97,9,33,214.7,no
A9089,2025-02-01,Scale,Fintech,18,6493.53,2,77,139.1,no
A9090,2025-05-01,Enterprise,Retail,54,67374.35,17,-55,107.9,no
A9091,2024-05-01,Enterprise,Education,48,53513.63,16,-94,608.0,no
A9092,2023-06-01,Free,Health,14,0.0,7,87,453.1,no
A9093,2025-02-01,Free,Retail,53,0.0,17,69,483.9,no
A9094,2023-11-01,Scale,Logistics,13,4211.62,15,51,795.4,no
A9095,2025-02-01,Growth,Education,57,5282.79,17,26,251.1,no
A9096,2024-07-01,Enterprise,Fintech,25,29447.43,12,-71,94.3,no
A9097,2024-03-01,Scale,Education,45,16914.26,14,-17,349.6,no
A9098,2023-05-01,Enterprise,Retail,55,68712.43,6,-38,695.8,no
A9099,2023-06-01,Growth,Fintech,51,4972.12,4,-34,802.7,no
A9100,2023-05-01,Free,Health,52,0.0,18,69,167.7,no
A9101,2024-09-01,Enterprise,Logistics,10,12026.57,4,-84,79.3,no
A9102,2024-02-01,Growth,Fintech,9,904.41,2,-86,682.9,no
A9103,2023-08-01,Enterprise,Fintech,9,10976.34,13,5,228.8,no
A9104,2024-09-01,Free,Logistics,16,0.0,5,-37,652.0,no
A9105,2024-08-01,Scale,Fintech,37,11858.25,14,-34,895.7,no
A9106,2023-01-01,Scale,Health,60,21901.04,14,65,833.6,yes
A9107,2023-04-01,Growth,Health,42,4346.42,14,-49,784.9,no
A9108,2024-08-01,Enterprise,Education,58,75889.68,19,-20,263.7,no
A9109,2024-04-01,Scale,Retail,51,16308.84,25,90,18.2,no
A9110,2024-02-01,Growth,Retail,49,4910.12,6,31,627.2,no
A9111,2025-01-01,Free,Retail,53,0.0,24,65,107.6,no
A9112,2023-08-01,Free,Retail,34,0.0,13,-80,21.9,no
A9113,2025-03-01,Starter,Education,16,435.87,16,-14,289.7,no
A9114,2025-02-01,Starter,Fintech,42,1291.51,1,85,130.1,no
A9115,2024-10-01,Free,Fintech,11,0.0,16,72,185.2,no
A9116,2024-11-01,Scale,Education,33,11805.86,11,-71,81.8,no
A9117,2024-01-01,Growth,Health,11,1116.61,6,79,412.5,no
A9118,2024-05-01,Free,Retail,41,0.0,4,-100,132.0,no
A9119,2024-03-01,Scale,Media,1,337.9,12,-28,231.2,no
A9120,2024-01-01,Free,Fintech,2,0.0,15,-66,278.6,no
A9121,2023-01-01,Enterprise,Fintech,7,8365.88,14,-48,172.0,no
A9122,2024-10-01,Starter,Education,25,653.65,6,14,382.3,no
A9123,2024-05-01,Starter,Health,17,457.37,15,96,270.5,no
A9124,2025-02-01,Growth,Retail,5,540.5,20,93,147.9,no
A9125,2023-01-01,Growth,Logistics,18,1892.14,17,-63,391.2,no
A9126,2024-11-01,Scale,Fintech,41,14633.74,3,-73,399.3,no
A9127,2023-03-01,Enterprise,Retail,41,47808.8,1,65,44.7,no
A9128,2025-01-01,Free,Logistics,1,0.0,22,50,181.9,no
A9129,2024-12-01,Growth,Logistics,21,2215.07,15,-35,84.5,no
A9130,2025-02-01,Growth,Fintech,7,663.18,20,-32,633.9,no
A9131,2024-03-01,Enterprise,Health,37,43455.12,11,9,308.1,no
A9132,2024-12-01,Scale,Retail,4,1530.88,17,-100,124.9,no
A9133,2023-11-01,Growth,Logistics,14,1395.47,13,-70,745.7,no
A9134,2024-05-01,Scale,Health,5,1867.38,17,49,116.6,no
A9135,2023-08-01,Growth,Retail,29,2584.02,7,-29,361.4,no
A9136,2024-07-01,Free,Education,3,0.0,7,-87,364.6,no
A9137,2024-07-01,Scale,Logistics,23,7572.58,1,1,674.8,no
A9138,2024-08-01,Starter,Education,55,1440.86,4,-72,294.2,no
A9139,2023-06-01,Free,Retail,26,0.0,3,-97,188.3,no
A9140,2024-11-01,Growth,Health,3,280.78,16,-28,802.1,no
A9141,2023-12-01,Enterprise,Media,29,32059.95,13,-67,375.7,no
A9142,2024-11-01,Enterprise,Logistics,18,23503.35,6,-57,593.2,yes
A9143,2024-07-01,Starter,Media,43,1266.81,13,-61,307.3,no
A9144,2023-10-01,Free,Fintech,50,0.0,23,35,675.6,no
A9145,2024-12-01,Free,Fintech,46,0.0,23,-3,321.5,no
A9146,2025-04-01,Scale,Fintech,42,15519.75,11,-56,461.1,no
A9147,2025-03-01,Enterprise,Logistics,8,8930.64,16,-33,153.4,no
A9148,2023-10-01,Enterprise,Logistics,59,76276.18,25,-11,126.0,no
A9149,2023-06-01,Enterprise,Fintech,56,60621.78,5,-87,525.3,no
A9150,2025-01-01,Free,Logistics,12,0.0,14,-13,739.1,no
A9151,2023-05-01,Free,Retail,40,0.0,17,54,807.4,no
A9152,2024-03-01,Scale,Media,41,13296.92,5,-93,438.8,no
A9153,2024-07-01,Starter,Media,38,1056.36,3,28,857.0,no
A9154,2023-05-01,Scale,Education,48,15509.38,13,94,11.6,no
A9155,2024-04-01,Starter,Fintech,43,1167.45,6,74,806.6,no
A9156,2025-02-01,Starter,Media,50,1482.72,8,53,876.5,no
A9157,2024-05-01,Enterprise,Education,8,8770.75,19,-3,64.7,no
A9158,2024-10-01,Free,Retail,16,0.0,9,-4,821.3,no
A9159,2024-11-01,Starter,Health,28,747.59,22,-25,858.5,no
A9160,2024-07-01,Growth,Retail,42,4155.5,24,41,839.5,no
A9161,2024-04-01,Starter,Fintech,29,852.37,21,62,557.3,no
A9162,2025-03-01,Scale,Media,44,14663.68,13,50,240.2,no
A9163,2024-08-01,Free,Health,51,0.0,7,2,50.5,no
A9164,2024-05-01,Scale,Education,21,7148.38,20,92,731.5,no
A9165,2023-11-01,Enterprise,Health,7,7938.91,22,-95,341.2,no
A9166,2023-06-01,Growth,Retail,54,5706.79,5,66,82.6,no
A9167,2025-02-01,Growth,Retail,23,2178.12,6,15,394.4,no
A9168,2024-04-01,Scale,Education,30,9866.23,5,64,126.6,no
A9169,2023-06-01,Growth,Retail,6,651.07,4,96,210.8,no
A9170,2024-06-01,Enterprise,Education,22,26120.6,13,-5,543.4,no
A9171,2023-07-01,Free,Logistics,35,0.0,20,-34,747.3,no
A9172,2023-12-01,Growth,Media,57,5909.46,15,-11,227.5,no
A9173,2024-04-01,Enterprise,Retail,2,2582.47,13,-90,29.0,yes
A9174,2024-03-01,Starter,Logistics,37,971.26,14,-18,240.8,no
A9175,2023-10-01,Free,Retail,48,0.0,8,-11,704.2,no
A9176,2023-08-01,Enterprise,Education,35,43869.86,12,-62,644.0,no
A9177,2023-04-01,Growth,Media,2,188.3,20,-77,461.5,no
A9178,2025-01-01,Starter,Retail,10,315.53,16,-63,158.4,no
A9179,2025-03-01,Growth,Health,20,1936.04,0,24,358.5,yes
A9180,2023-12-01,Enterprise,Logistics,52,56379.58,5,-16,504.0,no
A9181,2024-02-01,Scale,Logistics,46,15948.68,8,67,802.2,no
A9182,2023-07-01,Scale,Media,34,12052.42,10,98,860.7,yes
A9183,2023-01-01,Starter,Logistics,17,510.97,11,64,132.2,yes
A9184,2023-01-01,Scale,Fintech,33,12663.04,25,-63,697.0,no
A9185,2023-10-01,Free,Fintech,11,0.0,9,43,436.9,no
A9186,2024-01-01,Starter,Logistics,39,1164.19,8,25,641.8,no
A9187,2023-12-01,Starter,Retail,16,442.9,4,31,95.4,no
A9188,2023-08-01,Enterprise,Health,5,6039.3,5,12,860.3,no
A9189,2023-01-01,Starter,Fintech,18,533.58,14,-97,408.1,no
A9190,2024-02-01,Scale,Logistics,42,15827.26,4,57,342.0,no
A9191,2025-02-01,Scale,Media,52,19283.22,22,-78,658.5,no
A9192,2024-03-01,Free,Logistics,16,0.0,24,-19,73.6,no
A9193,2023-05-01,Scale,Logistics,24,8444.57,24,66,767.7,no
A9194,2024-10-01,Free,Fintech,41,0.0,18,79,655.4,no
A9195,2024-02-01,Free,Logistics,40,0.0,22,21,376.9,no
A9196,2023-06-01,Free,Retail,29,0.0,2,84,43.3,no
A9197,2024-08-01,Scale,Fintech,32,11519.03,0,74,69.4,no
A9198,2024-12-01,Starter,Logistics,44,1392.36,4,-96,9.1,no
A9199,2024-11-01,Growth,Fintech,55,5521.7,24,10,785.7,no
A9200,2023-10-01,Scale,Media,32,11813.4,20,-3,487.3,no
A9201,2023-12-01,Enterprise,Education,50,58867.4,7,-90,813.2,no
A9202,2024-10-01,Scale,Education,37,14114.33,20,15,816.4,no
A9203,2024-05-01,Starter,Fintech,50,1578.25,25,75,505.5,no
A9204,2023-08-01,Growth,Retail,29,3106.49,13,-89,53.1,no
A9205,2023-12-01,Enterprise,Education,45,52972.6,14,48,521.8,no
A9206,2024-06-01,Starter,Retail,37,1148.29,10,22,645.1,no
A9207,2025-03-01,Enterprise,Education,9,11453.94,4,85,868.1,no
A9208,2023-06-01,Free,Logistics,49,0.0,3,-34,442.7,no
A9209,2024-09-01,Growth,Logistics,41,4111.21,15,-92,128.7,no
A9210,2024-09-01,Scale,Health,60,19165.65,24,72,753.8,no
A9211,2024-09-01,Free,Media,48,0.0,22,39,201.5,no
A9212,2024-05-01,Free,Education,34,0.0,8,-77,501.9,no
A9213,2024-05-01,Enterprise,Education,12,14789.68,21,-34,509.4,no
A9214,2023-06-01,Growth,Retail,55,5678.73,3,44,30.4,no
A9215,2024-04-01,Enterprise,Logistics,13,15433.44,0,14,531.4,no
A9216,2023-01-01,Growth,Logistics,15,1553.54,22,-40,245.0,no
A9217,2024-06-01,Growth,Fintech,3,308.34,12,-33,56.0,no
A9218,2024-04-01,Free,Health,54,0.0,20,89,596.6,no
A9219,2025-02-01,Enterprise,Media,46,49821.5,14,43,185.3,no
A9220,2023-05-01,Scale,Media,56,21150.37,11,-9,672.1,no
A9221,2024-10-01,Starter,Health,36,1144.18,8,-59,621.9,yes
A9222,2024-04-01,Free,Education,1,0.0,10,-5,857.5,no
A9223,2024-08-01,Free,Fintech,14,0.0,1,-90,868.7,no
A9224,2023-07-01,Free,Media,34,0.0,20,69,176.2,no
A9225,2025-04-01,Growth,Education,38,3791.29,5,22,545.8,yes
A9226,2024-03-01,Starter,Media,49,1391.22,9,-63,852.8,no
A9227,2024-05-01,Scale,Education,7,2524.14,12,-53,751.1,no
A9228,2023-09-01,Starter,Logistics,42,1168.3,7,-15,5.6,no
A9229,2024-04-01,Starter,Media,12,351.07,21,45,555.1,yes
A9230,2024-12-01,Growth,Education,10,962.88,5,-99,664.6,no
A9231,2024-09-01,Free,Retail,51,0.0,19,-92,565.3,no
A9232,2024-11-01,Enterprise,Fintech,29,31458.15,24,86,890.3,no
A9233,2023-01-01,Free,Logistics,28,0.0,12,67,392.8,no
A9234,2025-02-01,Starter,Education,4,120.61,12,-12,284.1,no
A9235,2025-04-01,Enterprise,Education,46,58066.69,25,57,859.0,no
A9236,2023-01-01,Free,Health,56,0.0,21,41,324.1,no
A9237,2023-05-01,Starter,Fintech,33,888.62,24,35,271.4,no
A9238,2023-12-01,Scale,Media,9,2960.9,2,87,631.4,no
A9239,2023-04-01,Growth,Health,13,1178.77,2,19,401.6,no
A9240,2025-03-01,Enterprise,Logistics,52,60179.04,2,67,244.6,no
A9241,2025-05-01,Enterprise,Fintech,37,40110.6,2,2,643.9,no
A9242,2023-01-01,Scale,Retail,3,945.04,23,-84,214.4,no
A9243,2025-05-01,Starter,Logistics,8,221.24,0,30,95.8,no
A9244,2024-10-01,Scale,Health,19,6916.12,15,90,431.7,no
A9245,2024-06-01,Growth,Media,30,3078.53,24,82,142.2,no
A9246,2025-02-01,Enterprise,Education,5,5784.18,24,-5,445.1,no
A9247,2024-11-01,Free,Fintech,3,0.0,17,31,71.7,no
A9248,2023-08-01,Free,Media,36,0.0,15,98,747.0,no
A9249,2024-07-01,Scale,Fintech,41,13896.88,21,-73,511.9,no
A9250,2025-04-01,Free,Health,58,0.0,13,29,320.2,no
A9251,2025-01-01,Enterprise,Retail,4,4837.68,11,-84,34.7,no
A9252,2024-02-01,Enterprise,Logistics,36,43995.6,14,-22,115.1,yes
A9253,2023-12-01,Growth,Media,4,373.16,8,26,149.0,no
A9254,2024-11-01,Starter,Retail,48,1303.5,15,100,357.6,yes
A9255,2024-10-01,Scale,Media,23,7415.71,1,65,306.6,no
A9256,2025-04-01,Growth,Retail,12,1233.84,18,87,360.3,no
A9257,2024-03-01,Scale,Media,52,19739.46,2,50,766.0,no
A9258,2025-02-01,Growth,Fintech,12,1213.66,1,55,481.3,no
A9259,2023-11-01,Starter,Logistics,16,508.72,4,-46,301.9,no
A9260,2025-04-01,Free,Retail,14,0.0,9,84,290.6,no
A9261,2024-04-01,Free,Education,43,0.0,1,49,120.7,no
A9262,2024-06-01,Free,Logistics,10,0.0,21,-94,226.1,no
A9263,2024-12-01,Starter,Education,59,1761.68,15,-80,244.8,yes
A9264,2023-12-01,Starter,Fintech,13,360.13,13,38,636.4,no
A9265,2023-11-01,Starter,Logistics,17,520.11,0,-91,318.9,no
A9266,2023-08-01,Enterprise,Education,60,75003.28,24,-16,22.8,no
A9267,2023-06-01,Starter,Education,4,107.08,25,-24,781.8,no
A9268,2025-03-01,Starter,Education,34,929.73,24,-2,799.3,no
A9269,2024-04-01,Enterprise,Media,14,15921.31,19,-63,333.5,no
A9270,2025-03-01,Scale,Education,43,14522.49,4,-98,252.4,no
A9271,2024-05-01,Starter,Education,42,1200.57,20,-94,37.6,no
A9272,2023-06-01,Starter,Health,20,598.55,5,-11,39.5,no
A9273,2023-03-01,Free,Fintech,13,0.0,4,69,558.6,no
A9274,2024-01-01,Starter,Retail,45,1197.0,2,74,95.5,no
A9275,2023-06-01,Growth,Logistics,18,1850.54,8,88,320.6,no
A9276,2025-01-01,Enterprise,Media,14,17333.36,19,59,896.8,no
A9277,2023-10-01,Free,Media,13,0.0,15,-67,700.9,yes
A9278,2023-12-01,Starter,Health,22,697.11,13,-46,399.5,no
A9279,2023-05-01,Growth,Media,21,2097.67,8,32,373.6,no
A9280,2023-08-01,Starter,Health,12,378.12,11,5,888.0,no
A9281,2023-12-01,Scale,Logistics,33,10673.46,16,55,876.4,no
A9282,2023-09-01,Growth,Logistics,13,1331.58,24,30,812.1,no
A9283,2024-10-01,Enterprise,Fintech,22,23825.62,7,59,290.8,no
A9284,2023-12-01,Free,Logistics,40,0.0,25,-74,329.5,no
A9285,2024-06-01,Enterprise,Fintech,49,57122.33,18,48,689.2,no
A9286,2024-07-01,Starter,Media,27,803.9,0,-43,706.0,no
A9287,2023-05-01,Free,Health,46,0.0,16,64,427.5,no
A9288,2023-05-01,Scale,Education,10,3411.88,8,-40,813.9,no
A9289,2024-11-01,Scale,Retail,3,1143.27,23,-15,560.7,no
A9290,2023-05-01,Growth,Logistics,25,2590.81,8,-54,195.9,no
A9291,2023-10-01,Free,Media,15,0.0,23,67,250.0,no
A9292,2024-03-01,Scale,Health,3,1079.32,18,44,246.2,no
A9293,2024-05-01,Free,Retail,5,0.0,21,-54,213.3,no
A9294,2024-02-01,Scale,Logistics,19,6403.27,2,77,103.4,no
A9295,2023-01-01,Enterprise,Education,15,17394.51,0,-47,586.3,no
A9296,2023-05-01,Growth,Media,2,206.8,8,-49,660.5,no
A9297,2023-07-01,Growth,Retail,23,2470.38,3,25,145.5,no
A9298,2024-04-01,Enterprise,Media,28,32767.71,3,-88,140.6,no
A9299,2024-09-01,Free,Logistics,19,0.0,2,-60,315.1,no
A9300,2025-05-01,Free,Media,53,0.0,7,62,888.5,no
A9301,2024-08-01,Growth,Education,25,2532.96,0,-83,22.9,no
A9302,2023-05-01,Free,Fintech,20,0.0,17,59,207.0,no
A9303,2024-09-01,Scale,Media,27,9478.59,5,40,805.8,no
A9304,2023-07-01,Starter,Media,38,1055.45,8,86,117.4,no
A9305,2023-06-01,Free,Fintech,16,0.0,1,-33,748.0,no
A9306,2023-04-01,Starter,Logistics,29,846.0,21,-86,162.8,no
A9307,2024-07-01,Starter,Health,42,1130.45,23,-13,571.9,no
A9308,2023-01-01,Free,Logistics,42,0.0,15,25,322.5,no
A9309,2023-11-01,Enterprise,Logistics,13,15975.6,6,49,562.6,yes
A9310,2023-01-01,Enterprise,Retail,56,67997.31,4,69,275.1,no
A9311,2025-05-01,Scale,Health,9,3286.12,9,-79,699.8,no
A9312,2023-03-01,Free,Media,26,0.0,1,64,242.5,no
A9313,2023-01-01,Enterprise,Fintech,40,47814.86,19,-45,725.6,no
A9314,2024-03-01,Growth,Media,34,3060.26,16,-1,200.2,no
A9315,2024-07-01,Free,Health,1,0.0,11,-40,886.5,no
A9316,2024-01-01,Scale,Retail,18,6006.32,20,62,729.0,no
A9317,2023-09-01,Growth,Logistics,39,3750.46,4,13,49.9,no
A9318,2023-03-01,Free,Retail,51,0.0,20,-52,845.3,no
A9319,2023-05-01,Enterprise,Education,11,12524.07,2,-10,231.9,no
A9320,2023-08-01,Free,Health,24,0.0,9,-55,163.6,no
A9321,2024-02-01,Enterprise,Media,41,53934.96,1,-45,762.3,no
A9322,2024-08-01,Scale,Media,36,11560.87,14,-42,583.0,no
A9323,2024-04-01,Growth,Retail,41,3862.0,14,94,591.5,no
A9324,2024-06-01,Starter,Logistics,54,1559.39,15,7,95.5,yes
A9325,2024-09-01,Starter,Fintech,37,1041.14,0,-30,233.8,no
A9326,2025-05-01,Starter,Retail,25,760.7,2,18,541.5,no
A9327,2023-11-01,Growth,Education,59,5898.38,4,-92,194.8,no
A9328,2024-01-01,Free,Media,57,0.0,20,-73,692.4,yes
A9329,2025-01-01,Scale,Media,51,16908.84,24,-33,700.9,no
A9330,2023-08-01,Scale,Retail,45,16504.92,24,-11,0.5,no
A9331,2024-09-01,Starter,Education,25,791.89,8,58,275.9,no
A9332,2023-05-01,Scale,Media,24,8413.74,14,44,9.7,no
A9333,2025-04-01,Enterprise,Health,36,44508.07,25,72,337.8,no
A9334,2023-03-01,Enterprise,Education,27,30160.06,25,52,482.4,yes
A9335,2024-11-01,Starter,Fintech,31,841.97,6,-71,820.5,no
A9336,2023-07-01,Enterprise,Retail,47,54022.55,0,67,378.1,no
A9337,2025-01-01,Starter,Education,11,309.36,14,62,627.3,no
A9338,2025-03-01,Starter,Media,30,817.28,9,52,680.5,no
A9339,2025-03-01,Scale,Education,57,17918.73,5,-90,690.3,no
A9340,2023-05-01,Free,Fintech,25,0.0,25,-49,264.2,no
A9341,2024-02-01,Starter,Retail,40,1201.96,24,73,12.2,yes
A9342,2025-04-01,Starter,Education,56,1657.96,20,-89,459.6,no
A9343,2025-05-01,Starter,Health,9,266.9,12,77,703.2,no
A9344,2023-04-01,Scale,Media,40,14426.85,17,-84,777.5,no
A9345,2023-01-01,Free,Education,33,0.0,24,93,566.8,no
A9346,2023-09-01,Scale,Fintech,16,5803.86,15,59,667.4,yes
A9347,2024-05-01,Growth,Education,51,5513.52,14,-73,835.9,no
A9348,2023-10-01,Enterprise,Media,23,28793.98,17,-23,299.8,no
A9349,2024-01-01,Scale,Media,17,6158.5,15,16,150.7,no
A9350,2024-05-01,Enterprise,Fintech,41,48114.08,20,-17,640.4,no
A9351,2023-09-01,Starter,Retail,14,434.04,21,-100,248.2,no
A9352,2024-09-01,Growth,Fintech,4,403.28,21,97,58.6,no
A9353,2024-10-01,Enterprise,Fintech,51,65583.4,5,17,806.6,no
A9354,2024-12-01,Scale,Fintech,36,13269.99,21,97,243.9,no
A9355,2023-05-01,Starter,Education,34,889.58,25,22,746.2,no
A9356,2024-05-01,Enterprise,Health,55,60502.7,20,58,188.1,no
A9357,2024-07-01,Scale,Fintech,5,1639.36,18,44,748.8,no
A9358,2023-04-01,Free,Education,40,0.0,6,14,545.9,yes
A9359,2024-08-01,Starter,Education,17,519.66,22,42,4.2,no
A9360,2024-02-01,Growth,Retail,4,361.69,6,64,170.1,no
A9361,2023-10-01,Enterprise,Education,56,69599.78,12,62,648.0,no
A9362,2025-02-01,Enterprise,Health,12,13380.24,16,93,439.8,no
A9363,2023-01-01,Scale,Health,27,9036.85,22,33,411.5,no
A9364,2024-01-01,Enterprise,Health,2,2174.85,11,49,653.8,yes
A9365,2023-11-01,Starter,Health,10,284.48,23,-29,867.1,no
A9366,2024-07-01,Scale,Logistics,10,3776.86,5,51,348.1,no
A9367,2023-08-01,Growth,Health,41,3988.92,11,6,228.1,yes
A9368,2023-05-01,Starter,Retail,30,853.92,25,-35,171.5,no
A9369,2024-06-01,Free,Logistics,60,0.0,12,-68,137.2,no
A9370,2023-10-01,Enterprise,Health,50,55204.94,14,-60,582.4,no
A9371,2024-12-01,Free,Fintech,14,0.0,19,29,301.8,no
A9372,2024-05-01,Growth,Logistics,9,818.85,18,-87,308.2,no
A9373,2025-04-01,Scale,Logistics,11,3842.12,24,31,659.7,no
A9374,2024-12-01,Starter,Logistics,37,979.62,9,58,654.4,no
A9375,2025-02-01,Growth,Education,20,1982.72,8,11,107.1,no
A9376,2025-04-01,Enterprise,Logistics,43,54098.89,5,67,66.7,no
A9377,2023-05-01,Growth,Health,44,4541.7,15,4,523.5,no
A9378,2023-05-01,Scale,Retail,35,11861.53,2,4,147.2,no
A9379,2025-01-01,Starter,Media,50,1380.66,22,-46,717.7,no
A9380,2025-04-01,Growth,Health,21,1921.15,12,-20,187.9,no
A9381,2023-05-01,Growth,Media,5,536.67,5,-68,361.0,no
A9382,2023-09-01,Enterprise,Logistics,6,6552.41,7,20,584.9,no
A9383,2024-12-01,Starter,Retail,16,491.88,23,58,469.2,no
A9384,2024-12-01,Scale,Fintech,18,6096.55,4,-96,825.2,no
A9385,2024-03-01,Growth,Fintech,54,4940.4,6,-60,478.1,no
A9386,2024-12-01,Scale,Logistics,25,9002.63,0,-77,863.8,no
A9387,2023-05-01,Free,Health,48,0.0,10,-95,643.9,no
A9388,2023-11-01,Scale,Fintech,24,9031.46,23,-8,541.2,yes
A9389,2023-08-01,Growth,Health,29,2946.91,23,-50,583.3,no
A9390,2023-05-01,Growth,Fintech,28,2653.05,12,46,714.9,no
A9391,2024-03-01,Starter,Retail,34,1002.34,9,-90,707.5,no
A9392,2025-01-01,Free,Logistics,10,0.0,3,26,72.2,no
A9393,2023-10-01,Growth,Logistics,35,3359.2,17,-51,790.0,no
A9394,2023-06-01,Growth,Health,56,5093.96,20,0,822.4,yes
A9395,2024-09-01,Free,Media,1,0.0,25,-26,328.3,yes
A9396,2024-12-01,Scale,Fintech,26,8882.69,21,68,532.3,no
A9397,2024-12-01,Enterprise,Logistics,4,5108.35,19,-28,488.2,no
A9398,2023-11-01,Starter,Logistics,6,172.23,18,50,221.9,no
A9399,2023-06-01,Growth,Retail,28,2980.44,14,-3,752.4,no
A9400,2023-05-01,Free,Education,7,0.0,16,-83,274.6,no
A9401,2023-08-01,Starter,Fintech,24,646.61,16,61,35.3,no
A9402,2023-05-01,Growth,Education,3,283.56,18,-58,602.1,no
A9403,2023-04-01,Starter,Fintech,32,1003.55,6,0,853.2,no
A9404,2023-07-01,Growth,Health,28,2749.65,25,98,452.2,no
A9405,2023-01-01,Scale,Logistics,3,1131.3,14,-68,253.6,no
A9406,2024-01-01,Enterprise,Media,28,36132.23,11,85,234.1,no
A9407,2024-03-01,Enterprise,Education,54,59646.38,22,-90,434.9,no
A9408,2023-05-01,Growth,Education,50,5209.54,21,-44,232.5,no
A9409,2024-07-01,Growth,Fintech,17,1640.1,16,-77,638.2,no
A9410,2023-06-01,Starter,Media,44,1328.65,2,-14,414.7,no
A9411,2024-03-01,Enterprise,Health,14,17188.58,14,-41,457.2,no
A9412,2025-03-01,Free,Education,58,0.0,6,40,254.6,no
A9413,2024-02-01,Growth,Education,46,4697.35,1,71,364.0,no
A9414,2024-11-01,Enterprise,Health,38,45478.71,1,-69,626.7,no
A9415,2024-01-01,Free,Logistics,36,0.0,13,-52,31.9,no
A9416,2025-03-01,Scale,Health,60,20566.35,11,7,386.1,no
A9417,2023-05-01,Free,Media,28,0.0,1,32,594.1,no
A9418,2024-11-01,Growth,Retail,42,3761.93,20,-47,868.7,no
A9419,2023-03-01,Scale,Retail,14,4464.03,12,-79,873.0,no
A9420,2025-03-01,Growth,Retail,15,1373.52,21,71,293.3,no
A9421,2025-01-01,Free,Media,35,0.0,25,-82,525.8,no
A9422,2023-01-01,Enterprise,Media,53,58718.58,20,39,518.4,no
A9423,2023-03-01,Scale,Media,15,5668.53,10,-12,837.3,no
A9424,2025-05-01,Enterprise,Education,14,16118.47,24,43,642.6,no
A9425,2024-03-01,Scale,Retail,36,11523.05,20,3,878.5,no
A9426,2023-03-01,Growth,Health,56,5772.25,19,-35,565.5,no
A9427,2024-07-01,Free,Fintech,1,0.0,7,-29,781.1,no
A9428,2024-03-01,Starter,Retail,8,215.98,22,-7,226.7,no
A9429,2023-12-01,Scale,Education,34,11632.03,15,-95,279.3,no
A9430,2024-01-01,Free,Fintech,34,0.0,16,-58,419.4,no
A9431,2025-02-01,Enterprise,Retail,43,47133.91,13,24,484.0,no
A9432,2025-01-01,Free,Media,36,0.0,11,-50,672.7,no
A9433,2023-08-01,Free,Retail,16,0.0,5,16,519.8,no
A9434,2023-01-01,Scale,Health,59,20586.75,9,35,823.4,no
A9435,2025-02-01,Scale,Health,48,16068.39,0,-8,781.8,no
A9436,2024-05-01,Growth,Fintech,41,4057.22,3,89,785.3,no
A9437,2023-09-01,Growth,Fintech,19,1774.23,9,7,295.4,no
A9438,2024-12-01,Growth,Retail,21,2128.69,22,-51,104.9,no
A9439,2023-10-01,Enterprise,Media,57,68042.85,13,60,155.7,no
A9440,2024-12-01,Enterprise,Education,45,48752.51,5,-63,25.1,no
A9441,2024-06-01,Growth,Fintech,52,5534.9,14,-82,673.2,no
A9442,2023-10-01,Enterprise,Logistics,40,49033.35,9,11,32.0,no
A9443,2024-04-01,Growth,Education,29,3000.31,2,-42,272.2,no
A9444,2024-06-01,Free,Health,43,0.0,2,49,125.5,yes
A9445,2023-05-01,Scale,Education,37,12542.18,13,-13,784.2,no
A9446,2024-09-01,Enterprise,Health,29,36471.53,6,81,779.1,no
A9447,2025-04-01,Free,Education,52,0.0,1,-93,776.3,no
A9448,2023-12-01,Growth,Media,53,5068.2,5,-86,679.5,no
A9449,2023-01-01,Starter,Health,13,413.88,14,-86,592.4,no
A9450,2023-03-01,Scale,Logistics,59,22041.12,17,-84,575.5,no
A9451,2025-05-01,Enterprise,Media,30,38513.09,1,17,494.1,no
A9452,2023-09-01,Scale,Media,56,18344.94,18,20,827.9,no
A9453,2023-12-01,Growth,Education,29,3137.99,11,-26,58.3,no
A9454,2025-04-01,Starter,Fintech,51,1526.6,6,-48,412.0,no
A9455,2023-05-01,Starter,Media,50,1406.07,15,47,165.9,no
A9456,2024-01-01,Enterprise,Retail,22,25355.13,13,31,13.0,no
A9457,2023-08-01,Growth,Logistics,15,1556.55,16,22,656.4,yes
A9458,2023-12-01,Scale,Fintech,29,9130.85,15,96,826.2,no
A9459,2025-03-01,Scale,Education,15,4822.4,11,-76,521.0,no
A9460,2023-03-01,Free,Media,21,0.0,1,59,592.3,no
A9461,2024-04-01,Free,Media,25,0.0,18,-40,482.5,no
A9462,2024-01-01,Starter,Retail,12,333.34,21,-35,140.6,no
A9463,2025-02-01,Free,Retail,56,0.0,17,-77,814.9,no
A9464,2023-11-01,Starter,Health,3,92.26,3,-57,371.8,no
A9465,2023-01-01,Free,Education,25,0.0,19,98,304.0,no
A9466,2023-08-01,Growth,Logistics,15,1526.55,2,-31,881.8,no
A9467,2023-07-01,Growth,Health,2,186.07,6,-2,83.4,no
A9468,2023-05-01,Starter,Retail,30,892.6,10,23,632.4,no
A9469,2024-04-01,Starter,Health,36,1059.77,19,12,514.0,no
A9470,2023-07-01,Starter,Fintech,51,1416.34,18,76,96.7,no
A9471,2024-12-01,Growth,Fintech,21,2192.14,3,-40,777.4,no
A9472,2024-09-01,Enterprise,Fintech,26,28368.73,17,25,738.1,no
A9473,2024-12-01,Scale,Health,7,2376.04,17,-42,329.4,no
A9474,2024-09-01,Scale,Fintech,39,14742.81,18,-20,39.1,no
A9475,2023-03-01,Enterprise,Logistics,38,44249.47,19,-96,278.4,no
A9476,2023-08-01,Scale,Health,28,8855.2,13,-87,738.5,no
A9477,2023-01-01,Enterprise,Media,58,74486.69,13,-1,275.4,no
A9478,2024-10-01,Scale,Education,45,17150.22,19,97,314.8,no
A9479,2023-04-01,Starter,Health,30,899.3,23,-8,118.1,no
A9480,2023-12-01,Enterprise,Retail,2,2611.5,19,-26,17.0,no
A9481,2023-12-01,Starter,Retail,7,195.3,0,-92,594.0,no
A9482,2024-06-01,Free,Retail,39,0.0,20,-8,875.6,no
A9483,2023-09-01,Starter,Education,20,535.99,7,61,420.7,no
A9484,2023-01-01,Free,Retail,9,0.0,12,-90,77.4,yes
A9485,2024-05-01,Enterprise,Health,11,12323.46,21,82,52.7,no
A9486,2023-01-01,Enterprise,Retail,15,16584.92,14,-8,727.0,no
A9487,2024-01-01,Scale,Health,15,5094.6,3,28,319.4,no
A9488,2024-07-01,Free,Logistics,43,0.0,4,22,130.3,no
A9489,2024-08-01,Growth,Logistics,3,282.9,14,-95,440.4,no
A9490,2023-10-01,Scale,Retail,29,9857.41,24,-31,584.9,no
A9491,2025-04-01,Starter,Retail,56,1716.75,3,42,458.0,no
A9492,2025-05-01,Starter,Media,43,1358.2,5,31,688.9,no
A9493,2023-01-01,Enterprise,Education,18,20875.57,22,14,663.2,no
A9494,2023-01-01,Enterprise,Media,60,70418.32,24,-82,318.4,no
A9495,2023-04-01,Growth,Fintech,20,1850.71,17,77,552.1,no
A9496,2025-05-01,Starter,Logistics,60,1743.81,16,61,373.3,yes
A9497,2024-06-01,Scale,Fintech,17,5417.66,5,18,383.6,no
A9498,2024-10-01,Growth,Media,58,5646.14,9,30,648.6,no
A9499,2023-08-01,Growth,Education,22,2279.82,23,-79,450.4,no
A9500,2023-05-01,Scale,Logistics,59,21152.78,14,-48,690.2,no
A9501,2023-01-01,Starter,Education,40,1238.14,20,9,520.2,no
A9502,2023-10-01,Starter,Education,21,548.56,1,96,814.2,no
A9503,2023-10-01,Enterprise,Fintech,43,47858.93,20,72,813.2,no
A9504,2025-05-01,Growth,Logistics,11,1107.83,7,70,303.0,no
A9505,2023-05-01,Scale,Fintech,30,11121.0,6,85,884.3,no
A9506,2023-07-01,Growth,Health,13,1280.6,10,-100,643.0,yes
A9507,2024-07-01,Enterprise,Media,17,21553.58,22,-81,812.0,no
A9508,2024-01-01,Growth,Fintech,3,320.96,20,-50,835.7,no
A9509,2023-11-01,Starter,Education,27,740.15,1,60,747.0,no
A9510,2024-06-01,Growth,Logistics,35,3570.54,10,-14,888.1,no
A9511,2024-04-01,Scale,Health,14,4798.53,7,-74,844.9,no
A9512,2024-04-01,Free,Media,3,0.0,16,-79,588.9,no
A9513,2023-08-01,Enterprise,Media,28,36061.07,16,87,723.1,no
A9514,2023-06-01,Enterprise,Fintech,53,57547.1,10,61,513.6,no
A9515,2023-01-01,Enterprise,Education,38,49751.13,5,79,672.1,no
A9516,2023-07-01,Growth,Media,4,365.51,6,-83,786.4,no
A9517,2024-07-01,Free,Education,30,0.0,14,48,108.4,no
A9518,2025-03-01,Starter,Health,11,308.08,7,-32,690.1,no
A9519,2024-03-01,Growth,Education,43,4091.41,6,36,120.2,no
A9520,2023-01-01,Enterprise,Fintech,4,5151.91,10,-33,610.7,no
A9521,2023-05-01,Free,Media,25,0.0,5,88,624.2,no
A9522,2025-05-01,Enterprise,Logistics,55,60723.22,23,-69,616.7,no
A9523,2024-12-01,Growth,Logistics,18,1786.77,10,-15,243.3,no
A9524,2024-12-01,Free,Media,27,0.0,19,37,636.7,no
A9525,2023-11-01,Growth,Health,2,184.26,6,17,107.4,no
A9526,2023-05-01,Free,Media,52,0.0,8,-53,682.3,no
A9527,2023-05-01,Enterprise,Fintech,28,36535.77,17,-57,91.3,no
A9528,2023-01-01,Enterprise,Retail,22,28303.67,20,-33,469.2,no
A9529,2025-05-01,Enterprise,Logistics,55,66872.56,5,28,691.5,yes
A9530,2024-04-01,Growth,Media,34,3276.0,8,24,32.0,no
A9531,2024-02-01,Free,Health,46,0.0,20,20,375.0,no
A9532,2023-05-01,Enterprise,Media,35,41692.75,2,30,365.5,no
A9533,2023-01-01,Free,Logistics,19,0.0,17,40,872.7,no
A9534,2024-03-01,Scale,Health,24,8181.69,7,15,440.6,no
A9535,2023-08-01,Free,Health,37,0.0,4,10,640.5,no
A9536,2024-06-01,Free,Retail,26,0.0,3,31,254.6,no
A9537,2024-09-01,Enterprise,Education,17,22291.52,1,-39,368.6,no
A9538,2023-01-01,Scale,Fintech,39,14466.1,25,-77,236.6,no
A9539,2023-01-01,Starter,Logistics,57,1581.14,19,17,30.5,no
A9540,2023-06-01,Starter,Health,52,1599.16,5,-14,500.3,no
A9541,2023-01-01,Enterprise,Education,37,43161.72,15,27,697.2,no
A9542,2024-11-01,Starter,Education,55,1607.67,19,-62,102.4,no
A9543,2023-03-01,Free,Fintech,32,0.0,7,-27,891.6,no
A9544,2023-04-01,Scale,Retail,36,13790.87,8,-98,552.9,no
A9545,2024-06-01,Free,Retail,26,0.0,13,39,552.4,no
A9546,2024-01-01,Scale,Health,4,1532.97,19,-40,24.4,no
A9547,2023-01-01,Scale,Media,19,6339.84,20,33,234.4,no
A9548,2024-05-01,Growth,Retail,4,421.75,25,-43,131.6,no
A9549,2024-08-01,Free,Fintech,26,0.0,6,0,832.7,no
A9550,2025-03-01,Free,Health,1,0.0,3,-38,176.5,no
A9551,2024-11-01,Growth,Health,42,4334.38,1,90,12.4,no
A9552,2024-11-01,Free,Health,33,0.0,24,18,645.4,no
A9553,2023-05-01,Free,Education,2,0.0,6,60,668.8,no
A9554,2024-02-01,Growth,Fintech,29,2748.88,2,-65,93.3,no
A9555,2024-07-01,Growth,Logistics,51,5326.22,23,-84,37.7,no
A9556,2024-03-01,Free,Logistics,51,0.0,19,50,185.2,no
A9557,2025-02-01,Growth,Health,44,4315.87,6,52,221.7,yes
A9558,2024-01-01,Enterprise,Health,2,2586.27,23,59,139.6,no
A9559,2023-05-01,Free,Logistics,42,0.0,17,-65,513.0,no
A9560,2024-06-01,Free,Retail,49,0.0,2,-60,100.5,no
A9561,2024-04-01,Growth,Education,30,3095.37,8,-60,885.0,no
A9562,2024-03-01,Enterprise,Retail,11,13042.96,20,12,25.1,no
A9563,2024-11-01,Enterprise,Education,42,51910.91,0,73,786.1,no
A9564,2024-09-01,Enterprise,Retail,46,55227.69,18,84,239.3,no
A9565,2023-08-01,Starter,Media,44,1178.62,6,-42,467.6,no
A9566,2024-07-01,Scale,Logistics,50,17511.49,23,-97,583.1,no
A9567,2025-05-01,Free,Education,32,0.0,10,29,525.6,yes
A9568,2024-11-01,Enterprise,Media,43,51593.42,11,5,27.8,no
A9569,2023-04-01,Growth,Retail,48,4757.12,12,26,498.8,no
A9570,2024-12-01,Starter,Health,51,1367.61,5,-65,799.3,no
A9571,2023-12-01,Starter,Retail,40,1107.16,5,-31,853.3,no
A9572,2025-03-01,Enterprise,Fintech,20,23384.28,13,-100,371.2,no
A9573,2025-04-01,Starter,Fintech,59,1775.32,7,26,420.7,no
A9574,2023-03-01,Free,Media,29,0.0,25,-78,98.2,no
A9575,2024-07-01,Starter,Health,6,177.55,8,-15,450.3,yes
A9576,2023-10-01,Growth,Media,32,2906.88,7,-90,401.2,no
A9577,2024-07-01,Growth,Logistics,60,5704.87,18,-13,156.4,no
A9578,2024-02-01,Enterprise,Logistics,48,59402.37,14,-93,546.2,no
A9579,2023-05-01,Enterprise,Retail,7,7768.47,16,-93,713.2,no
A9580,2025-04-01,Scale,Media,4,1533.96,23,83,304.5,no
A9581,2023-09-01,Enterprise,Logistics,8,10090.19,16,83,369.2,no
A9582,2024-05-01,Growth,Education,19,1715.73,22,-38,78.2,no
A9583,2024-09-01,Free,Logistics,30,0.0,12,20,133.9,no
A9584,2024-04-01,Growth,Fintech,22,2169.13,1,-38,857.4,no
A9585,2025-01-01,Enterprise,Health,23,27187.84,7,-46,754.3,no
A9586,2025-04-01,Free,Education,6,0.0,12,-32,295.8,no
A9587,2025-05-01,Enterprise,Health,10,12167.94,3,-69,174.1,no
A9588,2024-07-01,Growth,Education,2,190.52,7,51,11.2,no
A9589,2023-09-01,Scale,Retail,25,8986.01,23,14,56.3,no
A9590,2024-02-01,Growth,Fintech,51,5272.52,1,68,37.6,no
A9591,2024-08-01,Starter,Health,8,228.6,11,80,722.0,no
A9592,2024-09-01,Enterprise,Media,5,6554.86,7,95,736.8,no
A9593,2024-12-01,Growth,Retail,25,2497.84,19,-68,373.0,no
A9594,2025-01-01,Growth,Education,44,4273.16,22,96,534.7,no
A9595,2023-01-01,Enterprise,Health,41,44360.52,13,6,251.8,no
A9596,2023-04-01,Growth,Media,52,5347.13,19,69,214.5,no
A9597,2024-07-01,Growth,Education,55,5701.42,20,2,301.3,no
A9598,2023-12-01,Starter,Logistics,27,726.96,11,-82,68.3,no
A9599,2023-03-01,Free,Retail,27,0.0,15,-50,889.5,no
A9600,2025-01-01,Scale,Fintech,9,3198.39,1,-94,199.4,no
A9601,2024-04-01,Free,Fintech,37,0.0,15,-64,15.1,no
A9602,2024-04-01,Enterprise,Logistics,24,29220.5,7,31,475.8,no
A9603,2024-10-01,Enterprise,Fintech,33,42545.04,22,-20,567.2,no
A9604,2025-02-01,Scale,Retail,49,17029.76,21,8,433.9,no
A9605,2024-02-01,Free,Health,2,0.0,12,6,748.7,no
A9606,2025-05-01,Growth,Fintech,21,1930.35,14,19,879.9,no
A9607,2023-08-01,Starter,Retail,2,56.96,20,64,131.9,yes
A9608,2025-05-01,Starter,Logistics,20,546.74,9,2,762.1,no
A9609,2024-09-01,Starter,Education,56,1499.11,1,32,738.0,no
A9610,2025-02-01,Enterprise,Retail,27,33588.11,7,-36,431.2,no
A9611,2024-02-01,Enterprise,Fintech,53,57748.46,14,23,715.1,no
A9612,2023-04-01,Free,Retail,52,0.0,11,-42,709.2,no
A9613,2024-03-01,Scale,Logistics,4,1388.32,12,4,47.9,no
A9614,2023-05-01,Scale,Fintech,51,16602.2,17,24,825.6,no
A9615,2023-01-01,Starter,Retail,46,1440.72,9,-93,472.2,no
A9616,2023-04-01,Free,Fintech,48,0.0,23,37,194.3,no
A9617,2025-02-01,Enterprise,Education,11,11888.48,6,-5,274.2,no
A9618,2023-03-01,Free,Education,57,0.0,17,35,628.1,no
A9619,2024-10-01,Starter,Retail,27,720.57,23,-87,492.1,no
A9620,2024-09-01,Free,Health,25,0.0,22,-75,884.2,no
A9621,2025-02-01,Growth,Health,21,1906.7,0,40,336.3,no
A9622,2023-01-01,Starter,Retail,51,1406.35,10,99,862.2,no
A9623,2023-09-01,Enterprise,Logistics,19,21534.04,11,-77,796.7,no
A9624,2023-07-01,Starter,Fintech,13,339.38,19,-22,749.3,no
A9625,2023-06-01,Enterprise,Health,36,42513.3,17,-20,100.9,no
A9626,2023-11-01,Enterprise,Retail,34,40437.85,13,-17,770.9,no
A9627,2024-07-01,Scale,Health,2,734.04,15,51,561.0,no
A9628,2024-09-01,Growth,Logistics,7,657.58,4,-55,520.5,no
A9629,2023-08-01,Starter,Fintech,28,758.68,11,-87,849.8,no
A9630,2025-04-01,Scale,Health,34,12370.53,14,67,479.1,no
A9631,2025-01-01,Starter,Retail,6,156.85,0,36,883.6,no
A9632,2023-04-01,Enterprise,Fintech,5,5968.97,19,-29,660.7,no
A9633,2024-07-01,Free,Education,7,0.0,13,-85,299.9,yes
A9634,2024-10-01,Enterprise,Logistics,12,13088.01,19,-99,699.2,no
A9635,2025-04-01,Starter,Retail,27,767.05,11,20,537.1,no
A9636,2023-05-01,Scale,Retail,21,7232.41,18,33,643.7,no
A9637,2023-10-01,Growth,Retail,40,3942.99,6,-2,209.2,no
A9638,2023-09-01,Growth,Fintech,43,4531.11,8,60,72.6,no
A9639,2024-11-01,Enterprise,Fintech,27,31145.65,19,5,591.6,no
A9640,2025-04-01,Free,Education,38,0.0,18,-68,885.5,no
A9641,2024-08-01,Growth,Health,36,3732.82,1,-33,710.4,no
A9642,2025-03-01,Free,Health,53,0.0,17,-55,47.2,no
A9643,2023-05-01,Growth,Media,35,3389.39,19,-5,831.5,no
A9644,2023-08-01,Enterprise,Logistics,46,54486.13,3,14,806.8,no
A9645,2023-05-01,Growth,Logistics,26,2743.41,13,8,781.6,no
A9646,2024-02-01,Free,Fintech,27,0.0,12,76,310.2,no
A9647,2024-12-01,Free,Fintech,17,0.0,2,3,41.1,no
A9648,2023-12-01,Enterprise,Logistics,43,48348.3,11,-37,595.8,no
A9649,2023-01-01,Growth,Health,34,3482.32,22,-24,43.2,no
A9650,2023-05-01,Growth,Education,56,5190.75,3,-94,228.6,no
A9651,2024-12-01,Enterprise,Health,11,13680.37,16,-89,225.8,no
A9652,2023-08-01,Scale,Logistics,17,5760.73,13,99,383.9,no
A9653,2025-03-01,Growth,Fintech,35,3372.26,2,78,573.1,no
A9654,2024-06-01,Starter,Logistics,43,1123.06,18,-49,764.0,no
A9655,2023-08-01,Free,Education,28,0.0,13,-94,366.7,no
A9656,2024-12-01,Enterprise,Retail,7,7616.42,20,-37,681.0,no
A9657,2024-02-01,Starter,Health,5,148.65,0,-64,821.6,yes
A9658,2025-05-01,Enterprise,Education,51,56816.27,11,46,137.6,no
A9659,2023-11-01,Enterprise,Health,56,61816.82,1,-38,502.0,no
A9660,2024-08-01,Starter,Retail,59,1829.62,22,-17,835.8,no
A9661,2024-10-01,Growth,Education,26,2508.03,4,34,405.2,no
A9662,2024-08-01,Growth,Retail,25,2231.68,8,70,47.9,no
A9663,2023-05-01,Free,Fintech,54,0.0,12,-36,568.4,no
A9664,2024-04-01,Enterprise,Retail,57,67519.86,0,24,418.0,no
A9665,2025-05-01,Free,Logistics,41,0.0,21,44,821.3,no
A9666,2025-05-01,Enterprise,Fintech,16,17311.11,9,-68,821.5,no
A9667,2023-01-01,Starter,Retail,40,1175.32,12,-92,143.2,no
A9668,2023-11-01,Starter,Media,22,628.31,5,-23,605.2,yes
A9669,2024-07-01,Growth,Retail,44,4383.99,16,19,507.1,no
A9670,2024-05-01,Enterprise,Fintech,43,55857.89,16,-21,513.1,yes
A9671,2025-02-01,Growth,Education,4,405.26,4,-57,261.6,no
A9672,2024-12-01,Enterprise,Media,21,24047.4,14,-80,774.0,no
A9673,2025-03-01,Scale,Logistics,50,16525.13,15,91,299.5,no
A9674,2023-03-01,Enterprise,Health,27,33279.19,3,-30,657.9,no
A9675,2025-05-01,Enterprise,Logistics,32,37709.5,13,-90,885.1,yes
A9676,2024-06-01,Starter,Health,48,1304.59,13,-59,555.2,no
A9677,2023-05-01,Growth,Retail,48,4336.27,22,80,217.2,no
A9678,2024-07-01,Growth,Logistics,24,2143.54,22,-45,599.6,no
A9679,2023-06-01,Free,Fintech,4,0.0,17,46,427.5,no
A9680,2024-10-01,Growth,Health,46,4908.29,7,69,124.8,no
A9681,2025-01-01,Enterprise,Logistics,54,63545.48,12,10,412.2,no
A9682,2024-06-01,Enterprise,Fintech,14,18452.97,12,76,761.8,no
A9683,2023-08-01,Enterprise,Education,33,42647.37,15,-68,15.2,no
A9684,2024-08-01,Scale,Logistics,21,7039.4,25,-18,503.4,no
A9685,2023-01-01,Starter,Fintech,41,1192.16,10,-16,847.2,no
A9686,2024-02-01,Enterprise,Logistics,48,56573.82,25,85,358.3,no
A9687,2024-08-01,Starter,Fintech,10,307.47,21,5,496.4,no
A9688,2024-05-01,Growth,Logistics,34,3073.4,4,3,747.8,no
A9689,2024-08-01,Enterprise,Health,56,68341.69,6,-95,639.0,yes
A9690,2024-04-01,Growth,Education,7,749.15,25,87,257.2,no
A9691,2023-05-01,Scale,Health,48,15110.43,9,-61,684.8,no
A9692,2023-03-01,Free,Health,30,0.0,0,86,818.1,yes
A9693,2024-06-01,Starter,Health,20,580.51,3,25,320.4,no
A9694,2024-03-01,Growth,Education,40,3568.85,9,-67,473.2,no
A9695,2023-11-01,Scale,Fintech,27,9400.36,18,55,845.2,no
A9696,2024-12-01,Growth,Media,23,2261.51,20,13,195.9,no
A9697,2024-10-01,Starter,Logistics,8,233.72,3,-11,483.9,no
A9698,2023-10-01,Growth,Health,29,2677.8,25,27,278.8,no
A9699,2024-01-01,Starter,Health,42,1164.26,12,-23,224.6,no
A9700,2023-12-01,Growth,Logistics,25,2453.46,12,-36,199.3,no
A9701,2025-02-01,Starter,Media,19,551.88,5,-41,550.9,no
A9702,2024-11-01,Scale,Logistics,50,16584.26,22,-57,3.8,no
A9703,2023-12-01,Starter,Health,28,808.05,22,65,726.8,no
A9704,2023-11-01,Free,Retail,4,0.0,18,-17,109.1,no
A9705,2025-05-01,Free,Logistics,52,0.0,7,-89,212.4,no
A9706,2023-09-01,Enterprise,Media,41,51677.97,25,-27,415.3,no
A9707,2024-04-01,Growth,Education,52,4668.19,11,57,866.5,no
A9708,2024-07-01,Free,Retail,58,0.0,17,19,675.9,no
A9709,2023-06-01,Growth,Logistics,48,4356.91,7,96,64.6,no
A9710,2023-11-01,Scale,Education,45,14281.18,15,-83,790.2,no
A9711,2024-11-01,Scale,Education,24,8431.68,4,86,494.2,no
A9712,2024-03-01,Growth,Fintech,26,2823.15,5,81,848.9,no
A9713,2023-11-01,Enterprise,Logistics,29,34212.79,14,-96,120.2,no
A9714,2024-09-01,Starter,Logistics,38,1084.96,21,45,561.2,no
A9715,2023-04-01,Starter,Fintech,9,276.17,18,-2,289.8,no
A9716,2023-01-01,Growth,Retail,9,958.62,7,-13,445.6,no
A9717,2023-09-01,Scale,Media,39,12323.32,14,75,599.6,no
A9718,2023-06-01,Starter,Retail,7,200.12,13,-82,97.0,no
A9719,2024-06-01,Enterprise,Media,1,1198.76,23,91,24.8,yes
A9720,2025-04-01,Enterprise,Logistics,48,63019.61,11,46,347.6,no
A9721,2024-05-01,Free,Health,1,0.0,0,-79,401.6,no
A9722,2024-04-01,Growth,Retail,45,4218.46,0,-11,283.3,no
A9723,2024-09-01,Free,Fintech,6,0.0,14,-32,765.4,no
A9724,2023-01-01,Starter,Media,24,656.22,6,83,157.0,no
A9725,2025-01-01,Free,Retail,9,0.0,23,-37,466.2,no
A9726,2023-06-01,Scale,Education,35,11773.96,6,53,437.8,no
A9727,2023-10-01,Starter,Media,3,88.84,7,13,844.7,no
A9728,2024-05-01,Enterprise,Retail,51,62875.15,17,20,650.4,no
A9729,2023-01-01,Starter,Retail,15,466.0,23,-31,864.7,no
A9730,2024-08-01,Free,Retail,11,0.0,13,48,253.8,no
A9731,2024-10-01,Growth,Retail,4,373.7,0,-11,595.4,no
A9732,2023-10-01,Scale,Education,40,15063.03,2,13,97.3,no
A9733,2024-06-01,Free,Logistics,36,0.0,16,82,268.1,yes
A9734,2023-04-01,Starter,Health,46,1379.69,23,93,229.7,no
A9735,2025-03-01,Free,Media,52,0.0,6,-73,275.1,no
A9736,2023-09-01,Free,Health,38,0.0,7,56,738.3,no
A9737,2023-01-01,Free,Education,34,0.0,1,28,662.0,no
A9738,2023-12-01,Growth,Health,29,2986.07,23,71,715.9,no
A9739,2024-05-01,Free,Health,44,0.0,1,-37,441.5,no
A9740,2025-03-01,Scale,Retail,43,15149.38,14,-73,61.5,no
A9741,2024-09-01,Scale,Education,40,12597.2,21,-100,669.1,no
A9742,2024-02-01,Starter,Logistics,34,982.78,13,81,825.7,no
A9743,2023-05-01,Free,Logistics,52,0.0,15,-38,56.6,no
A9744,2023-04-01,Growth,Health,22,2223.4,22,4,64.4,no
A9745,2025-03-01,Enterprise,Logistics,5,6537.06,19,-55,378.9,no
A9746,2024-08-01,Scale,Retail,12,3855.84,14,-24,454.4,no
A9747,2024-04-01,Enterprise,Health,38,48718.38,4,-78,124.1,no
A9748,2023-01-01,Starter,Logistics,39,1225.81,13,-76,222.2,no
A9749,2025-01-01,Enterprise,Fintech,29,32072.96,6,-55,753.2,no
A9750,2024-09-01,Starter,Education,16,441.91,18,-78,46.5,no
A9751,2024-08-01,Free,Education,27,0.0,4,-87,568.4,no
A9752,2024-07-01,Free,Logistics,33,0.0,8,57,851.8,no
A9753,2023-01-01,Enterprise,Retail,50,54717.41,10,-68,116.1,no
A9754,2023-06-01,Starter,Media,24,672.62,11,-39,466.0,no
A9755,2025-03-01,Starter,Health,57,1799.59,15,-35,238.1,no
A9756,2024-04-01,Enterprise,Media,7,7837.58,16,-67,182.6,no
A9757,2025-04-01,Starter,Logistics,17,452.3,12,69,669.5,no
A9758,2025-01-01,Free,Media,14,0.0,21,-100,612.2,no
A9759,2023-12-01,Enterprise,Media,25,27441.76,21,16,535.7,no
A9760,2023-06-01,Growth,Retail,9,941.64,9,-55,444.1,no
A9761,2023-01-01,Growth,Education,3,288.76,12,71,781.5,no
A9762,2024-09-01,Free,Fintech,25,0.0,10,-46,74.8,no
A9763,2023-04-01,Enterprise,Education,55,71781.21,7,-52,529.1,no
A9764,2023-01-01,Enterprise,Media,3,3582.71,16,16,97.1,no
A9765,2024-01-01,Free,Education,47,0.0,4,-62,622.3,no
A9766,2024-07-01,Growth,Media,60,6436.16,15,76,369.5,no
A9767,2025-03-01,Growth,Retail,40,4279.66,12,25,562.6,yes
A9768,2024-02-01,Starter,Retail,20,614.11,24,-10,809.8,no
A9769,2023-07-01,Free,Health,38,0.0,8,-38,400.0,no
A9770,2023-09-01,Growth,Fintech,15,1436.34,10,-80,75.1,no
A9771,2025-05-01,Enterprise,Media,35,42328.34,8,81,429.1,yes
A9772,2023-04-01,Starter,Retail,9,263.98,15,-56,313.4,no
A9773,2023-03-01,Scale,Education,9,3099.47,11,-39,85.2,no
A9774,2024-08-01,Free,Logistics,26,0.0,20,25,529.3,no
A9775,2024-11-01,Free,Fintech,11,0.0,1,-87,94.2,no
A9776,2024-01-01,Scale,Logistics,16,5247.54,14,-88,236.1,no
A9777,2024-12-01,Scale,Fintech,37,12881.63,6,41,539.3,no
A9778,2023-01-01,Growth,Retail,28,2495.51,9,-1,774.4,no
A9779,2024-03-01,Starter,Retail,40,1162.47,13,5,248.3,no
A9780,2023-08-01,Scale,Education,25,9471.69,9,-62,587.6,no
A9781,2025-02-01,Free,Logistics,32,0.0,15,41,497.4,no
A9782,2023-05-01,Free,Logistics,43,0.0,6,-64,570.7,no
A9783,2023-08-01,Free,Education,36,0.0,14,-21,762.4,no
A9784,2024-05-01,Enterprise,Education,26,28366.33,10,-91,40.5,no
A9785,2024-09-01,Starter,Media,25,672.47,3,53,525.7,no
A9786,2025-02-01,Growth,Logistics,46,4306.72,13,97,778.6,no
A9787,2024-03-01,Scale,Media,33,12354.17,13,13,124.5,no
A9788,2023-09-01,Starter,Media,7,195.97,10,31,117.8,no
A9789,2023-01-01,Scale,Health,56,18213.15,5,22,676.7,no
A9790,2024-03-01,Starter,Education,32,873.0,8,-7,178.7,no
A9791,2023-09-01,Enterprise,Health,15,19771.58,7,15,589.4,no
A9792,2025-02-01,Free,Logistics,59,0.0,15,-58,77.8,no
A9793,2024-12-01,Growth,Media,60,6137.53,21,54,43.7,no
A9794,2024-02-01,Growth,Media,33,3521.14,8,-59,745.3,no
A9795,2023-03-01,Free,Education,14,0.0,15,79,541.4,no
A9796,2023-10-01,Scale,Retail,28,10013.29,15,35,453.9,no
A9797,2025-05-01,Enterprise,Education,42,48660.88,8,-35,634.2,no
A9798,2025-03-01,Growth,Retail,18,1953.14,13,-6,603.6,no
A9799,2024-01-01,Enterprise,Education,36,39849.85,21,-55,171.9,no
A9800,2025-04-01,Scale,Fintech,24,8071.85,5,-57,99.9,no
A9801,2023-12-01,Free,Logistics,9,0.0,14,-14,446.9,no
A9802,2023-03-01,Scale,Health,36,13050.53,22,-83,746.6,no
A9803,2024-11-01,Starter,Logistics,25,696.84,19,72,357.6,no
A9804,2023-08-01,Scale,Logistics,33,11290.44,20,21,346.2,no
A9805,2023-05-01,Scale,Fintech,1,318.37,25,-61,59.5,no
A9806,2023-12-01,Free,Retail,7,0.0,2,40,646.5,no
A9807,2025-01-01,Scale,Logistics,22,7866.71,9,23,258.4,no
A9808,2023-12-01,Scale,Logistics,19,6380.81,17,75,359.5,no
A9809,2024-12-01,Growth,Health,11,993.2,4,87,147.3,no
A9810,2024-11-01,Scale,Education,37,12394.09,20,-28,858.9,no
A9811,2023-07-01,Starter,Retail,36,1117.11,22,52,635.7,no
A9812,2024-05-01,Enterprise,Retail,42,47436.66,18,30,810.8,no
A9813,2025-03-01,Free,Health,60,0.0,3,-28,137.3,no
A9814,2024-07-01,Enterprise,Logistics,36,42672.51,21,-88,485.2,no
A9815,2024-11-01,Starter,Health,6,191.05,0,-24,633.4,no
A9816,2023-05-01,Scale,Logistics,27,8889.51,12,77,674.9,no
A9817,2024-09-01,Scale,Health,4,1353.17,9,74,537.7,no
A9818,2025-03-01,Enterprise,Logistics,45,56461.16,2,-98,344.4,no
A9819,2024-08-01,Scale,Health,43,14072.53,23,89,344.1,yes
A9820,2023-06-01,Enterprise,Retail,17,20820.19,10,-58,676.5,no
A9821,2023-01-01,Enterprise,Media,36,43940.35,2,-58,23.5,no
A9822,2023-06-01,Growth,Health,14,1501.58,12,64,681.6,no
A9823,2025-01-01,Starter,Health,54,1686.04,6,-36,855.3,no
A9824,2024-11-01,Free,Retail,16,0.0,9,46,123.8,no
A9825,2024-04-01,Enterprise,Media,44,52122.48,22,63,420.9,no
A9826,2024-12-01,Growth,Education,19,2001.72,13,70,245.4,no
A9827,2023-05-01,Free,Health,4,0.0,16,64,884.1,no
A9828,2025-02-01,Free,Health,60,0.0,23,40,561.8,yes
A9829,2024-06-01,Growth,Retail,60,6029.78,22,-70,202.7,no
A9830,2025-04-01,Enterprise,Logistics,47,57465.07,23,-55,254.0,no
A9831,2023-05-01,Growth,Logistics,60,6182.17,16,20,182.1,no
A9832,2025-04-01,Free,Media,39,0.0,8,43,283.8,no
A9833,2025-01-01,Scale,Logistics,18,6138.28,14,55,143.7,no
A9834,2023-05-01,Free,Education,47,0.0,7,-87,698.8,no
A9835,2024-02-01,Scale,Fintech,49,18782.88,10,-10,810.8,no
A9836,2023-03-01,Growth,Retail,25,2408.85,22,66,503.7,no
A9837,2024-04-01,Growth,Retail,37,3520.92,4,80,12.8,no
A9838,2024-02-01,Scale,Logistics,13,4806.54,9,-84,534.8,no
A9839,2024-10-01,Growth,Retail,55,5748.25,10,97,464.4,no
A9840,2023-06-01,Free,Fintech,7,0.0,7,-22,816.3,no
A9841,2024-03-01,Scale,Fintech,44,15727.93,5,56,305.0,no
A9842,2023-03-01,Free,Education,28,0.0,23,-97,539.7,no
A9843,2023-05-01,Scale,Health,6,2093.08,5,3,692.0,no
A9844,2024-11-01,Growth,Logistics,2,214.5,15,-9,767.6,no
A9845,2023-05-01,Scale,Health,12,4458.62,10,-50,331.5,no
A9846,2024-09-01,Enterprise,Health,25,31704.0,16,-32,872.3,no
A9847,2023-09-01,Free,Health,23,0.0,23,100,247.7,no
A9848,2024-12-01,Growth,Health,24,2564.47,25,-13,594.7,no
A9849,2023-12-01,Scale,Education,9,3176.66,12,12,841.5,no
A9850,2025-03-01,Scale,Media,35,12846.7,8,-84,454.1,no
A9851,2024-06-01,Growth,Health,52,5401.95,10,4,55.4,no
A9852,2023-01-01,Growth,Logistics,26,2531.03,6,-77,81.3,no
A9853,2023-07-01,Scale,Fintech,10,3760.48,24,-77,807.8,no
A9854,2025-05-01,Growth,Fintech,35,3570.14,14,65,660.4,no
A9855,2023-12-01,Free,Logistics,54,0.0,3,70,94.2,yes
A9856,2023-03-01,Scale,Fintech,37,11760.38,25,60,815.9,no
A9857,2025-02-01,Growth,Education,5,508.55,0,63,832.7,no
A9858,2023-10-01,Starter,Media,3,93.86,20,-30,620.8,no
A9859,2024-01-01,Growth,Health,35,3554.79,17,2,859.5,no
A9860,2024-01-01,Scale,Fintech,35,12704.13,23,64,123.8,no
A9861,2023-08-01,Starter,Media,11,331.24,11,43,651.0,no
A9862,2024-07-01,Enterprise,Media,38,45646.36,22,87,784.1,no
A9863,2023-03-01,Free,Logistics,53,0.0,17,-96,898.0,no
A9864,2025-05-01,Scale,Fintech,21,7065.2,16,67,459.6,no
A9865,2023-06-01,Scale,Health,17,6141.35,20,64,592.7,no
A9866,2025-04-01,Free,Retail,15,0.0,12,-3,140.2,no
A9867,2023-08-01,Growth,Education,12,1099.37,19,44,730.5,no
A9868,2023-04-01,Growth,Health,7,626.24,12,100,197.8,no
A9869,2024-01-01,Scale,Logistics,1,319.69,18,66,711.1,no
A9870,2023-11-01,Enterprise,Fintech,2,2160.39,0,84,687.3,no
A9871,2024-09-01,Free,Health,57,0.0,13,-67,286.5,no
A9872,2025-01-01,Enterprise,Retail,60,69375.9,0,-4,815.2,no
A9873,2023-05-01,Free,Health,5,0.0,7,16,658.2,no
A9874,2023-08-01,Growth,Media,1,92.04,15,-2,633.4,no
A9875,2023-05-01,Free,Health,21,0.0,18,49,722.0,no
A9876,2024-04-01,Starter,Fintech,60,1661.95,17,12,654.0,yes
A9877,2024-11-01,Scale,Logistics,57,20533.58,11,11,357.6,no
A9878,2024-02-01,Enterprise,Logistics,1,1139.01,20,16,403.6,yes
A9879,2025-03-01,Growth,Retail,7,750.74,1,75,673.8,no
A9880,2023-10-01,Scale,Logistics,2,745.48,8,-23,634.6,no
A9881,2025-02-01,Growth,Fintech,1,95.85,16,-83,126.0,no
A9882,2024-07-01,Scale,Logistics,20,6354.49,24,22,48.5,no
A9883,2025-04-01,Growth,Education,3,306.59,2,-21,602.7,no
A9884,2023-05-01,Scale,Logistics,33,11141.0,1,-42,722.7,no
A9885,2023-09-01,Starter,Media,50,1439.64,3,68,556.9,no
A9886,2024-05-01,Free,Education,20,0.0,4,84,824.4,no
A9887,2023-08-01,Scale,Media,4,1432.25,14,98,307.1,no
A9888,2025-02-01,Starter,Retail,7,207.38,5,57,313.4,no
A9889,2023-12-01,Starter,Education,16,430.06,24,62,176.1,no
A9890,2023-01-01,Scale,Fintech,11,3486.45,16,54,793.9,no
A9891,2023-08-01,Starter,Media,38,1131.28,12,-58,610.9,no
A9892,2025-02-01,Free,Health,34,0.0,13,67,601.1,no
A9893,2023-05-01,Free,Media,29,0.0,14,7,221.9,no
A9894,2023-09-01,Enterprise,Education,8,9939.31,2,85,175.4,no
A9895,2024-07-01,Free,Media,36,0.0,13,-63,543.7,no
A9896,2023-06-01,Enterprise,Logistics,46,59817.77,10,13,819.8,no
A9897,2025-01-01,Growth,Media,25,2325.82,12,-72,111.0,no
A9898,2024-06-01,Scale,Health,25,8508.91,16,-28,869.4,no
A9899,2025-01-01,Free,Health,4,0.0,22,91,574.1,no
A9900,2024-06-01,Free,Fintech,8,0.0,20,-93,862.6,no
A9901,2023-07-01,Enterprise,Logistics,16,17841.83,15,42,435.0,no
A9902,2023-05-01,Starter,Retail,53,1553.85,3,50,172.6,yes
A9903,2024-04-01,Starter,Fintech,60,1610.16,18,-34,75.7,no
A9904,2025-03-01,Starter,Education,43,1214.92,9,21,1.0,no
A9905,2023-08-01,Enterprise,Logistics,21,24603.43,18,-75,208.6,no
A9906,2023-06-01,Starter,Health,40,1192.13,20,-96,403.4,no
A9907,2024-05-01,Growth,Education,12,1110.65,5,81,313.7,no
A9908,2024-11-01,Scale,Media,1,345.81,2,-57,565.7,no
A9909,2025-04-01,Enterprise,Logistics,21,24251.85,18,79,656.5,no
A9910,2024-04-01,Starter,Logistics,18,517.91,1,-39,670.9,no
A9911,2024-08-01,Scale,Retail,4,1355.35,12,-78,217.1,no
A9912,2024-12-01,Scale,Education,26,9804.72,22,-59,291.8,no
A9913,2024-04-01,Enterprise,Education,58,74334.73,5,-81,743.3,no
A9914,2024-08-01,Enterprise,Fintech,48,55694.24,7,14,218.8,no
A9915,2023-04-01,Free,Education,52,0.0,1,-49,36.5,no
A9916,2023-05-01,Starter,Logistics,54,1496.46,25,17,223.5,no
A9917,2024-04-01,Growth,Logistics,18,1789.52,20,-57,767.7,no
A9918,2023-01-01,Growth,Retail,14,1388.01,1,-40,313.8,yes
A9919,2025-01-01,Scale,Retail,33,11680.11,1,97,822.2,no
A9920,2024-09-01,Enterprise,Media,34,38242.89,1,16,698.8,no
A9921,2024-12-01,Free,Media,7,0.0,13,65,54.3,no
A9922,2025-04-01,Growth,Logistics,1,107.93,17,-3,508.2,no
A9923,2023-01-01,Enterprise,Health,33,38125.88,19,-41,616.0,no
A9924,2023-06-01,Starter,Media,43,1145.32,7,85,751.7,no
A9925,2025-02-01,Free,Health,38,0.0,0,93,211.4,no
A9926,2023-05-01,Free,Education,53,0.0,6,-77,388.6,no
A9927,2024-05-01,Growth,Education,28,2983.3,5,-79,96.1,no
A9928,2024-12-01,Enterprise,Fintech,32,38550.98,25,-47,860.5,no
A9929,2024-11-01,Starter,Fintech,16,477.72,13,5,261.6,no
A9930,2024-01-01,Free,Logistics,7,0.0,15,34,204.8,no
A9931,2024-05-01,Enterprise,Education,25,27298.24,0,-84,529.0,no
A9932,2023-07-01,Free,Education,58,0.0,2,-19,128.1,no
A9933,2024-04-01,Growth,Health,53,5185.92,5,-93,395.6,no
A9934,2023-06-01,Free,Fintech,2,0.0,14,-63,382.9,no
A9935,2023-07-01,Enterprise,Fintech,51,57104.74,13,79,207.2,no
A9936,2024-11-01,Enterprise,Education,48,54858.37,5,81,334.5,yes
A9937,2024-03-01,Enterprise,Fintech,24,28581.65,14,71,353.9,no
A9938,2025-04-01,Free,Health,18,0.0,7,19,417.1,no
A9939,2024-01-01,Scale,Fintech,56,20819.38,0,57,166.1,no
A9940,2024-01-01,Starter,Education,38,1087.81,6,-6,210.7,no
A9941,2023-04-01,Enterprise,Logistics,30,32809.5,6,-22,71.4,no
A9942,2023-06-01,Free,Fintech,37,0.0,6,52,413.1,no
A9943,2023-04-01,Scale,Retail,34,12154.89,0,42,856.4,no
A9944,2023-05-01,Starter,Retail,34,901.0,5,-83,738.1,yes
A9945,2023-09-01,Growth,Fintech,48,4367.11,14,20,624.0,no
A9946,2023-05-01,Starter,Media,42,1144.15,19,35,322.4,no
A9947,2024-02-01,Starter,Logistics,30,899.28,23,40,394.9,no
A9948,2024-06-01,Growth,Education,23,2428.38,15,-99,146.5,no
A9949,2023-12-01,Scale,Logistics,17,6378.37,10,-92,111.2,no
A9950,2024-07-01,Enterprise,Education,35,37927.61,11,-67,729.7,no
A9951,2025-03-01,Enterprise,Health,29,36303.2,21,-77,859.6,no
A9952,2023-03-01,Growth,Health,1,107.59,20,93,262.9,no
A9953,2025-03-01,Starter,Retail,1,27.69,15,-22,612.5,no
A9954,2025-02-01,Enterprise,Media,22,28476.9,4,-86,821.6,no
A9955,2023-05-01,Free,Fintech,58,0.0,4,-75,883.5,no
A9956,2023-09-01,Free,Logistics,29,0.0,13,52,512.3,no
A9957,2024-02-01,Growth,Health,46,4512.82,25,-75,607.0,no
A9958,2023-11-01,Growth,Fintech,31,2992.79,8,18,205.8,no
A9959,2025-01-01,Starter,Health,30,874.22,19,-12,569.0,no
A9960,2024-04-01,Scale,Media,28,10538.08,15,-4,399.4,no
A9961,2025-05-01,Starter,Education,58,1745.55,17,86,766.1,no
A9962,2025-03-01,Growth,Health,10,929.19,18,-55,829.5,no
A9963,2023-10-01,Enterprise,Health,58,73366.02,21,-10,325.0,no
A9964,2024-02-01,Enterprise,Retail,52,68314.67,17,7,43.2,no
A9965,2024-01-01,Growth,Logistics,52,5054.72,24,-34,837.6,no
A9966,2024-03-01,Enterprise,Education,49,55328.57,25,48,23.0,no
A9967,2024-10-01,Starter,Health,46,1421.15,14,23,267.7,no
A9968,2023-10-01,Growth,Retail,56,5665.69,2,16,73.8,no
A9969,2024-09-01,Scale,Logistics,21,7776.72,16,-42,160.4,no
A9970,2024-11-01,Growth,Education,41,3748.07,18,65,211.2,no
A9971,2023-05-01,Enterprise,Education,37,42885.08,4,33,378.8,no
A9972,2025-03-01,Starter,Health,35,946.86,9,11,359.6,no
A9973,2023-09-01,Starter,Fintech,41,1292.1,4,3,700.4,yes
A9974,2023-11-01,Growth,Media,47,4890.01,2,-58,90.5,yes
A9975,2024-11-01,Free,Health,2,0.0,17,42,766.2,no
A9976,2025-05-01,Starter,Media,32,885.0,14,77,34.8,no
A9977,2023-12-01,Starter,Health,60,1712.29,9,83,123.2,no
A9978,2024-09-01,Growth,Logistics,21,2093.16,3,12,756.6,yes
A9979,2024-06-01,Scale,Fintech,13,4871.16,18,40,658.1,yes
A9980,2023-08-01,Free,Health,22,0.0,22,-52,136.5,no
A9981,2023-11-01,Growth,Fintech,49,5303.96,14,80,334.9,no
A9982,2023-01-01,Growth,Retail,1,92.64,17,30,135.9,no
A9983,2023-06-01,Starter,Media,19,499.32,17,34,302.5,no
A9984,2024-09-01,Scale,Health,2,695.77,7,62,415.4,no
A9985,2025-01-01,Growth,Logistics,30,3145.69,18,23,13.8,no
A9986,2023-05-01,Enterprise,Logistics,11,12908.22,9,11,802.8,yes
A9987,2023-07-01,Starter,Logistics,54,1689.99,7,-80,673.3,no
A9988,2024-02-01,Growth,Health,56,5860.64,1,-66,326.1,no
A9989,2023-12-01,Scale,Retail,43,15999.22,18,-91,11.4,no
A9990,2023-05-01,Enterprise,Health,36,46422.85,22,44,240.1,no
A9991,2024-10-01,Enterprise,Health,44,56839.43,13,-31,57.4,no
A9992,2024-09-01,Free,Retail,7,0.0,6,91,686.2,no
A9993,2023-12-01,Starter,Education,56,1608.64,20,-92,249.9,no
A9994,2025-02-01,Starter,Logistics,43,1312.49,24,-46,412.7,no
A9995,2024-12-01,Scale,Education,58,21998.91,2,-30,218.7,no
A9996,2025-03-01,Growth,Fintech,8,760.96,12,-84,354.1,no
A9997,2024-03-01,Growth,Fintech,28,2541.1,25,100,78.0,no
A9998,2023-10-01,Starter,Media,39,1186.82,22,82,470.1,no
A9999,2024-07-01,Growth,Education,49,4410.79,14,-55,290.3,no
A10000,2023-03-01,Growth,Media,30,3065.35,17,-89,743.1,no
A10001,2024-12-01,Starter,Logistics,12,316.41,15,25,663.8,no
A10002,2024-12-01,Free,Education,21,0.0,5,-91,627.2,no
A10003,2024-02-01,Growth,Education,45,4818.58,20,-1,191.0,no
A10004,2024-03-01,Free,Logistics,17,0.0,17,-1,578.6,no
A10005,2024-05-01,Growth,Retail,21,2247.73,3,-24,395.8,no
A10006,2023-11-01,Scale,Health,15,4992.24,1,-13,601.4,no
A10007,2024-02-01,Enterprise,Media,35,45364.53,15,53,169.8,no
A10008,2023-10-01,Starter,Health,39,1073.03,1,-68,882.8,no
A10009,2024-07-01,Scale,Logistics,33,11580.13,15,-25,506.9,no
A10010,2023-01-01,Free,Education,47,0.0,4,-1,502.3,no
A10011,2023-05-01,Enterprise,Retail,11,12989.33,14,-6,749.3,no
A10012,2023-11-01,Scale,Education,37,12145.02,18,12,699.1,no
A10013,2025-04-01,Scale,Logistics,3,1060.4,7,-74,552.1,no
A10014,2025-03-01,Scale,Education,57,20688.94,7,24,458.4,no
A10015,2023-07-01,Free,Logistics,39,0.0,1,80,878.1,no
A10016,2023-06-01,Starter,Retail,16,454.17,10,-88,689.2,no
A10017,2025-02-01,Scale,Education,5,1689.48,22,-27,645.3,no
A10018,2023-01-01,Starter,Logistics,56,1573.02,22,-36,871.7,no
A10019,2025-03-01,Enterprise,Health,9,9744.07,21,35,609.8,no
A10020,2023-04-01,Enterprise,Media,52,65563.56,15,-88,201.8,no
A10021,2024-11-01,Free,Health,28,0.0,14,-31,479.5,no
A10022,2024-08-01,Growth,Media,43,4331.91,11,41,635.6,no
A10023,2023-08-01,Starter,Retail,51,1475.05,2,47,692.5,no
A10024,2023-05-01,Enterprise,Fintech,51,55090.12,5,17,750.6,no
A10025,2023-11-01,Enterprise,Media,55,60436.79,24,23,782.6,no
A10026,2024-02-01,Free,Fintech,7,0.0,10,21,127.9,no
A10027,2025-01-01,Enterprise,Retail,19,24458.84,15,33,680.7,no
A10028,2023-05-01,Scale,Education,32,11391.06,15,-90,328.0,no
A10029,2024-08-01,Starter,Fintech,28,834.2,16,44,23.8,no
A10030,2023-05-01,Free,Retail,27,0.0,4,31,384.4,no
A10031,2023-04-01,Growth,Media,48,4885.53,2,-97,204.1,no
A10032,2024-08-01,Enterprise,Retail,20,24662.09,3,93,372.4,no
A10033,2024-11-01,Free,Fintech,38,0.0,10,0,446.8,no
A10034,2024-01-01,Free,Media,17,0.0,25,43,251.3,yes
A10035,2023-12-01,Enterprise,Health,15,18344.52,22,80,649.6,no
A10036,2024-06-01,Enterprise,Retail,51,58583.6,22,-99,403.2,no
A10037,2024-07-01,Starter,Health,23,651.88,24,86,784.7,no
A10038,2025-04-01,Free,Health,47,0.0,11,-32,472.6,yes
A10039,2023-05-01,Enterprise,Fintech,4,4955.82,7,-78,92.7,no
A10040,2025-02-01,Scale,Education,34,11054.08,5,3,590.5,yes
A10041,2023-09-01,Enterprise,Logistics,26,32731.02,19,-53,811.1,no
A10042,2023-05-01,Enterprise,Health,13,15648.12,14,-21,831.7,yes
A10043,2024-08-01,Starter,Health,31,858.32,4,-73,705.2,yes
A10044,2023-10-01,Growth,Education,47,4313.15,17,-56,727.3,no
A10045,2023-10-01,Free,Education,54,0.0,19,28,196.7,no
A10046,2023-06-01,Enterprise,Education,10,12704.22,17,6,704.1,no
A10047,2023-09-01,Free,Retail,26,0.0,23,-4,166.8,no
A10048,2023-03-01,Growth,Logistics,45,4163.55,4,-30,319.5,no
A10049,2023-04-01,Enterprise,Fintech,49,56771.42,11,68,486.7,no
A10050,2023-05-01,Enterprise,Retail,33,41395.19,1,0,809.7,no
A10051,2024-07-01,Growth,Logistics,13,1336.95,19,-65,315.6,no
A10052,2024-09-01,Free,Fintech,31,0.0,24,-70,170.9,no
A10053,2023-11-01,Free,Education,18,0.0,13,-79,503.7,no
A10054,2024-12-01,Growth,Education,38,3813.82,14,96,176.4,yes
A10055,2025-03-01,Scale,Health,19,6303.2,1,-60,797.8,no
A10056,2024-04-01,Starter,Retail,27,811.6,12,71,327.9,no
A10057,2025-02-01,Growth,Fintech,28,2911.38,10,-57,109.0,yes
A10058,2023-09-01,Scale,Retail,14,4555.95,13,-24,709.2,no
A10059,2023-05-01,Scale,Health,18,6593.51,21,12,322.4,no
A10060,2023-08-01,Enterprise,Education,48,62109.88,18,77,498.1,no
A10061,2024-03-01,Scale,Education,42,13877.53,0,67,138.5,no
A10062,2024-07-01,Enterprise,Education,29,38058.21,25,4,656.8,no
A10063,2023-12-01,Enterprise,Media,6,7825.71,11,32,812.8,no
A10064,2023-07-01,Growth,Logistics,29,3047.34,0,65,728.5,no
A10065,2025-02-01,Growth,Media,7,717.72,22,-52,842.0,no
A10066,2024-09-01,Starter,Logistics,39,1072.65,5,26,41.0,no
A10067,2023-12-01,Scale,Logistics,20,6817.44,16,67,599.1,no
A10068,2024-09-01,Enterprise,Health,24,28496.92,11,-63,219.4,no
A10069,2024-10-01,Growth,Retail,36,3532.01,14,19,441.9,no
A10070,2023-11-01,Enterprise,Fintech,14,16937.08,0,-64,61.6,no
A10071,2023-05-01,Starter,Media,31,811.0,1,67,217.4,no
A10072,2024-12-01,Growth,Media,40,3827.39,23,-15,186.1,no
A10073,2024-06-01,Free,Logistics,25,0.0,20,33,258.2,no
A10074,2023-03-01,Growth,Media,10,983.62,7,77,477.7,no
A10075,2023-01-01,Growth,Retail,56,5343.79,13,-46,382.1,no
A10076,2025-02-01,Scale,Fintech,58,18250.02,1,80,337.7,no
A10077,2023-05-01,Free,Fintech,35,0.0,25,16,691.5,no
A10078,2023-03-01,Scale,Fintech,14,4558.03,20,-17,361.8,no
A10079,2024-06-01,Growth,Health,59,6351.83,16,17,6.0,yes
A10080,2025-03-01,Scale,Retail,53,17269.43,3,6,283.6,no
A10081,2024-09-01,Enterprise,Retail,32,38114.34,2,-75,46.9,no
A10082,2023-06-01,Growth,Health,23,2476.63,16,70,53.0,no
A10083,2024-10-01,Growth,Logistics,12,1175.04,19,56,671.9,no
A10084,2023-09-01,Enterprise,Health,49,60023.77,2,-52,468.0,no
A10085,2024-11-01,Growth,Education,28,2567.78,7,5,711.4,no
A10086,2023-09-01,Growth,Fintech,40,4319.14,13,2,736.6,no
A10087,2024-08-01,Growth,Education,37,3893.47,17,-56,31.9,no
A10088,2024-07-01,Free,Media,49,0.0,12,55,69.2,no
A10089,2023-07-01,Enterprise,Retail,31,36377.6,13,-67,406.8,no
A10090,2023-10-01,Growth,Media,2,180.11,16,71,186.5,no
A10091,2024-01-01,Scale,Fintech,32,11518.54,15,-82,470.3,no
A10092,2023-11-01,Scale,Retail,59,22301.54,21,71,554.2,no
A10093,2023-05-01,Starter,Education,32,881.02,7,77,869.6,yes
A10094,2024-07-01,Free,Fintech,48,0.0,8,13,310.5,yes
A10095,2023-03-01,Scale,Media,40,13888.84,11,-46,636.2,no
A10096,2023-06-01,Enterprise,Education,30,35223.3,20,-1,145.0,no
A10097,2024-09-01,Enterprise,Logistics,57,62564.12,3,70,27.7,no
A10098,2024-07-01,Growth,Fintech,3,322.13,6,95,890.2,no
A10099,2023-05-01,Scale,Retail,28,8954.68,16,-20,548.5,no
A10100,2023-06-01,Growth,Education,53,5393.37,1,94,366.9,no
A10101,2025-01-01,Starter,Logistics,60,1685.28,5,11,428.6,no
A10102,2024-01-01,Starter,Retail,16,451.35,2,54,482.7,no
A10103,2024-01-01,Free,Fintech,40,0.0,18,90,479.9,no
A10104,2023-01-01,Free,Logistics,34,0.0,18,91,450.7,no
A10105,2024-05-01,Free,Logistics,43,0.0,11,70,175.8,no
A10106,2024-08-01,Scale,Fintech,23,7362.39,24,33,474.6,no
A10107,2024-05-01,Scale,Education,38,13216.09,18,51,136.0,no
A10108,2024-11-01,Enterprise,Education,47,57937.2,25,3,304.0,no
A10109,2024-11-01,Free,Logistics,5,0.0,5,100,382.8,no
A10110,2023-01-01,Enterprise,Fintech,20,22436.81,1,56,185.8,no
A10111,2025-05-01,Growth,Media,2,200.9,12,74,129.9,no
A10112,2024-09-01,Free,Fintech,46,0.0,23,14,308.5,no
A10113,2025-03-01,Scale,Fintech,55,20780.61,10,51,366.5,no
A10114,2025-02-01,Scale,Education,60,20006.96,8,87,211.2,no
A10115,2023-12-01,Growth,Health,14,1270.27,8,1,721.7,no
A10116,2023-01-01,Enterprise,Retail,50,65696.72,19,-9,469.2,no
A10117,2023-01-01,Enterprise,Health,5,6005.94,24,63,709.3,no
A10118,2023-11-01,Starter,Fintech,59,1552.82,2,98,899.9,no
A10119,2024-10-01,Starter,Fintech,32,947.65,8,32,497.4,no
A10120,2024-12-01,Starter,Logistics,16,451.79,4,-66,398.6,no
A10121,2025-04-01,Free,Media,53,0.0,11,-8,857.1,no
A10122,2024-10-01,Scale,Media,5,1744.61,18,-56,824.2,no
A10123,2023-03-01,Starter,Logistics,57,1813.66,10,-38,324.6,no
A10124,2025-03-01,Growth,Education,33,3030.44,3,55,375.3,no
A10125,2023-05-01,Scale,Education,6,2054.04,11,-21,378.9,yes
A10126,2023-01-01,Enterprise,Logistics,52,60778.0,14,8,668.6,no
A10127,2023-03-01,Starter,Fintech,26,817.3,9,-73,341.2,no
A10128,2025-04-01,Growth,Fintech,30,2951.4,14,69,547.6,no
A10129,2024-12-01,Starter,Logistics,20,560.9,14,-25,448.8,yes
A10130,2024-03-01,Growth,Health,15,1586.56,7,62,196.1,no
A10131,2024-11-01,Enterprise,Fintech,60,70946.9,11,-76,267.6,no
A10132,2024-08-01,Scale,Retail,59,21901.62,7,-35,796.7,no
A10133,2023-01-01,Growth,Media,3,288.36,15,31,306.6,no
A10134,2024-04-01,Enterprise,Retail,35,43020.29,2,18,113.6,yes
A10135,2024-05-01,Scale,Fintech,6,2042.49,3,31,144.6,no
A10136,2024-01-01,Free,Retail,22,0.0,19,-32,862.4,no
A10137,2024-08-01,Starter,Education,13,397.34,0,-41,100.1,yes
A10138,2024-05-01,Starter,Logistics,48,1405.8,7,-15,495.3,no
A10139,2025-05-01,Enterprise,Education,37,40763.93,15,3,554.2,no
A10140,2024-01-01,Free,Logistics,59,0.0,5,-26,571.4,no
A10141,2023-08-01,Starter,Media,58,1671.89,22,-18,777.6,no
A10142,2023-10-01,Starter,Education,28,737.84,23,46,329.0,no
A10143,2023-11-01,Free,Education,31,0.0,16,-42,311.3,no
A10144,2024-04-01,Scale,Health,29,10611.47,12,-47,604.0,no
A10145,2023-07-01,Growth,Logistics,52,4968.89,13,63,671.3,no
A10146,2024-02-01,Scale,Fintech,21,7655.78,22,-16,713.0,no
A10147,2023-01-01,Free,Education,16,0.0,11,-79,648.5,no
A10148,2023-01-01,Scale,Logistics,2,650.56,20,76,595.5,no
A10149,2024-09-01,Starter,Education,7,184.98,18,83,15.3,no
A10150,2024-02-01,Scale,Fintech,27,8954.3,15,36,369.9,yes
A10151,2025-04-01,Starter,Health,12,337.07,11,-24,173.9,no
A10152,2024-05-01,Growth,Logistics,36,3735.84,24,35,776.9,no
A10153,2023-01-01,Free,Logistics,12,0.0,13,98,515.4,no
A10154,2024-11-01,Free,Media,2,0.0,4,62,790.3,yes
A10155,2024-01-01,Growth,Health,1,93.01,14,11,642.4,no
A10156,2023-05-01,Starter,Retail,1,28.44,12,19,589.5,yes
A10157,2024-08-01,Free,Media,56,0.0,16,-17,815.5,no
A10158,2024-09-01,Starter,Health,27,846.14,10,-29,851.7,no
A10159,2024-01-01,Starter,Fintech,52,1539.67,24,39,93.2,yes
A10160,2023-04-01,Starter,Logistics,22,615.12,1,-69,407.3,no
A10161,2024-07-01,Enterprise,Retail,32,35881.93,8,93,137.4,yes
A10162,2023-03-01,Growth,Retail,47,4548.47,7,-92,585.6,no
A10163,2024-08-01,Free,Health,20,0.0,3,-58,443.0,no
A10164,2025-05-01,Free,Health,21,0.0,12,-9,52.5,no
A10165,2023-11-01,Enterprise,Logistics,50,64703.88,13,-46,893.5,no
A10166,2023-12-01,Starter,Health,33,898.52,22,-37,867.3,no
A10167,2023-11-01,Starter,Logistics,2,57.56,25,-4,689.3,no
A10168,2023-12-01,Starter,Health,39,1049.81,6,-33,871.9,no
A10169,2023-01-01,Scale,Education,50,16003.62,5,-46,893.7,no
A10170,2023-05-01,Enterprise,Health,1,1286.01,9,95,626.6,no
A10171,2024-06-01,Starter,Logistics,50,1412.33,22,-52,881.4,no
A10172,2025-05-01,Growth,Retail,60,5918.62,11,95,45.5,no
A10173,2023-01-01,Free,Media,44,0.0,23,-20,355.1,no
A10174,2023-07-01,Growth,Retail,30,2714.1,18,-35,7.9,yes
A10175,2023-03-01,Starter,Health,22,649.14,6,26,539.5,no
A10176,2023-09-01,Scale,Retail,4,1364.7,21,21,163.6,yes
A10177,2024-06-01,Free,Logistics,38,0.0,13,67,277.8,no
A10178,2025-01-01,Growth,Education,7,653.96,13,-86,557.9,yes
A10179,2024-12-01,Scale,Education,27,8597.0,14,79,157.1,no
A10180,2023-05-01,Growth,Retail,20,2039.25,16,73,537.4,no
A10181,2023-07-01,Free,Logistics,27,0.0,10,-28,806.7,no
A10182,2023-12-01,Enterprise,Media,12,15733.54,17,-63,882.1,no
A10183,2024-09-01,Scale,Health,2,722.63,2,-73,715.6,yes
A10184,2025-05-01,Free,Logistics,37,0.0,25,79,461.4,no
A10185,2024-08-01,Growth,Media,40,3863.45,13,83,542.4,no
A10186,2023-04-01,Free,Logistics,58,0.0,18,79,133.5,no
A10187,2024-11-01,Scale,Education,6,2120.84,19,28,121.4,no
A10188,2023-03-01,Growth,Fintech,26,2658.3,0,-36,458.7,no
A10189,2023-06-01,Scale,Logistics,12,4112.34,11,-28,181.8,no
A10190,2024-04-01,Growth,Education,43,4267.34,8,-6,890.8,no
A10191,2023-11-01,Free,Education,43,0.0,6,-56,230.9,yes
A10192,2023-11-01,Starter,Retail,1,28.62,21,-88,156.3,yes
A10193,2023-03-01,Free,Fintech,20,0.0,0,-52,627.7,no
A10194,2024-02-01,Starter,Logistics,31,935.06,21,-68,98.0,no
A10195,2024-08-01,Scale,Logistics,6,2122.25,15,86,207.7,no
A10196,2024-04-01,Scale,Retail,17,6059.65,15,62,502.5,no
A10197,2023-10-01,Enterprise,Health,37,40693.6,17,41,288.3,no
A10198,2025-05-01,Free,Fintech,9,0.0,10,80,610.0,no
A10199,2024-12-01,Scale,Retail,44,13953.8,14,33,45.5,yes
