order_id,order_date,customer_id,customer_name,customer_region,customer_city,supplier_id,supplier_name,supplier_region,product_id,product_name,product_category,product_subcategory,quantity,unit_price,discount_percent,revenue,cost,profit,order_status,payment_method,sales_channel,delivery_days,rating
ORD-00001,2025-07-20,CUST-0017,Beta Group 17,East,Kolkata,SUP-014,Zenith Solutions 14,Central,PROD-0057,Labels Model 1,Packaging,Labels,73,739.03,6.94,50205.12,47349.3,2855.82,completed,Credit Card,Online,8,4.4
ORD-00002,2024-07-21,CUST-0171,Gamma Enterprises 171,South,Hyderabad,SUP-011,Apex Solutions 11,South,PROD-0073,Last Mile Model 1,Logistics Services,Last Mile,1,2780.7,1.58,2736.76,1625.92,1110.84,completed,Net-30,Direct Sales,8,3.8
ORD-00003,2025-12-13,CUST-0057,Alpha Group 57,East,Bhubaneswar,SUP-002,Apex Trading 2,East,PROD-0017,Sensors Model 1,Electronics,Sensors,1,1995.42,5.1,1893.65,1213.26,680.39,completed,Net-30,Online,7,4.3
ORD-00004,2025-06-27,CUST-0232,Beta Ltd 232,East,Kolkata,SUP-047,Apex Trading 47,East,PROD-0006,Conveyors Model 2,Industrial Equipment,Conveyors,3,4910.6,16.69,0.0,9709.84,-1941.97,cancelled,Credit Card,Online,,
ORD-00005,2025-05-31,CUST-0165,Beta Group 165,North,Lucknow,SUP-005,Summit Solutions 5,North,PROD-0017,Sensors Model 1,Electronics,Sensors,5,2054.16,20.59,8156.04,6100.86,2055.18,completed,Letter of Credit,Direct Sales,10,4.7
ORD-00006,2023-11-09,CUST-0221,Beta Pvt Ltd 221,South,Hyderabad,SUP-016,Nova Manufacturing 16,South,PROD-0053,Films Model 1,Packaging,Films,7,1430.94,11.33,8881.7,7886.89,994.81,completed,Credit Card,Online,5,3.4
ORD-00007,2024-08-12,CUST-0222,Gamma Corp 222,East,Bhubaneswar,SUP-057,Summit Solutions 57,East,PROD-0048,Alloys Model 4,Raw Materials,Alloys,16,529.65,13.74,7310.02,5530.81,1779.21,completed,Wire Transfer,Direct Sales,4,3.7
ORD-00008,2023-02-23,CUST-0247,Foxtrot Group 247,East,Patna,SUP-007,Zenith Industries 7,East,PROD-0045,Alloys Model 1,Raw Materials,Alloys,3,4384.58,13.69,11352.99,10249.44,1103.55,completed,Credit Card,Direct Sales,3,3.5
ORD-00009,2025-12-22,CUST-0140,Alpha Group 140,North,Lucknow,SUP-020,Apex Manufacturing 20,North,PROD-0044,Chemicals Model 4,Raw Materials,Chemicals,3,3928.75,0.0,11786.25,8295.34,3490.91,completed,Net-30,Partner,7,4.8
ORD-00010,2025-09-21,CUST-0167,Alpha Enterprises 167,East,Kolkata,SUP-037,Prime Supplies 37,East,PROD-0077,Cold Chain Model 1,Logistics Services,Cold Chain,6,2312.95,0.54,13802.76,10896.68,2906.08,completed,Letter of Credit,Online,4,3.6
ORD-00011,2024-02-23,CUST-0177,Echo Ltd 177,East,Kolkata,SUP-022,Prime Solutions 22,East,PROD-0076,Last Mile Model 4,Logistics Services,Last Mile,3,3561.24,0.0,10683.72,8511.4,2172.32,completed,Net-30,Partner,6,4.6
ORD-00012,2024-12-26,CUST-0168,Delta Ltd 168,West,Pune,SUP-038,Summit Trading 38,West,PROD-0056,Films Model 4,Packaging,Films,1,593.75,0.0,593.75,506.45,87.3,completed,Credit Card,Marketplace,12,
ORD-00013,2025-07-31,CUST-0040,Alpha Ltd 40,North,Jaipur,SUP-037,Prime Supplies 37,East,PROD-0055,Films Model 3,Packaging,Films,2,3642.02,10.34,6530.87,4958.84,1572.03,pending,Net-30,Online,,
ORD-00014,2023-12-11,CUST-0224,Echo Pvt Ltd 224,Central,Indore,SUP-016,Nova Manufacturing 16,South,PROD-0056,Films Model 4,Packaging,Films,2,693.03,0.0,1386.06,1130.35,255.71,pending,Credit Card,Online,,
ORD-00015,2025-10-08,CUST-0272,Delta Corp 272,East,Guwahati,SUP-027,Orbit Trading 27,East,PROD-0045,Alloys Model 1,Raw Materials,Alloys,2,4242.48,0.0,848.5,6043.94,-360.29,cancelled,UPI,Marketplace,,
ORD-00016,2024-07-16,CUST-0290,Beta Enterprises 290,North,Lucknow,SUP-040,Orbit Supplies 40,North,PROD-0042,Chemicals Model 2,Raw Materials,Chemicals,9,3154.46,0.0,28390.14,21668.12,6722.02,completed,UPI,Marketplace,4,
ORD-00017,2025-07-10,CUST-0020,Foxtrot Enterprises 20,North,Chandigarh,SUP-025,Orbit Industries 25,North,PROD-0010,Compressors Model 2,Industrial Equipment,Compressors,4,3224.02,0.0,1289.61,10966.71,-903.73,cancelled,Letter of Credit,Direct Sales,,
ORD-00018,2023-12-20,CUST-0165,Beta Group 165,North,Lucknow,SUP-033,Nova Industries 33,West,PROD-0020,Sensors Model 4,Electronics,Sensors,2,489.1,0.0,978.2,760.58,217.62,completed,Letter of Credit,Direct Sales,11,4.4
ORD-00019,2024-11-06,CUST-0187,Foxtrot Pvt Ltd 187,East,Kolkata,SUP-022,Prime Solutions 22,East,PROD-0050,Corrugated Model 2,Packaging,Corrugated,12,642.99,0.0,7715.88,5401.52,2314.36,completed,Letter of Credit,Direct Sales,10,4.7
ORD-00020,2024-11-03,CUST-0171,Gamma Enterprises 171,South,Hyderabad,SUP-051,Nova Manufacturing 51,South,PROD-0019,Sensors Model 3,Electronics,Sensors,1,4233.33,0.62,4207.08,2512.84,1694.24,completed,Letter of Credit,Online,8,3.1
ORD-00021,2023-10-09,CUST-0217,Alpha Group 217,East,Patna,SUP-002,Apex Trading 2,East,PROD-0047,Alloys Model 3,Raw Materials,Alloys,1,3318.54,0.0,3318.54,2484.46,834.08,completed,Letter of Credit,Online,8,4.6
ORD-00022,2023-12-06,CUST-0173,Delta Corp 173,West,Mumbai,SUP-040,Orbit Supplies 40,North,PROD-0017,Sensors Model 1,Electronics,Sensors,2,2110.94,0.0,4221.88,2583.87,1638.01,pending,UPI,Online,,
ORD-00023,2025-08-18,CUST-0211,Foxtrot Group 211,South,Hyderabad,SUP-056,Orbit Trading 56,South,PROD-0031,Power Supplies Model 3,Electronics,Power Supplies,6,2141.74,5.62,12128.25,9206.19,2922.06,completed,Letter of Credit,Marketplace,8,3.8
ORD-00024,2024-05-27,CUST-0237,Gamma Group 237,East,Guwahati,SUP-050,Orbit Trading 50,North,PROD-0049,Corrugated Model 1,Packaging,Corrugated,11,4140.87,0.0,45549.57,26459.68,19089.89,pending,Credit Card,Marketplace,,
ORD-00025,2024-03-30,CUST-0191,Alpha Enterprises 191,South,Hyderabad,SUP-006,Apex Solutions 6,South,PROD-0067,Freight Model 3,Logistics Services,Freight,1,4552.41,0.0,4552.41,3137.02,1415.39,completed,UPI,Online,9,2.8
ORD-00026,2023-10-27,CUST-0203,Gamma Pvt Ltd 203,West,Ahmedabad,SUP-018,Nova Supplies 18,West,PROD-0050,Corrugated Model 2,Packaging,Corrugated,2,797.64,0.0,1595.28,1152.58,442.7,completed,Wire Transfer,Marketplace,8,4.5
ORD-00027,2023-08-16,CUST-0230,Alpha Enterprises 230,North,Delhi,SUP-058,Zenith Solutions 58,West,PROD-0011,Compressors Model 3,Industrial Equipment,Compressors,1,5172.79,0.0,5172.79,4015.01,1157.78,completed,Wire Transfer,Marketplace,7,3.6
ORD-00028,2025-05-03,CUST-0235,Echo Enterprises 235,North,Chandigarh,SUP-040,Orbit Supplies 40,North,PROD-0077,Cold Chain Model 1,Logistics Services,Cold Chain,2,2140.21,0.0,4280.42,3221.59,1058.83,pending,Wire Transfer,Online,,
ORD-00029,2025-02-03,CUST-0269,Gamma Pvt Ltd 269,Central,Nagpur,SUP-005,Summit Solutions 5,North,PROD-0068,Freight Model 4,Logistics Services,Freight,8,4757.04,15.09,32313.62,23192.95,9120.67,pending,Net-30,Online,,
ORD-00030,2024-11-24,CUST-0183,Echo Corp 183,West,Mumbai,SUP-023,Prime Industries 23,West,PROD-0031,Power Supplies Model 3,Electronics,Power Supplies,4,2043.1,0.0,0.0,5471.31,-1094.26,cancelled,Wire Transfer,Marketplace,,
ORD-00031,2023-03-16,CUST-0246,Alpha Ltd 246,South,Kochi,SUP-052,Zenith Manufacturing 52,East,PROD-0018,Sensors Model 2,Electronics,Sensors,2,2678.08,0.0,5356.16,3844.99,1511.17,completed,Credit Card,Partner,7,3.6
ORD-00032,2025-05-19,CUST-0140,Alpha Group 140,North,Lucknow,SUP-030,Nova Industries 30,North,PROD-0056,Films Model 4,Packaging,Films,3,701.37,0.0,2104.11,1818.23,285.88,completed,Letter of Credit,Partner,10,4.6
ORD-00033,2024-12-23,CUST-0165,Beta Group 165,North,Lucknow,SUP-030,Nova Industries 30,North,PROD-0038,Polymers Model 2,Raw Materials,Polymers,2,2873.68,15.08,4880.66,4166.17,714.49,completed,Credit Card,Online,4,3.6
ORD-00034,2025-01-11,CUST-0208,Delta Corp 208,West,Surat,SUP-058,Zenith Solutions 58,West,PROD-0021,Controllers Model 1,Electronics,Controllers,1,3414.76,0.47,3398.71,2155.68,1243.03,completed,UPI,Partner,4,4.7
ORD-00035,2025-11-26,CUST-0191,Alpha Enterprises 191,South,Hyderabad,SUP-006,Apex Solutions 6,South,PROD-0074,Last Mile Model 2,Logistics Services,Last Mile,3,4719.06,0.05,14150.1,8100.09,6050.01,completed,Net-30,Marketplace,4,4.7
ORD-00036,2024-08-17,CUST-0110,Gamma Pvt Ltd 110,North,Lucknow,SUP-019,Prime Industries 19,Central,PROD-0063,Pallets Model 3,Packaging,Pallets,1,3418.62,11.34,3030.95,2623.63,407.32,completed,Wire Transfer,Partner,11,3.2
ORD-00037,2023-06-26,CUST-0261,Gamma Ltd 261,South,Kochi,SUP-016,Nova Manufacturing 16,South,PROD-0018,Sensors Model 2,Electronics,Sensors,3,2949.65,0.0,8848.95,6440.59,2408.36,completed,UPI,Marketplace,9,4.4
ORD-00038,2023-09-22,CUST-0210,Foxtrot Ltd 210,North,Lucknow,SUP-005,Summit Solutions 5,North,PROD-0017,Sensors Model 1,Electronics,Sensors,4,2038.89,21.28,6420.06,4687.73,1732.33,completed,Credit Card,Direct Sales,1,
ORD-00039,2023-09-14,CUST-0156,Delta Corp 156,South,Kochi,SUP-026,Zenith Industries 26,South,PROD-0029,Power Supplies Model 1,Electronics,Power Supplies,13,2088.0,6.27,25442.07,17052.06,8390.01,completed,Wire Transfer,Direct Sales,4,3.4
ORD-00040,2024-06-26,CUST-0088,Alpha Ltd 88,West,Mumbai,SUP-047,Apex Trading 47,East,PROD-0078,Cold Chain Model 2,Logistics Services,Cold Chain,11,901.52,1.9,9728.3,6869.76,2858.54,completed,Credit Card,Marketplace,4,3.1
ORD-00041,2025-08-09,CUST-0280,Alpha Ltd 280,North,Lucknow,SUP-025,Orbit Industries 25,North,PROD-0062,Pallets Model 2,Packaging,Pallets,14,2636.64,0.32,36794.84,25124.58,11670.26,completed,Net-30,Partner,8,5.0
ORD-00042,2025-02-25,CUST-0205,Alpha Ltd 205,North,Chandigarh,SUP-030,Nova Industries 30,North,PROD-0066,Freight Model 2,Logistics Services,Freight,1,1123.66,0.19,1121.53,613.31,508.22,pending,Letter of Credit,Marketplace,,
ORD-00043,2025-11-20,CUST-0128,Foxtrot Ltd 128,West,Surat,SUP-058,Zenith Solutions 58,West,PROD-0021,Controllers Model 1,Electronics,Controllers,1,3049.54,0.0,3049.54,1897.24,1152.3,completed,Credit Card,Marketplace,1,4.4
ORD-00044,2025-08-21,CUST-0259,Foxtrot Pvt Ltd 259,Central,Indore,SUP-019,Prime Industries 19,Central,PROD-0028,Cables Model 4,Electronics,Cables,2,3028.67,0.0,6057.34,4561.92,1495.42,pending,Net-30,Online,,
ORD-00045,2024-08-14,CUST-0056,Echo Group 56,South,Kochi,SUP-021,Apex Trading 21,South,PROD-0047,Alloys Model 3,Raw Materials,Alloys,2,2664.33,0.0,5328.66,4045.13,1283.53,completed,Net-30,Online,10,4.5
ORD-00046,2024-11-13,CUST-0066,Beta Pvt Ltd 66,South,Kochi,SUP-026,Zenith Industries 26,South,PROD-0048,Alloys Model 4,Raw Materials,Alloys,2,521.27,0.09,1041.6,641.53,400.07,completed,Letter of Credit,Direct Sales,8,3.3
ORD-00047,2024-09-05,CUST-0168,Delta Ltd 168,West,Pune,SUP-021,Apex Trading 21,South,PROD-0021,Controllers Model 1,Electronics,Controllers,2,3451.38,0.0,6902.76,4384.89,2517.87,completed,Credit Card,Marketplace,6,4.1
ORD-00048,2023-04-16,CUST-0299,Echo Enterprises 299,Central,Indore,SUP-059,Zenith Trading 59,Central,PROD-0004,Pump Systems Model 4,Industrial Equipment,Pump Systems,1,3811.91,0.0,3811.91,2861.73,950.18,pending,Letter of Credit,Marketplace,,
ORD-00049,2025-05-07,CUST-0088,Alpha Ltd 88,West,Mumbai,SUP-058,Zenith Solutions 58,West,PROD-0080,Cold Chain Model 4,Logistics Services,Cold Chain,6,2215.46,0.38,13242.25,11040.04,2202.21,completed,Letter of Credit,Marketplace,9,5.0
ORD-00050,2024-12-26,CUST-0032,Gamma Enterprises 32,East,Bhubaneswar,SUP-034,Zenith Trading 34,Central,PROD-0027,Cables Model 3,Electronics,Cables,1,2306.72,0.92,2285.5,1512.83,772.67,pending,Net-30,Marketplace,,
ORD-00051,2024-12-15,CUST-0099,Beta Corp 99,Central,Nagpur,SUP-018,Nova Supplies 18,West,PROD-0072,Warehousing Model 4,Logistics Services,Warehousing,2,4505.9,0.0,9011.8,5673.61,3338.19,completed,Net-30,Online,1,3.5
ORD-00052,2024-06-09,CUST-0294,Beta Enterprises 294,Central,Raipur,SUP-025,Orbit Industries 25,North,PROD-0051,Corrugated Model 3,Packaging,Corrugated,1,4550.91,0.69,4519.51,3209.16,1310.35,completed,Net-30,Partner,6,3.6
ORD-00053,2025-04-26,CUST-0071,Gamma Corp 71,South,Chennai,SUP-056,Orbit Trading 56,South,PROD-0076,Last Mile Model 4,Logistics Services,Last Mile,1,3850.69,0.0,3850.69,3066.99,783.7,completed,Wire Transfer,Online,5,4.8
ORD-00054,2025-12-31,CUST-0282,Delta Pvt Ltd 282,East,Bhubaneswar,SUP-011,Apex Solutions 11,South,PROD-0053,Films Model 1,Packaging,Films,3,1508.37,1.82,0.0,3460.22,-692.04,cancelled,Credit Card,Direct Sales,,
ORD-00055,2023-03-18,CUST-0214,Gamma Enterprises 214,Central,Nagpur,SUP-012,Nova Solutions 12,East,PROD-0005,Conveyors Model 1,Industrial Equipment,Conveyors,2,4838.57,0.0,9677.14,8129.07,1548.07,completed,Net-30,Partner,10,4.2
ORD-00056,2023-01-29,CUST-0233,Alpha Ltd 233,West,Ahmedabad,SUP-035,Zenith Trading 35,North,PROD-0068,Freight Model 4,Logistics Services,Freight,3,5048.67,16.3,12677.21,9540.24,3136.97,completed,Wire Transfer,Direct Sales,6,2.9
ORD-00057,2023-01-14,CUST-0208,Delta Corp 208,West,Surat,SUP-033,Nova Industries 33,West,PROD-0042,Chemicals Model 2,Raw Materials,Chemicals,2,3577.62,0.0,7155.24,5625.17,1530.07,completed,Net-30,Partner,6,4.6
ORD-00058,2024-09-28,CUST-0299,Echo Enterprises 299,Central,Indore,SUP-001,Summit Industries 1,South,PROD-0034,Steel Model 2,Raw Materials,Steel,2,1612.57,0.0,0.0,2627.47,-525.49,cancelled,Credit Card,Partner,,
ORD-00059,2024-03-23,CUST-0189,Echo Enterprises 189,Central,Nagpur,SUP-015,Prime Industries 15,North,PROD-0018,Sensors Model 2,Electronics,Sensors,4,2779.23,0.0,11116.92,8031.74,3085.18,completed,Credit Card,Marketplace,7,3.0
ORD-00060,2024-11-02,CUST-0271,Foxtrot Group 271,South,Bengaluru,SUP-005,Summit Solutions 5,North,PROD-0073,Last Mile Model 1,Logistics Services,Last Mile,1,2554.12,0.0,2554.12,1427.44,1126.68,completed,Letter of Credit,Marketplace,8,3.5
ORD-00061,2024-09-23,CUST-0047,Delta Enterprises 47,East,Bhubaneswar,SUP-029,Prime Solutions 29,Central,PROD-0008,Conveyors Model 4,Industrial Equipment,Conveyors,1,3965.13,0.0,3965.13,3274.16,690.97,completed,Wire Transfer,Online,6,3.4
ORD-00062,2025-05-10,CUST-0024,Foxtrot Pvt Ltd 24,Central,Raipur,SUP-059,Zenith Trading 59,Central,PROD-0009,Compressors Model 1,Industrial Equipment,Compressors,1,248.7,0.0,248.7,148.68,100.02,pending,Net-30,Marketplace,,
ORD-00063,2024-04-01,CUST-0230,Alpha Enterprises 230,North,Delhi,SUP-059,Zenith Trading 59,Central,PROD-0049,Corrugated Model 1,Packaging,Corrugated,6,4181.55,20.79,19873.23,14557.63,5315.6,completed,UPI,Marketplace,9,3.1
ORD-00064,2025-05-08,CUST-0273,Echo Pvt Ltd 273,West,Pune,SUP-018,Nova Supplies 18,West,PROD-0032,Power Supplies Model 4,Electronics,Power Supplies,2,1388.64,0.0,2777.28,1926.43,850.85,completed,Wire Transfer,Direct Sales,1,3.0
ORD-00065,2023-04-26,CUST-0035,Beta Corp 35,North,Lucknow,SUP-005,Summit Solutions 5,North,PROD-0058,Labels Model 2,Packaging,Labels,26,4140.49,15.47,90998.86,80262.88,10735.98,pending,Wire Transfer,Partner,,
ORD-00066,2025-04-26,CUST-0120,Echo Ltd 120,North,Jaipur,SUP-047,Apex Trading 47,East,PROD-0074,Last Mile Model 2,Logistics Services,Last Mile,5,4906.54,1.97,24049.41,14522.24,9527.17,completed,Wire Transfer,Marketplace,6,4.3
ORD-00067,2024-04-06,CUST-0285,Delta Ltd 285,North,Chandigarh,SUP-030,Nova Industries 30,North,PROD-0049,Corrugated Model 1,Packaging,Corrugated,3,3757.77,1.51,11103.08,6776.34,4326.74,completed,Credit Card,Marketplace,5,5.0
ORD-00068,2024-01-26,CUST-0214,Gamma Enterprises 214,Central,Nagpur,SUP-014,Zenith Solutions 14,Central,PROD-0050,Corrugated Model 2,Packaging,Corrugated,1,647.69,10.18,581.76,471.39,110.37,completed,Credit Card,Online,9,4.3
ORD-00069,2024-01-25,CUST-0097,Foxtrot Pvt Ltd 97,East,Bhubaneswar,SUP-038,Summit Trading 38,West,PROD-0072,Warehousing Model 4,Logistics Services,Warehousing,2,4654.65,0.0,9309.3,5680.79,3628.51,completed,UPI,Direct Sales,8,4.0
ORD-00070,2025-08-12,CUST-0105,Gamma Pvt Ltd 105,North,Delhi,SUP-020,Apex Manufacturing 20,North,PROD-0071,Warehousing Model 3,Logistics Services,Warehousing,6,2140.26,5.72,12107.02,7892.33,4214.69,completed,Net-30,Direct Sales,13,5.0
ORD-00071,2025-05-05,CUST-0190,Alpha Group 190,North,Jaipur,SUP-005,Summit Solutions 5,North,PROD-0073,Last Mile Model 1,Logistics Services,Last Mile,2,2401.87,0.0,4803.74,2804.14,1999.6,completed,Letter of Credit,Direct Sales,6,4.5
ORD-00072,2024-12-22,CUST-0256,Delta Pvt Ltd 256,South,Bengaluru,SUP-051,Nova Manufacturing 51,South,PROD-0044,Chemicals Model 4,Raw Materials,Chemicals,7,4539.49,0.0,31776.43,23374.16,8402.27,completed,Letter of Credit,Online,9,5.0
ORD-00073,2025-09-16,CUST-0269,Gamma Pvt Ltd 269,Central,Nagpur,SUP-009,Nova Supplies 9,Central,PROD-0007,Conveyors Model 3,Industrial Equipment,Conveyors,4,1516.79,15.75,5111.58,4699.85,411.73,completed,UPI,Online,6,4.0
ORD-00074,2025-12-14,CUST-0009,Delta Corp 9,Central,Bhopal,SUP-024,Summit Manufacturing 24,Central,PROD-0069,Warehousing Model 1,Logistics Services,Warehousing,13,409.17,1.05,5263.36,4130.41,1132.95,completed,Credit Card,Partner,6,4.8
ORD-00075,2023-07-11,CUST-0208,Delta Corp 208,West,Surat,SUP-018,Nova Supplies 18,West,PROD-0029,Power Supplies Model 1,Electronics,Power Supplies,21,2286.73,0.0,48021.33,30793.89,17227.44,completed,Credit Card,Direct Sales,4,4.5
ORD-00076,2024-07-28,CUST-0043,Gamma Enterprises 43,West,Pune,SUP-033,Nova Industries 33,West,PROD-0043,Chemicals Model 3,Raw Materials,Chemicals,6,3501.99,0.0,21011.94,16001.54,5010.4,pending,Letter of Credit,Online,,
ORD-00077,2025-03-07,CUST-0092,Gamma Ltd 92,East,Kolkata,SUP-021,Apex Trading 21,South,PROD-0003,Pump Systems Model 3,Industrial Equipment,Pump Systems,5,5226.53,0.6,25975.85,17136.11,8839.74,completed,Wire Transfer,Online,5,3.3
ORD-00078,2025-03-23,CUST-0257,Alpha Corp 257,East,Patna,SUP-023,Prime Industries 23,West,PROD-0007,Conveyors Model 3,Industrial Equipment,Conveyors,1,1593.45,0.0,1593.45,1275.46,317.99,completed,UPI,Marketplace,9,4.0
ORD-00079,2023-05-31,CUST-0117,Foxtrot Corp 117,East,Patna,SUP-032,Prime Industries 32,East,PROD-0056,Films Model 4,Packaging,Films,7,571.37,0.0,3999.59,3455.13,544.46,completed,Wire Transfer,Marketplace,8,4.3
ORD-00080,2025-04-15,CUST-0163,Delta Pvt Ltd 163,West,Mumbai,SUP-008,Apex Industries 8,West,PROD-0001,Pump Systems Model 1,Industrial Equipment,Pump Systems,2,1924.6,12.9,3352.65,2888.9,463.75,completed,Letter of Credit,Partner,8,4.3
ORD-00081,2023-12-09,CUST-0198,Gamma Enterprises 198,West,Mumbai,SUP-033,Nova Industries 33,West,PROD-0050,Corrugated Model 2,Packaging,Corrugated,3,700.8,5.54,1985.93,1443.55,542.38,completed,Credit Card,Partner,4,4.4
ORD-00082,2024-11-05,CUST-0129,Gamma Group 129,Central,Indore,SUP-047,Apex Trading 47,East,PROD-0064,Pallets Model 4,Packaging,Pallets,4,2748.92,12.66,9603.63,8865.83,737.8,pending,UPI,Partner,,
ORD-00083,2025-03-26,CUST-0221,Beta Pvt Ltd 221,South,Hyderabad,SUP-056,Orbit Trading 56,South,PROD-0077,Cold Chain Model 1,Logistics Services,Cold Chain,1,2281.53,0.0,2281.53,1706.07,575.46,completed,UPI,Direct Sales,9,4.0
ORD-00084,2024-03-05,CUST-0167,Alpha Enterprises 167,East,Kolkata,SUP-032,Prime Industries 32,East,PROD-0047,Alloys Model 3,Raw Materials,Alloys,7,3354.73,20.05,18774.75,18485.83,288.92,completed,UPI,Marketplace,4,4.3
ORD-00085,2025-05-06,CUST-0072,Gamma Pvt Ltd 72,East,Bhubaneswar,SUP-016,Nova Manufacturing 16,South,PROD-0033,Steel Model 1,Raw Materials,Steel,1,2878.67,16.16,241.35,2448.95,-248.44,cancelled,Letter of Credit,Online,,
ORD-00086,2023-04-01,CUST-0185,Foxtrot Ltd 185,North,Lucknow,SUP-052,Zenith Manufacturing 52,East,PROD-0069,Warehousing Model 1,Logistics Services,Warehousing,4,396.4,0.0,1585.6,1245.65,339.95,pending,Letter of Credit,Marketplace,,
ORD-00087,2024-03-28,CUST-0170,Beta Enterprises 170,North,Jaipur,SUP-028,Summit Solutions 28,West,PROD-0014,CNC Parts Model 2,Industrial Equipment,CNC Parts,1,2440.99,0.0,2440.99,1885.49,555.5,completed,Letter of Credit,Direct Sales,4,4.3
ORD-00088,2025-07-15,CUST-0177,Echo Ltd 177,East,Kolkata,SUP-031,Apex Supplies 31,South,PROD-0014,CNC Parts Model 2,Industrial Equipment,CNC Parts,1,2277.28,15.7,1919.75,1657.16,262.59,completed,Credit Card,Online,5,4.6
ORD-00089,2025-04-09,CUST-0176,Beta Ltd 176,South,Bengaluru,SUP-044,Summit Solutions 44,Central,PROD-0022,Controllers Model 2,Electronics,Controllers,2,4294.54,0.0,0.0,5326.25,-1065.25,cancelled,Wire Transfer,Direct Sales,,
ORD-00090,2023-05-09,CUST-0222,Gamma Corp 222,East,Bhubaneswar,SUP-057,Summit Solutions 57,East,PROD-0079,Cold Chain Model 3,Logistics Services,Cold Chain,2,486.74,6.5,910.2,699.27,210.93,completed,Net-30,Partner,2,3.5
ORD-00091,2023-12-20,CUST-0101,Beta Enterprises 101,South,Chennai,SUP-021,Apex Trading 21,South,PROD-0063,Pallets Model 3,Packaging,Pallets,9,3370.9,0.7,30125.73,23593.18,6532.55,pending,Net-30,Online,,
ORD-00092,2025-09-23,CUST-0069,Alpha Group 69,Central,Indore,SUP-019,Prime Industries 19,Central,PROD-0040,Polymers Model 4,Raw Materials,Polymers,1,4115.31,1.15,4067.98,2989.71,1078.27,completed,Wire Transfer,Direct Sales,3,3.3
ORD-00093,2025-11-01,CUST-0251,Beta Pvt Ltd 251,South,Bengaluru,SUP-011,Apex Solutions 11,South,PROD-0041,Chemicals Model 1,Raw Materials,Chemicals,3,1775.62,0.39,5306.09,3901.32,1404.77,completed,UPI,Marketplace,5,3.5
ORD-00094,2025-11-12,CUST-0086,Foxtrot Enterprises 86,South,Chennai,SUP-001,Summit Industries 1,South,PROD-0029,Power Supplies Model 1,Electronics,Power Supplies,1,2239.38,0.0,2239.38,1399.02,840.36,completed,Net-30,Online,8,4.3
ORD-00095,2023-06-28,CUST-0226,Alpha Group 226,South,Bengaluru,SUP-031,Apex Supplies 31,South,PROD-0014,CNC Parts Model 2,Industrial Equipment,CNC Parts,25,2188.77,0.0,0.0,41279.6,-8255.92,cancelled,UPI,Online,,
ORD-00096,2024-12-19,CUST-0122,Echo Group 122,East,Bhubaneswar,SUP-057,Summit Solutions 57,East,PROD-0076,Last Mile Model 4,Logistics Services,Last Mile,1,3945.51,1.57,388.36,3392.88,-290.22,cancelled,Letter of Credit,Partner,,
ORD-00097,2023-10-05,CUST-0276,Gamma Enterprises 276,South,Chennai,SUP-056,Orbit Trading 56,South,PROD-0038,Polymers Model 2,Raw Materials,Polymers,35,3139.0,0.0,109865.0,79218.15,30646.85,completed,Net-30,Direct Sales,12,3.8
ORD-00098,2023-06-04,CUST-0068,Delta Group 68,West,Mumbai,SUP-058,Zenith Solutions 58,West,PROD-0042,Chemicals Model 2,Raw Materials,Chemicals,2,3304.88,0.0,6609.76,4917.17,1692.59,completed,Letter of Credit,Partner,2,3.0
ORD-00099,2023-05-10,CUST-0189,Echo Enterprises 189,Central,Nagpur,SUP-039,Summit Industries 39,Central,PROD-0042,Chemicals Model 2,Raw Materials,Chemicals,12,3169.05,0.0,38028.6,28241.9,9786.7,pending,Letter of Credit,Marketplace,,
ORD-00100,2025-09-20,CUST-0112,Delta Group 112,East,Kolkata,SUP-053,Nova Trading 53,West,PROD-0028,Cables Model 4,Electronics,Cables,1,2912.44,0.0,2912.44,2174.39,738.05,completed,Credit Card,Online,8,2.7
ORD-00101,2024-07-15,CUST-0236,Delta Pvt Ltd 236,South,Kochi,SUP-011,Apex Solutions 11,South,PROD-0057,Labels Model 1,Packaging,Labels,1,696.7,0.0,696.7,565.24,131.46,completed,Wire Transfer,Online,9,4.5
ORD-00102,2024-04-08,CUST-0203,Gamma Pvt Ltd 203,West,Ahmedabad,SUP-047,Apex Trading 47,East,PROD-0030,Power Supplies Model 2,Electronics,Power Supplies,7,3811.97,0.0,26683.79,15673.22,11010.57,completed,Net-30,Online,3,
ORD-00103,2023-09-30,CUST-0217,Alpha Group 217,East,Patna,SUP-031,Apex Supplies 31,South,PROD-0010,Compressors Model 2,Industrial Equipment,Compressors,1,2938.11,5.27,2783.27,2494.09,289.18,completed,Letter of Credit,Online,4,
ORD-00104,2025-02-25,CUST-0085,Beta Pvt Ltd 85,North,Jaipur,SUP-060,Nova Supplies 60,North,PROD-0028,Cables Model 4,Electronics,Cables,4,2823.31,0.0,0.0,8074.46,-1614.89,cancelled,Net-30,Marketplace,,
ORD-00105,2024-09-09,CUST-0162,Delta Enterprises 162,East,Patna,SUP-016,Nova Manufacturing 16,South,PROD-0036,Steel Model 4,Raw Materials,Steel,1,2993.92,0.0,0.0,2325.75,-465.15,cancelled,Wire Transfer,Direct Sales,,
ORD-00106,2023-09-28,CUST-0201,Gamma Ltd 201,South,Kochi,SUP-001,Summit Industries 1,South,PROD-0031,Power Supplies Model 3,Electronics,Power Supplies,2,2070.55,1.97,4059.52,3002.79,1056.73,completed,Letter of Credit,Direct Sales,2,5.0
ORD-00107,2025-03-26,CUST-0242,Beta Corp 242,East,Kolkata,SUP-050,Orbit Trading 50,North,PROD-0010,Compressors Model 2,Industrial Equipment,Compressors,3,3028.03,0.0,9084.09,7842.77,1241.32,completed,UPI,Marketplace,2,4.1
ORD-00108,2024-09-27,CUST-0206,Delta Group 206,South,Kochi,SUP-041,Orbit Supplies 41,South,PROD-0069,Warehousing Model 1,Logistics Services,Warehousing,1,395.88,0.0,395.88,320.1,75.78,pending,UPI,Direct Sales,,
ORD-00109,2023-01-26,CUST-0030,Alpha Corp 30,North,Chandigarh,SUP-035,Zenith Trading 35,North,PROD-0015,CNC Parts Model 3,Industrial Equipment,CNC Parts,3,4822.75,0.0,14468.25,7892.58,6575.67,completed,Net-30,Partner,5,3.0
ORD-00110,2025-01-07,CUST-0086,Foxtrot Enterprises 86,South,Chennai,SUP-056,Orbit Trading 56,South,PROD-0035,Steel Model 3,Raw Materials,Steel,2,3566.55,0.0,0.0,4319.81,-863.96,cancelled,Credit Card,Marketplace,,
ORD-00111,2023-01-26,CUST-0291,Gamma Pvt Ltd 291,South,Kochi,SUP-011,Apex Solutions 11,South,PROD-0033,Steel Model 1,Raw Materials,Steel,1,3128.96,20.01,2502.86,2747.91,-245.05,completed,Wire Transfer,Direct Sales,7,4.9
ORD-00112,2023-04-18,CUST-0019,Echo Ltd 19,Central,Indore,SUP-059,Zenith Trading 59,Central,PROD-0054,Films Model 2,Packaging,Films,2,2630.14,1.14,5200.31,4007.31,1193.0,completed,UPI,Online,9,5.0
ORD-00113,2025-01-24,CUST-0239,Foxtrot Ltd 239,Central,Bhopal,SUP-050,Orbit Trading 50,North,PROD-0040,Polymers Model 4,Raw Materials,Polymers,1,3973.25,6.48,3715.78,2834.01,881.77,completed,Wire Transfer,Direct Sales,4,3.7
ORD-00114,2024-09-21,CUST-0078,Foxtrot Group 78,West,Mumbai,SUP-033,Nova Industries 33,West,PROD-0004,Pump Systems Model 4,Industrial Equipment,Pump Systems,3,3734.12,10.0,10082.12,8476.48,1605.64,completed,UPI,Online,9,4.6
ORD-00115,2025-03-18,CUST-0073,Delta Group 73,West,Pune,SUP-006,Apex Solutions 6,South,PROD-0006,Conveyors Model 2,Industrial Equipment,Conveyors,11,4627.43,1.16,50311.27,33817.24,16494.03,completed,Wire Transfer,Direct Sales,10,4.5
ORD-00116,2023-08-05,CUST-0150,Gamma Pvt Ltd 150,North,Chandigarh,SUP-030,Nova Industries 30,North,PROD-0051,Corrugated Model 3,Packaging,Corrugated,7,4922.96,5.27,0.0,25101.74,-5020.35,cancelled,Wire Transfer,Marketplace,,
ORD-00117,2023-03-24,CUST-0239,Foxtrot Ltd 239,Central,Bhopal,SUP-009,Nova Supplies 9,Central,PROD-0069,Warehousing Model 1,Logistics Services,Warehousing,2,337.51,6.65,630.13,548.69,81.44,completed,Wire Transfer,Partner,8,5.0
ORD-00118,2024-05-26,CUST-0203,Gamma Pvt Ltd 203,West,Ahmedabad,SUP-053,Nova Trading 53,West,PROD-0039,Polymers Model 3,Raw Materials,Polymers,6,5150.21,0.0,30901.26,19758.76,11142.5,completed,Credit Card,Online,8,4.3
ORD-00119,2024-06-14,CUST-0032,Gamma Enterprises 32,East,Bhubaneswar,SUP-015,Prime Industries 15,North,PROD-0017,Sensors Model 1,Electronics,Sensors,7,2015.17,0.0,14106.19,8443.38,5662.81,completed,Wire Transfer,Marketplace,8,4.0
ORD-00120,2025-05-23,CUST-0066,Beta Pvt Ltd 66,South,Kochi,SUP-026,Zenith Industries 26,South,PROD-0016,CNC Parts Model 4,Industrial Equipment,CNC Parts,10,4314.6,0.0,43146.0,27204.78,15941.22,completed,Net-30,Marketplace,7,4.5
ORD-00121,2025-02-23,CUST-0077,Gamma Corp 77,East,Bhubaneswar,SUP-047,Apex Trading 47,East,PROD-0079,Cold Chain Model 3,Logistics Services,Cold Chain,5,605.35,0.0,3026.75,2022.1,1004.65,completed,Letter of Credit,Direct Sales,8,4.5
ORD-00122,2024-01-04,CUST-0279,Echo Corp 279,Central,Nagpur,SUP-025,Orbit Industries 25,North,PROD-0046,Alloys Model 2,Raw Materials,Alloys,3,1781.63,0.0,5344.89,3605.83,1739.06,completed,Net-30,Online,10,
ORD-00123,2023-04-25,CUST-0242,Beta Corp 242,East,Kolkata,SUP-047,Apex Trading 47,East,PROD-0030,Power Supplies Model 2,Electronics,Power Supplies,1,4092.96,0.0,4092.96,2599.88,1493.08,completed,UPI,Partner,7,2.4
ORD-00124,2023-10-19,CUST-0089,Gamma Group 89,Central,Indore,SUP-049,Apex Supplies 49,Central,PROD-0041,Chemicals Model 1,Raw Materials,Chemicals,5,1879.91,0.0,9399.55,6861.63,2537.92,completed,UPI,Partner,5,3.9
ORD-00125,2023-12-30,CUST-0090,Delta Ltd 90,North,Chandigarh,SUP-010,Orbit Solutions 10,North,PROD-0008,Conveyors Model 4,Industrial Equipment,Conveyors,3,3883.31,6.61,10879.87,9305.84,1574.03,completed,Credit Card,Direct Sales,12,3.4
ORD-00126,2024-11-20,CUST-0073,Delta Group 73,West,Pune,SUP-055,Summit Solutions 55,North,PROD-0068,Freight Model 4,Logistics Services,Freight,2,4929.26,0.0,9858.52,6129.16,3729.36,completed,UPI,Marketplace,6,4.5
ORD-00127,2025-03-12,CUST-0163,Delta Pvt Ltd 163,West,Mumbai,SUP-043,Zenith Trading 43,West,PROD-0079,Cold Chain Model 3,Logistics Services,Cold Chain,1,596.13,5.25,564.83,424.89,139.94,completed,Wire Transfer,Partner,10,3.1
ORD-00128,2024-11-18,CUST-0114,Alpha Group 114,Central,Raipur,SUP-007,Zenith Industries 7,East,PROD-0064,Pallets Model 4,Packaging,Pallets,2,2904.43,1.64,5713.59,4706.75,1006.84,completed,Credit Card,Partner,4,4.3
ORD-00129,2025-02-14,CUST-0132,Alpha Corp 132,East,Bhubaneswar,SUP-047,Apex Trading 47,East,PROD-0001,Pump Systems Model 1,Industrial Equipment,Pump Systems,1,2375.24,0.0,2375.24,1771.73,603.51,completed,Letter of Credit,Direct Sales,5,4.6
ORD-00130,2025-09-15,CUST-0084,Alpha Corp 84,Central,Nagpur,SUP-004,Nova Industries 4,Central,PROD-0038,Polymers Model 2,Raw Materials,Polymers,1,3163.9,0.0,3163.9,2121.63,1042.27,completed,Letter of Credit,Marketplace,6,3.4
ORD-00131,2024-09-01,CUST-0081,Foxtrot Pvt Ltd 81,South,Chennai,SUP-026,Zenith Industries 26,South,PROD-0027,Cables Model 3,Electronics,Cables,2,2530.43,0.0,5060.86,3361.26,1699.6,completed,UPI,Direct Sales,7,4.3
ORD-00132,2023-06-17,CUST-0028,Echo Ltd 28,West,Pune,SUP-033,Nova Industries 33,West,PROD-0012,Compressors Model 4,Industrial Equipment,Compressors,12,2242.3,5.34,25470.73,15269.19,10201.54,completed,UPI,Marketplace,5,4.2
ORD-00133,2024-07-04,CUST-0136,Delta Ltd 136,South,Kochi,SUP-041,Orbit Supplies 41,South,PROD-0050,Corrugated Model 2,Packaging,Corrugated,2,666.62,15.93,1120.85,923.05,197.8,completed,Credit Card,Online,5,3.9
ORD-00134,2024-04-27,CUST-0177,Echo Ltd 177,East,Kolkata,SUP-027,Orbit Trading 27,East,PROD-0076,Last Mile Model 4,Logistics Services,Last Mile,5,4118.55,21.37,16192.08,17919.31,-1727.23,completed,Credit Card,Direct Sales,5,4.1
ORD-00135,2023-05-18,CUST-0062,Echo Corp 62,East,Kolkata,SUP-029,Prime Solutions 29,Central,PROD-0023,Controllers Model 3,Electronics,Controllers,1,2675.76,1.67,2631.07,1634.98,996.09,completed,Net-30,Marketplace,10,4.6
ORD-00136,2023-07-25,CUST-0007,Foxtrot Pvt Ltd 7,East,Patna,SUP-040,Orbit Supplies 40,North,PROD-0076,Last Mile Model 4,Logistics Services,Last Mile,5,3495.17,0.0,17475.85,14691.7,2784.15,pending,Credit Card,Online,,
ORD-00137,2025-04-05,CUST-0147,Echo Enterprises 147,East,Patna,SUP-057,Summit Solutions 57,East,PROD-0045,Alloys Model 1,Raw Materials,Alloys,1,4716.32,0.0,4716.32,3393.47,1322.85,completed,Credit Card,Marketplace,9,4.9
ORD-00138,2023-07-21,CUST-0170,Beta Enterprises 170,North,Jaipur,SUP-004,Nova Industries 4,Central,PROD-0061,Pallets Model 1,Packaging,Pallets,6,3845.31,0.0,23071.86,13036.7,10035.16,completed,UPI,Partner,9,4.0
ORD-00139,2025-02-04,CUST-0138,Delta Ltd 138,West,Mumbai,SUP-039,Summit Industries 39,Central,PROD-0012,Compressors Model 4,Industrial Equipment,Compressors,1,2202.1,0.0,2202.1,1278.3,923.8,completed,Net-30,Marketplace,8,3.3
ORD-00140,2023-09-11,CUST-0070,Echo Pvt Ltd 70,North,Chandigarh,SUP-034,Zenith Trading 34,Central,PROD-0073,Last Mile Model 1,Logistics Services,Last Mile,2,2468.8,0.0,4937.6,2830.18,2107.42,completed,UPI,Direct Sales,6,3.6
ORD-00141,2024-03-14,CUST-0243,Delta Group 243,West,Surat,SUP-028,Summit Solutions 28,West,PROD-0045,Alloys Model 1,Raw Materials,Alloys,6,5008.93,0.77,29822.17,21603.29,8218.88,completed,Net-30,Marketplace,9,3.3
ORD-00142,2024-07-17,CUST-0263,Delta Pvt Ltd 263,West,Mumbai,SUP-053,Nova Trading 53,West,PROD-0002,Pump Systems Model 2,Industrial Equipment,Pump Systems,20,855.03,6.22,16036.94,12337.26,3699.68,completed,Net-30,Direct Sales,4,4.4
ORD-00143,2024-08-01,CUST-0239,Foxtrot Ltd 239,Central,Bhopal,SUP-044,Summit Solutions 44,Central,PROD-0080,Cold Chain Model 4,Logistics Services,Cold Chain,3,2380.4,0.0,7141.2,6168.64,972.56,completed,Net-30,Partner,6,
ORD-00144,2025-10-15,CUST-0142,Delta Group 142,East,Bhubaneswar,SUP-057,Summit Solutions 57,East,PROD-0039,Polymers Model 3,Raw Materials,Polymers,10,4820.33,0.0,48203.3,31328.71,16874.59,completed,UPI,Online,9,4.1
ORD-00145,2025-01-04,CUST-0299,Echo Enterprises 299,Central,Indore,SUP-037,Prime Supplies 37,East,PROD-0025,Cables Model 1,Electronics,Cables,5,4168.67,0.0,20843.35,17794.23,3049.12,completed,Letter of Credit,Direct Sales,1,4.0
ORD-00146,2024-12-28,CUST-0151,Echo Corp 151,South,Hyderabad,SUP-011,Apex Solutions 11,South,PROD-0034,Steel Model 2,Raw Materials,Steel,24,1429.42,0.0,0.0,28457.61,-5691.52,cancelled,Wire Transfer,Partner,,
ORD-00147,2023-09-03,CUST-0216,Alpha Ltd 216,South,Chennai,SUP-022,Prime Solutions 22,East,PROD-0048,Alloys Model 4,Raw Materials,Alloys,4,461.15,0.94,1827.26,1141.86,685.4,completed,Credit Card,Direct Sales,8,3.6
ORD-00148,2023-06-30,CUST-0071,Gamma Corp 71,South,Chennai,SUP-022,Prime Solutions 22,East,PROD-0053,Films Model 1,Packaging,Films,2,1339.2,1.15,2647.6,2062.82,584.78,pending,Wire Transfer,Marketplace,,
ORD-00149,2023-01-09,CUST-0220,Alpha Ltd 220,North,Jaipur,SUP-040,Orbit Supplies 40,North,PROD-0050,Corrugated Model 2,Packaging,Corrugated,2,690.5,0.0,1381.0,952.61,428.39,completed,Net-30,Partner,5,3.7
ORD-00150,2023-10-02,CUST-0067,Gamma Corp 67,East,Guwahati,SUP-042,Nova Manufacturing 42,East,PROD-0076,Last Mile Model 4,Logistics Services,Last Mile,2,4034.12,0.0,8068.24,6618.14,1450.1,completed,Wire Transfer,Direct Sales,3,5.0
ORD-00151,2025-12-31,CUST-0207,Foxtrot Enterprises 207,East,Bhubaneswar,SUP-017,Prime Trading 17,East,PROD-0017,Sensors Model 1,Electronics,Sensors,8,1795.41,0.75,14255.56,8646.71,5608.85,completed,Credit Card,Online,4,
ORD-00152,2025-12-01,CUST-0025,Echo Enterprises 25,North,Lucknow,SUP-027,Orbit Trading 27,East,PROD-0057,Labels Model 1,Packaging,Labels,1,803.11,0.6,798.29,685.48,112.81,completed,Credit Card,Online,6,5.0
ORD-00153,2025-04-19,CUST-0145,Foxtrot Enterprises 145,North,Chandigarh,SUP-010,Orbit Solutions 10,North,PROD-0064,Pallets Model 4,Packaging,Pallets,7,3261.11,0.0,22827.77,17929.06,4898.71,completed,Wire Transfer,Marketplace,6,4.3
ORD-00154,2024-06-08,CUST-0170,Beta Enterprises 170,North,Jaipur,SUP-005,Summit Solutions 5,North,PROD-0012,Compressors Model 4,Industrial Equipment,Compressors,15,2060.3,20.15,24677.24,18310.6,6366.64,completed,Net-30,Marketplace,4,3.5
ORD-00155,2023-04-04,CUST-0026,Beta Ltd 26,South,Bengaluru,SUP-011,Apex Solutions 11,South,PROD-0006,Conveyors Model 2,Industrial Equipment,Conveyors,1,4209.82,0.0,4209.82,2682.12,1527.7,completed,Net-30,Partner,8,4.1
ORD-00156,2025-02-28,CUST-0225,Foxtrot Enterprises 225,North,Chandigarh,SUP-018,Nova Supplies 18,West,PROD-0012,Compressors Model 4,Industrial Equipment,Compressors,6,2198.59,0.0,13191.54,7470.5,5721.04,completed,Wire Transfer,Online,5,3.4
ORD-00157,2025-02-16,CUST-0068,Delta Group 68,West,Mumbai,SUP-004,Nova Industries 4,Central,PROD-0021,Controllers Model 1,Electronics,Controllers,2,3431.09,0.0,6862.18,4133.88,2728.3,completed,Wire Transfer,Marketplace,7,3.2
ORD-00158,2023-07-15,CUST-0250,Beta Corp 250,North,Jaipur,SUP-035,Zenith Trading 35,North,PROD-0057,Labels Model 1,Packaging,Labels,3,807.19,11.04,2154.23,2072.29,81.94,completed,UPI,Direct Sales,2,4.6
ORD-00159,2023-06-03,CUST-0286,Alpha Pvt Ltd 286,South,Chennai,SUP-040,Orbit Supplies 40,North,PROD-0007,Conveyors Model 3,Industrial Equipment,Conveyors,4,1798.97,0.0,7195.88,5712.8,1483.08,completed,Net-30,Online,7,3.5
ORD-00160,2025-10-15,CUST-0260,Beta Enterprises 260,North,Delhi,SUP-055,Summit Solutions 55,North,PROD-0049,Corrugated Model 1,Packaging,Corrugated,2,3457.55,0.0,6915.1,4091.02,2824.08,completed,Credit Card,Online,6,4.0
ORD-00161,2024-11-10,CUST-0047,Delta Enterprises 47,East,Bhubaneswar,SUP-040,Orbit Supplies 40,North,PROD-0039,Polymers Model 3,Raw Materials,Polymers,4,4589.16,1.63,18057.43,12074.12,5983.31,pending,Letter of Credit,Marketplace,,
ORD-00162,2023-08-06,CUST-0187,Foxtrot Pvt Ltd 187,East,Kolkata,SUP-008,Apex Industries 8,West,PROD-0013,CNC Parts Model 1,Industrial Equipment,CNC Parts,1,3505.69,0.0,3505.69,2809.94,695.75,completed,UPI,Online,8,4.2
ORD-00163,2025-04-28,CUST-0131,Beta Ltd 131,South,Hyderabad,SUP-013,Zenith Supplies 13,West,PROD-0016,CNC Parts Model 4,Industrial Equipment,CNC Parts,2,4371.46,0.0,8742.92,5359.28,3383.64,completed,Credit Card,Marketplace,11,4.4
ORD-00164,2023-12-29,CUST-0235,Echo Enterprises 235,North,Chandigarh,SUP-033,Nova Industries 33,West,PROD-0018,Sensors Model 2,Electronics,Sensors,3,2803.27,0.0,8409.81,6223.34,2186.47,completed,Credit Card,Marketplace,6,3.7
ORD-00165,2024-10-04,CUST-0165,Beta Group 165,North,Lucknow,SUP-035,Zenith Trading 35,North,PROD-0054,Films Model 2,Packaging,Films,12,2272.83,20.6,21655.52,22034.74,-379.22,pending,Letter of Credit,Direct Sales,,
ORD-00166,2024-10-22,CUST-0103,Alpha Ltd 103,West,Pune,SUP-058,Zenith Solutions 58,West,PROD-0038,Polymers Model 2,Raw Materials,Polymers,1,3495.23,0.0,0.0,2555.21,-511.04,cancelled,Credit Card,Partner,,
ORD-00167,2023-02-21,CUST-0288,Alpha Pvt Ltd 288,West,Ahmedabad,SUP-048,Zenith Trading 48,West,PROD-0054,Films Model 2,Packaging,Films,37,2365.7,0.0,0.0,71456.96,-14291.39,cancelled,UPI,Direct Sales,,
ORD-00168,2023-03-08,CUST-0028,Echo Ltd 28,West,Pune,SUP-013,Zenith Supplies 13,West,PROD-0035,Steel Model 3,Raw Materials,Steel,4,3028.72,0.0,12114.88,7434.01,4680.87,completed,Letter of Credit,Direct Sales,4,4.7
ORD-00169,2025-06-26,CUST-0288,Alpha Pvt Ltd 288,West,Ahmedabad,SUP-043,Zenith Trading 43,West,PROD-0037,Polymers Model 1,Raw Materials,Polymers,9,3878.2,5.41,3301.55,20437.67,-785.98,cancelled,Wire Transfer,Partner,,
ORD-00170,2024-06-06,CUST-0280,Alpha Ltd 280,North,Lucknow,SUP-013,Zenith Supplies 13,West,PROD-0025,Cables Model 1,Electronics,Cables,5,3670.61,5.26,17387.68,15182.61,2205.07,completed,Credit Card,Direct Sales,10,4.1
ORD-00171,2025-12-02,CUST-0166,Delta Group 166,South,Bengaluru,SUP-051,Nova Manufacturing 51,South,PROD-0079,Cold Chain Model 3,Logistics Services,Cold Chain,5,563.48,11.05,2506.08,2052.89,453.19,completed,Letter of Credit,Marketplace,10,4.4
ORD-00172,2023-01-19,CUST-0048,Beta Enterprises 48,West,Surat,SUP-018,Nova Supplies 18,West,PROD-0043,Chemicals Model 3,Raw Materials,Chemicals,2,3937.63,0.0,7875.26,6181.21,1694.05,completed,Letter of Credit,Direct Sales,9,4.5
ORD-00173,2025-11-07,CUST-0021,Gamma Group 21,South,Chennai,SUP-021,Apex Trading 21,South,PROD-0049,Corrugated Model 1,Packaging,Corrugated,10,3881.5,21.64,30415.43,23100.97,7314.46,completed,Wire Transfer,Partner,6,4.2
ORD-00174,2025-05-18,CUST-0264,Gamma Pvt Ltd 264,Central,Raipur,SUP-009,Nova Supplies 9,Central,PROD-0022,Controllers Model 2,Electronics,Controllers,3,4186.43,0.0,12559.29,7650.58,4908.71,completed,UPI,Online,8,3.7
ORD-00175,2025-04-08,CUST-0079,Gamma Pvt Ltd 79,Central,Bhopal,SUP-059,Zenith Trading 59,Central,PROD-0043,Chemicals Model 3,Raw Materials,Chemicals,9,3776.88,5.82,32013.59,25293.38,6720.21,completed,Letter of Credit,Online,6,4.2
ORD-00176,2025-02-20,CUST-0033,Echo Ltd 33,West,Pune,SUP-038,Summit Trading 38,West,PROD-0006,Conveyors Model 2,Industrial Equipment,Conveyors,7,4414.39,6.21,2898.18,20069.89,-1115.8,cancelled,UPI,Online,,
ORD-00177,2025-02-03,CUST-0243,Delta Group 243,West,Surat,SUP-018,Nova Supplies 18,West,PROD-0018,Sensors Model 2,Electronics,Sensors,1,2776.88,0.0,0.0,1927.6,-385.52,cancelled,Credit Card,Direct Sales,,
ORD-00178,2024-12-05,CUST-0064,Gamma Ltd 64,Central,Nagpur,SUP-049,Apex Supplies 49,Central,PROD-0077,Cold Chain Model 1,Logistics Services,Cold Chain,9,2074.05,0.0,18666.45,15005.25,3661.2,completed,Wire Transfer,Direct Sales,8,5.0
ORD-00179,2024-11-08,CUST-0095,Beta Ltd 95,North,Chandigarh,SUP-025,Orbit Industries 25,North,PROD-0025,Cables Model 1,Electronics,Cables,2,3922.68,0.39,7814.76,6487.91,1326.85,completed,Net-30,Online,4,4.9
ORD-00180,2025-05-27,CUST-0100,Alpha Enterprises 100,North,Lucknow,SUP-040,Orbit Supplies 40,North,PROD-0043,Chemicals Model 3,Raw Materials,Chemicals,7,3394.6,0.0,23762.2,18315.02,5447.18,pending,Wire Transfer,Online,,
ORD-00181,2025-01-04,CUST-0161,Delta Ltd 161,South,Chennai,SUP-016,Nova Manufacturing 16,South,PROD-0056,Films Model 4,Packaging,Films,6,671.71,0.0,4030.26,3368.3,661.96,completed,Letter of Credit,Online,7,3.3
ORD-00182,2024-03-11,CUST-0144,Echo Enterprises 144,Central,Raipur,SUP-009,Nova Supplies 9,Central,PROD-0069,Warehousing Model 1,Logistics Services,Warehousing,1,329.46,0.0,329.46,260.14,69.32,completed,Letter of Credit,Marketplace,10,3.6
ORD-00183,2023-12-06,CUST-0077,Gamma Corp 77,East,Bhubaneswar,SUP-017,Prime Trading 17,East,PROD-0076,Last Mile Model 4,Logistics Services,Last Mile,6,3822.8,11.0,2041.38,19435.64,-1845.75,cancelled,Letter of Credit,Direct Sales,,
ORD-00184,2024-04-19,CUST-0229,Gamma Enterprises 229,Central,Indore,SUP-049,Apex Supplies 49,Central,PROD-0073,Last Mile Model 1,Logistics Services,Last Mile,6,2695.04,0.0,1617.02,8934.72,-169.92,cancelled,Credit Card,Partner,,
ORD-00185,2024-10-25,CUST-0190,Alpha Group 190,North,Jaipur,SUP-055,Summit Solutions 55,North,PROD-0027,Cables Model 3,Electronics,Cables,8,2275.52,0.0,18204.16,11359.79,6844.37,pending,Credit Card,Partner,,
ORD-00186,2025-02-09,CUST-0135,Foxtrot Enterprises 135,North,Chandigarh,SUP-050,Orbit Trading 50,North,PROD-0023,Controllers Model 3,Electronics,Controllers,4,2480.43,0.0,9921.72,6223.27,3698.45,completed,Net-30,Marketplace,9,4.0
ORD-00187,2023-08-31,CUST-0247,Foxtrot Group 247,East,Patna,SUP-001,Summit Industries 1,South,PROD-0065,Freight Model 1,Logistics Services,Freight,2,4839.15,0.37,9642.49,5559.97,4082.52,completed,Credit Card,Marketplace,5,3.5
ORD-00188,2023-04-25,CUST-0246,Alpha Ltd 246,South,Kochi,SUP-046,Apex Supplies 46,South,PROD-0021,Controllers Model 1,Electronics,Controllers,1,2931.4,0.0,0.0,1740.01,-348.0,cancelled,Wire Transfer,Partner,,
ORD-00189,2024-03-19,CUST-0093,Foxtrot Corp 93,West,Pune,SUP-033,Nova Industries 33,West,PROD-0077,Cold Chain Model 1,Logistics Services,Cold Chain,19,2298.89,0.0,43678.91,35259.33,8419.58,pending,UPI,Marketplace,,
ORD-00190,2025-07-17,CUST-0247,Foxtrot Group 247,East,Patna,SUP-032,Prime Industries 32,East,PROD-0077,Cold Chain Model 1,Logistics Services,Cold Chain,1,2052.72,0.0,2052.72,1561.14,491.58,completed,Wire Transfer,Online,6,3.9
ORD-00191,2023-08-29,CUST-0009,Delta Corp 9,Central,Bhopal,SUP-044,Summit Solutions 44,Central,PROD-0054,Films Model 2,Packaging,Films,3,2215.4,0.0,6646.2,5265.19,1381.01,completed,Letter of Credit,Online,10,4.7
ORD-00192,2023-07-20,CUST-0221,Beta Pvt Ltd 221,South,Hyderabad,SUP-026,Zenith Industries 26,South,PROD-0006,Conveyors Model 2,Industrial Equipment,Conveyors,3,4736.59,0.0,0.0,9323.27,-1864.65,cancelled,UPI,Direct Sales,,
ORD-00193,2023-01-15,CUST-0131,Beta Ltd 131,South,Hyderabad,SUP-016,Nova Manufacturing 16,South,PROD-0011,Compressors Model 3,Industrial Equipment,Compressors,4,4809.97,1.16,19016.7,14323.1,4693.6,completed,UPI,Partner,5,4.4
ORD-00194,2025-03-24,CUST-0055,Alpha Group 55,North,Delhi,SUP-055,Summit Solutions 55,North,PROD-0075,Last Mile Model 3,Logistics Services,Last Mile,1,2390.04,0.0,2390.04,1883.56,506.48,completed,UPI,Direct Sales,7,3.4
ORD-00195,2023-11-28,CUST-0190,Alpha Group 190,North,Jaipur,SUP-040,Orbit Supplies 40,North,PROD-0033,Steel Model 1,Raw Materials,Steel,5,2893.97,1.5,14252.8,12202.13,2050.67,completed,Letter of Credit,Online,9,4.6
ORD-00196,2025-03-31,CUST-0083,Foxtrot Enterprises 83,West,Mumbai,SUP-053,Nova Trading 53,West,PROD-0001,Pump Systems Model 1,Industrial Equipment,Pump Systems,10,1904.76,1.22,18815.22,14536.97,4278.25,completed,Letter of Credit,Online,4,3.5
ORD-00197,2023-12-14,CUST-0090,Delta Ltd 90,North,Chandigarh,SUP-029,Prime Solutions 29,Central,PROD-0002,Pump Systems Model 2,Industrial Equipment,Pump Systems,3,892.23,0.0,2676.69,1885.88,790.81,completed,Wire Transfer,Online,5,3.5
ORD-00198,2024-12-13,CUST-0142,Delta Group 142,East,Bhubaneswar,SUP-023,Prime Industries 23,West,PROD-0051,Corrugated Model 3,Packaging,Corrugated,4,5268.14,1.1,20840.76,15283.82,5556.94,completed,Wire Transfer,Marketplace,3,5.0
ORD-00199,2024-05-27,CUST-0207,Foxtrot Enterprises 207,East,Bhubaneswar,SUP-022,Prime Solutions 22,East,PROD-0023,Controllers Model 3,Electronics,Controllers,3,2392.86,1.61,7063.0,4700.48,2362.52,completed,Wire Transfer,Partner,4,2.4
ORD-00200,2024-06-23,CUST-0235,Echo Enterprises 235,North,Chandigarh,SUP-058,Zenith Solutions 58,West,PROD-0076,Last Mile Model 4,Logistics Services,Last Mile,1,4246.29,0.0,4246.29,3366.94,879.35,completed,Net-30,Online,7,4.4
ORD-00201,2024-01-25,CUST-0284,Beta Enterprises 284,Central,Raipur,SUP-031,Apex Supplies 31,South,PROD-0041,Chemicals Model 1,Raw Materials,Chemicals,1,1696.57,0.0,1696.57,1311.22,385.35,completed,Net-30,Direct Sales,4,4.1
ORD-00202,2023-01-14,CUST-0118,Echo Pvt Ltd 118,West,Ahmedabad,SUP-018,Nova Supplies 18,West,PROD-0080,Cold Chain Model 4,Logistics Services,Cold Chain,1,2339.39,0.0,2339.39,1986.4,352.99,completed,UPI,Partner,7,
ORD-00203,2025-09-06,CUST-0162,Delta Enterprises 162,East,Patna,SUP-047,Apex Trading 47,East,PROD-0036,Steel Model 4,Raw Materials,Steel,1,2930.57,0.11,2927.35,2281.03,646.32,completed,Wire Transfer,Marketplace,7,4.0
ORD-00204,2024-07-05,CUST-0062,Echo Corp 62,East,Kolkata,SUP-030,Nova Industries 30,North,PROD-0041,Chemicals Model 1,Raw Materials,Chemicals,2,1776.77,0.0,0.0,2550.74,-510.15,cancelled,UPI,Partner,,
ORD-00205,2024-04-13,CUST-0188,Echo Corp 188,West,Mumbai,SUP-033,Nova Industries 33,West,PROD-0027,Cables Model 3,Electronics,Cables,5,2490.59,1.14,12310.99,8530.25,3780.74,completed,Letter of Credit,Marketplace,8,3.1
ORD-00206,2025-11-24,CUST-0196,Delta Enterprises 196,South,Kochi,SUP-056,Orbit Trading 56,South,PROD-0020,Sensors Model 4,Electronics,Sensors,5,451.87,0.0,2259.35,1896.94,362.41,completed,Net-30,Online,4,4.0
ORD-00207,2024-06-11,CUST-0204,Echo Corp 204,Central,Nagpur,SUP-014,Zenith Solutions 14,Central,PROD-0008,Conveyors Model 4,Industrial Equipment,Conveyors,8,4027.93,10.52,28833.53,25790.86,3042.67,completed,Letter of Credit,Direct Sales,5,4.7
ORD-00208,2025-07-04,CUST-0296,Delta Ltd 296,South,Kochi,SUP-051,Nova Manufacturing 51,South,PROD-0069,Warehousing Model 1,Logistics Services,Warehousing,9,356.12,0.0,3205.08,2625.15,579.93,completed,Wire Transfer,Direct Sales,9,3.7
ORD-00209,2025-06-30,CUST-0173,Delta Corp 173,West,Mumbai,SUP-048,Zenith Trading 48,West,PROD-0074,Last Mile Model 2,Logistics Services,Last Mile,1,4349.62,6.21,4079.51,2542.46,1537.05,completed,Letter of Credit,Marketplace,8,2.5
ORD-00210,2023-07-15,CUST-0212,Delta Group 212,East,Patna,SUP-002,Apex Trading 2,East,PROD-0017,Sensors Model 1,Electronics,Sensors,1,2069.27,0.0,0.0,1192.91,-238.58,cancelled,Credit Card,Marketplace,,
ORD-00211,2023-09-16,CUST-0281,Delta Corp 281,South,Bengaluru,SUP-031,Apex Supplies 31,South,PROD-0068,Freight Model 4,Logistics Services,Freight,4,5189.26,5.49,19617.48,12518.71,7098.77,completed,Net-30,Partner,10,
ORD-00212,2025-06-09,CUST-0244,Gamma Corp 244,Central,Raipur,SUP-044,Summit Solutions 44,Central,PROD-0035,Steel Model 3,Raw Materials,Steel,1,3554.39,16.26,2976.45,2278.13,698.32,pending,Letter of Credit,Partner,,
ORD-00213,2024-12-05,CUST-0178,Beta Enterprises 178,West,Pune,SUP-018,Nova Supplies 18,West,PROD-0012,Compressors Model 4,Industrial Equipment,Compressors,2,2063.92,21.63,3234.99,2475.46,759.53,completed,UPI,Marketplace,6,4.9
ORD-00214,2025-02-13,CUST-0154,Alpha Enterprises 154,Central,Bhopal,SUP-034,Zenith Trading 34,Central,PROD-0038,Polymers Model 2,Raw Materials,Polymers,2,3174.2,1.43,6257.62,4502.43,1755.19,pending,Wire Transfer,Partner,,
ORD-00215,2023-05-21,CUST-0041,Beta Group 41,South,Chennai,SUP-016,Nova Manufacturing 16,South,PROD-0067,Freight Model 3,Logistics Services,Freight,10,4752.26,21.62,37248.21,33843.93,3404.28,completed,Letter of Credit,Marketplace,8,4.6
ORD-00216,2023-11-05,CUST-0140,Alpha Group 140,North,Lucknow,SUP-032,Prime Industries 32,East,PROD-0025,Cables Model 1,Electronics,Cables,3,3732.75,16.45,9356.14,8941.17,414.97,completed,UPI,Partner,9,4.1
ORD-00217,2023-01-26,CUST-0238,Echo Corp 238,West,Mumbai,SUP-003,Nova Supplies 3,West,PROD-0043,Chemicals Model 3,Raw Materials,Chemicals,1,3430.61,0.0,3430.61,2646.64,783.97,completed,UPI,Direct Sales,10,4.9
ORD-00218,2023-11-21,CUST-0018,Alpha Enterprises 18,West,Mumbai,SUP-058,Zenith Solutions 58,West,PROD-0013,CNC Parts Model 1,Industrial Equipment,CNC Parts,4,3178.38,0.0,12713.52,10770.7,1942.82,pending,Credit Card,Online,,
ORD-00219,2025-03-21,CUST-0130,Alpha Ltd 130,North,Jaipur,SUP-025,Orbit Industries 25,North,PROD-0026,Cables Model 2,Electronics,Cables,2,3602.39,1.59,7090.22,4340.54,2749.68,completed,UPI,Direct Sales,7,
ORD-00220,2023-05-03,CUST-0191,Alpha Enterprises 191,South,Hyderabad,SUP-016,Nova Manufacturing 16,South,PROD-0021,Controllers Model 1,Electronics,Controllers,1,3531.31,0.0,3531.31,2224.85,1306.46,completed,Credit Card,Direct Sales,5,4.4
ORD-00221,2024-08-26,CUST-0250,Beta Corp 250,North,Jaipur,SUP-045,Nova Trading 45,North,PROD-0045,Alloys Model 1,Raw Materials,Alloys,1,4888.57,0.97,4841.15,3613.89,1227.26,completed,Letter of Credit,Partner,3,3.9
ORD-00222,2025-11-02,CUST-0166,Delta Group 166,South,Bengaluru,SUP-018,Nova Supplies 18,West,PROD-0077,Cold Chain Model 1,Logistics Services,Cold Chain,3,1994.56,6.08,5619.87,4602.24,1017.63,completed,Net-30,Direct Sales,5,
ORD-00223,2024-10-22,CUST-0165,Beta Group 165,North,Lucknow,SUP-043,Zenith Trading 43,West,PROD-0069,Warehousing Model 1,Logistics Services,Warehousing,2,371.77,0.0,743.54,599.42,144.12,completed,Credit Card,Online,4,4.4
ORD-00224,2025-12-12,CUST-0067,Gamma Corp 67,East,Guwahati,SUP-002,Apex Trading 2,East,PROD-0026,Cables Model 2,Electronics,Cables,3,3549.71,0.0,10649.13,6462.18,4186.95,completed,Wire Transfer,Online,4,
ORD-00225,2024-06-28,CUST-0007,Foxtrot Pvt Ltd 7,East,Patna,SUP-014,Zenith Solutions 14,Central,PROD-0063,Pallets Model 3,Packaging,Pallets,1,3835.38,11.59,3390.86,2755.72,635.14,completed,Credit Card,Direct Sales,2,3.9
ORD-00226,2025-04-30,CUST-0266,Foxtrot Enterprises 266,South,Kochi,SUP-056,Orbit Trading 56,South,PROD-0030,Power Supplies Model 2,Electronics,Power Supplies,2,4506.17,0.0,9012.34,5741.33,3271.01,pending,Credit Card,Partner,,
ORD-00227,2025-06-26,CUST-0235,Echo Enterprises 235,North,Chandigarh,SUP-028,Summit Solutions 28,West,PROD-0014,CNC Parts Model 2,Industrial Equipment,CNC Parts,9,2305.0,0.0,20745.0,15782.19,4962.81,completed,Net-30,Partner,12,3.5
ORD-00228,2025-01-07,CUST-0212,Delta Group 212,East,Patna,SUP-028,Summit Solutions 28,West,PROD-0042,Chemicals Model 2,Raw Materials,Chemicals,1,3103.94,0.0,3103.94,2395.48,708.46,pending,UPI,Marketplace,,
ORD-00229,2025-11-13,CUST-0204,Echo Corp 204,Central,Nagpur,SUP-004,Nova Industries 4,Central,PROD-0037,Polymers Model 1,Raw Materials,Polymers,1,4243.61,0.0,4243.61,2496.86,1746.75,pending,Letter of Credit,Direct Sales,,
ORD-00230,2024-03-21,CUST-0049,Beta Enterprises 49,Central,Indore,SUP-029,Prime Solutions 29,Central,PROD-0020,Sensors Model 4,Electronics,Sensors,1,429.9,0.0,429.9,351.17,78.73,completed,Wire Transfer,Marketplace,6,3.0
ORD-00231,2025-06-08,CUST-0296,Delta Ltd 296,South,Kochi,SUP-007,Zenith Industries 7,East,PROD-0077,Cold Chain Model 1,Logistics Services,Cold Chain,1,2218.32,1.84,217.75,1685.67,-119.38,cancelled,UPI,Online,,
ORD-00232,2023-11-03,CUST-0117,Foxtrot Corp 117,East,Patna,SUP-055,Summit Solutions 55,North,PROD-0078,Cold Chain Model 2,Logistics Services,Cold Chain,5,744.43,0.0,3722.15,2465.1,1257.05,completed,UPI,Marketplace,4,5.0
ORD-00233,2025-03-28,CUST-0295,Gamma Enterprises 295,North,Delhi,SUP-020,Apex Manufacturing 20,North,PROD-0056,Films Model 4,Packaging,Films,5,610.19,0.0,3050.95,2622.13,428.82,completed,Wire Transfer,Direct Sales,6,4.8
ORD-00234,2025-05-30,CUST-0247,Foxtrot Group 247,East,Patna,SUP-037,Prime Supplies 37,East,PROD-0051,Corrugated Model 3,Packaging,Corrugated,4,5584.15,0.0,0.0,15434.13,-3086.83,cancelled,Net-30,Online,,
ORD-00235,2024-12-17,CUST-0058,Beta Corp 58,West,Mumbai,SUP-028,Summit Solutions 28,West,PROD-0047,Alloys Model 3,Raw Materials,Alloys,1,3105.27,0.0,3105.27,2311.1,794.17,completed,Wire Transfer,Marketplace,1,2.7
ORD-00236,2024-08-12,CUST-0023,Foxtrot Pvt Ltd 23,West,Pune,SUP-015,Prime Industries 15,North,PROD-0026,Cables Model 2,Electronics,Cables,1,3789.49,0.49,0.0,2291.21,-458.24,cancelled,Credit Card,Partner,,
ORD-00237,2025-09-16,CUST-0057,Alpha Group 57,East,Bhubaneswar,SUP-037,Prime Supplies 37,East,PROD-0003,Pump Systems Model 3,Industrial Equipment,Pump Systems,1,4609.79,0.0,4609.79,2931.1,1678.69,completed,Credit Card,Marketplace,1,2.6
ORD-00238,2023-01-18,CUST-0299,Echo Enterprises 299,Central,Indore,SUP-034,Zenith Trading 34,Central,PROD-0006,Conveyors Model 2,Industrial Equipment,Conveyors,1,4722.48,0.0,4722.48,2995.6,1726.88,completed,Net-30,Online,11,4.5
ORD-00239,2025-12-24,CUST-0010,Echo Ltd 10,North,Jaipur,SUP-055,Summit Solutions 55,North,PROD-0050,Corrugated Model 2,Packaging,Corrugated,14,758.71,0.0,10621.94,7549.34,3072.6,completed,Letter of Credit,Online,8,4.3
ORD-00240,2024-09-11,CUST-0021,Gamma Group 21,South,Chennai,SUP-041,Orbit Supplies 41,South,PROD-0040,Polymers Model 4,Raw Materials,Polymers,3,3622.32,0.0,10866.96,7840.85,3026.11,completed,Credit Card,Partner,7,5.0
ORD-00241,2024-04-10,CUST-0199,Delta Group 199,Central,Bhopal,SUP-053,Nova Trading 53,West,PROD-0004,Pump Systems Model 4,Industrial Equipment,Pump Systems,8,3428.26,0.18,27376.71,20190.42,7186.29,pending,UPI,Direct Sales,,
ORD-00242,2024-02-19,CUST-0294,Beta Enterprises 294,Central,Raipur,SUP-024,Summit Manufacturing 24,Central,PROD-0078,Cold Chain Model 2,Logistics Services,Cold Chain,3,866.32,0.0,2598.96,1785.17,813.79,completed,Letter of Credit,Direct Sales,8,3.6
ORD-00243,2024-10-14,CUST-0221,Beta Pvt Ltd 221,South,Hyderabad,SUP-050,Orbit Trading 50,North,PROD-0019,Sensors Model 3,Electronics,Sensors,1,4517.86,11.68,0.0,2618.96,-523.79,cancelled,UPI,Marketplace,,
ORD-00244,2024-06-30,CUST-0156,Delta Corp 156,South,Kochi,SUP-051,Nova Manufacturing 51,South,PROD-0036,Steel Model 4,Raw Materials,Steel,5,2697.91,0.0,13489.55,10308.75,3180.8,completed,Wire Transfer,Online,3,3.5
ORD-00245,2024-01-31,CUST-0184,Echo Enterprises 184,Central,Nagpur,SUP-039,Summit Industries 39,Central,PROD-0018,Sensors Model 2,Electronics,Sensors,9,2846.44,12.98,22292.75,17770.86,4521.89,pending,Wire Transfer,Online,,
ORD-00246,2025-09-30,CUST-0210,Foxtrot Ltd 210,North,Lucknow,SUP-001,Summit Industries 1,South,PROD-0035,Steel Model 3,Raw Materials,Steel,1,3145.17,1.85,3086.98,2085.41,1001.57,completed,UPI,Marketplace,4,2.8
ORD-00247,2023-03-20,CUST-0022,Beta Group 22,East,Guwahati,SUP-053,Nova Trading 53,West,PROD-0049,Corrugated Model 1,Packaging,Corrugated,1,4071.1,0.0,407.11,2459.81,-84.85,cancelled,Letter of Credit,Online,,
ORD-00248,2024-09-15,CUST-0232,Beta Ltd 232,East,Kolkata,SUP-002,Apex Trading 2,East,PROD-0032,Power Supplies Model 4,Electronics,Power Supplies,123,1113.77,0.38,136473.13,98253.97,38219.16,pending,Net-30,Marketplace,,
ORD-00249,2023-10-05,CUST-0086,Foxtrot Enterprises 86,South,Chennai,SUP-046,Apex Supplies 46,South,PROD-0007,Conveyors Model 3,Industrial Equipment,Conveyors,3,1791.3,0.0,0.0,4205.94,-841.19,cancelled,UPI,Marketplace,,
ORD-00250,2025-01-13,CUST-0166,Delta Group 166,South,Bengaluru,SUP-011,Apex Solutions 11,South,PROD-0059,Labels Model 3,Packaging,Labels,1,5282.32,0.18,5272.81,4529.63,743.18,pending,Credit Card,Marketplace,,
ORD-00251,2023-11-04,CUST-0262,Foxtrot Enterprises 262,East,Guwahati,SUP-011,Apex Solutions 11,South,PROD-0049,Corrugated Model 1,Packaging,Corrugated,1,4230.27,0.0,4230.27,2590.22,1640.05,pending,Wire Transfer,Direct Sales,,
ORD-00252,2023-09-27,CUST-0092,Gamma Ltd 92,East,Kolkata,SUP-004,Nova Industries 4,Central,PROD-0054,Films Model 2,Packaging,Films,1,2463.31,0.0,2463.31,1876.2,587.11,completed,Credit Card,Marketplace,7,4.1
ORD-00253,2023-06-12,CUST-0255,Delta Corp 255,North,Lucknow,SUP-035,Zenith Trading 35,North,PROD-0001,Pump Systems Model 1,Industrial Equipment,Pump Systems,7,2177.57,0.0,15242.99,11275.66,3967.33,pending,Letter of Credit,Online,,
ORD-00254,2024-09-03,CUST-0126,Delta Enterprises 126,South,Hyderabad,SUP-018,Nova Supplies 18,West,PROD-0080,Cold Chain Model 4,Logistics Services,Cold Chain,5,1888.47,10.07,0.0,8167.8,-1633.56,cancelled,Net-30,Online,,
ORD-00255,2025-01-07,CUST-0026,Beta Ltd 26,South,Bengaluru,SUP-011,Apex Solutions 11,South,PROD-0021,Controllers Model 1,Electronics,Controllers,1,3351.27,0.0,335.13,2098.29,-84.53,cancelled,Credit Card,Online,,
ORD-00256,2024-03-05,CUST-0154,Alpha Enterprises 154,Central,Bhopal,SUP-034,Zenith Trading 34,Central,PROD-0009,Compressors Model 1,Industrial Equipment,Compressors,2,221.6,5.66,418.11,250.68,167.43,completed,Letter of Credit,Online,5,3.2
ORD-00257,2023-09-23,CUST-0248,Delta Corp 248,West,Pune,SUP-039,Summit Industries 39,Central,PROD-0037,Polymers Model 1,Raw Materials,Polymers,4,3853.23,0.0,15412.92,8576.68,6836.24,completed,UPI,Marketplace,4,3.6
ORD-00258,2025-04-27,CUST-0093,Foxtrot Corp 93,West,Pune,SUP-015,Prime Industries 15,North,PROD-0038,Polymers Model 2,Raw Materials,Polymers,4,3393.55,0.0,13574.2,9962.08,3612.12,completed,Wire Transfer,Online,9,4.3
ORD-00259,2023-03-01,CUST-0104,Gamma Pvt Ltd 104,Central,Raipur,SUP-017,Prime Trading 17,East,PROD-0009,Compressors Model 1,Industrial Equipment,Compressors,1,248.59,10.68,222.04,145.01,77.03,completed,UPI,Marketplace,7,3.7
ORD-00260,2023-04-25,CUST-0019,Echo Ltd 19,Central,Indore,SUP-031,Apex Supplies 31,South,PROD-0020,Sensors Model 4,Electronics,Sensors,2,495.55,0.0,99.11,829.29,-66.75,cancelled,Letter of Credit,Partner,,
ORD-00261,2024-09-23,CUST-0290,Beta Enterprises 290,North,Lucknow,SUP-021,Apex Trading 21,South,PROD-0072,Warehousing Model 4,Logistics Services,Warehousing,2,4892.9,12.37,8575.3,6035.27,2540.03,pending,Net-30,Online,,
ORD-00262,2024-02-18,CUST-0140,Alpha Group 140,North,Lucknow,SUP-040,Orbit Supplies 40,North,PROD-0031,Power Supplies Model 3,Electronics,Power Supplies,1,1864.4,0.75,1850.42,1235.75,614.67,completed,UPI,Direct Sales,9,
ORD-00263,2023-09-29,CUST-0098,Foxtrot Ltd 98,West,Surat,SUP-038,Summit Trading 38,West,PROD-0068,Freight Model 4,Logistics Services,Freight,5,5120.79,0.0,25603.95,16473.85,9130.1,completed,Letter of Credit,Online,7,4.3
ORD-00264,2024-10-01,CUST-0003,Echo Corp 3,West,Surat,SUP-003,Nova Supplies 3,West,PROD-0077,Cold Chain Model 1,Logistics Services,Cold Chain,1,1936.72,0.0,1936.72,1520.26,416.46,completed,Wire Transfer,Partner,12,4.3
ORD-00265,2025-11-18,CUST-0103,Alpha Ltd 103,West,Pune,SUP-023,Prime Industries 23,West,PROD-0069,Warehousing Model 1,Logistics Services,Warehousing,11,351.37,0.03,3863.91,3118.95,744.96,completed,Net-30,Direct Sales,10,4.6
ORD-00266,2025-02-24,CUST-0146,Gamma Ltd 146,South,Kochi,SUP-011,Apex Solutions 11,South,PROD-0010,Compressors Model 2,Industrial Equipment,Compressors,4,3208.89,16.81,10677.9,10128.98,548.92,completed,Letter of Credit,Marketplace,9,4.3
ORD-00267,2025-07-22,CUST-0183,Echo Corp 183,West,Mumbai,SUP-018,Nova Supplies 18,West,PROD-0069,Warehousing Model 1,Logistics Services,Warehousing,3,400.38,0.0,1201.14,954.46,246.68,completed,UPI,Direct Sales,5,5.0
ORD-00268,2025-07-17,CUST-0115,Gamma Enterprises 115,North,Chandigarh,SUP-050,Orbit Trading 50,North,PROD-0034,Steel Model 2,Raw Materials,Steel,1,1611.59,0.0,1611.59,1411.16,200.43,completed,UPI,Marketplace,5,4.1
ORD-00269,2025-04-26,CUST-0088,Alpha Ltd 88,West,Mumbai,SUP-028,Summit Solutions 28,West,PROD-0078,Cold Chain Model 2,Logistics Services,Cold Chain,1,894.84,0.0,894.84,597.55,297.29,pending,Wire Transfer,Direct Sales,,
ORD-00270,2024-12-01,CUST-0281,Delta Corp 281,South,Bengaluru,SUP-036,Nova Trading 36,South,PROD-0050,Corrugated Model 2,Packaging,Corrugated,1,737.81,0.0,737.81,521.79,216.02,completed,Credit Card,Marketplace,4,4.0
ORD-00271,2025-02-15,CUST-0059,Foxtrot Ltd 59,Central,Indore,SUP-039,Summit Industries 39,Central,PROD-0042,Chemicals Model 2,Raw Materials,Chemicals,1,3051.6,1.37,3009.79,2321.02,688.77,pending,Net-30,Marketplace,,
ORD-00272,2024-10-10,CUST-0032,Gamma Enterprises 32,East,Bhubaneswar,SUP-012,Nova Solutions 12,East,PROD-0075,Last Mile Model 3,Logistics Services,Last Mile,1,2370.87,15.39,2005.99,1813.19,192.8,completed,UPI,Partner,5,5.0
ORD-00273,2025-04-11,CUST-0046,Alpha Ltd 46,South,Bengaluru,SUP-046,Apex Supplies 46,South,PROD-0066,Freight Model 2,Logistics Services,Freight,1,1096.09,13.25,950.86,624.02,326.84,completed,UPI,Direct Sales,4,4.7
ORD-00274,2025-06-13,CUST-0097,Foxtrot Pvt Ltd 97,East,Bhubaneswar,SUP-027,Orbit Trading 27,East,PROD-0054,Films Model 2,Packaging,Films,1,2268.07,0.29,2261.49,1865.32,396.17,completed,UPI,Marketplace,8,4.0
ORD-00275,2024-04-29,CUST-0218,Beta Ltd 218,West,Pune,SUP-030,Nova Industries 30,North,PROD-0066,Freight Model 2,Logistics Services,Freight,3,1193.93,1.16,3540.24,2066.13,1474.11,completed,Letter of Credit,Partner,6,3.6
ORD-00276,2025-08-10,CUST-0018,Alpha Enterprises 18,West,Mumbai,SUP-037,Prime Supplies 37,East,PROD-0062,Pallets Model 2,Packaging,Pallets,2,3086.05,21.97,481.61,4441.67,-406.72,cancelled,Letter of Credit,Online,,
ORD-00277,2024-10-01,CUST-0268,Delta Corp 268,West,Mumbai,SUP-006,Apex Solutions 6,South,PROD-0032,Power Supplies Model 4,Electronics,Power Supplies,6,1306.41,0.0,7838.46,5678.22,2160.24,completed,Credit Card,Marketplace,2,3.1
ORD-00278,2024-06-17,CUST-0233,Alpha Ltd 233,West,Ahmedabad,SUP-038,Summit Trading 38,West,PROD-0074,Last Mile Model 2,Logistics Services,Last Mile,2,5083.52,0.07,1015.99,6259.62,-235.93,cancelled,Credit Card,Marketplace,,
ORD-00279,2024-07-29,CUST-0297,Alpha Ltd 297,East,Guwahati,SUP-002,Apex Trading 2,East,PROD-0038,Polymers Model 2,Raw Materials,Polymers,3,2805.18,0.0,8415.54,5736.76,2678.78,completed,Letter of Credit,Direct Sales,6,4.6
ORD-00280,2023-06-22,CUST-0078,Foxtrot Group 78,West,Mumbai,SUP-024,Summit Manufacturing 24,Central,PROD-0023,Controllers Model 3,Electronics,Controllers,5,2204.86,0.0,11024.3,6581.02,4443.28,completed,UPI,Marketplace,10,3.9
ORD-00281,2025-09-02,CUST-0197,Gamma Ltd 197,East,Patna,SUP-037,Prime Supplies 37,East,PROD-0022,Controllers Model 2,Electronics,Controllers,7,4173.7,0.11,29183.76,17260.8,11922.96,completed,Letter of Credit,Direct Sales,5,5.0
ORD-00282,2025-12-24,CUST-0195,Echo Group 195,North,Jaipur,SUP-025,Orbit Industries 25,North,PROD-0061,Pallets Model 1,Packaging,Pallets,2,4520.57,0.0,9041.14,4780.41,4260.73,completed,Net-30,Partner,2,2.8
ORD-00283,2024-10-03,CUST-0139,Foxtrot Group 139,Central,Bhopal,SUP-009,Nova Supplies 9,Central,PROD-0033,Steel Model 1,Raw Materials,Steel,4,3094.58,6.04,1163.07,10680.94,-973.12,cancelled,Letter of Credit,Online,,
ORD-00284,2023-03-11,CUST-0005,Echo Pvt Ltd 5,North,Lucknow,SUP-001,Summit Industries 1,South,PROD-0053,Films Model 1,Packaging,Films,3,1305.98,0.0,3917.94,3046.68,871.26,completed,Wire Transfer,Online,8,4.1
ORD-00285,2024-01-13,CUST-0062,Echo Corp 62,East,Kolkata,SUP-047,Apex Trading 47,East,PROD-0017,Sensors Model 1,Electronics,Sensors,37,1984.57,0.0,73429.09,45319.0,28110.09,completed,UPI,Partner,6,4.9
ORD-00286,2024-02-15,CUST-0219,Gamma Group 219,Central,Raipur,SUP-043,Zenith Trading 43,West,PROD-0042,Chemicals Model 2,Raw Materials,Chemicals,6,3070.82,5.36,17437.34,13282.36,4154.98,completed,Wire Transfer,Marketplace,5,3.8
ORD-00287,2023-01-08,CUST-0112,Delta Group 112,East,Kolkata,SUP-007,Zenith Industries 7,East,PROD-0057,Labels Model 1,Packaging,Labels,3,672.24,12.53,176.4,1727.83,-169.17,cancelled,Letter of Credit,Marketplace,,
ORD-00288,2025-01-05,CUST-0245,Gamma Pvt Ltd 245,North,Chandigarh,SUP-060,Nova Supplies 60,North,PROD-0009,Compressors Model 1,Industrial Equipment,Compressors,1,244.17,0.0,244.17,134.03,110.14,pending,Net-30,Partner,,
ORD-00289,2024-02-20,CUST-0206,Delta Group 206,South,Kochi,SUP-051,Nova Manufacturing 51,South,PROD-0012,Compressors Model 4,Industrial Equipment,Compressors,13,2022.56,0.0,26293.28,15643.92,10649.36,completed,Wire Transfer,Partner,7,4.3
ORD-00290,2024-05-03,CUST-0200,Gamma Corp 200,North,Lucknow,SUP-041,Orbit Supplies 41,South,PROD-0046,Alloys Model 2,Raw Materials,Alloys,1,1711.61,5.05,1625.17,1225.71,399.46,completed,Net-30,Marketplace,5,4.1
ORD-00291,2024-04-22,CUST-0274,Foxtrot Enterprises 274,Central,Raipur,SUP-052,Zenith Manufacturing 52,East,PROD-0058,Labels Model 2,Packaging,Labels,5,4607.17,0.0,23035.85,17054.14,5981.71,completed,Credit Card,Marketplace,7,4.0
ORD-00292,2025-10-15,CUST-0024,Foxtrot Pvt Ltd 24,Central,Raipur,SUP-054,Nova Supplies 54,Central,PROD-0017,Sensors Model 1,Electronics,Sensors,1,1932.22,1.64,1900.53,1101.95,798.58,completed,Wire Transfer,Marketplace,3,
ORD-00293,2024-11-18,CUST-0173,Delta Corp 173,West,Mumbai,SUP-048,Zenith Trading 48,West,PROD-0052,Corrugated Model 4,Packaging,Corrugated,1,4738.5,6.53,4429.08,3821.98,607.1,completed,Wire Transfer,Partner,9,4.3
ORD-00294,2023-01-15,CUST-0284,Beta Enterprises 284,Central,Raipur,SUP-019,Prime Industries 19,Central,PROD-0075,Last Mile Model 3,Logistics Services,Last Mile,4,2156.52,0.0,8626.08,6207.78,2418.3,completed,Net-30,Marketplace,7,4.4
ORD-00295,2023-06-30,CUST-0244,Gamma Corp 244,Central,Raipur,SUP-014,Zenith Solutions 14,Central,PROD-0019,Sensors Model 3,Electronics,Sensors,1,3813.31,1.19,0.0,2341.56,-468.31,cancelled,Net-30,Partner,,
ORD-00296,2024-03-02,CUST-0215,Gamma Pvt Ltd 215,North,Jaipur,SUP-020,Apex Manufacturing 20,North,PROD-0025,Cables Model 1,Electronics,Cables,12,4624.54,0.0,55494.48,45362.7,10131.78,completed,UPI,Marketplace,6,4.6
ORD-00297,2023-08-02,CUST-0091,Gamma Pvt Ltd 91,South,Bengaluru,SUP-001,Summit Industries 1,South,PROD-0007,Conveyors Model 3,Industrial Equipment,Conveyors,2,1557.37,0.0,0.0,2477.71,-495.54,cancelled,Credit Card,Direct Sales,,
ORD-00298,2024-10-29,CUST-0081,Foxtrot Pvt Ltd 81,South,Chennai,SUP-032,Prime Industries 32,East,PROD-0066,Freight Model 2,Logistics Services,Freight,1,1220.95,0.0,1220.95,675.18,545.77,completed,Wire Transfer,Marketplace,7,4.4
ORD-00299,2025-07-26,CUST-0103,Alpha Ltd 103,West,Pune,SUP-018,Nova Supplies 18,West,PROD-0010,Compressors Model 2,Industrial Equipment,Compressors,3,3202.71,15.36,8132.32,7838.55,293.77,completed,Wire Transfer,Partner,6,3.1
ORD-00300,2023-12-15,CUST-0066,Beta Pvt Ltd 66,South,Kochi,SUP-046,Apex Supplies 46,South,PROD-0008,Conveyors Model 4,Industrial Equipment,Conveyors,3,3755.31,0.0,11265.93,9239.5,2026.43,completed,UPI,Marketplace,3,3.7
ORD-00301,2023-11-02,CUST-0111,Echo Group 111,South,Kochi,SUP-036,Nova Trading 36,South,PROD-0036,Steel Model 4,Raw Materials,Steel,12,2742.04,6.78,30673.56,25095.44,5578.12,completed,Credit Card,Online,12,3.3
ORD-00302,2024-05-07,CUST-0241,Beta Ltd 241,South,Chennai,SUP-033,Nova Industries 33,West,PROD-0005,Conveyors Model 1,Industrial Equipment,Conveyors,3,4690.75,0.0,14072.25,11284.12,2788.13,completed,UPI,Direct Sales,11,4.7
ORD-00303,2023-02-19,CUST-0068,Delta Group 68,West,Mumbai,SUP-018,Nova Supplies 18,West,PROD-0012,Compressors Model 4,Industrial Equipment,Compressors,3,2364.84,0.0,7094.52,4213.18,2881.34,completed,UPI,Direct Sales,10,4.0
ORD-00304,2024-07-06,CUST-0190,Alpha Group 190,North,Jaipur,SUP-046,Apex Supplies 46,South,PROD-0001,Pump Systems Model 1,Industrial Equipment,Pump Systems,4,2230.54,0.0,8922.16,6524.34,2397.82,completed,Wire Transfer,Online,5,3.2
ORD-00305,2023-05-18,CUST-0172,Delta Pvt Ltd 172,East,Patna,SUP-004,Nova Industries 4,Central,PROD-0066,Freight Model 2,Logistics Services,Freight,2,1202.27,0.0,0.0,1279.0,-255.8,cancelled,Letter of Credit,Direct Sales,,
ORD-00306,2024-04-06,CUST-0071,Gamma Corp 71,South,Chennai,SUP-016,Nova Manufacturing 16,South,PROD-0070,Warehousing Model 2,Logistics Services,Warehousing,7,4952.31,0.0,34666.17,22659.62,12006.55,completed,UPI,Partner,4,5.0
ORD-00307,2024-08-21,CUST-0028,Echo Ltd 28,West,Pune,SUP-028,Summit Solutions 28,West,PROD-0058,Labels Model 2,Packaging,Labels,3,4383.26,0.0,13149.78,10417.65,2732.13,completed,Credit Card,Direct Sales,4,4.3
ORD-00308,2024-08-23,CUST-0235,Echo Enterprises 235,North,Chandigarh,SUP-035,Zenith Trading 35,North,PROD-0023,Controllers Model 3,Electronics,Controllers,1,2185.7,6.04,2053.68,1386.09,667.59,completed,UPI,Partner,3,4.6
ORD-00309,2025-09-22,CUST-0216,Alpha Ltd 216,South,Chennai,SUP-051,Nova Manufacturing 51,South,PROD-0003,Pump Systems Model 3,Industrial Equipment,Pump Systems,3,5064.13,0.0,15192.39,10182.8,5009.59,completed,UPI,Marketplace,3,3.5
ORD-00310,2024-12-24,CUST-0156,Delta Corp 156,South,Kochi,SUP-021,Apex Trading 21,South,PROD-0022,Controllers Model 2,Electronics,Controllers,1,5220.34,0.0,5220.34,2955.2,2265.14,completed,Wire Transfer,Partner,5,5.0
ORD-00311,2024-12-05,CUST-0094,Echo Enterprises 94,Central,Nagpur,SUP-054,Nova Supplies 54,Central,PROD-0020,Sensors Model 4,Electronics,Sensors,2,425.5,21.41,668.8,701.8,-33.0,completed,Letter of Credit,Partner,8,4.7
ORD-00312,2024-08-28,CUST-0063,Foxtrot Group 63,West,Surat,SUP-026,Zenith Industries 26,South,PROD-0064,Pallets Model 4,Packaging,Pallets,1,2884.86,21.95,2251.63,2259.66,-8.03,completed,Letter of Credit,Direct Sales,4,4.2
ORD-00313,2024-03-27,CUST-0290,Beta Enterprises 290,North,Lucknow,SUP-060,Nova Supplies 60,North,PROD-0057,Labels Model 1,Packaging,Labels,9,840.13,20.23,6031.55,6049.2,-17.65,completed,Wire Transfer,Direct Sales,5,
ORD-00314,2024-10-12,CUST-0143,Delta Group 143,West,Ahmedabad,SUP-008,Apex Industries 8,West,PROD-0069,Warehousing Model 1,Logistics Services,Warehousing,2,334.56,0.0,669.12,517.1,152.02,completed,Net-30,Marketplace,4,
ORD-00315,2023-06-29,CUST-0076,Foxtrot Corp 76,South,Hyderabad,SUP-028,Summit Solutions 28,West,PROD-0048,Alloys Model 4,Raw Materials,Alloys,2,490.13,0.0,980.26,649.36,330.9,completed,UPI,Marketplace,8,5.0
ORD-00316,2023-05-16,CUST-0148,Gamma Enterprises 148,West,Pune,SUP-058,Zenith Solutions 58,West,PROD-0055,Films Model 3,Packaging,Films,3,3565.48,0.0,1069.64,7226.12,-375.58,cancelled,Letter of Credit,Marketplace,,
ORD-00317,2025-02-20,CUST-0046,Alpha Ltd 46,South,Bengaluru,SUP-051,Nova Manufacturing 51,South,PROD-0035,Steel Model 3,Raw Materials,Steel,1,3447.12,0.0,3447.12,2114.21,1332.91,completed,Net-30,Partner,6,4.9
ORD-00318,2023-09-12,CUST-0253,Foxtrot Pvt Ltd 253,West,Surat,SUP-038,Summit Trading 38,West,PROD-0029,Power Supplies Model 1,Electronics,Power Supplies,5,2096.66,0.0,10483.3,6641.85,3841.45,completed,UPI,Direct Sales,3,2.9
ORD-00319,2023-09-02,CUST-0015,Alpha Corp 15,North,Lucknow,SUP-025,Orbit Industries 25,North,PROD-0064,Pallets Model 4,Packaging,Pallets,4,3002.8,6.26,11259.3,9546.7,1712.6,completed,Net-30,Direct Sales,3,
ORD-00320,2023-06-07,CUST-0298,Alpha Enterprises 298,West,Ahmedabad,SUP-028,Summit Solutions 28,West,PROD-0060,Labels Model 4,Packaging,Labels,1,3904.34,10.1,0.0,2522.16,-504.43,cancelled,Letter of Credit,Direct Sales,,
ORD-00321,2025-01-12,CUST-0094,Echo Enterprises 94,Central,Nagpur,SUP-039,Summit Industries 39,Central,PROD-0022,Controllers Model 2,Electronics,Controllers,2,5076.74,0.0,10153.48,5882.77,4270.71,pending,Credit Card,Partner,,
ORD-00322,2024-01-21,CUST-0074,Echo Group 74,Central,Nagpur,SUP-044,Summit Solutions 44,Central,PROD-0037,Polymers Model 1,Raw Materials,Polymers,6,4222.65,5.31,23990.56,13908.5,10082.06,completed,Letter of Credit,Online,8,3.2
ORD-00323,2024-09-15,CUST-0214,Gamma Enterprises 214,Central,Nagpur,SUP-009,Nova Supplies 9,Central,PROD-0015,CNC Parts Model 3,Industrial Equipment,CNC Parts,1,4226.91,21.53,3316.86,2345.48,971.38,completed,Wire Transfer,Direct Sales,12,4.3
ORD-00324,2023-03-29,CUST-0158,Echo Enterprises 158,West,Mumbai,SUP-013,Zenith Supplies 13,West,PROD-0011,Compressors Model 3,Industrial Equipment,Compressors,12,4585.46,0.0,55025.52,43687.42,11338.1,completed,Letter of Credit,Online,7,4.3
ORD-00325,2023-10-26,CUST-0241,Beta Ltd 241,South,Chennai,SUP-021,Apex Trading 21,South,PROD-0006,Conveyors Model 2,Industrial Equipment,Conveyors,4,4088.58,0.0,16354.32,10348.12,6006.2,completed,Net-30,Partner,11,2.7
ORD-00326,2024-01-28,CUST-0083,Foxtrot Enterprises 83,West,Mumbai,SUP-050,Orbit Trading 50,North,PROD-0079,Cold Chain Model 3,Logistics Services,Cold Chain,3,596.82,0.0,1790.46,1251.2,539.26,completed,Credit Card,Online,8,4.0
ORD-00327,2025-11-19,CUST-0110,Gamma Pvt Ltd 110,North,Lucknow,SUP-055,Summit Solutions 55,North,PROD-0061,Pallets Model 1,Packaging,Pallets,4,4234.94,11.96,14913.76,9316.34,5597.42,completed,Credit Card,Marketplace,7,4.4
ORD-00328,2024-09-30,CUST-0057,Alpha Group 57,East,Bhubaneswar,SUP-037,Prime Supplies 37,East,PROD-0047,Alloys Model 3,Raw Materials,Alloys,1,2687.02,0.0,0.0,2044.39,-408.88,cancelled,UPI,Direct Sales,,
ORD-00329,2023-08-04,CUST-0284,Beta Enterprises 284,Central,Raipur,SUP-034,Zenith Trading 34,Central,PROD-0025,Cables Model 1,Electronics,Cables,2,3810.41,0.0,7620.82,6246.62,1374.2,completed,Credit Card,Direct Sales,4,4.6
ORD-00330,2024-07-13,CUST-0203,Gamma Pvt Ltd 203,West,Ahmedabad,SUP-048,Zenith Trading 48,West,PROD-0014,CNC Parts Model 2,Industrial Equipment,CNC Parts,1,2577.9,13.45,223.12,1911.27,-159.13,cancelled,UPI,Partner,,
ORD-00331,2023-03-02,CUST-0244,Gamma Corp 244,Central,Raipur,SUP-026,Zenith Industries 26,South,PROD-0063,Pallets Model 3,Packaging,Pallets,1,3133.75,15.46,2649.27,2459.86,189.41,pending,Credit Card,Online,,
ORD-00332,2025-11-30,CUST-0035,Beta Corp 35,North,Lucknow,SUP-005,Summit Solutions 5,North,PROD-0023,Controllers Model 3,Electronics,Controllers,4,2275.98,0.0,9103.92,5849.13,3254.79,completed,UPI,Marketplace,7,2.9
ORD-00333,2024-09-12,CUST-0259,Foxtrot Pvt Ltd 259,Central,Indore,SUP-029,Prime Solutions 29,Central,PROD-0070,Warehousing Model 2,Logistics Services,Warehousing,1,5066.78,0.07,5063.23,3264.46,1798.77,pending,Wire Transfer,Marketplace,,
ORD-00334,2025-08-20,CUST-0221,Beta Pvt Ltd 221,South,Hyderabad,SUP-056,Orbit Trading 56,South,PROD-0050,Corrugated Model 2,Packaging,Corrugated,8,720.13,0.0,5761.04,4116.99,1644.05,completed,UPI,Partner,1,4.3
ORD-00335,2023-02-25,CUST-0254,Gamma Group 254,Central,Raipur,SUP-034,Zenith Trading 34,Central,PROD-0079,Cold Chain Model 3,Logistics Services,Cold Chain,2,492.24,0.0,98.45,675.62,-36.67,cancelled,Net-30,Marketplace,,
ORD-00336,2024-09-16,CUST-0050,Delta Pvt Ltd 50,North,Delhi,SUP-030,Nova Industries 30,North,PROD-0053,Films Model 1,Packaging,Films,1,1267.34,1.82,1244.27,966.68,277.59,completed,Credit Card,Marketplace,8,4.4
ORD-00337,2025-09-27,CUST-0217,Alpha Group 217,East,Patna,SUP-032,Prime Industries 32,East,PROD-0035,Steel Model 3,Raw Materials,Steel,6,3792.7,12.64,19879.82,13810.89,6068.93,completed,Letter of Credit,Partner,10,4.7
ORD-00338,2024-08-11,CUST-0086,Foxtrot Enterprises 86,South,Chennai,SUP-024,Summit Manufacturing 24,Central,PROD-0056,Films Model 4,Packaging,Films,3,680.11,0.0,2040.33,1717.7,322.63,completed,Wire Transfer,Online,6,4.7
ORD-00339,2024-09-06,CUST-0297,Alpha Ltd 297,East,Guwahati,SUP-027,Orbit Trading 27,East,PROD-0035,Steel Model 3,Raw Materials,Steel,4,3330.66,1.3,13149.45,8257.56,4891.89,completed,UPI,Partner,3,4.5
ORD-00340,2025-08-15,CUST-0264,Gamma Pvt Ltd 264,Central,Raipur,SUP-044,Summit Solutions 44,Central,PROD-0024,Controllers Model 4,Electronics,Controllers,4,1243.75,0.0,4975.0,2794.5,2180.5,completed,UPI,Online,6,5.0
ORD-00341,2024-02-21,CUST-0268,Delta Corp 268,West,Mumbai,SUP-038,Summit Trading 38,West,PROD-0019,Sensors Model 3,Electronics,Sensors,1,3873.92,11.72,3419.9,2423.93,995.97,completed,Wire Transfer,Partner,8,3.6
ORD-00342,2023-03-01,CUST-0121,Delta Enterprises 121,South,Chennai,SUP-006,Apex Solutions 6,South,PROD-0020,Sensors Model 4,Electronics,Sensors,1,506.06,0.4,504.04,401.21,102.83,completed,Wire Transfer,Online,6,5.0
ORD-00343,2025-03-23,CUST-0249,Foxtrot Ltd 249,Central,Bhopal,SUP-004,Nova Industries 4,Central,PROD-0011,Compressors Model 3,Industrial Equipment,Compressors,10,5611.38,11.34,49750.5,45109.08,4641.42,completed,Credit Card,Online,11,3.7
ORD-00344,2025-03-09,CUST-0268,Delta Corp 268,West,Mumbai,SUP-038,Summit Trading 38,West,PROD-0068,Freight Model 4,Logistics Services,Freight,3,4809.34,0.0,14428.02,8727.63,5700.39,completed,Wire Transfer,Direct Sales,8,3.0
ORD-00345,2024-05-19,CUST-0055,Alpha Group 55,North,Delhi,SUP-025,Orbit Industries 25,North,PROD-0057,Labels Model 1,Packaging,Labels,1,763.62,0.63,758.81,636.51,122.3,completed,Net-30,Marketplace,13,3.8
ORD-00346,2024-05-05,CUST-0189,Echo Enterprises 189,Central,Nagpur,SUP-002,Apex Trading 2,East,PROD-0078,Cold Chain Model 2,Logistics Services,Cold Chain,15,925.07,0.0,13876.05,9629.2,4246.85,completed,Net-30,Online,6,4.8
ORD-00347,2025-04-12,CUST-0274,Foxtrot Enterprises 274,Central,Raipur,SUP-055,Summit Solutions 55,North,PROD-0057,Labels Model 1,Packaging,Labels,5,832.52,16.26,3485.76,3629.05,-143.29,completed,UPI,Marketplace,7,3.6
ORD-00348,2024-10-31,CUST-0212,Delta Group 212,East,Patna,SUP-022,Prime Solutions 22,East,PROD-0055,Films Model 3,Packaging,Films,1,3615.29,13.2,3138.07,2429.61,708.46,completed,Wire Transfer,Marketplace,6,
ORD-00349,2023-09-24,CUST-0070,Echo Pvt Ltd 70,North,Chandigarh,SUP-020,Apex Manufacturing 20,North,PROD-0040,Polymers Model 4,Raw Materials,Polymers,3,3853.8,0.0,11561.4,8690.84,2870.56,completed,Net-30,Marketplace,9,3.2
ORD-00350,2025-02-11,CUST-0245,Gamma Pvt Ltd 245,North,Chandigarh,SUP-009,Nova Supplies 9,Central,PROD-0034,Steel Model 2,Raw Materials,Steel,17,1662.35,12.74,24659.63,23580.13,1079.5,completed,Credit Card,Direct Sales,12,3.6
ORD-00351,2023-01-29,CUST-0046,Alpha Ltd 46,South,Bengaluru,SUP-013,Zenith Supplies 13,West,PROD-0034,Steel Model 2,Raw Materials,Steel,5,1416.65,0.0,0.0,5776.83,-1155.37,cancelled,Letter of Credit,Marketplace,,
ORD-00352,2025-10-09,CUST-0233,Alpha Ltd 233,West,Ahmedabad,SUP-032,Prime Industries 32,East,PROD-0016,CNC Parts Model 4,Industrial Equipment,CNC Parts,4,4451.8,0.0,17807.2,11120.28,6686.92,completed,Wire Transfer,Partner,4,4.6
ORD-00353,2025-07-27,CUST-0097,Foxtrot Pvt Ltd 97,East,Bhubaneswar,SUP-032,Prime Industries 32,East,PROD-0019,Sensors Model 3,Electronics,Sensors,2,4189.18,0.0,8378.36,4969.71,3408.65,completed,UPI,Direct Sales,9,4.5
ORD-00354,2024-12-26,CUST-0197,Gamma Ltd 197,East,Patna,SUP-048,Zenith Trading 48,West,PROD-0077,Cold Chain Model 1,Logistics Services,Cold Chain,1,1939.89,0.0,1939.89,1494.56,445.33,completed,Letter of Credit,Online,14,4.1
ORD-00355,2025-12-22,CUST-0003,Echo Corp 3,West,Surat,SUP-048,Zenith Trading 48,West,PROD-0049,Corrugated Model 1,Packaging,Corrugated,1,3693.01,0.0,3693.01,2134.41,1558.6,completed,Wire Transfer,Marketplace,4,4.3
ORD-00356,2025-06-11,CUST-0144,Echo Enterprises 144,Central,Raipur,SUP-060,Nova Supplies 60,North,PROD-0056,Films Model 4,Packaging,Films,7,686.69,0.0,4806.83,4039.14,767.69,completed,Wire Transfer,Marketplace,9,3.7
ORD-00357,2025-09-20,CUST-0028,Echo Ltd 28,West,Pune,SUP-003,Nova Supplies 3,West,PROD-0030,Power Supplies Model 2,Electronics,Power Supplies,1,4558.13,15.08,3870.76,2739.51,1131.25,completed,Wire Transfer,Online,5,4.2
ORD-00358,2023-01-09,CUST-0179,Echo Ltd 179,Central,Indore,SUP-024,Summit Manufacturing 24,Central,PROD-0024,Controllers Model 4,Electronics,Controllers,1,1272.09,0.0,1272.09,709.26,562.83,completed,Credit Card,Direct Sales,3,4.0
ORD-00359,2025-09-09,CUST-0256,Delta Pvt Ltd 256,South,Bengaluru,SUP-057,Summit Solutions 57,East,PROD-0043,Chemicals Model 3,Raw Materials,Chemicals,1,4097.29,10.31,3674.86,2935.41,739.45,completed,Credit Card,Partner,1,4.6
ORD-00360,2023-05-25,CUST-0023,Foxtrot Pvt Ltd 23,West,Pune,SUP-029,Prime Solutions 29,Central,PROD-0042,Chemicals Model 2,Raw Materials,Chemicals,5,3485.16,0.0,1742.58,12842.44,-825.91,cancelled,Letter of Credit,Marketplace,,
ORD-00361,2025-06-04,CUST-0048,Beta Enterprises 48,West,Surat,SUP-013,Zenith Supplies 13,West,PROD-0031,Power Supplies Model 3,Electronics,Power Supplies,6,2139.63,0.24,12806.97,8913.61,3893.36,completed,Letter of Credit,Direct Sales,6,2.5
ORD-00362,2025-01-24,CUST-0184,Echo Enterprises 184,Central,Nagpur,SUP-054,Nova Supplies 54,Central,PROD-0048,Alloys Model 4,Raw Materials,Alloys,1,494.68,12.18,434.43,313.42,121.01,pending,Letter of Credit,Direct Sales,,
ORD-00363,2025-10-11,CUST-0223,Gamma Corp 223,West,Pune,SUP-006,Apex Solutions 6,South,PROD-0006,Conveyors Model 2,Industrial Equipment,Conveyors,2,4114.62,0.0,8229.24,5275.76,2953.48,pending,Letter of Credit,Online,,
ORD-00364,2024-08-28,CUST-0149,Foxtrot Pvt Ltd 149,Central,Indore,SUP-009,Nova Supplies 9,Central,PROD-0062,Pallets Model 2,Packaging,Pallets,1,3046.25,0.0,3046.25,2095.88,950.37,completed,Letter of Credit,Online,3,3.7
ORD-00365,2025-08-05,CUST-0262,Foxtrot Enterprises 262,East,Guwahati,SUP-007,Zenith Industries 7,East,PROD-0060,Labels Model 4,Packaging,Labels,20,3987.8,0.0,0.0,54031.18,-10806.24,cancelled,Wire Transfer,Direct Sales,,
ORD-00366,2024-01-19,CUST-0202,Beta Pvt Ltd 202,East,Guwahati,SUP-032,Prime Industries 32,East,PROD-0039,Polymers Model 3,Raw Materials,Polymers,4,4831.34,0.0,19325.36,11999.51,7325.85,completed,Net-30,Online,7,4.4
ORD-00367,2024-09-12,CUST-0223,Gamma Corp 223,West,Pune,SUP-003,Nova Supplies 3,West,PROD-0051,Corrugated Model 3,Packaging,Corrugated,2,5171.92,0.0,10343.84,7502.17,2841.67,completed,UPI,Partner,1,2.8
ORD-00368,2025-06-11,CUST-0045,Alpha Group 45,North,Delhi,SUP-005,Summit Solutions 5,North,PROD-0025,Cables Model 1,Electronics,Cables,16,3819.41,16.3,51149.54,50883.52,266.02,completed,Credit Card,Partner,10,2.9
ORD-00369,2025-07-09,CUST-0238,Echo Corp 238,West,Mumbai,SUP-033,Nova Industries 33,West,PROD-0003,Pump Systems Model 3,Industrial Equipment,Pump Systems,1,5214.28,0.0,5214.28,3387.77,1826.51,completed,UPI,Online,5,3.9
ORD-00370,2025-09-25,CUST-0171,Gamma Enterprises 171,South,Hyderabad,SUP-051,Nova Manufacturing 51,South,PROD-0056,Films Model 4,Packaging,Films,25,650.45,0.0,16261.25,13355.64,2905.61,completed,UPI,Direct Sales,4,4.6
ORD-00371,2024-12-11,CUST-0032,Gamma Enterprises 32,East,Bhubaneswar,SUP-032,Prime Industries 32,East,PROD-0074,Last Mile Model 2,Logistics Services,Last Mile,3,4717.66,0.0,14152.98,8039.91,6113.07,completed,Wire Transfer,Marketplace,3,4.3
ORD-00372,2023-09-26,CUST-0177,Echo Ltd 177,East,Kolkata,SUP-042,Nova Manufacturing 42,East,PROD-0029,Power Supplies Model 1,Electronics,Power Supplies,8,2258.98,0.0,18071.84,11472.72,6599.12,pending,Net-30,Marketplace,,
ORD-00373,2024-02-13,CUST-0214,Gamma Enterprises 214,Central,Nagpur,SUP-044,Summit Solutions 44,Central,PROD-0047,Alloys Model 3,Raw Materials,Alloys,1,2745.23,1.33,2708.72,2034.65,674.07,completed,UPI,Partner,8,4.8
ORD-00374,2023-03-07,CUST-0121,Delta Enterprises 121,South,Chennai,SUP-001,Summit Industries 1,South,PROD-0003,Pump Systems Model 3,Industrial Equipment,Pump Systems,8,4555.02,0.0,36440.16,24679.83,11760.33,completed,Wire Transfer,Online,7,3.5
ORD-00375,2023-08-02,CUST-0288,Alpha Pvt Ltd 288,West,Ahmedabad,SUP-023,Prime Industries 23,West,PROD-0044,Chemicals Model 4,Raw Materials,Chemicals,2,4701.34,1.71,9241.89,7203.12,2038.77,completed,UPI,Online,5,2.6
ORD-00376,2024-08-21,CUST-0055,Alpha Group 55,North,Delhi,SUP-040,Orbit Supplies 40,North,PROD-0014,CNC Parts Model 2,Industrial Equipment,CNC Parts,4,2115.39,6.82,7884.48,6195.52,1688.96,completed,Credit Card,Direct Sales,5,3.0
ORD-00377,2025-01-08,CUST-0187,Foxtrot Pvt Ltd 187,East,Kolkata,SUP-012,Nova Solutions 12,East,PROD-0016,CNC Parts Model 4,Industrial Equipment,CNC Parts,8,3877.93,5.74,29242.69,20297.7,8944.99,completed,Letter of Credit,Marketplace,5,3.7
ORD-00378,2023-05-23,CUST-0117,Foxtrot Corp 117,East,Patna,SUP-032,Prime Industries 32,East,PROD-0053,Films Model 1,Packaging,Films,3,1501.71,1.44,4440.26,3598.65,841.61,completed,Wire Transfer,Marketplace,9,4.4
ORD-00379,2024-09-15,CUST-0032,Gamma Enterprises 32,East,Bhubaneswar,SUP-002,Apex Trading 2,East,PROD-0020,Sensors Model 4,Electronics,Sensors,8,454.09,13.77,3132.49,3006.22,126.27,pending,Net-30,Partner,,
ORD-00380,2024-12-08,CUST-0005,Echo Pvt Ltd 5,North,Lucknow,SUP-058,Zenith Solutions 58,West,PROD-0068,Freight Model 4,Logistics Services,Freight,2,4745.91,0.0,9491.82,5939.81,3552.01,pending,UPI,Direct Sales,,
ORD-00381,2023-07-10,CUST-0155,Gamma Group 155,North,Lucknow,SUP-045,Nova Trading 45,North,PROD-0043,Chemicals Model 3,Raw Materials,Chemicals,12,3370.73,0.0,40448.76,29592.21,10856.55,completed,Wire Transfer,Online,4,4.1
ORD-00382,2023-05-03,CUST-0015,Alpha Corp 15,North,Lucknow,SUP-035,Zenith Trading 35,North,PROD-0076,Last Mile Model 4,Logistics Services,Last Mile,1,4032.89,0.0,4032.89,3231.6,801.29,completed,Credit Card,Online,8,3.6
ORD-00383,2025-12-28,CUST-0064,Gamma Ltd 64,Central,Nagpur,SUP-049,Apex Supplies 49,Central,PROD-0001,Pump Systems Model 1,Industrial Equipment,Pump Systems,2,2259.13,0.0,4518.26,3444.98,1073.28,completed,Letter of Credit,Direct Sales,8,3.7
ORD-00384,2025-05-21,CUST-0194,Delta Ltd 194,Central,Bhopal,SUP-019,Prime Industries 19,Central,PROD-0014,CNC Parts Model 2,Industrial Equipment,CNC Parts,3,2458.79,0.0,7376.37,5395.09,1981.28,completed,Wire Transfer,Marketplace,7,
ORD-00385,2025-09-29,CUST-0110,Gamma Pvt Ltd 110,North,Lucknow,SUP-030,Nova Industries 30,North,PROD-0068,Freight Model 4,Logistics Services,Freight,4,4574.55,16.27,15321.08,11839.22,3481.86,completed,Letter of Credit,Direct Sales,6,3.4
ORD-00386,2023-09-01,CUST-0249,Foxtrot Ltd 249,Central,Bhopal,SUP-009,Nova Supplies 9,Central,PROD-0066,Freight Model 2,Logistics Services,Freight,3,1224.15,1.89,3603.04,2020.66,1582.38,completed,Letter of Credit,Partner,4,3.7
ORD-00387,2024-09-16,CUST-0021,Gamma Group 21,South,Chennai,SUP-006,Apex Solutions 6,South,PROD-0048,Alloys Model 4,Raw Materials,Alloys,2,464.18,0.0,928.36,566.03,362.33,completed,UPI,Online,8,3.8
ORD-00388,2023-09-29,CUST-0063,Foxtrot Group 63,West,Surat,SUP-008,Apex Industries 8,West,PROD-0006,Conveyors Model 2,Industrial Equipment,Conveyors,3,4360.09,12.95,11386.38,8876.44,2509.94,completed,UPI,Marketplace,7,3.3
ORD-00389,2023-04-04,CUST-0077,Gamma Corp 77,East,Bhubaneswar,SUP-021,Apex Trading 21,South,PROD-0012,Compressors Model 4,Industrial Equipment,Compressors,5,2191.15,0.0,10955.75,6246.99,4708.76,completed,Credit Card,Direct Sales,13,3.7
ORD-00390,2023-04-19,CUST-0013,Echo Group 13,West,Pune,SUP-058,Zenith Solutions 58,West,PROD-0040,Polymers Model 4,Raw Materials,Polymers,6,3689.17,0.0,22135.02,16273.27,5861.75,pending,Letter of Credit,Direct Sales,,
ORD-00391,2023-02-17,CUST-0244,Gamma Corp 244,Central,Raipur,SUP-004,Nova Industries 4,Central,PROD-0016,CNC Parts Model 4,Industrial Equipment,CNC Parts,1,4477.46,21.21,0.0,2828.61,-565.72,cancelled,Net-30,Marketplace,,
ORD-00392,2023-11-12,CUST-0093,Foxtrot Corp 93,West,Pune,SUP-043,Zenith Trading 43,West,PROD-0041,Chemicals Model 1,Raw Materials,Chemicals,2,1659.14,0.37,3306.0,2524.77,781.23,completed,Letter of Credit,Partner,5,4.8
ORD-00393,2024-05-05,CUST-0093,Foxtrot Corp 93,West,Pune,SUP-003,Nova Supplies 3,West,PROD-0039,Polymers Model 3,Raw Materials,Polymers,7,5138.31,0.0,35968.17,21845.77,14122.4,completed,Letter of Credit,Marketplace,7,3.2
ORD-00394,2023-07-27,CUST-0059,Foxtrot Ltd 59,Central,Indore,SUP-029,Prime Solutions 29,Central,PROD-0060,Labels Model 4,Packaging,Labels,2,4040.27,0.54,8036.91,5578.07,2458.84,pending,Wire Transfer,Direct Sales,,
ORD-00395,2025-05-17,CUST-0156,Delta Corp 156,South,Kochi,SUP-036,Nova Trading 36,South,PROD-0011,Compressors Model 3,Industrial Equipment,Compressors,4,5695.34,1.56,22425.97,17699.64,4726.33,completed,UPI,Partner,10,
ORD-00396,2025-11-11,CUST-0086,Foxtrot Enterprises 86,South,Chennai,SUP-036,Nova Trading 36,South,PROD-0035,Steel Model 3,Raw Materials,Steel,1,3803.85,0.0,3803.85,2336.25,1467.6,pending,Net-30,Online,,
ORD-00397,2025-10-30,CUST-0083,Foxtrot Enterprises 83,West,Mumbai,SUP-037,Prime Supplies 37,East,PROD-0009,Compressors Model 1,Industrial Equipment,Compressors,21,261.79,0.0,5497.59,3045.83,2451.76,completed,Net-30,Partner,9,3.9
ORD-00398,2023-06-08,CUST-0232,Beta Ltd 232,East,Kolkata,SUP-052,Zenith Manufacturing 52,East,PROD-0042,Chemicals Model 2,Raw Materials,Chemicals,4,3192.89,1.57,12571.05,9764.64,2806.41,completed,UPI,Online,1,3.7
ORD-00399,2025-01-28,CUST-0181,Beta Group 181,South,Hyderabad,SUP-025,Orbit Industries 25,North,PROD-0077,Cold Chain Model 1,Logistics Services,Cold Chain,1,2343.45,0.0,2343.45,1742.79,600.66,completed,Credit Card,Partner,9,3.8
ORD-00400,2024-03-04,CUST-0184,Echo Enterprises 184,Central,Nagpur,SUP-049,Apex Supplies 49,Central,PROD-0039,Polymers Model 3,Raw Materials,Polymers,5,4631.7,5.99,21771.31,15025.99,6745.32,completed,Credit Card,Partner,15,4.2
ORD-00401,2023-09-20,CUST-0292,Delta Pvt Ltd 292,East,Guwahati,SUP-012,Nova Solutions 12,East,PROD-0071,Warehousing Model 3,Logistics Services,Warehousing,5,2217.27,0.0,11086.35,6277.15,4809.2,completed,Wire Transfer,Partner,6,3.7
ORD-00402,2023-04-17,CUST-0099,Beta Corp 99,Central,Nagpur,SUP-002,Apex Trading 2,East,PROD-0069,Warehousing Model 1,Logistics Services,Warehousing,1,367.81,0.0,367.81,297.34,70.47,pending,Net-30,Marketplace,,
ORD-00403,2025-05-10,CUST-0209,Gamma Ltd 209,Central,Indore,SUP-054,Nova Supplies 54,Central,PROD-0067,Freight Model 3,Logistics Services,Freight,3,4032.37,0.0,12097.11,8297.11,3800.0,completed,Net-30,Online,4,4.0
ORD-00404,2025-06-03,CUST-0293,Foxtrot Ltd 293,West,Pune,SUP-048,Zenith Trading 48,West,PROD-0029,Power Supplies Model 1,Electronics,Power Supplies,2,2069.68,5.13,0.0,2619.64,-523.93,cancelled,Credit Card,Partner,,
ORD-00405,2023-07-15,CUST-0129,Gamma Group 129,Central,Indore,SUP-039,Summit Industries 39,Central,PROD-0031,Power Supplies Model 3,Electronics,Power Supplies,3,1794.43,0.0,5383.29,3718.19,1665.1,completed,Credit Card,Online,4,3.4
ORD-00406,2025-02-20,CUST-0194,Delta Ltd 194,Central,Bhopal,SUP-059,Zenith Trading 59,Central,PROD-0009,Compressors Model 1,Industrial Equipment,Compressors,2,240.58,1.12,475.77,268.88,206.89,completed,Letter of Credit,Online,3,4.7
ORD-00407,2023-07-30,CUST-0233,Alpha Ltd 233,West,Ahmedabad,SUP-033,Nova Industries 33,West,PROD-0080,Cold Chain Model 4,Logistics Services,Cold Chain,1,2212.9,20.66,1755.71,1791.93,-36.22,pending,Credit Card,Online,,
ORD-00408,2024-09-30,CUST-0100,Alpha Enterprises 100,North,Lucknow,SUP-009,Nova Supplies 9,Central,PROD-0066,Freight Model 2,Logistics Services,Freight,2,1274.08,1.59,2507.64,1358.18,1149.46,completed,Net-30,Partner,3,3.7
ORD-00409,2023-10-24,CUST-0299,Echo Enterprises 299,Central,Indore,SUP-050,Orbit Trading 50,North,PROD-0019,Sensors Model 3,Electronics,Sensors,2,3864.77,0.0,7729.54,4653.63,3075.91,completed,Credit Card,Marketplace,10,4.4
ORD-00410,2024-11-09,CUST-0177,Echo Ltd 177,East,Kolkata,SUP-017,Prime Trading 17,East,PROD-0026,Cables Model 2,Electronics,Cables,1,3468.62,0.0,3468.62,2065.37,1403.25,completed,Net-30,Marketplace,9,3.4
ORD-00411,2025-03-30,CUST-0169,Gamma Enterprises 169,Central,Indore,SUP-039,Summit Industries 39,Central,PROD-0006,Conveyors Model 2,Industrial Equipment,Conveyors,1,4544.66,11.61,4017.02,2980.22,1036.8,completed,Credit Card,Partner,10,5.0
ORD-00412,2024-03-24,CUST-0016,Gamma Ltd 16,South,Hyderabad,SUP-011,Apex Solutions 11,South,PROD-0038,Polymers Model 2,Raw Materials,Polymers,1,3330.58,0.4,3317.26,2277.87,1039.39,completed,Letter of Credit,Direct Sales,10,3.4
ORD-00413,2024-05-06,CUST-0092,Gamma Ltd 92,East,Kolkata,SUP-012,Nova Solutions 12,East,PROD-0034,Steel Model 2,Raw Materials,Steel,1,1402.18,0.0,1402.18,1159.52,242.66,completed,Letter of Credit,Marketplace,5,4.6
ORD-00414,2024-01-23,CUST-0034,Beta Enterprises 34,Central,Raipur,SUP-014,Zenith Solutions 14,Central,PROD-0025,Cables Model 1,Electronics,Cables,3,3950.21,6.84,11040.05,9977.58,1062.47,completed,Wire Transfer,Online,8,3.6
ORD-00415,2023-05-13,CUST-0144,Echo Enterprises 144,Central,Raipur,SUP-055,Summit Solutions 55,North,PROD-0066,Freight Model 2,Logistics Services,Freight,7,1111.25,0.0,7778.75,4407.62,3371.13,pending,Wire Transfer,Marketplace,,
ORD-00416,2024-07-03,CUST-0261,Gamma Ltd 261,South,Kochi,SUP-041,Orbit Supplies 41,South,PROD-0060,Labels Model 4,Packaging,Labels,2,4329.63,0.0,8659.26,5709.82,2949.44,completed,Credit Card,Direct Sales,3,3.6
ORD-00417,2023-06-22,CUST-0113,Gamma Corp 113,West,Pune,SUP-029,Prime Solutions 29,Central,PROD-0031,Power Supplies Model 3,Electronics,Power Supplies,1,1943.03,10.51,1738.82,1294.26,444.56,completed,Credit Card,Marketplace,5,4.9
ORD-00418,2023-06-05,CUST-0263,Delta Pvt Ltd 263,West,Mumbai,SUP-028,Summit Solutions 28,West,PROD-0058,Labels Model 2,Packaging,Labels,2,4412.75,0.36,8793.73,6591.23,2202.5,completed,Letter of Credit,Online,6,4.3
ORD-00419,2024-07-16,CUST-0142,Delta Group 142,East,Bhubaneswar,SUP-007,Zenith Industries 7,East,PROD-0016,CNC Parts Model 4,Industrial Equipment,CNC Parts,2,3924.82,0.0,7849.64,4882.96,2966.68,completed,Letter of Credit,Partner,8,5.0
ORD-00420,2023-11-02,CUST-0005,Echo Pvt Ltd 5,North,Lucknow,SUP-019,Prime Industries 19,Central,PROD-0045,Alloys Model 1,Raw Materials,Alloys,25,4083.11,0.0,102077.75,79651.21,22426.54,completed,Wire Transfer,Marketplace,8,3.7
ORD-00421,2025-05-05,CUST-0120,Echo Ltd 120,North,Jaipur,SUP-045,Nova Trading 45,North,PROD-0060,Labels Model 4,Packaging,Labels,6,3716.02,0.0,2229.61,14604.73,-691.34,cancelled,Wire Transfer,Marketplace,,
ORD-00422,2025-04-06,CUST-0231,Alpha Group 231,South,Kochi,SUP-002,Apex Trading 2,East,PROD-0048,Alloys Model 4,Raw Materials,Alloys,3,563.56,10.68,1510.12,1070.83,439.29,completed,Letter of Credit,Online,7,3.0
ORD-00423,2025-02-19,CUST-0291,Gamma Pvt Ltd 291,South,Kochi,SUP-060,Nova Supplies 60,North,PROD-0018,Sensors Model 2,Electronics,Sensors,5,3023.39,0.0,15116.95,10762.13,4354.82,completed,Wire Transfer,Marketplace,7,4.8
ORD-00424,2023-02-24,CUST-0056,Echo Group 56,South,Kochi,SUP-036,Nova Trading 36,South,PROD-0039,Polymers Model 3,Raw Materials,Polymers,1,4273.99,0.0,4273.99,2745.74,1528.25,completed,Net-30,Direct Sales,7,4.3
ORD-00425,2023-11-18,CUST-0120,Echo Ltd 120,North,Jaipur,SUP-045,Nova Trading 45,North,PROD-0009,Compressors Model 1,Industrial Equipment,Compressors,1,214.71,0.0,214.71,121.41,93.3,completed,Credit Card,Marketplace,8,4.1
ORD-00426,2024-02-20,CUST-0106,Foxtrot Group 106,South,Kochi,SUP-016,Nova Manufacturing 16,South,PROD-0040,Polymers Model 4,Raw Materials,Polymers,14,3762.88,0.0,52680.32,37836.7,14843.62,completed,Credit Card,Direct Sales,2,4.1
ORD-00427,2023-03-22,CUST-0229,Gamma Enterprises 229,Central,Indore,SUP-034,Zenith Trading 34,Central,PROD-0078,Cold Chain Model 2,Logistics Services,Cold Chain,1,849.37,0.0,849.37,570.73,278.64,completed,UPI,Partner,6,3.5
ORD-00428,2023-03-31,CUST-0153,Foxtrot Ltd 153,West,Surat,SUP-013,Zenith Supplies 13,West,PROD-0054,Films Model 2,Packaging,Films,1,2454.68,1.4,2420.31,1865.35,554.96,completed,Letter of Credit,Partner,7,5.0
ORD-00429,2025-04-19,CUST-0035,Beta Corp 35,North,Lucknow,SUP-047,Apex Trading 47,East,PROD-0028,Cables Model 4,Electronics,Cables,1,2752.3,1.01,2724.5,2098.39,626.11,completed,UPI,Online,4,4.3
ORD-00430,2024-10-31,CUST-0038,Foxtrot Corp 38,West,Surat,SUP-044,Summit Solutions 44,Central,PROD-0060,Labels Model 4,Packaging,Labels,2,3825.43,5.23,7250.72,5258.07,1992.65,completed,Credit Card,Direct Sales,5,3.4
ORD-00431,2023-01-23,CUST-0225,Foxtrot Enterprises 225,North,Chandigarh,SUP-025,Orbit Industries 25,North,PROD-0021,Controllers Model 1,Electronics,Controllers,12,2943.95,12.34,30968.0,22359.2,8608.8,completed,Wire Transfer,Online,6,3.7
ORD-00432,2024-09-23,CUST-0273,Echo Pvt Ltd 273,West,Pune,SUP-058,Zenith Solutions 58,West,PROD-0007,Conveyors Model 3,Industrial Equipment,Conveyors,5,1723.63,0.0,8618.15,6336.1,2282.05,completed,UPI,Direct Sales,3,
ORD-00433,2025-11-15,CUST-0128,Foxtrot Ltd 128,West,Surat,SUP-018,Nova Supplies 18,West,PROD-0026,Cables Model 2,Electronics,Cables,4,3879.69,1.45,15293.74,8848.06,6445.68,completed,Wire Transfer,Direct Sales,9,4.5
ORD-00434,2024-03-26,CUST-0278,Foxtrot Ltd 278,West,Pune,SUP-033,Nova Industries 33,West,PROD-0016,CNC Parts Model 4,Industrial Equipment,CNC Parts,1,3765.05,10.02,3387.79,2333.14,1054.65,completed,Net-30,Online,12,4.6
ORD-00435,2023-07-14,CUST-0035,Beta Corp 35,North,Lucknow,SUP-027,Orbit Trading 27,East,PROD-0039,Polymers Model 3,Raw Materials,Polymers,1,5193.69,0.0,5193.69,3193.95,1999.74,completed,Wire Transfer,Partner,1,2.9
ORD-00436,2025-11-12,CUST-0090,Delta Ltd 90,North,Chandigarh,SUP-057,Summit Solutions 57,East,PROD-0041,Chemicals Model 1,Raw Materials,Chemicals,4,1622.51,0.0,6490.04,4784.46,1705.58,completed,Credit Card,Direct Sales,5,3.7
ORD-00437,2023-11-07,CUST-0011,Foxtrot Pvt Ltd 11,South,Bengaluru,SUP-058,Zenith Solutions 58,West,PROD-0016,CNC Parts Model 4,Industrial Equipment,CNC Parts,1,3834.81,0.75,3806.05,2396.89,1409.16,completed,Letter of Credit,Marketplace,3,4.8
ORD-00438,2024-11-09,CUST-0169,Gamma Enterprises 169,Central,Indore,SUP-029,Prime Solutions 29,Central,PROD-0006,Conveyors Model 2,Industrial Equipment,Conveyors,7,4747.79,0.0,33234.53,21469.81,11764.72,pending,Net-30,Direct Sales,,
ORD-00439,2023-05-13,CUST-0106,Foxtrot Group 106,South,Kochi,SUP-051,Nova Manufacturing 51,South,PROD-0032,Power Supplies Model 4,Electronics,Power Supplies,9,1287.85,10.37,10388.7,8472.09,1916.61,completed,Wire Transfer,Direct Sales,7,3.9
ORD-00440,2024-05-16,CUST-0065,Beta Pvt Ltd 65,North,Jaipur,SUP-050,Orbit Trading 50,North,PROD-0071,Warehousing Model 3,Logistics Services,Warehousing,5,2126.68,15.62,8972.46,6433.79,2538.67,completed,Letter of Credit,Marketplace,3,4.5
ORD-00441,2023-11-16,CUST-0104,Gamma Pvt Ltd 104,Central,Raipur,SUP-039,Summit Industries 39,Central,PROD-0011,Compressors Model 3,Industrial Equipment,Compressors,2,5038.85,0.0,10077.7,7983.7,2094.0,completed,UPI,Marketplace,9,
ORD-00442,2025-09-11,CUST-0043,Gamma Enterprises 43,West,Pune,SUP-059,Zenith Trading 59,Central,PROD-0039,Polymers Model 3,Raw Materials,Polymers,3,4271.8,5.91,12058.01,8047.04,4010.97,pending,Credit Card,Partner,,
ORD-00443,2025-09-29,CUST-0070,Echo Pvt Ltd 70,North,Chandigarh,SUP-013,Zenith Supplies 13,West,PROD-0020,Sensors Model 4,Electronics,Sensors,5,441.39,13.94,1899.3,1767.68,131.62,completed,Credit Card,Online,3,
ORD-00444,2025-09-27,CUST-0198,Gamma Enterprises 198,West,Mumbai,SUP-011,Apex Solutions 11,South,PROD-0025,Cables Model 1,Electronics,Cables,2,4550.24,0.0,9100.48,7472.87,1627.61,completed,UPI,Marketplace,5,
ORD-00445,2023-11-27,CUST-0127,Foxtrot Ltd 127,East,Guwahati,SUP-002,Apex Trading 2,East,PROD-0047,Alloys Model 3,Raw Materials,Alloys,4,3068.8,0.0,0.0,9115.14,-1823.03,cancelled,Credit Card,Online,,
ORD-00446,2025-12-27,CUST-0048,Beta Enterprises 48,West,Surat,SUP-059,Zenith Trading 59,Central,PROD-0050,Corrugated Model 2,Packaging,Corrugated,6,708.92,0.0,4253.52,3027.95,1225.57,completed,UPI,Online,5,3.5
ORD-00447,2023-01-04,CUST-0056,Echo Group 56,South,Kochi,SUP-050,Orbit Trading 50,North,PROD-0045,Alloys Model 1,Raw Materials,Alloys,10,4417.96,0.0,44179.6,33905.12,10274.48,completed,UPI,Partner,11,4.8
ORD-00448,2024-01-28,CUST-0221,Beta Pvt Ltd 221,South,Hyderabad,SUP-026,Zenith Industries 26,South,PROD-0024,Controllers Model 4,Electronics,Controllers,1,1347.58,5.37,0.0,712.11,-142.42,cancelled,Net-30,Marketplace,,
ORD-00449,2025-09-05,CUST-0226,Alpha Group 226,South,Bengaluru,SUP-040,Orbit Supplies 40,North,PROD-0014,CNC Parts Model 2,Industrial Equipment,CNC Parts,4,2069.72,0.68,8222.58,6330.81,1891.77,completed,Net-30,Online,1,
ORD-00450,2025-09-22,CUST-0299,Echo Enterprises 299,Central,Indore,SUP-003,Nova Supplies 3,West,PROD-0013,CNC Parts Model 1,Industrial Equipment,CNC Parts,3,3348.78,0.0,10046.34,8368.51,1677.83,completed,Net-30,Partner,4,4.2
ORD-00451,2024-05-24,CUST-0162,Delta Enterprises 162,East,Patna,SUP-024,Summit Manufacturing 24,Central,PROD-0052,Corrugated Model 4,Packaging,Corrugated,1,5171.85,1.74,5081.86,4041.89,1039.97,completed,UPI,Marketplace,4,4.8
ORD-00452,2024-04-23,CUST-0097,Foxtrot Pvt Ltd 97,East,Bhubaneswar,SUP-052,Zenith Manufacturing 52,East,PROD-0042,Chemicals Model 2,Raw Materials,Chemicals,16,3568.18,0.0,57090.88,43773.48,13317.4,completed,Credit Card,Partner,4,3.7
ORD-00453,2023-03-07,CUST-0220,Alpha Ltd 220,North,Jaipur,SUP-060,Nova Supplies 60,North,PROD-0061,Pallets Model 1,Packaging,Pallets,5,3760.81,21.75,1471.42,10717.59,-672.1,cancelled,Wire Transfer,Marketplace,,
ORD-00454,2024-05-13,CUST-0045,Alpha Group 45,North,Delhi,SUP-055,Summit Solutions 55,North,PROD-0071,Warehousing Model 3,Logistics Services,Warehousing,2,2358.45,0.0,4716.9,2803.44,1913.46,completed,Credit Card,Online,8,5.0
ORD-00455,2023-10-06,CUST-0223,Gamma Corp 223,West,Pune,SUP-002,Apex Trading 2,East,PROD-0021,Controllers Model 1,Electronics,Controllers,1,3177.04,0.0,3177.04,1902.4,1274.64,completed,Net-30,Direct Sales,10,3.6
ORD-00456,2025-06-13,CUST-0295,Gamma Enterprises 295,North,Delhi,SUP-039,Summit Industries 39,Central,PROD-0009,Compressors Model 1,Industrial Equipment,Compressors,1,247.22,0.0,24.72,143.22,-3.92,cancelled,Wire Transfer,Direct Sales,,
ORD-00457,2023-09-18,CUST-0133,Delta Group 133,West,Pune,SUP-008,Apex Industries 8,West,PROD-0015,CNC Parts Model 3,Industrial Equipment,CNC Parts,1,4282.46,0.0,4282.46,2432.03,1850.43,completed,Credit Card,Partner,11,2.7
ORD-00458,2024-03-30,CUST-0032,Gamma Enterprises 32,East,Bhubaneswar,SUP-017,Prime Trading 17,East,PROD-0050,Corrugated Model 2,Packaging,Corrugated,2,753.36,0.0,1506.72,1074.64,432.08,completed,Net-30,Direct Sales,7,4.2
ORD-00459,2024-10-17,CUST-0152,Beta Ltd 152,East,Bhubaneswar,SUP-032,Prime Industries 32,East,PROD-0059,Labels Model 3,Packaging,Labels,3,5225.81,0.0,15677.43,13439.22,2238.21,completed,Letter of Credit,Marketplace,3,5.0
ORD-00460,2024-01-02,CUST-0111,Echo Group 111,South,Kochi,SUP-056,Orbit Trading 56,South,PROD-0049,Corrugated Model 1,Packaging,Corrugated,10,4151.18,6.4,38855.04,23899.4,14955.64,completed,Wire Transfer,Online,10,3.2
ORD-00461,2023-07-19,CUST-0281,Delta Corp 281,South,Bengaluru,SUP-031,Apex Supplies 31,South,PROD-0061,Pallets Model 1,Packaging,Pallets,6,4090.57,6.4,22972.64,13666.66,9305.98,completed,Credit Card,Partner,10,5.0
ORD-00462,2023-07-28,CUST-0235,Echo Enterprises 235,North,Chandigarh,SUP-037,Prime Supplies 37,East,PROD-0018,Sensors Model 2,Electronics,Sensors,5,2508.35,6.47,11730.3,8584.16,3146.14,completed,UPI,Direct Sales,3,2.2
ORD-00463,2023-03-11,CUST-0029,Alpha Corp 29,Central,Indore,SUP-039,Summit Industries 39,Central,PROD-0023,Controllers Model 3,Electronics,Controllers,1,2296.82,1.25,2268.11,1424.44,843.67,completed,Letter of Credit,Direct Sales,9,4.6
ORD-00464,2023-01-24,CUST-0193,Foxtrot Enterprises 193,West,Ahmedabad,SUP-051,Nova Manufacturing 51,South,PROD-0012,Compressors Model 4,Industrial Equipment,Compressors,2,2188.32,0.0,4376.64,2522.49,1854.15,completed,Letter of Credit,Direct Sales,7,4.3
ORD-00465,2024-10-28,CUST-0012,Beta Pvt Ltd 12,East,Bhubaneswar,SUP-047,Apex Trading 47,East,PROD-0062,Pallets Model 2,Packaging,Pallets,4,2836.51,12.6,9916.44,7496.45,2419.99,completed,Wire Transfer,Marketplace,13,4.7
ORD-00466,2023-08-29,CUST-0011,Foxtrot Pvt Ltd 11,South,Bengaluru,SUP-041,Orbit Supplies 41,South,PROD-0068,Freight Model 4,Logistics Services,Freight,4,4868.75,0.0,19475.0,11653.41,7821.59,completed,Letter of Credit,Marketplace,8,5.0
ORD-00467,2023-09-13,CUST-0161,Delta Ltd 161,South,Chennai,SUP-011,Apex Solutions 11,South,PROD-0074,Last Mile Model 2,Logistics Services,Last Mile,4,4282.87,0.0,17131.48,9699.2,7432.28,completed,UPI,Online,4,4.1
ORD-00468,2023-04-02,CUST-0128,Foxtrot Ltd 128,West,Surat,SUP-043,Zenith Trading 43,West,PROD-0038,Polymers Model 2,Raw Materials,Polymers,3,3120.71,11.21,0.0,6551.23,-1310.25,cancelled,Wire Transfer,Online,,
ORD-00469,2024-06-06,CUST-0097,Foxtrot Pvt Ltd 97,East,Bhubaneswar,SUP-017,Prime Trading 17,East,PROD-0018,Sensors Model 2,Electronics,Sensors,4,2597.15,0.0,10388.6,7419.18,2969.42,pending,Net-30,Marketplace,,
ORD-00470,2025-02-01,CUST-0084,Alpha Corp 84,Central,Nagpur,SUP-009,Nova Supplies 9,Central,PROD-0033,Steel Model 1,Raw Materials,Steel,2,2993.69,6.99,0.0,5176.05,-1035.21,cancelled,Letter of Credit,Direct Sales,,
ORD-00471,2024-11-14,CUST-0215,Gamma Pvt Ltd 215,North,Jaipur,SUP-021,Apex Trading 21,South,PROD-0056,Films Model 4,Packaging,Films,1,568.31,0.0,568.31,470.2,98.11,completed,Net-30,Online,7,3.7
ORD-00472,2025-09-29,CUST-0051,Gamma Enterprises 51,South,Kochi,SUP-016,Nova Manufacturing 16,South,PROD-0049,Corrugated Model 1,Packaging,Corrugated,5,3868.6,0.0,19343.0,11761.43,7581.57,completed,Net-30,Partner,9,4.5
ORD-00473,2025-04-04,CUST-0051,Gamma Enterprises 51,South,Kochi,SUP-011,Apex Solutions 11,South,PROD-0041,Chemicals Model 1,Raw Materials,Chemicals,2,1947.06,0.0,3894.12,2894.63,999.49,completed,Letter of Credit,Direct Sales,5,
ORD-00474,2025-05-06,CUST-0065,Beta Pvt Ltd 65,North,Jaipur,SUP-050,Orbit Trading 50,North,PROD-0035,Steel Model 3,Raw Materials,Steel,19,3283.55,0.0,62387.45,40153.4,22234.05,completed,UPI,Partner,6,3.7
ORD-00475,2023-06-12,CUST-0142,Delta Group 142,East,Bhubaneswar,SUP-034,Zenith Trading 34,Central,PROD-0030,Power Supplies Model 2,Electronics,Power Supplies,4,4134.39,0.0,16537.56,10432.17,6105.39,completed,Letter of Credit,Online,8,4.3
ORD-00476,2025-12-26,CUST-0044,Alpha Enterprises 44,Central,Bhopal,SUP-036,Nova Trading 36,South,PROD-0064,Pallets Model 4,Packaging,Pallets,2,3187.0,0.0,6374.0,5085.95,1288.05,completed,Credit Card,Marketplace,6,3.4
ORD-00477,2024-04-05,CUST-0274,Foxtrot Enterprises 274,Central,Raipur,SUP-016,Nova Manufacturing 16,South,PROD-0068,Freight Model 4,Logistics Services,Freight,5,5227.11,0.0,0.0,16725.52,-3345.1,cancelled,Wire Transfer,Online,,
ORD-00478,2023-08-30,CUST-0188,Echo Corp 188,West,Mumbai,SUP-033,Nova Industries 33,West,PROD-0046,Alloys Model 2,Raw Materials,Alloys,2,1568.67,6.66,2928.39,2215.52,712.87,completed,Credit Card,Marketplace,6,4.9
ORD-00479,2025-06-01,CUST-0112,Delta Group 112,East,Kolkata,SUP-060,Nova Supplies 60,North,PROD-0066,Freight Model 2,Logistics Services,Freight,3,1119.03,0.8,3330.23,1779.68,1550.55,completed,Wire Transfer,Marketplace,5,4.1
ORD-00480,2024-07-05,CUST-0064,Gamma Ltd 64,Central,Nagpur,SUP-001,Summit Industries 1,South,PROD-0020,Sensors Model 4,Electronics,Sensors,4,440.38,13.78,1518.78,1434.24,84.54,completed,Wire Transfer,Direct Sales,9,4.6
ORD-00481,2023-11-25,CUST-0182,Beta Pvt Ltd 182,East,Kolkata,SUP-001,Summit Industries 1,South,PROD-0046,Alloys Model 2,Raw Materials,Alloys,4,1533.78,13.49,5307.49,4353.51,953.98,completed,Net-30,Online,3,2.6
ORD-00482,2025-03-07,CUST-0216,Alpha Ltd 216,South,Chennai,SUP-036,Nova Trading 36,South,PROD-0017,Sensors Model 1,Electronics,Sensors,19,1905.4,0.0,36202.6,22012.32,14190.28,completed,Wire Transfer,Direct Sales,12,5.0
ORD-00483,2024-08-15,CUST-0177,Echo Ltd 177,East,Kolkata,SUP-052,Zenith Manufacturing 52,East,PROD-0031,Power Supplies Model 3,Electronics,Power Supplies,5,2235.85,0.0,11179.25,7718.14,3461.11,completed,Letter of Credit,Direct Sales,6,4.4
ORD-00484,2025-10-25,CUST-0262,Foxtrot Enterprises 262,East,Guwahati,SUP-022,Prime Solutions 22,East,PROD-0015,CNC Parts Model 3,Industrial Equipment,CNC Parts,1,4823.03,16.41,4031.57,2803.49,1228.08,completed,Wire Transfer,Direct Sales,5,3.8
ORD-00485,2024-04-18,CUST-0062,Echo Corp 62,East,Kolkata,SUP-002,Apex Trading 2,East,PROD-0036,Steel Model 4,Raw Materials,Steel,10,3005.66,0.76,29828.17,22771.69,7056.48,completed,UPI,Online,7,
ORD-00486,2024-03-10,CUST-0156,Delta Corp 156,South,Kochi,SUP-026,Zenith Industries 26,South,PROD-0036,Steel Model 4,Raw Materials,Steel,5,3204.28,0.1,16005.38,12404.36,3601.02,completed,UPI,Direct Sales,6,4.7
ORD-00487,2025-01-08,CUST-0130,Alpha Ltd 130,North,Jaipur,SUP-024,Summit Manufacturing 24,Central,PROD-0043,Chemicals Model 3,Raw Materials,Chemicals,1,3874.58,0.0,3874.58,2790.13,1084.45,completed,Letter of Credit,Partner,6,3.4
ORD-00488,2024-01-26,CUST-0122,Echo Group 122,East,Bhubaneswar,SUP-014,Zenith Solutions 14,Central,PROD-0075,Last Mile Model 3,Logistics Services,Last Mile,5,2089.54,0.0,10447.7,8149.13,2298.57,completed,Letter of Credit,Partner,8,4.8
ORD-00489,2024-12-12,CUST-0155,Gamma Group 155,North,Lucknow,SUP-049,Apex Supplies 49,Central,PROD-0026,Cables Model 2,Electronics,Cables,4,3226.9,0.0,12907.6,7520.08,5387.52,pending,Net-30,Marketplace,,
ORD-00490,2023-04-04,CUST-0061,Echo Group 61,South,Chennai,SUP-005,Summit Solutions 5,North,PROD-0062,Pallets Model 2,Packaging,Pallets,7,2970.47,6.39,19464.6,13743.63,5720.97,completed,Wire Transfer,Marketplace,8,4.0
ORD-00491,2024-07-10,CUST-0254,Gamma Group 254,Central,Raipur,SUP-056,Orbit Trading 56,South,PROD-0066,Freight Model 2,Logistics Services,Freight,1,1202.64,0.0,1202.64,663.83,538.81,completed,Letter of Credit,Online,7,4.2
ORD-00492,2023-04-04,CUST-0263,Delta Pvt Ltd 263,West,Mumbai,SUP-058,Zenith Solutions 58,West,PROD-0068,Freight Model 4,Logistics Services,Freight,2,4933.51,0.0,9867.02,5882.1,3984.92,completed,Net-30,Direct Sales,4,4.0
ORD-00493,2024-10-26,CUST-0139,Foxtrot Group 139,Central,Bhopal,SUP-004,Nova Industries 4,Central,PROD-0032,Power Supplies Model 4,Electronics,Power Supplies,2,1300.27,0.0,2600.54,1965.1,635.44,completed,Wire Transfer,Marketplace,11,4.6
ORD-00494,2023-08-06,CUST-0151,Echo Corp 151,South,Hyderabad,SUP-001,Summit Industries 1,South,PROD-0002,Pump Systems Model 2,Industrial Equipment,Pump Systems,1,789.6,1.07,781.15,571.61,209.54,completed,Net-30,Direct Sales,6,3.0
ORD-00495,2023-07-11,CUST-0227,Delta Enterprises 227,East,Patna,SUP-022,Prime Solutions 22,East,PROD-0027,Cables Model 3,Electronics,Cables,13,2234.02,12.74,25342.28,19747.52,5594.76,pending,UPI,Direct Sales,,
ORD-00496,2024-01-20,CUST-0236,Delta Pvt Ltd 236,South,Kochi,SUP-011,Apex Solutions 11,South,PROD-0025,Cables Model 1,Electronics,Cables,3,4282.53,1.77,12620.19,10874.32,1745.87,pending,Credit Card,Direct Sales,,
ORD-00497,2023-01-28,CUST-0037,Delta Enterprises 37,East,Patna,SUP-037,Prime Supplies 37,East,PROD-0052,Corrugated Model 4,Packaging,Corrugated,4,4972.3,0.76,19738.04,15132.5,4605.54,completed,Wire Transfer,Online,7,
ORD-00498,2023-10-13,CUST-0138,Delta Ltd 138,West,Mumbai,SUP-053,Nova Trading 53,West,PROD-0077,Cold Chain Model 1,Logistics Services,Cold Chain,8,2346.84,0.0,18774.72,13904.78,4869.94,completed,Wire Transfer,Partner,3,4.2
ORD-00499,2024-08-30,CUST-0170,Beta Enterprises 170,North,Jaipur,SUP-020,Apex Manufacturing 20,North,PROD-0008,Conveyors Model 4,Industrial Equipment,Conveyors,7,3545.34,0.0,24817.38,19344.52,5472.86,pending,Credit Card,Marketplace,,
ORD-00500,2023-08-19,CUST-0073,Delta Group 73,West,Pune,SUP-018,Nova Supplies 18,West,PROD-0004,Pump Systems Model 4,Industrial Equipment,Pump Systems,2,3700.99,13.37,6412.34,5632.58,779.76,completed,Net-30,Partner,1,4.2
ORD-00501,2025-05-20,CUST-0040,Alpha Ltd 40,North,Jaipur,SUP-008,Apex Industries 8,West,PROD-0047,Alloys Model 3,Raw Materials,Alloys,15,2756.94,0.0,41354.1,32147.65,9206.45,completed,Net-30,Partner,9,4.9
ORD-00502,2023-10-30,CUST-0054,Foxtrot Pvt Ltd 54,Central,Indore,SUP-039,Summit Industries 39,Central,PROD-0048,Alloys Model 4,Raw Materials,Alloys,17,456.02,1.56,7631.4,4775.18,2856.22,completed,UPI,Online,3,4.8
ORD-00503,2023-10-11,CUST-0058,Beta Corp 58,West,Mumbai,SUP-058,Zenith Solutions 58,West,PROD-0036,Steel Model 4,Raw Materials,Steel,1,2793.84,13.2,2425.05,2140.26,284.79,completed,UPI,Marketplace,8,3.1
ORD-00504,2024-03-25,CUST-0276,Gamma Enterprises 276,South,Chennai,SUP-041,Orbit Supplies 41,South,PROD-0069,Warehousing Model 1,Logistics Services,Warehousing,2,391.49,0.0,782.98,641.42,141.56,completed,Credit Card,Partner,6,
ORD-00505,2025-07-31,CUST-0286,Alpha Pvt Ltd 286,South,Chennai,SUP-011,Apex Solutions 11,South,PROD-0015,CNC Parts Model 3,Industrial Equipment,CNC Parts,8,5029.91,0.0,40239.28,21868.6,18370.68,completed,UPI,Direct Sales,10,5.0
ORD-00506,2023-11-20,CUST-0108,Beta Group 108,West,Ahmedabad,SUP-004,Nova Industries 4,Central,PROD-0018,Sensors Model 2,Electronics,Sensors,2,3057.66,1.33,6033.99,4214.06,1819.93,completed,Credit Card,Online,9,
ORD-00507,2025-04-22,CUST-0292,Delta Pvt Ltd 292,East,Guwahati,SUP-027,Orbit Trading 27,East,PROD-0020,Sensors Model 4,Electronics,Sensors,1,479.26,0.0,479.26,381.01,98.25,completed,Credit Card,Partner,6,3.4
ORD-00508,2025-07-19,CUST-0057,Alpha Group 57,East,Bhubaneswar,SUP-052,Zenith Manufacturing 52,East,PROD-0005,Conveyors Model 1,Industrial Equipment,Conveyors,7,3851.21,0.0,26958.47,22111.26,4847.21,pending,Letter of Credit,Partner,,
ORD-00509,2023-04-25,CUST-0293,Foxtrot Ltd 293,West,Pune,SUP-058,Zenith Solutions 58,West,PROD-0030,Power Supplies Model 2,Electronics,Power Supplies,8,3908.15,1.49,30799.35,18874.55,11924.8,completed,Letter of Credit,Online,7,4.5
ORD-00510,2024-11-18,CUST-0240,Foxtrot Corp 240,North,Jaipur,SUP-055,Summit Solutions 55,North,PROD-0052,Corrugated Model 4,Packaging,Corrugated,2,4539.16,5.22,8604.43,6948.57,1655.86,completed,Credit Card,Direct Sales,9,4.2
ORD-00511,2024-09-24,CUST-0006,Foxtrot Corp 6,South,Bengaluru,SUP-020,Apex Manufacturing 20,North,PROD-0025,Cables Model 1,Electronics,Cables,2,4204.45,15.09,7140.0,6770.44,369.56,pending,Credit Card,Partner,,
ORD-00512,2025-04-14,CUST-0145,Foxtrot Enterprises 145,North,Chandigarh,SUP-033,Nova Industries 33,West,PROD-0025,Cables Model 1,Electronics,Cables,13,4611.5,0.0,59949.5,47200.24,12749.26,completed,Wire Transfer,Online,9,3.6
ORD-00513,2023-10-16,CUST-0196,Delta Enterprises 196,South,Kochi,SUP-001,Summit Industries 1,South,PROD-0038,Polymers Model 2,Raw Materials,Polymers,1,3421.89,6.77,3190.23,2465.51,724.72,completed,Letter of Credit,Partner,7,3.7
ORD-00514,2025-10-15,CUST-0230,Alpha Enterprises 230,North,Delhi,SUP-022,Prime Solutions 22,East,PROD-0038,Polymers Model 2,Raw Materials,Polymers,4,3507.18,0.0,14028.72,10255.48,3773.24,completed,Net-30,Online,7,4.2
ORD-00515,2025-08-27,CUST-0256,Delta Pvt Ltd 256,South,Bengaluru,SUP-026,Zenith Industries 26,South,PROD-0022,Controllers Model 2,Electronics,Controllers,1,4526.62,1.42,4462.34,2673.46,1788.88,completed,Wire Transfer,Online,12,3.9
ORD-00516,2025-02-04,CUST-0292,Delta Pvt Ltd 292,East,Guwahati,SUP-027,Orbit Trading 27,East,PROD-0037,Polymers Model 1,Raw Materials,Polymers,2,3998.18,21.69,6261.95,4719.78,1542.17,completed,Credit Card,Online,9,4.5
ORD-00517,2023-07-11,CUST-0126,Delta Enterprises 126,South,Hyderabad,SUP-036,Nova Trading 36,South,PROD-0002,Pump Systems Model 2,Industrial Equipment,Pump Systems,7,764.88,0.45,5330.07,3837.3,1492.77,completed,UPI,Online,5,4.7
ORD-00518,2023-08-23,CUST-0044,Alpha Enterprises 44,Central,Bhopal,SUP-009,Nova Supplies 9,Central,PROD-0051,Corrugated Model 3,Packaging,Corrugated,2,4451.3,15.43,7528.93,6466.57,1062.36,completed,UPI,Direct Sales,6,4.3
ORD-00519,2023-02-16,CUST-0110,Gamma Pvt Ltd 110,North,Lucknow,SUP-005,Summit Solutions 5,North,PROD-0077,Cold Chain Model 1,Logistics Services,Cold Chain,1,2104.23,15.43,1779.55,1578.99,200.56,completed,Wire Transfer,Online,11,3.8
ORD-00520,2025-05-27,CUST-0073,Delta Group 73,West,Pune,SUP-033,Nova Industries 33,West,PROD-0011,Compressors Model 3,Industrial Equipment,Compressors,9,5011.85,5.37,42684.42,33355.84,9328.58,completed,Net-30,Marketplace,4,5.0
ORD-00521,2024-02-11,CUST-0247,Foxtrot Group 247,East,Patna,SUP-057,Summit Solutions 57,East,PROD-0021,Controllers Model 1,Electronics,Controllers,1,3250.31,0.0,325.03,2034.82,-81.93,cancelled,Credit Card,Direct Sales,,
ORD-00522,2025-04-12,CUST-0166,Delta Group 166,South,Bengaluru,SUP-053,Nova Trading 53,West,PROD-0041,Chemicals Model 1,Raw Materials,Chemicals,1,1680.74,0.0,1680.74,1197.28,483.46,completed,Wire Transfer,Marketplace,6,5.0
ORD-00523,2023-01-30,CUST-0297,Alpha Ltd 297,East,Guwahati,SUP-017,Prime Trading 17,East,PROD-0025,Cables Model 1,Electronics,Cables,12,4235.53,6.9,47319.34,43663.04,3656.3,completed,Net-30,Online,5,4.6
ORD-00524,2023-12-27,CUST-0256,Delta Pvt Ltd 256,South,Bengaluru,SUP-030,Nova Industries 30,North,PROD-0053,Films Model 1,Packaging,Films,1,1330.54,0.0,1330.54,1043.56,286.98,completed,Wire Transfer,Marketplace,4,4.3
ORD-00525,2023-08-01,CUST-0196,Delta Enterprises 196,South,Kochi,SUP-051,Nova Manufacturing 51,South,PROD-0056,Films Model 4,Packaging,Films,1,701.5,0.0,70.15,617.62,-53.37,cancelled,Credit Card,Online,,
ORD-00526,2025-07-20,CUST-0211,Foxtrot Group 211,South,Hyderabad,SUP-056,Orbit Trading 56,South,PROD-0080,Cold Chain Model 4,Logistics Services,Cold Chain,1,2163.97,6.7,2018.98,1755.81,263.17,pending,Letter of Credit,Marketplace,,
ORD-00527,2025-02-06,CUST-0059,Foxtrot Ltd 59,Central,Indore,SUP-039,Summit Industries 39,Central,PROD-0016,CNC Parts Model 4,Industrial Equipment,CNC Parts,1,4294.05,0.0,4294.05,2604.75,1689.3,completed,Net-30,Partner,7,3.3
ORD-00528,2025-05-30,CUST-0213,Delta Group 213,West,Ahmedabad,SUP-001,Summit Industries 1,South,PROD-0054,Films Model 2,Packaging,Films,1,2690.86,0.0,2690.86,2095.87,594.99,completed,UPI,Online,7,5.0
ORD-00529,2025-03-13,CUST-0296,Delta Ltd 296,South,Kochi,SUP-051,Nova Manufacturing 51,South,PROD-0050,Corrugated Model 2,Packaging,Corrugated,3,651.3,0.0,0.0,1391.42,-278.28,cancelled,Net-30,Direct Sales,,
ORD-00530,2023-02-21,CUST-0166,Delta Group 166,South,Bengaluru,SUP-006,Apex Solutions 6,South,PROD-0004,Pump Systems Model 4,Industrial Equipment,Pump Systems,1,3603.85,0.0,3603.85,2703.97,899.88,completed,Net-30,Direct Sales,6,3.7
ORD-00531,2023-04-16,CUST-0123,Delta Group 123,West,Ahmedabad,SUP-015,Prime Industries 15,North,PROD-0039,Polymers Model 3,Raw Materials,Polymers,3,4955.53,0.0,14866.59,9708.65,5157.94,completed,Letter of Credit,Online,5,5.0
ORD-00532,2023-07-26,CUST-0057,Alpha Group 57,East,Bhubaneswar,SUP-047,Apex Trading 47,East,PROD-0016,CNC Parts Model 4,Industrial Equipment,CNC Parts,1,3772.04,11.83,3325.81,2336.32,989.49,completed,Credit Card,Direct Sales,6,
ORD-00533,2023-03-06,CUST-0215,Gamma Pvt Ltd 215,North,Jaipur,SUP-030,Nova Industries 30,North,PROD-0058,Labels Model 2,Packaging,Labels,1,4850.08,0.0,4850.08,3770.13,1079.95,completed,Letter of Credit,Online,9,4.5
ORD-00534,2025-01-17,CUST-0082,Gamma Corp 82,East,Guwahati,SUP-022,Prime Solutions 22,East,PROD-0016,CNC Parts Model 4,Industrial Equipment,CNC Parts,4,4108.64,0.0,16434.56,10187.95,6246.61,completed,Wire Transfer,Online,8,4.4
ORD-00535,2025-11-15,CUST-0065,Beta Pvt Ltd 65,North,Jaipur,SUP-040,Orbit Supplies 40,North,PROD-0026,Cables Model 2,Electronics,Cables,1,3314.23,0.0,3314.23,1979.07,1335.16,completed,Wire Transfer,Partner,13,3.6
ORD-00536,2023-08-09,CUST-0202,Beta Pvt Ltd 202,East,Guwahati,SUP-047,Apex Trading 47,East,PROD-0040,Polymers Model 4,Raw Materials,Polymers,2,4028.12,0.0,8056.24,6084.45,1971.79,completed,Net-30,Online,4,3.6
ORD-00537,2024-12-22,CUST-0231,Alpha Group 231,South,Kochi,SUP-001,Summit Industries 1,South,PROD-0066,Freight Model 2,Logistics Services,Freight,4,1336.22,0.0,5344.88,3118.41,2226.47,completed,UPI,Direct Sales,5,4.3
ORD-00538,2024-03-13,CUST-0184,Echo Enterprises 184,Central,Nagpur,SUP-019,Prime Industries 19,Central,PROD-0048,Alloys Model 4,Raw Materials,Alloys,1,447.74,0.0,447.74,292.1,155.64,completed,Letter of Credit,Online,1,4.4
ORD-00539,2023-06-03,CUST-0198,Gamma Enterprises 198,West,Mumbai,SUP-018,Nova Supplies 18,West,PROD-0068,Freight Model 4,Logistics Services,Freight,1,4818.6,0.0,4818.6,3077.14,1741.46,completed,UPI,Partner,3,3.6
ORD-00540,2025-02-23,CUST-0164,Foxtrot Ltd 164,Central,Raipur,SUP-004,Nova Industries 4,Central,PROD-0064,Pallets Model 4,Packaging,Pallets,1,2736.97,0.0,2736.97,2202.73,534.24,completed,Letter of Credit,Online,7,
ORD-00541,2024-07-16,CUST-0237,Gamma Group 237,East,Guwahati,SUP-032,Prime Industries 32,East,PROD-0005,Conveyors Model 1,Industrial Equipment,Conveyors,4,3941.07,0.0,15764.28,12984.88,2779.4,pending,Net-30,Partner,,
ORD-00542,2023-09-06,CUST-0205,Alpha Ltd 205,North,Chandigarh,SUP-030,Nova Industries 30,North,PROD-0064,Pallets Model 4,Packaging,Pallets,1,3373.31,0.0,3373.31,2725.52,647.79,pending,Net-30,Online,,
ORD-00543,2023-01-11,CUST-0015,Alpha Corp 15,North,Lucknow,SUP-005,Summit Solutions 5,North,PROD-0018,Sensors Model 2,Electronics,Sensors,5,2470.3,0.0,12351.5,9167.97,3183.53,completed,Credit Card,Online,12,3.5
ORD-00544,2025-08-01,CUST-0025,Echo Enterprises 25,North,Lucknow,SUP-005,Summit Solutions 5,North,PROD-0034,Steel Model 2,Raw Materials,Steel,13,1503.67,0.0,19547.71,17186.64,2361.07,completed,Letter of Credit,Marketplace,8,4.5
ORD-00545,2024-08-29,CUST-0229,Gamma Enterprises 229,Central,Indore,SUP-034,Zenith Trading 34,Central,PROD-0068,Freight Model 4,Logistics Services,Freight,4,5240.52,15.45,17723.44,12616.05,5107.39,completed,Wire Transfer,Direct Sales,6,3.5
ORD-00546,2024-09-30,CUST-0040,Alpha Ltd 40,North,Jaipur,SUP-040,Orbit Supplies 40,North,PROD-0008,Conveyors Model 4,Industrial Equipment,Conveyors,6,3527.68,21.03,16714.85,16860.16,-145.31,completed,Credit Card,Direct Sales,5,3.1
ORD-00547,2023-07-29,CUST-0113,Gamma Corp 113,West,Pune,SUP-025,Orbit Industries 25,North,PROD-0058,Labels Model 2,Packaging,Labels,4,4307.92,12.33,15107.01,12966.29,2140.72,completed,Wire Transfer,Online,10,5.0
ORD-00548,2025-03-23,CUST-0236,Delta Pvt Ltd 236,South,Kochi,SUP-001,Summit Industries 1,South,PROD-0061,Pallets Model 1,Packaging,Pallets,3,3684.75,0.0,0.0,6036.82,-1207.36,cancelled,Letter of Credit,Marketplace,,
ORD-00549,2024-07-19,CUST-0261,Gamma Ltd 261,South,Kochi,SUP-036,Nova Trading 36,South,PROD-0035,Steel Model 3,Raw Materials,Steel,1,3582.83,5.38,3390.07,2192.32,1197.75,completed,Credit Card,Direct Sales,3,3.9
ORD-00550,2024-07-03,CUST-0057,Alpha Group 57,East,Bhubaneswar,SUP-002,Apex Trading 2,East,PROD-0005,Conveyors Model 1,Industrial Equipment,Conveyors,2,3947.37,12.78,6885.79,6107.21,778.58,pending,UPI,Direct Sales,,
ORD-00551,2024-09-17,CUST-0088,Alpha Ltd 88,West,Mumbai,SUP-023,Prime Industries 23,West,PROD-0037,Polymers Model 1,Raw Materials,Polymers,5,3450.52,0.0,0.0,9938.09,-1987.62,cancelled,Wire Transfer,Direct Sales,,
ORD-00552,2023-01-20,CUST-0162,Delta Enterprises 162,East,Patna,SUP-011,Apex Solutions 11,South,PROD-0024,Controllers Model 4,Electronics,Controllers,1,1292.21,6.76,1204.86,690.84,514.02,completed,UPI,Direct Sales,1,3.1
ORD-00553,2024-12-19,CUST-0242,Beta Corp 242,East,Kolkata,SUP-002,Apex Trading 2,East,PROD-0073,Last Mile Model 1,Logistics Services,Last Mile,3,2330.83,6.61,0.0,3983.21,-796.64,cancelled,Letter of Credit,Partner,,
ORD-00554,2025-09-18,CUST-0250,Beta Corp 250,North,Jaipur,SUP-040,Orbit Supplies 40,North,PROD-0002,Pump Systems Model 2,Industrial Equipment,Pump Systems,1,914.1,0.0,914.1,654.05,260.05,completed,Credit Card,Direct Sales,10,4.8
ORD-00555,2023-07-02,CUST-0211,Foxtrot Group 211,South,Hyderabad,SUP-043,Zenith Trading 43,West,PROD-0019,Sensors Model 3,Electronics,Sensors,3,4311.68,0.0,12935.04,7664.61,5270.43,completed,Net-30,Marketplace,9,5.0
ORD-00556,2023-09-09,CUST-0270,Delta Group 270,North,Delhi,SUP-055,Summit Solutions 55,North,PROD-0045,Alloys Model 1,Raw Materials,Alloys,2,5193.28,1.16,10266.08,7882.53,2383.55,completed,Net-30,Partner,3,4.4
ORD-00557,2025-09-24,CUST-0057,Alpha Group 57,East,Bhubaneswar,SUP-032,Prime Industries 32,East,PROD-0019,Sensors Model 3,Electronics,Sensors,5,3863.5,0.0,19317.5,11218.02,8099.48,completed,Credit Card,Direct Sales,5,
ORD-00558,2025-10-25,CUST-0145,Foxtrot Enterprises 145,North,Chandigarh,SUP-008,Apex Industries 8,West,PROD-0007,Conveyors Model 3,Industrial Equipment,Conveyors,1,1722.71,5.28,1631.75,1368.88,262.87,completed,Credit Card,Partner,4,3.1
ORD-00559,2025-03-02,CUST-0074,Echo Group 74,Central,Nagpur,SUP-013,Zenith Supplies 13,West,PROD-0056,Films Model 4,Packaging,Films,8,563.06,0.0,4504.48,3683.72,820.76,pending,UPI,Marketplace,,
ORD-00560,2023-10-05,CUST-0051,Gamma Enterprises 51,South,Kochi,SUP-059,Zenith Trading 59,Central,PROD-0039,Polymers Model 3,Raw Materials,Polymers,1,4841.14,1.37,4774.82,2985.78,1789.04,pending,UPI,Direct Sales,,
ORD-00561,2024-10-03,CUST-0155,Gamma Group 155,North,Lucknow,SUP-025,Orbit Industries 25,North,PROD-0073,Last Mile Model 1,Logistics Services,Last Mile,3,2726.39,0.0,0.0,4545.67,-909.13,cancelled,Letter of Credit,Partner,,
ORD-00562,2023-10-15,CUST-0240,Foxtrot Corp 240,North,Jaipur,SUP-040,Orbit Supplies 40,North,PROD-0054,Films Model 2,Packaging,Films,1,2207.72,0.0,2207.72,1676.44,531.28,completed,Letter of Credit,Partner,5,3.7
ORD-00563,2023-04-22,CUST-0066,Beta Pvt Ltd 66,South,Kochi,SUP-058,Zenith Solutions 58,West,PROD-0073,Last Mile Model 1,Logistics Services,Last Mile,1,2527.56,0.0,2527.56,1466.49,1061.07,completed,Credit Card,Partner,9,4.4
ORD-00564,2024-02-24,CUST-0050,Delta Pvt Ltd 50,North,Delhi,SUP-037,Prime Supplies 37,East,PROD-0062,Pallets Model 2,Packaging,Pallets,2,2936.36,0.0,0.0,4127.74,-825.55,cancelled,Letter of Credit,Direct Sales,,
ORD-00565,2023-01-14,CUST-0288,Alpha Pvt Ltd 288,West,Ahmedabad,SUP-032,Prime Industries 32,East,PROD-0018,Sensors Model 2,Electronics,Sensors,18,2515.01,0.0,45270.18,33298.56,11971.62,completed,Credit Card,Online,8,3.2
ORD-00566,2023-09-07,CUST-0079,Gamma Pvt Ltd 79,Central,Bhopal,SUP-008,Apex Industries 8,West,PROD-0067,Freight Model 3,Logistics Services,Freight,2,4011.55,0.0,8023.1,5700.98,2322.12,completed,Wire Transfer,Partner,5,4.9
ORD-00567,2025-10-06,CUST-0225,Foxtrot Enterprises 225,North,Chandigarh,SUP-040,Orbit Supplies 40,North,PROD-0016,CNC Parts Model 4,Industrial Equipment,CNC Parts,1,4289.86,15.58,3621.5,2782.83,838.67,completed,Credit Card,Marketplace,5,4.5
ORD-00568,2023-10-13,CUST-0214,Gamma Enterprises 214,Central,Nagpur,SUP-010,Orbit Solutions 10,North,PROD-0004,Pump Systems Model 4,Industrial Equipment,Pump Systems,2,3140.59,15.09,5333.35,4869.64,463.71,completed,Wire Transfer,Partner,2,4.3
ORD-00569,2024-11-25,CUST-0257,Alpha Corp 257,East,Patna,SUP-033,Nova Industries 33,West,PROD-0027,Cables Model 3,Electronics,Cables,12,2299.77,0.7,27404.06,18434.92,8969.14,completed,Net-30,Marketplace,1,4.4
ORD-00570,2024-10-25,CUST-0035,Beta Corp 35,North,Lucknow,SUP-042,Nova Manufacturing 42,East,PROD-0062,Pallets Model 2,Packaging,Pallets,1,2778.4,0.0,2778.4,1861.27,917.13,completed,UPI,Online,3,3.6
ORD-00571,2024-04-29,CUST-0024,Foxtrot Pvt Ltd 24,Central,Raipur,SUP-059,Zenith Trading 59,Central,PROD-0021,Controllers Model 1,Electronics,Controllers,11,3398.08,0.0,37378.88,23976.64,13402.24,completed,UPI,Marketplace,11,5.0
ORD-00572,2025-07-09,CUST-0033,Echo Ltd 33,West,Pune,SUP-023,Prime Industries 23,West,PROD-0015,CNC Parts Model 3,Industrial Equipment,CNC Parts,9,5020.13,0.0,45181.17,25017.46,20163.71,completed,Wire Transfer,Direct Sales,1,5.0
ORD-00573,2023-02-19,CUST-0130,Alpha Ltd 130,North,Jaipur,SUP-055,Summit Solutions 55,North,PROD-0037,Polymers Model 1,Raw Materials,Polymers,1,4122.65,0.0,4122.65,2256.48,1866.17,completed,Wire Transfer,Online,3,3.3
ORD-00574,2025-10-13,CUST-0185,Foxtrot Ltd 185,North,Lucknow,SUP-037,Prime Supplies 37,East,PROD-0070,Warehousing Model 2,Logistics Services,Warehousing,1,4926.94,0.0,4926.94,3201.37,1725.57,completed,Letter of Credit,Partner,7,4.5
ORD-00575,2023-07-26,CUST-0183,Echo Corp 183,West,Mumbai,SUP-036,Nova Trading 36,South,PROD-0018,Sensors Model 2,Electronics,Sensors,1,2663.27,0.25,2656.61,1920.27,736.34,completed,Net-30,Online,8,4.4
ORD-00576,2024-05-09,CUST-0115,Gamma Enterprises 115,North,Chandigarh,SUP-019,Prime Industries 19,Central,PROD-0033,Steel Model 1,Raw Materials,Steel,4,3236.59,0.0,12946.36,10509.3,2437.06,completed,UPI,Online,11,2.8
ORD-00577,2024-11-06,CUST-0280,Alpha Ltd 280,North,Lucknow,SUP-008,Apex Industries 8,West,PROD-0075,Last Mile Model 3,Logistics Services,Last Mile,4,2307.82,0.28,9205.43,6966.69,2238.74,completed,Wire Transfer,Marketplace,10,3.6
ORD-00578,2025-09-07,CUST-0038,Foxtrot Corp 38,West,Surat,SUP-037,Prime Supplies 37,East,PROD-0079,Cold Chain Model 3,Logistics Services,Cold Chain,2,542.35,0.0,108.47,788.28,-49.19,cancelled,Wire Transfer,Partner,,
ORD-00579,2023-02-13,CUST-0022,Beta Group 22,East,Guwahati,SUP-037,Prime Supplies 37,East,PROD-0065,Freight Model 1,Logistics Services,Freight,4,4590.85,0.0,18363.4,11201.07,7162.33,completed,Wire Transfer,Marketplace,7,4.0
ORD-00580,2023-08-30,CUST-0010,Echo Ltd 10,North,Jaipur,SUP-005,Summit Solutions 5,North,PROD-0050,Corrugated Model 2,Packaging,Corrugated,2,757.24,0.0,1514.48,1036.6,477.88,completed,Wire Transfer,Partner,13,2.9
ORD-00581,2023-04-04,CUST-0224,Echo Pvt Ltd 224,Central,Indore,SUP-016,Nova Manufacturing 16,South,PROD-0030,Power Supplies Model 2,Electronics,Power Supplies,3,4602.07,0.0,13806.21,8665.36,5140.85,completed,Credit Card,Online,7,4.1
ORD-00582,2025-03-25,CUST-0030,Alpha Corp 30,North,Chandigarh,SUP-015,Prime Industries 15,North,PROD-0037,Polymers Model 1,Raw Materials,Polymers,1,4194.18,0.0,4194.18,2280.81,1913.37,completed,Net-30,Direct Sales,5,
ORD-00583,2024-05-15,CUST-0254,Gamma Group 254,Central,Raipur,SUP-053,Nova Trading 53,West,PROD-0046,Alloys Model 2,Raw Materials,Alloys,1,1792.98,0.0,1792.98,1197.9,595.08,completed,Letter of Credit,Online,4,4.0
ORD-00584,2024-03-07,CUST-0028,Echo Ltd 28,West,Pune,SUP-033,Nova Industries 33,West,PROD-0080,Cold Chain Model 4,Logistics Services,Cold Chain,2,1934.12,0.0,3868.24,3144.66,723.58,completed,Credit Card,Direct Sales,10,4.9
ORD-00585,2025-02-25,CUST-0226,Alpha Group 226,South,Bengaluru,SUP-030,Nova Industries 30,North,PROD-0015,CNC Parts Model 3,Industrial Equipment,CNC Parts,3,4383.99,0.12,13136.19,7677.96,5458.23,completed,Credit Card,Direct Sales,1,4.1
ORD-00586,2024-11-19,CUST-0106,Foxtrot Group 106,South,Kochi,SUP-051,Nova Manufacturing 51,South,PROD-0056,Films Model 4,Packaging,Films,1,642.03,1.82,630.35,552.28,78.07,pending,Net-30,Direct Sales,,
ORD-00587,2024-08-11,CUST-0015,Alpha Corp 15,North,Lucknow,SUP-050,Orbit Trading 50,North,PROD-0056,Films Model 4,Packaging,Films,2,672.09,1.11,1329.26,1178.61,150.65,completed,Letter of Credit,Partner,11,2.8
ORD-00588,2025-03-19,CUST-0084,Alpha Corp 84,Central,Nagpur,SUP-030,Nova Industries 30,North,PROD-0031,Power Supplies Model 3,Electronics,Power Supplies,7,2092.3,6.54,13688.25,9970.67,3717.58,completed,Net-30,Online,9,4.2
ORD-00589,2024-03-22,CUST-0064,Gamma Ltd 64,Central,Nagpur,SUP-054,Nova Supplies 54,Central,PROD-0042,Chemicals Model 2,Raw Materials,Chemicals,2,3172.39,15.07,5388.62,4712.18,676.44,completed,Letter of Credit,Partner,3,
ORD-00590,2024-01-13,CUST-0033,Echo Ltd 33,West,Pune,SUP-023,Prime Industries 23,West,PROD-0036,Steel Model 4,Raw Materials,Steel,6,3015.54,0.47,18008.2,13885.18,4123.02,completed,Credit Card,Direct Sales,4,2.8
ORD-00591,2024-12-17,CUST-0032,Gamma Enterprises 32,East,Bhubaneswar,SUP-017,Prime Trading 17,East,PROD-0033,Steel Model 1,Raw Materials,Steel,22,2861.54,0.0,62953.88,53909.6,9044.28,completed,Credit Card,Direct Sales,9,4.6
ORD-00592,2025-02-06,CUST-0105,Gamma Pvt Ltd 105,North,Delhi,SUP-030,Nova Industries 30,North,PROD-0054,Films Model 2,Packaging,Films,19,2278.74,10.67,38676.37,33973.19,4703.18,completed,Wire Transfer,Partner,1,4.4
ORD-00593,2024-12-05,CUST-0023,Foxtrot Pvt Ltd 23,West,Pune,SUP-013,Zenith Supplies 13,West,PROD-0076,Last Mile Model 4,Logistics Services,Last Mile,1,3647.54,0.0,3647.54,3114.9,532.64,completed,Wire Transfer,Marketplace,9,3.8
ORD-00594,2023-04-16,CUST-0041,Beta Group 41,South,Chennai,SUP-060,Nova Supplies 60,North,PROD-0029,Power Supplies Model 1,Electronics,Power Supplies,3,2230.02,1.7,6576.33,4193.09,2383.24,pending,Letter of Credit,Marketplace,,
ORD-00595,2023-08-25,CUST-0269,Gamma Pvt Ltd 269,Central,Nagpur,SUP-029,Prime Solutions 29,Central,PROD-0035,Steel Model 3,Raw Materials,Steel,6,3179.24,10.46,17080.15,11838.87,5241.28,completed,UPI,Partner,5,3.4
ORD-00596,2025-04-14,CUST-0041,Beta Group 41,South,Chennai,SUP-041,Orbit Supplies 41,South,PROD-0010,Compressors Model 2,Industrial Equipment,Compressors,6,3213.11,1.85,18922.0,15523.25,3398.75,completed,Net-30,Partner,4,3.2
ORD-00597,2023-09-05,CUST-0161,Delta Ltd 161,South,Chennai,SUP-031,Apex Supplies 31,South,PROD-0054,Films Model 2,Packaging,Films,8,2739.47,0.0,21915.76,16515.23,5400.53,pending,UPI,Partner,,
ORD-00598,2024-05-09,CUST-0284,Beta Enterprises 284,Central,Raipur,SUP-031,Apex Supplies 31,South,PROD-0013,CNC Parts Model 1,Industrial Equipment,CNC Parts,1,3290.08,12.71,2871.91,2644.71,227.2,completed,Net-30,Online,6,3.8
ORD-00599,2024-01-11,CUST-0024,Foxtrot Pvt Ltd 24,Central,Raipur,SUP-029,Prime Solutions 29,Central,PROD-0058,Labels Model 2,Packaging,Labels,7,4346.14,0.0,30422.98,23809.6,6613.38,completed,Letter of Credit,Online,6,3.2
ORD-00600,2024-08-31,CUST-0078,Foxtrot Group 78,West,Mumbai,SUP-038,Summit Trading 38,West,PROD-0076,Last Mile Model 4,Logistics Services,Last Mile,5,3654.38,6.89,17012.97,14620.84,2392.13,completed,Letter of Credit,Marketplace,6,4.1
ORD-00601,2024-07-14,CUST-0147,Echo Enterprises 147,East,Patna,SUP-027,Orbit Trading 27,East,PROD-0023,Controllers Model 3,Electronics,Controllers,2,2612.37,10.57,4672.48,3146.9,1525.58,completed,Net-30,Online,4,4.1
ORD-00602,2024-02-04,CUST-0119,Gamma Enterprises 119,Central,Raipur,SUP-010,Orbit Solutions 10,North,PROD-0013,CNC Parts Model 1,Industrial Equipment,CNC Parts,3,3002.88,0.0,9008.64,6976.39,2032.25,completed,Wire Transfer,Partner,12,
ORD-00603,2025-06-29,CUST-0293,Foxtrot Ltd 293,West,Pune,SUP-038,Summit Trading 38,West,PROD-0067,Freight Model 3,Logistics Services,Freight,6,4105.58,0.0,24633.48,18307.34,6326.14,completed,Wire Transfer,Partner,9,3.6
ORD-00604,2025-11-16,CUST-0060,Alpha Group 60,North,Lucknow,SUP-052,Zenith Manufacturing 52,East,PROD-0011,Compressors Model 3,Industrial Equipment,Compressors,17,4896.39,0.0,0.0,62986.67,-12597.33,cancelled,Credit Card,Partner,,
ORD-00605,2023-01-17,CUST-0020,Foxtrot Enterprises 20,North,Chandigarh,SUP-060,Nova Supplies 60,North,PROD-0067,Freight Model 3,Logistics Services,Freight,1,4911.31,0.0,4911.31,3686.88,1224.43,completed,Wire Transfer,Direct Sales,7,5.0
ORD-00606,2023-05-18,CUST-0136,Delta Ltd 136,South,Kochi,SUP-036,Nova Trading 36,South,PROD-0024,Controllers Model 4,Electronics,Controllers,3,1390.99,21.71,0.0,2364.44,-472.89,cancelled,UPI,Direct Sales,,
ORD-00607,2024-01-04,CUST-0092,Gamma Ltd 92,East,Kolkata,SUP-057,Summit Solutions 57,East,PROD-0034,Steel Model 2,Raw Materials,Steel,2,1601.21,0.0,3202.42,2743.26,459.16,pending,Net-30,Direct Sales,,
ORD-00608,2024-05-21,CUST-0150,Gamma Pvt Ltd 150,North,Chandigarh,SUP-032,Prime Industries 32,East,PROD-0051,Corrugated Model 3,Packaging,Corrugated,2,4490.24,5.84,8456.02,6335.81,2120.21,pending,UPI,Online,,
ORD-00609,2025-09-28,CUST-0091,Gamma Pvt Ltd 91,South,Bengaluru,SUP-026,Zenith Industries 26,South,PROD-0015,CNC Parts Model 3,Industrial Equipment,CNC Parts,9,4944.39,0.0,44499.51,25853.21,18646.3,completed,Net-30,Direct Sales,3,
ORD-00610,2023-04-04,CUST-0210,Foxtrot Ltd 210,North,Lucknow,SUP-030,Nova Industries 30,North,PROD-0034,Steel Model 2,Raw Materials,Steel,2,1527.24,0.54,0.0,2634.88,-526.98,cancelled,Net-30,Marketplace,,
ORD-00611,2023-02-10,CUST-0210,Foxtrot Ltd 210,North,Lucknow,SUP-015,Prime Industries 15,North,PROD-0069,Warehousing Model 1,Logistics Services,Warehousing,5,414.48,0.0,2072.4,1590.77,481.63,completed,Net-30,Partner,7,4.1
ORD-00612,2024-04-14,CUST-0284,Beta Enterprises 284,Central,Raipur,SUP-004,Nova Industries 4,Central,PROD-0067,Freight Model 3,Logistics Services,Freight,2,4158.01,0.0,8316.02,6189.33,2126.69,completed,UPI,Direct Sales,6,4.5
ORD-00613,2024-05-21,CUST-0284,Beta Enterprises 284,Central,Raipur,SUP-001,Summit Industries 1,South,PROD-0005,Conveyors Model 1,Industrial Equipment,Conveyors,1,4356.79,5.05,4136.77,3556.46,580.31,completed,UPI,Marketplace,11,4.3
ORD-00614,2025-03-12,CUST-0068,Delta Group 68,West,Mumbai,SUP-057,Summit Solutions 57,East,PROD-0035,Steel Model 3,Raw Materials,Steel,14,3320.96,21.21,36632.18,28376.29,8255.89,completed,Net-30,Marketplace,8,5.0
ORD-00615,2023-07-10,CUST-0263,Delta Pvt Ltd 263,West,Mumbai,SUP-020,Apex Manufacturing 20,North,PROD-0036,Steel Model 4,Raw Materials,Steel,1,3033.87,0.0,3033.87,2244.95,788.92,completed,Net-30,Direct Sales,7,4.8
ORD-00616,2024-04-20,CUST-0196,Delta Enterprises 196,South,Kochi,SUP-036,Nova Trading 36,South,PROD-0051,Corrugated Model 3,Packaging,Corrugated,13,4922.36,0.0,63990.68,43229.44,20761.24,completed,Net-30,Partner,3,4.4
ORD-00617,2024-04-21,CUST-0074,Echo Group 74,Central,Nagpur,SUP-006,Apex Solutions 6,South,PROD-0013,CNC Parts Model 1,Industrial Equipment,CNC Parts,3,2980.95,0.0,8942.85,7240.34,1702.51,pending,Credit Card,Marketplace,,
ORD-00618,2025-09-27,CUST-0130,Alpha Ltd 130,North,Jaipur,SUP-060,Nova Supplies 60,North,PROD-0044,Chemicals Model 4,Raw Materials,Chemicals,1,4373.34,0.54,4349.72,3135.69,1214.03,completed,Net-30,Marketplace,4,3.9
ORD-00619,2025-06-15,CUST-0248,Delta Corp 248,West,Pune,SUP-058,Zenith Solutions 58,West,PROD-0011,Compressors Model 3,Industrial Equipment,Compressors,2,4647.23,21.5,7296.15,6954.05,342.1,completed,UPI,Direct Sales,8,3.8
ORD-00620,2025-01-31,CUST-0269,Gamma Pvt Ltd 269,Central,Nagpur,SUP-059,Zenith Trading 59,Central,PROD-0071,Warehousing Model 3,Logistics Services,Warehousing,2,2089.43,6.04,3926.46,2502.08,1424.38,completed,Wire Transfer,Partner,5,3.9
ORD-00621,2023-01-21,CUST-0266,Foxtrot Enterprises 266,South,Kochi,SUP-031,Apex Supplies 31,South,PROD-0060,Labels Model 4,Packaging,Labels,33,3765.88,0.0,124274.04,84688.36,39585.68,completed,Credit Card,Partner,6,4.5
ORD-00622,2024-12-07,CUST-0097,Foxtrot Pvt Ltd 97,East,Bhubaneswar,SUP-007,Zenith Industries 7,East,PROD-0069,Warehousing Model 1,Logistics Services,Warehousing,2,369.15,11.27,655.09,611.1,43.99,completed,UPI,Partner,2,2.9
ORD-00623,2023-07-29,CUST-0189,Echo Enterprises 189,Central,Nagpur,SUP-026,Zenith Industries 26,South,PROD-0033,Steel Model 1,Raw Materials,Steel,3,2661.87,5.56,7541.61,6609.76,931.85,pending,Wire Transfer,Marketplace,,
ORD-00624,2023-10-28,CUST-0170,Beta Enterprises 170,North,Jaipur,SUP-050,Orbit Trading 50,North,PROD-0078,Cold Chain Model 2,Logistics Services,Cold Chain,23,776.04,6.98,16603.07,11546.51,5056.56,completed,Credit Card,Online,9,
ORD-00625,2024-09-30,CUST-0071,Gamma Corp 71,South,Chennai,SUP-036,Nova Trading 36,South,PROD-0055,Films Model 3,Packaging,Films,3,4082.57,12.75,0.0,7889.43,-1577.89,cancelled,Letter of Credit,Partner,,
ORD-00626,2023-09-04,CUST-0272,Delta Corp 272,East,Guwahati,SUP-047,Apex Trading 47,East,PROD-0028,Cables Model 4,Electronics,Cables,25,3077.18,0.0,76929.5,58705.95,18223.55,completed,Credit Card,Partner,4,3.8
ORD-00627,2023-01-22,CUST-0239,Foxtrot Ltd 239,Central,Bhopal,SUP-023,Prime Industries 23,West,PROD-0055,Films Model 3,Packaging,Films,14,4232.95,10.36,53121.83,39571.76,13550.07,completed,Letter of Credit,Partner,7,4.7
ORD-00628,2024-06-02,CUST-0169,Gamma Enterprises 169,Central,Indore,SUP-029,Prime Solutions 29,Central,PROD-0033,Steel Model 1,Raw Materials,Steel,17,2630.06,15.8,37646.68,39785.5,-2138.82,pending,Net-30,Online,,
ORD-00629,2023-08-01,CUST-0293,Foxtrot Ltd 293,West,Pune,SUP-056,Orbit Trading 56,South,PROD-0061,Pallets Model 1,Packaging,Pallets,4,4036.67,0.0,16146.68,9172.32,6974.36,pending,Credit Card,Partner,,
ORD-00630,2024-02-02,CUST-0015,Alpha Corp 15,North,Lucknow,SUP-046,Apex Supplies 46,South,PROD-0020,Sensors Model 4,Electronics,Sensors,1,490.03,0.63,0.0,411.77,-82.35,cancelled,Letter of Credit,Online,,
ORD-00631,2023-05-06,CUST-0171,Gamma Enterprises 171,South,Hyderabad,SUP-055,Summit Solutions 55,North,PROD-0041,Chemicals Model 1,Raw Materials,Chemicals,5,1620.95,0.0,0.0,5955.28,-1191.06,cancelled,Credit Card,Direct Sales,,
ORD-00632,2023-01-07,CUST-0257,Alpha Corp 257,East,Patna,SUP-022,Prime Solutions 22,East,PROD-0011,Compressors Model 3,Industrial Equipment,Compressors,2,4736.26,0.0,9472.52,7092.23,2380.29,completed,UPI,Online,5,4.9
ORD-00633,2023-12-13,CUST-0290,Beta Enterprises 290,North,Lucknow,SUP-006,Apex Solutions 6,South,PROD-0015,CNC Parts Model 3,Industrial Equipment,CNC Parts,1,4428.69,0.0,4428.69,2377.06,2051.63,completed,Credit Card,Direct Sales,7,3.6
ORD-00634,2024-10-08,CUST-0158,Echo Enterprises 158,West,Mumbai,SUP-042,Nova Manufacturing 42,East,PROD-0025,Cables Model 1,Electronics,Cables,5,3683.41,0.0,0.0,14622.17,-2924.43,cancelled,UPI,Direct Sales,,
ORD-00635,2025-07-09,CUST-0097,Foxtrot Pvt Ltd 97,East,Bhubaneswar,SUP-017,Prime Trading 17,East,PROD-0023,Controllers Model 3,Electronics,Controllers,1,2153.31,10.7,1922.91,1367.51,555.4,completed,Letter of Credit,Marketplace,9,3.2
ORD-00636,2024-07-04,CUST-0080,Foxtrot Pvt Ltd 80,North,Chandigarh,SUP-020,Apex Manufacturing 20,North,PROD-0056,Films Model 4,Packaging,Films,6,602.83,21.1,2853.8,3107.94,-254.14,completed,UPI,Partner,11,4.8
ORD-00637,2025-01-04,CUST-0017,Beta Group 17,East,Kolkata,SUP-034,Zenith Trading 34,Central,PROD-0024,Controllers Model 4,Electronics,Controllers,1,1304.77,0.64,1296.42,692.78,603.64,completed,Net-30,Partner,7,4.0
ORD-00638,2025-06-09,CUST-0052,Beta Ltd 52,East,Guwahati,SUP-027,Orbit Trading 27,East,PROD-0040,Polymers Model 4,Raw Materials,Polymers,3,3625.7,0.0,10877.1,7928.65,2948.45,completed,Net-30,Partner,6,3.3
ORD-00639,2023-02-28,CUST-0248,Delta Corp 248,West,Pune,SUP-020,Apex Manufacturing 20,North,PROD-0006,Conveyors Model 2,Industrial Equipment,Conveyors,3,4706.22,0.0,14118.66,9281.78,4836.88,completed,Letter of Credit,Direct Sales,7,4.5
ORD-00640,2023-01-02,CUST-0291,Gamma Pvt Ltd 291,South,Kochi,SUP-009,Nova Supplies 9,Central,PROD-0043,Chemicals Model 3,Raw Materials,Chemicals,1,3981.81,0.0,3981.81,2877.77,1104.04,completed,Net-30,Online,5,3.7
ORD-00641,2023-11-23,CUST-0095,Beta Ltd 95,North,Chandigarh,SUP-020,Apex Manufacturing 20,North,PROD-0056,Films Model 4,Packaging,Films,4,644.17,0.0,2576.68,2054.49,522.19,completed,Wire Transfer,Marketplace,5,4.8
ORD-00642,2024-10-31,CUST-0193,Foxtrot Enterprises 193,West,Ahmedabad,SUP-046,Apex Supplies 46,South,PROD-0032,Power Supplies Model 4,Electronics,Power Supplies,9,1199.18,0.0,10792.62,7709.74,3082.88,completed,UPI,Marketplace,11,3.3
ORD-00643,2025-03-26,CUST-0274,Foxtrot Enterprises 274,Central,Raipur,SUP-039,Summit Industries 39,Central,PROD-0076,Last Mile Model 4,Logistics Services,Last Mile,1,4071.42,11.0,3623.56,3225.52,398.04,completed,Wire Transfer,Online,10,3.6
ORD-00644,2025-05-13,CUST-0109,Alpha Corp 109,Central,Nagpur,SUP-009,Nova Supplies 9,Central,PROD-0044,Chemicals Model 4,Raw Materials,Chemicals,5,4078.99,15.07,17321.43,15751.72,1569.71,completed,Credit Card,Marketplace,8,4.7
ORD-00645,2025-05-15,CUST-0043,Gamma Enterprises 43,West,Pune,SUP-058,Zenith Solutions 58,West,PROD-0013,CNC Parts Model 1,Industrial Equipment,CNC Parts,1,3326.23,15.02,0.0,2741.68,-548.34,cancelled,Credit Card,Partner,,
ORD-00646,2023-08-17,CUST-0218,Beta Ltd 218,West,Pune,SUP-053,Nova Trading 53,West,PROD-0015,CNC Parts Model 3,Industrial Equipment,CNC Parts,3,4874.69,0.0,14624.07,8633.99,5990.08,pending,Wire Transfer,Marketplace,,
ORD-00647,2025-06-09,CUST-0273,Echo Pvt Ltd 273,West,Pune,SUP-056,Orbit Trading 56,South,PROD-0011,Compressors Model 3,Industrial Equipment,Compressors,5,5130.51,0.0,25652.55,20594.89,5057.66,completed,UPI,Marketplace,9,4.3
ORD-00648,2023-02-05,CUST-0188,Echo Corp 188,West,Mumbai,SUP-048,Zenith Trading 48,West,PROD-0048,Alloys Model 4,Raw Materials,Alloys,2,541.66,5.36,1025.25,681.84,343.41,completed,Credit Card,Partner,4,
ORD-00649,2025-12-08,CUST-0019,Echo Ltd 19,Central,Indore,SUP-034,Zenith Trading 34,Central,PROD-0032,Power Supplies Model 4,Electronics,Power Supplies,8,1233.69,16.38,8252.89,6939.38,1313.51,completed,Credit Card,Direct Sales,6,4.0
ORD-00650,2023-08-27,CUST-0052,Beta Ltd 52,East,Guwahati,SUP-057,Summit Solutions 57,East,PROD-0011,Compressors Model 3,Industrial Equipment,Compressors,2,5673.46,1.67,11157.43,8724.39,2433.04,completed,Letter of Credit,Direct Sales,8,3.2
ORD-00651,2024-01-07,CUST-0026,Beta Ltd 26,South,Bengaluru,SUP-036,Nova Trading 36,South,PROD-0028,Cables Model 4,Electronics,Cables,8,3172.13,21.34,19961.58,19018.6,942.98,completed,Credit Card,Marketplace,5,3.6
ORD-00652,2025-08-01,CUST-0067,Gamma Corp 67,East,Guwahati,SUP-037,Prime Supplies 37,East,PROD-0077,Cold Chain Model 1,Logistics Services,Cold Chain,9,2029.77,10.44,16360.76,14272.5,2088.26,completed,UPI,Marketplace,3,3.6
ORD-00653,2023-12-15,CUST-0286,Alpha Pvt Ltd 286,South,Chennai,SUP-026,Zenith Industries 26,South,PROD-0041,Chemicals Model 1,Raw Materials,Chemicals,5,1997.77,0.0,9988.85,7425.45,2563.4,completed,Letter of Credit,Online,5,
ORD-00654,2025-08-15,CUST-0250,Beta Corp 250,North,Jaipur,SUP-030,Nova Industries 30,North,PROD-0011,Compressors Model 3,Industrial Equipment,Compressors,7,4867.61,0.0,34073.27,26245.82,7827.45,completed,Net-30,Marketplace,11,4.3
ORD-00655,2025-03-21,CUST-0213,Delta Group 213,West,Ahmedabad,SUP-002,Apex Trading 2,East,PROD-0037,Polymers Model 1,Raw Materials,Polymers,2,3715.96,0.0,7431.92,4038.89,3393.03,pending,Wire Transfer,Direct Sales,,
ORD-00656,2024-10-16,CUST-0057,Alpha Group 57,East,Bhubaneswar,SUP-012,Nova Solutions 12,East,PROD-0021,Controllers Model 1,Electronics,Controllers,16,3118.44,5.84,46981.17,31355.27,15625.9,completed,Net-30,Marketplace,7,3.1
ORD-00657,2025-08-08,CUST-0116,Foxtrot Pvt Ltd 116,South,Bengaluru,SUP-032,Prime Industries 32,East,PROD-0060,Labels Model 4,Packaging,Labels,8,4560.9,5.01,34659.19,24865.84,9793.35,completed,Letter of Credit,Marketplace,4,3.2
ORD-00658,2024-05-26,CUST-0215,Gamma Pvt Ltd 215,North,Jaipur,SUP-055,Summit Solutions 55,North,PROD-0004,Pump Systems Model 4,Industrial Equipment,Pump Systems,1,3568.79,13.89,3073.09,2612.05,461.04,pending,Wire Transfer,Marketplace,,
ORD-00659,2025-01-25,CUST-0047,Delta Enterprises 47,East,Bhubaneswar,SUP-002,Apex Trading 2,East,PROD-0077,Cold Chain Model 1,Logistics Services,Cold Chain,5,2370.84,0.0,11854.2,8849.35,3004.85,completed,Wire Transfer,Partner,6,3.6
ORD-00660,2025-08-02,CUST-0068,Delta Group 68,West,Mumbai,SUP-003,Nova Supplies 3,West,PROD-0027,Cables Model 3,Electronics,Cables,3,2350.2,0.0,7050.6,4745.53,2305.07,pending,Letter of Credit,Online,,
ORD-00661,2025-02-28,CUST-0170,Beta Enterprises 170,North,Jaipur,SUP-059,Zenith Trading 59,Central,PROD-0021,Controllers Model 1,Electronics,Controllers,1,2811.18,13.73,2425.2,1835.94,589.26,completed,Letter of Credit,Online,9,4.4
ORD-00662,2025-01-14,CUST-0274,Foxtrot Enterprises 274,Central,Raipur,SUP-029,Prime Solutions 29,Central,PROD-0062,Pallets Model 2,Packaging,Pallets,5,2704.95,0.0,13524.75,9533.39,3991.36,completed,UPI,Marketplace,1,5.0
ORD-00663,2024-05-12,CUST-0064,Gamma Ltd 64,Central,Nagpur,SUP-024,Summit Manufacturing 24,Central,PROD-0075,Last Mile Model 3,Logistics Services,Last Mile,16,2276.29,0.0,36420.64,26377.69,10042.95,completed,Credit Card,Marketplace,7,3.6
ORD-00664,2023-03-15,CUST-0252,Delta Corp 252,East,Patna,SUP-049,Apex Supplies 49,Central,PROD-0034,Steel Model 2,Raw Materials,Steel,1,1657.76,0.0,1657.76,1407.67,250.09,completed,Wire Transfer,Partner,7,3.7
ORD-00665,2024-08-21,CUST-0289,Echo Group 289,Central,Nagpur,SUP-024,Summit Manufacturing 24,Central,PROD-0040,Polymers Model 4,Raw Materials,Polymers,1,4079.73,5.31,0.0,3078.01,-615.6,cancelled,UPI,Partner,,
ORD-00666,2023-12-15,CUST-0117,Foxtrot Corp 117,East,Patna,SUP-017,Prime Trading 17,East,PROD-0075,Last Mile Model 3,Logistics Services,Last Mile,2,2565.4,0.0,5130.8,3845.11,1285.69,completed,Letter of Credit,Partner,11,3.9
ORD-00667,2024-04-04,CUST-0268,Delta Corp 268,West,Mumbai,SUP-038,Summit Trading 38,West,PROD-0022,Controllers Model 2,Electronics,Controllers,3,5136.29,0.68,15304.09,8962.24,6341.85,completed,Credit Card,Direct Sales,9,4.9
ORD-00668,2025-01-14,CUST-0183,Echo Corp 183,West,Mumbai,SUP-048,Zenith Trading 48,West,PROD-0002,Pump Systems Model 2,Industrial Equipment,Pump Systems,27,892.99,0.0,24110.73,17058.89,7051.84,completed,Net-30,Online,5,3.5
ORD-00669,2024-05-16,CUST-0139,Foxtrot Group 139,Central,Bhopal,SUP-044,Summit Solutions 44,Central,PROD-0069,Warehousing Model 1,Logistics Services,Warehousing,2,348.83,0.0,697.66,538.5,159.16,completed,Letter of Credit,Partner,7,5.0
ORD-00670,2024-10-15,CUST-0283,Delta Enterprises 283,West,Ahmedabad,SUP-058,Zenith Solutions 58,West,PROD-0025,Cables Model 1,Electronics,Cables,12,3691.0,15.93,3723.63,36469.71,-3570.31,cancelled,Credit Card,Direct Sales,,
ORD-00671,2023-08-17,CUST-0245,Gamma Pvt Ltd 245,North,Chandigarh,SUP-010,Orbit Solutions 10,North,PROD-0061,Pallets Model 1,Packaging,Pallets,1,4160.38,1.16,4112.12,2388.84,1723.28,completed,Letter of Credit,Marketplace,6,3.4
ORD-00672,2024-09-05,CUST-0001,Alpha Corp 1,South,Kochi,SUP-031,Apex Supplies 31,South,PROD-0077,Cold Chain Model 1,Logistics Services,Cold Chain,3,2181.67,0.0,6545.01,5285.5,1259.51,completed,Letter of Credit,Partner,6,5.0
ORD-00673,2024-12-02,CUST-0226,Alpha Group 226,South,Bengaluru,SUP-011,Apex Solutions 11,South,PROD-0063,Pallets Model 3,Packaging,Pallets,3,3097.86,5.19,8811.24,7238.92,1572.32,completed,Credit Card,Direct Sales,4,3.4
ORD-00674,2023-11-13,CUST-0110,Gamma Pvt Ltd 110,North,Lucknow,SUP-025,Orbit Industries 25,North,PROD-0041,Chemicals Model 1,Raw Materials,Chemicals,3,1749.17,0.0,5247.51,3915.94,1331.57,completed,Wire Transfer,Direct Sales,6,4.5
ORD-00675,2023-10-24,CUST-0081,Foxtrot Pvt Ltd 81,South,Chennai,SUP-041,Orbit Supplies 41,South,PROD-0061,Pallets Model 1,Packaging,Pallets,4,4287.4,5.94,0.0,9842.45,-1968.49,cancelled,Net-30,Partner,,
ORD-00676,2025-04-17,CUST-0182,Beta Pvt Ltd 182,East,Kolkata,SUP-021,Apex Trading 21,South,PROD-0058,Labels Model 2,Packaging,Labels,2,4326.14,0.0,8652.28,6574.92,2077.36,completed,Net-30,Online,3,5.0
ORD-00677,2025-10-27,CUST-0104,Gamma Pvt Ltd 104,Central,Raipur,SUP-059,Zenith Trading 59,Central,PROD-0033,Steel Model 1,Raw Materials,Steel,2,3009.73,0.0,6019.46,5255.16,764.3,completed,Wire Transfer,Partner,4,
ORD-00678,2025-02-07,CUST-0246,Alpha Ltd 246,South,Kochi,SUP-038,Summit Trading 38,West,PROD-0061,Pallets Model 1,Packaging,Pallets,6,4518.56,0.0,27111.36,14648.61,12462.75,completed,Letter of Credit,Partner,7,4.2
ORD-00679,2024-06-17,CUST-0225,Foxtrot Enterprises 225,North,Chandigarh,SUP-008,Apex Industries 8,West,PROD-0061,Pallets Model 1,Packaging,Pallets,4,4124.26,11.15,14657.62,9382.5,5275.12,completed,Wire Transfer,Online,1,3.7
ORD-00680,2024-06-14,CUST-0161,Delta Ltd 161,South,Chennai,SUP-024,Summit Manufacturing 24,Central,PROD-0058,Labels Model 2,Packaging,Labels,6,4381.28,0.0,0.0,19832.81,-3966.56,cancelled,Net-30,Online,,
ORD-00681,2024-10-31,CUST-0072,Gamma Pvt Ltd 72,East,Bhubaneswar,SUP-032,Prime Industries 32,East,PROD-0055,Films Model 3,Packaging,Films,11,3900.64,0.0,42907.04,29244.37,13662.67,completed,Credit Card,Online,7,3.3
ORD-00682,2024-01-26,CUST-0290,Beta Enterprises 290,North,Lucknow,SUP-045,Nova Trading 45,North,PROD-0015,CNC Parts Model 3,Industrial Equipment,CNC Parts,1,5032.35,0.0,5032.35,2828.27,2204.08,pending,Credit Card,Marketplace,,
ORD-00683,2025-06-04,CUST-0142,Delta Group 142,East,Bhubaneswar,SUP-057,Summit Solutions 57,East,PROD-0020,Sensors Model 4,Electronics,Sensors,2,460.2,0.0,92.04,767.67,-61.49,cancelled,Credit Card,Marketplace,,
ORD-00684,2024-10-30,CUST-0295,Gamma Enterprises 295,North,Delhi,SUP-050,Orbit Trading 50,North,PROD-0050,Corrugated Model 2,Packaging,Corrugated,1,660.27,0.0,660.27,473.96,186.31,completed,Letter of Credit,Partner,2,3.9
ORD-00685,2024-11-01,CUST-0296,Delta Ltd 296,South,Kochi,SUP-011,Apex Solutions 11,South,PROD-0027,Cables Model 3,Electronics,Cables,9,2448.73,0.0,22038.57,15060.93,6977.64,completed,Wire Transfer,Partner,11,2.9
ORD-00686,2023-09-13,CUST-0084,Alpha Corp 84,Central,Nagpur,SUP-024,Summit Manufacturing 24,Central,PROD-0030,Power Supplies Model 2,Electronics,Power Supplies,6,3862.92,5.41,21923.62,13963.96,7959.66,completed,Letter of Credit,Online,8,4.3
ORD-00687,2023-08-18,CUST-0084,Alpha Corp 84,Central,Nagpur,SUP-008,Apex Industries 8,West,PROD-0063,Pallets Model 3,Packaging,Pallets,6,3310.25,1.6,0.0,14720.7,-2944.14,cancelled,UPI,Online,,
ORD-00688,2025-03-09,CUST-0004,Delta Group 4,Central,Raipur,SUP-034,Zenith Trading 34,Central,PROD-0052,Corrugated Model 4,Packaging,Corrugated,1,4468.87,5.46,4224.87,3643.12,581.75,completed,Net-30,Online,7,4.0
ORD-00689,2024-03-05,CUST-0073,Delta Group 73,West,Pune,SUP-012,Nova Solutions 12,East,PROD-0073,Last Mile Model 1,Logistics Services,Last Mile,1,2672.06,0.0,2672.06,1479.63,1192.43,completed,UPI,Direct Sales,9,3.3
ORD-00690,2024-02-22,CUST-0215,Gamma Pvt Ltd 215,North,Jaipur,SUP-045,Nova Trading 45,North,PROD-0020,Sensors Model 4,Electronics,Sensors,14,437.04,0.0,0.0,5105.93,-1021.19,cancelled,Net-30,Marketplace,,
ORD-00691,2025-12-11,CUST-0192,Alpha Enterprises 192,East,Guwahati,SUP-017,Prime Trading 17,East,PROD-0080,Cold Chain Model 4,Logistics Services,Cold Chain,1,2243.52,12.09,1972.28,1851.32,120.96,completed,Wire Transfer,Online,7,4.4
ORD-00692,2025-08-19,CUST-0215,Gamma Pvt Ltd 215,North,Jaipur,SUP-008,Apex Industries 8,West,PROD-0061,Pallets Model 1,Packaging,Pallets,3,4165.32,0.0,12495.96,6794.37,5701.59,completed,Letter of Credit,Partner,8,3.8
ORD-00693,2024-08-01,CUST-0050,Delta Pvt Ltd 50,North,Delhi,SUP-060,Nova Supplies 60,North,PROD-0074,Last Mile Model 2,Logistics Services,Last Mile,1,4892.17,1.49,4819.28,2952.59,1866.69,completed,Wire Transfer,Partner,8,3.9
ORD-00694,2025-02-06,CUST-0169,Gamma Enterprises 169,Central,Indore,SUP-030,Nova Industries 30,North,PROD-0076,Last Mile Model 4,Logistics Services,Last Mile,27,3604.31,0.0,97316.37,79745.54,17570.83,pending,Wire Transfer,Online,,
ORD-00695,2025-04-10,CUST-0198,Gamma Enterprises 198,West,Mumbai,SUP-051,Nova Manufacturing 51,South,PROD-0026,Cables Model 2,Electronics,Cables,6,3401.42,15.97,17149.28,12001.59,5147.69,completed,Letter of Credit,Marketplace,5,4.2
ORD-00696,2025-07-23,CUST-0061,Echo Group 61,South,Chennai,SUP-042,Nova Manufacturing 42,East,PROD-0066,Freight Model 2,Logistics Services,Freight,1,1163.74,0.0,1163.74,647.97,515.77,completed,Letter of Credit,Partner,4,3.2
ORD-00697,2024-12-12,CUST-0033,Echo Ltd 33,West,Pune,SUP-028,Summit Solutions 28,West,PROD-0004,Pump Systems Model 4,Industrial Equipment,Pump Systems,1,3528.84,21.43,2772.61,2530.57,242.04,pending,Net-30,Marketplace,,
ORD-00698,2024-12-25,CUST-0224,Echo Pvt Ltd 224,Central,Indore,SUP-009,Nova Supplies 9,Central,PROD-0065,Freight Model 1,Logistics Services,Freight,1,5408.39,6.55,5054.14,3055.48,1998.66,completed,Letter of Credit,Online,1,3.9
ORD-00699,2023-11-08,CUST-0273,Echo Pvt Ltd 273,West,Pune,SUP-018,Nova Supplies 18,West,PROD-0068,Freight Model 4,Logistics Services,Freight,2,4312.14,0.0,8624.28,5378.92,3245.36,completed,Wire Transfer,Partner,1,3.7
ORD-00700,2024-05-29,CUST-0026,Beta Ltd 26,South,Bengaluru,SUP-026,Zenith Industries 26,South,PROD-0038,Polymers Model 2,Raw Materials,Polymers,10,2850.39,0.0,28503.9,18929.21,9574.69,completed,Letter of Credit,Online,5,3.1
ORD-00701,2023-11-23,CUST-0031,Alpha Group 31,South,Hyderabad,SUP-009,Nova Supplies 9,Central,PROD-0019,Sensors Model 3,Electronics,Sensors,27,4377.21,0.0,118184.67,69199.16,48985.51,completed,Net-30,Online,5,3.5
ORD-00702,2025-08-22,CUST-0116,Foxtrot Pvt Ltd 116,South,Bengaluru,SUP-018,Nova Supplies 18,West,PROD-0018,Sensors Model 2,Electronics,Sensors,2,2920.8,1.04,5780.85,4214.85,1566.0,completed,Letter of Credit,Marketplace,7,4.8
ORD-00703,2025-09-24,CUST-0079,Gamma Pvt Ltd 79,Central,Bhopal,SUP-059,Zenith Trading 59,Central,PROD-0044,Chemicals Model 4,Raw Materials,Chemicals,6,4438.0,1.75,26162.01,20040.54,6121.47,completed,Letter of Credit,Partner,7,3.6
ORD-00704,2024-05-30,CUST-0124,Gamma Pvt Ltd 124,Central,Indore,SUP-043,Zenith Trading 43,West,PROD-0064,Pallets Model 4,Packaging,Pallets,5,2690.9,6.68,12555.74,10968.71,1587.03,completed,Net-30,Partner,5,3.6
ORD-00705,2025-02-08,CUST-0043,Gamma Enterprises 43,West,Pune,SUP-058,Zenith Solutions 58,West,PROD-0063,Pallets Model 3,Packaging,Pallets,3,3409.04,16.12,8578.51,7947.14,631.37,completed,Credit Card,Online,2,3.2
ORD-00706,2023-03-23,CUST-0051,Gamma Enterprises 51,South,Kochi,SUP-006,Apex Solutions 6,South,PROD-0031,Power Supplies Model 3,Electronics,Power Supplies,5,2053.8,0.0,10269.0,7292.35,2976.65,completed,Letter of Credit,Online,3,5.0
ORD-00707,2025-04-24,CUST-0205,Alpha Ltd 205,North,Chandigarh,SUP-041,Orbit Supplies 41,South,PROD-0056,Films Model 4,Packaging,Films,7,586.1,0.0,0.0,3382.76,-676.55,cancelled,Credit Card,Marketplace,,
ORD-00708,2023-11-25,CUST-0130,Alpha Ltd 130,North,Jaipur,SUP-055,Summit Solutions 55,North,PROD-0045,Alloys Model 1,Raw Materials,Alloys,3,4587.65,0.0,13762.95,9995.82,3767.13,completed,Net-30,Marketplace,8,5.0
ORD-00709,2024-10-10,CUST-0179,Echo Ltd 179,Central,Indore,SUP-012,Nova Solutions 12,East,PROD-0064,Pallets Model 4,Packaging,Pallets,1,3045.3,0.0,3045.3,2539.31,505.99,completed,UPI,Partner,7,3.8
ORD-00710,2023-11-23,CUST-0255,Delta Corp 255,North,Lucknow,SUP-049,Apex Supplies 49,Central,PROD-0049,Corrugated Model 1,Packaging,Corrugated,1,3703.71,0.0,3703.71,2320.54,1383.17,completed,Letter of Credit,Partner,9,3.9
ORD-00711,2025-04-08,CUST-0260,Beta Enterprises 260,North,Delhi,SUP-036,Nova Trading 36,South,PROD-0038,Polymers Model 2,Raw Materials,Polymers,3,3218.39,0.18,9637.79,6815.26,2822.53,completed,Net-30,Marketplace,8,3.8
ORD-00712,2024-07-14,CUST-0069,Alpha Group 69,Central,Indore,SUP-007,Zenith Industries 7,East,PROD-0038,Polymers Model 2,Raw Materials,Polymers,3,3509.04,0.49,10475.54,7104.78,3370.76,pending,Credit Card,Marketplace,,
ORD-00713,2025-06-17,CUST-0115,Gamma Enterprises 115,North,Chandigarh,SUP-015,Prime Industries 15,North,PROD-0032,Power Supplies Model 4,Electronics,Power Supplies,2,1146.24,1.72,2253.05,1651.43,601.62,completed,UPI,Direct Sales,3,4.6
ORD-00714,2025-01-28,CUST-0266,Foxtrot Enterprises 266,South,Kochi,SUP-051,Nova Manufacturing 51,South,PROD-0074,Last Mile Model 2,Logistics Services,Last Mile,12,5088.14,0.0,61057.68,35213.95,25843.73,completed,Letter of Credit,Partner,2,5.0
ORD-00715,2025-11-05,CUST-0040,Alpha Ltd 40,North,Jaipur,SUP-009,Nova Supplies 9,Central,PROD-0042,Chemicals Model 2,Raw Materials,Chemicals,18,3432.28,0.0,61781.04,44664.09,17116.95,completed,Letter of Credit,Direct Sales,6,3.3
ORD-00716,2023-12-17,CUST-0179,Echo Ltd 179,Central,Indore,SUP-042,Nova Manufacturing 42,East,PROD-0071,Warehousing Model 3,Logistics Services,Warehousing,13,2161.29,15.99,23604.1,16525.27,7078.83,completed,Net-30,Marketplace,10,4.2
ORD-00717,2025-03-22,CUST-0076,Foxtrot Corp 76,South,Hyderabad,SUP-026,Zenith Industries 26,South,PROD-0009,Compressors Model 1,Industrial Equipment,Compressors,2,255.96,15.86,0.0,299.78,-59.96,cancelled,Wire Transfer,Marketplace,,
ORD-00718,2023-01-14,CUST-0159,Alpha Pvt Ltd 159,Central,Raipur,SUP-054,Nova Supplies 54,Central,PROD-0039,Polymers Model 3,Raw Materials,Polymers,1,4647.71,21.96,3627.07,2980.96,646.11,completed,Letter of Credit,Online,7,4.1
ORD-00719,2023-03-02,CUST-0037,Delta Enterprises 37,East,Patna,SUP-034,Zenith Trading 34,Central,PROD-0053,Films Model 1,Packaging,Films,1,1513.62,0.0,151.36,1266.06,-101.85,cancelled,UPI,Online,,
ORD-00720,2023-07-16,CUST-0170,Beta Enterprises 170,North,Jaipur,SUP-035,Zenith Trading 35,North,PROD-0074,Last Mile Model 2,Logistics Services,Last Mile,10,4450.34,0.0,0.0,25337.83,-5067.57,cancelled,Net-30,Partner,,
ORD-00721,2025-12-08,CUST-0091,Gamma Pvt Ltd 91,South,Bengaluru,SUP-057,Summit Solutions 57,East,PROD-0033,Steel Model 1,Raw Materials,Steel,1,2750.99,0.68,2732.28,2391.04,341.24,completed,Letter of Credit,Online,6,
ORD-00722,2023-05-23,CUST-0192,Alpha Enterprises 192,East,Guwahati,SUP-002,Apex Trading 2,East,PROD-0068,Freight Model 4,Logistics Services,Freight,1,4154.13,0.0,4154.13,2576.87,1577.26,completed,Wire Transfer,Direct Sales,8,4.0
ORD-00723,2025-11-05,CUST-0177,Echo Ltd 177,East,Kolkata,SUP-052,Zenith Manufacturing 52,East,PROD-0020,Sensors Model 4,Electronics,Sensors,2,445.38,0.0,890.76,742.29,148.47,pending,Wire Transfer,Marketplace,,
ORD-00724,2024-01-31,CUST-0016,Gamma Ltd 16,South,Hyderabad,SUP-060,Nova Supplies 60,North,PROD-0069,Warehousing Model 1,Logistics Services,Warehousing,2,358.3,20.33,570.92,548.38,22.54,completed,UPI,Marketplace,1,2.6
ORD-00725,2025-04-07,CUST-0230,Alpha Enterprises 230,North,Delhi,SUP-043,Zenith Trading 43,West,PROD-0071,Warehousing Model 3,Logistics Services,Warehousing,2,1987.93,0.0,3975.86,2280.1,1695.76,completed,UPI,Online,8,4.2
ORD-00726,2024-08-01,CUST-0267,Foxtrot Enterprises 267,East,Patna,SUP-052,Zenith Manufacturing 52,East,PROD-0042,Chemicals Model 2,Raw Materials,Chemicals,4,3218.42,0.0,12873.68,9837.0,3036.68,pending,Net-30,Direct Sales,,
ORD-00727,2025-10-16,CUST-0230,Alpha Enterprises 230,North,Delhi,SUP-019,Prime Industries 19,Central,PROD-0055,Films Model 3,Packaging,Films,2,3393.24,20.97,5363.36,4373.0,990.36,completed,Credit Card,Online,12,4.0
ORD-00728,2024-09-12,CUST-0097,Foxtrot Pvt Ltd 97,East,Bhubaneswar,SUP-020,Apex Manufacturing 20,North,PROD-0076,Last Mile Model 4,Logistics Services,Last Mile,12,3953.12,0.0,0.0,39688.6,-7937.72,cancelled,UPI,Direct Sales,,
ORD-00729,2025-07-25,CUST-0181,Beta Group 181,South,Hyderabad,SUP-004,Nova Industries 4,Central,PROD-0056,Films Model 4,Packaging,Films,3,636.95,0.0,0.0,1529.97,-305.99,cancelled,Wire Transfer,Direct Sales,,
ORD-00730,2024-05-07,CUST-0164,Foxtrot Ltd 164,Central,Raipur,SUP-019,Prime Industries 19,Central,PROD-0064,Pallets Model 4,Packaging,Pallets,4,2682.5,1.85,10531.5,8125.47,2406.03,completed,Wire Transfer,Marketplace,3,2.8
ORD-00731,2024-09-26,CUST-0117,Foxtrot Corp 117,East,Patna,SUP-032,Prime Industries 32,East,PROD-0006,Conveyors Model 2,Industrial Equipment,Conveyors,1,4592.66,0.0,4592.66,3026.01,1566.65,completed,Net-30,Marketplace,8,5.0
ORD-00732,2025-07-08,CUST-0006,Foxtrot Corp 6,South,Bengaluru,SUP-031,Apex Supplies 31,South,PROD-0049,Corrugated Model 1,Packaging,Corrugated,6,4105.56,1.25,24325.44,14691.14,9634.3,completed,Credit Card,Online,10,
ORD-00733,2025-03-26,CUST-0082,Gamma Corp 82,East,Guwahati,SUP-032,Prime Industries 32,East,PROD-0009,Compressors Model 1,Industrial Equipment,Compressors,3,247.06,0.0,741.18,431.96,309.22,completed,Net-30,Online,6,4.7
ORD-00734,2025-03-05,CUST-0062,Echo Corp 62,East,Kolkata,SUP-017,Prime Trading 17,East,PROD-0012,Compressors Model 4,Industrial Equipment,Compressors,6,2263.13,15.22,11512.09,7655.81,3856.28,pending,Wire Transfer,Online,,
ORD-00735,2024-01-23,CUST-0035,Beta Corp 35,North,Lucknow,SUP-050,Orbit Trading 50,North,PROD-0048,Alloys Model 4,Raw Materials,Alloys,6,541.95,0.0,3251.7,2077.07,1174.63,completed,Credit Card,Direct Sales,7,
ORD-00736,2024-02-03,CUST-0175,Foxtrot Corp 175,North,Delhi,SUP-017,Prime Trading 17,East,PROD-0023,Controllers Model 3,Electronics,Controllers,1,2132.33,6.01,2004.18,1298.56,705.62,completed,UPI,Online,4,
ORD-00737,2023-08-01,CUST-0126,Delta Enterprises 126,South,Hyderabad,SUP-019,Prime Industries 19,Central,PROD-0072,Warehousing Model 4,Logistics Services,Warehousing,2,4992.69,10.74,8912.95,6175.42,2737.53,completed,Credit Card,Marketplace,6,
ORD-00738,2025-03-01,CUST-0291,Gamma Pvt Ltd 291,South,Kochi,SUP-016,Nova Manufacturing 16,South,PROD-0005,Conveyors Model 1,Industrial Equipment,Conveyors,3,4718.46,0.0,14155.38,11486.56,2668.82,pending,Net-30,Marketplace,,
ORD-00739,2024-04-03,CUST-0231,Alpha Group 231,South,Kochi,SUP-016,Nova Manufacturing 16,South,PROD-0063,Pallets Model 3,Packaging,Pallets,4,3801.86,0.0,15207.44,11865.23,3342.21,pending,Wire Transfer,Partner,,
ORD-00740,2024-04-09,CUST-0090,Delta Ltd 90,North,Chandigarh,SUP-025,Orbit Industries 25,North,PROD-0033,Steel Model 1,Raw Materials,Steel,2,3188.8,15.82,5368.66,5612.34,-243.68,completed,Wire Transfer,Marketplace,8,4.1
ORD-00741,2025-12-21,CUST-0216,Alpha Ltd 216,South,Chennai,SUP-030,Nova Industries 30,North,PROD-0058,Labels Model 2,Packaging,Labels,12,4240.72,0.0,50888.64,37612.57,13276.07,completed,Wire Transfer,Partner,7,4.6
ORD-00742,2025-04-24,CUST-0238,Echo Corp 238,West,Mumbai,SUP-033,Nova Industries 33,West,PROD-0048,Alloys Model 4,Raw Materials,Alloys,2,504.87,0.0,100.97,641.68,-27.37,cancelled,Credit Card,Direct Sales,,
ORD-00743,2023-11-16,CUST-0112,Delta Group 112,East,Kolkata,SUP-012,Nova Solutions 12,East,PROD-0050,Corrugated Model 2,Packaging,Corrugated,1,637.97,0.55,634.46,465.29,169.17,pending,UPI,Direct Sales,,
ORD-00744,2025-12-22,CUST-0078,Foxtrot Group 78,West,Mumbai,SUP-038,Summit Trading 38,West,PROD-0032,Power Supplies Model 4,Electronics,Power Supplies,15,1250.7,0.0,18760.5,13893.7,4866.8,completed,Credit Card,Online,6,2.7
ORD-00745,2025-07-03,CUST-0011,Foxtrot Pvt Ltd 11,South,Bengaluru,SUP-001,Summit Industries 1,South,PROD-0043,Chemicals Model 3,Raw Materials,Chemicals,1,4123.36,0.73,4093.26,3209.44,883.82,completed,Credit Card,Direct Sales,2,4.3
ORD-00746,2024-05-25,CUST-0078,Foxtrot Group 78,West,Mumbai,SUP-008,Apex Industries 8,West,PROD-0069,Warehousing Model 1,Logistics Services,Warehousing,2,383.67,0.0,767.34,598.31,169.03,pending,Credit Card,Direct Sales,,
ORD-00747,2025-01-12,CUST-0228,Gamma Ltd 228,West,Surat,SUP-003,Nova Supplies 3,West,PROD-0018,Sensors Model 2,Electronics,Sensors,3,2925.19,0.0,8775.57,6624.57,2151.0,completed,Credit Card,Marketplace,10,3.7
ORD-00748,2024-02-08,CUST-0291,Gamma Pvt Ltd 291,South,Kochi,SUP-026,Zenith Industries 26,South,PROD-0011,Compressors Model 3,Industrial Equipment,Compressors,1,4674.92,0.0,4674.92,3723.82,951.1,completed,Credit Card,Partner,9,4.0
ORD-00749,2023-02-18,CUST-0254,Gamma Group 254,Central,Raipur,SUP-049,Apex Supplies 49,Central,PROD-0054,Films Model 2,Packaging,Films,2,2504.2,0.0,5008.4,4126.74,881.66,completed,Wire Transfer,Partner,1,
ORD-00750,2025-02-18,CUST-0135,Foxtrot Enterprises 135,North,Chandigarh,SUP-035,Zenith Trading 35,North,PROD-0044,Chemicals Model 4,Raw Materials,Chemicals,6,4129.34,1.47,24411.83,17416.8,6995.03,completed,Net-30,Marketplace,8,4.8
ORD-00751,2025-07-10,CUST-0172,Delta Pvt Ltd 172,East,Patna,SUP-042,Nova Manufacturing 42,East,PROD-0055,Films Model 3,Packaging,Films,4,3695.13,5.98,13896.64,9406.48,4490.16,completed,Net-30,Online,8,4.0
ORD-00752,2023-06-04,CUST-0012,Beta Pvt Ltd 12,East,Bhubaneswar,SUP-052,Zenith Manufacturing 52,East,PROD-0014,CNC Parts Model 2,Industrial Equipment,CNC Parts,1,2108.07,0.0,2108.07,1642.91,465.16,completed,Letter of Credit,Online,7,4.1
ORD-00753,2023-07-07,CUST-0080,Foxtrot Pvt Ltd 80,North,Chandigarh,SUP-040,Orbit Supplies 40,North,PROD-0043,Chemicals Model 3,Raw Materials,Chemicals,6,3307.55,0.37,19771.87,15163.29,4608.58,completed,Credit Card,Online,12,4.1
ORD-00754,2023-05-06,CUST-0199,Delta Group 199,Central,Bhopal,SUP-044,Summit Solutions 44,Central,PROD-0025,Cables Model 1,Electronics,Cables,17,4129.01,0.0,70193.17,57406.57,12786.6,completed,Wire Transfer,Partner,3,
ORD-00755,2024-08-07,CUST-0074,Echo Group 74,Central,Nagpur,SUP-037,Prime Supplies 37,East,PROD-0025,Cables Model 1,Electronics,Cables,5,4027.55,0.0,0.0,16184.44,-3236.89,cancelled,Wire Transfer,Marketplace,,
ORD-00756,2025-05-30,CUST-0129,Gamma Group 129,Central,Indore,SUP-048,Zenith Trading 48,West,PROD-0031,Power Supplies Model 3,Electronics,Power Supplies,4,1837.59,15.69,6197.09,5227.2,969.89,pending,Credit Card,Marketplace,,
ORD-00757,2023-05-15,CUST-0007,Foxtrot Pvt Ltd 7,East,Patna,SUP-044,Summit Solutions 44,Central,PROD-0012,Compressors Model 4,Industrial Equipment,Compressors,16,2176.99,0.0,34831.84,20545.91,14285.93,completed,Net-30,Marketplace,2,3.6
ORD-00758,2025-04-05,CUST-0190,Alpha Group 190,North,Jaipur,SUP-040,Orbit Supplies 40,North,PROD-0041,Chemicals Model 1,Raw Materials,Chemicals,3,1772.86,0.0,5318.58,3925.87,1392.71,pending,UPI,Marketplace,,
ORD-00759,2023-12-20,CUST-0232,Beta Ltd 232,East,Kolkata,SUP-057,Summit Solutions 57,East,PROD-0050,Corrugated Model 2,Packaging,Corrugated,6,786.98,10.03,4248.28,3459.07,789.21,completed,Credit Card,Marketplace,11,5.0
ORD-00760,2024-01-25,CUST-0242,Beta Corp 242,East,Kolkata,SUP-027,Orbit Trading 27,East,PROD-0026,Cables Model 2,Electronics,Cables,3,3769.93,0.0,11309.79,6606.17,4703.62,completed,Wire Transfer,Marketplace,2,4.2
ORD-00761,2024-03-19,CUST-0031,Alpha Group 31,South,Hyderabad,SUP-006,Apex Solutions 6,South,PROD-0009,Compressors Model 1,Industrial Equipment,Compressors,7,212.98,0.0,1490.86,850.08,640.78,completed,Wire Transfer,Partner,6,4.2
ORD-00762,2023-05-10,CUST-0160,Delta Enterprises 160,North,Jaipur,SUP-028,Summit Solutions 28,West,PROD-0079,Cold Chain Model 3,Logistics Services,Cold Chain,4,532.21,0.74,2113.09,1553.17,559.92,completed,Net-30,Direct Sales,9,4.2
ORD-00763,2024-10-21,CUST-0161,Delta Ltd 161,South,Chennai,SUP-058,Zenith Solutions 58,West,PROD-0061,Pallets Model 1,Packaging,Pallets,1,4354.14,0.0,4354.14,2509.92,1844.22,completed,Letter of Credit,Direct Sales,7,3.2
ORD-00764,2025-10-02,CUST-0128,Foxtrot Ltd 128,West,Surat,SUP-038,Summit Trading 38,West,PROD-0003,Pump Systems Model 3,Industrial Equipment,Pump Systems,3,5271.95,0.0,15815.85,9873.64,5942.21,completed,Net-30,Online,1,4.4
ORD-00765,2025-09-19,CUST-0231,Alpha Group 231,South,Kochi,SUP-016,Nova Manufacturing 16,South,PROD-0036,Steel Model 4,Raw Materials,Steel,1,3017.49,16.12,253.11,2345.13,-215.92,cancelled,Net-30,Direct Sales,,
ORD-00766,2024-05-23,CUST-0097,Foxtrot Pvt Ltd 97,East,Bhubaneswar,SUP-039,Summit Industries 39,Central,PROD-0078,Cold Chain Model 2,Logistics Services,Cold Chain,2,913.65,0.0,1827.3,1232.96,594.34,completed,Credit Card,Partner,7,3.4
ORD-00767,2023-10-30,CUST-0134,Delta Enterprises 134,Central,Indore,SUP-024,Summit Manufacturing 24,Central,PROD-0004,Pump Systems Model 4,Industrial Equipment,Pump Systems,8,3199.46,0.0,25595.68,19848.93,5746.75,completed,UPI,Partner,4,4.3
ORD-00768,2025-09-04,CUST-0056,Echo Group 56,South,Kochi,SUP-030,Nova Industries 30,North,PROD-0036,Steel Model 4,Raw Materials,Steel,5,2682.34,0.25,13378.17,10508.49,2869.68,completed,Letter of Credit,Online,5,4.5
ORD-00769,2023-09-28,CUST-0223,Gamma Corp 223,West,Pune,SUP-026,Zenith Industries 26,South,PROD-0023,Controllers Model 3,Electronics,Controllers,6,2474.76,1.77,14585.74,8885.1,5700.64,completed,Credit Card,Direct Sales,1,4.1
ORD-00770,2025-03-21,CUST-0121,Delta Enterprises 121,South,Chennai,SUP-026,Zenith Industries 26,South,PROD-0046,Alloys Model 2,Raw Materials,Alloys,1,1448.77,1.05,1433.56,1002.44,431.12,completed,Wire Transfer,Marketplace,5,3.3
ORD-00771,2023-10-09,CUST-0082,Gamma Corp 82,East,Guwahati,SUP-022,Prime Solutions 22,East,PROD-0030,Power Supplies Model 2,Electronics,Power Supplies,5,3855.47,0.0,19277.35,12283.57,6993.78,completed,UPI,Online,4,4.1
ORD-00772,2023-06-15,CUST-0262,Foxtrot Enterprises 262,East,Guwahati,SUP-032,Prime Industries 32,East,PROD-0004,Pump Systems Model 4,Industrial Equipment,Pump Systems,5,3190.11,0.42,0.0,11980.69,-2396.14,cancelled,Letter of Credit,Partner,,
ORD-00773,2024-06-08,CUST-0261,Gamma Ltd 261,South,Kochi,SUP-011,Apex Solutions 11,South,PROD-0051,Corrugated Model 3,Packaging,Corrugated,5,4695.67,12.32,20585.82,16155.23,4430.59,completed,Credit Card,Partner,5,4.6
ORD-00774,2024-02-26,CUST-0232,Beta Ltd 232,East,Kolkata,SUP-047,Apex Trading 47,East,PROD-0066,Freight Model 2,Logistics Services,Freight,2,1099.25,0.0,2198.5,1255.44,943.06,completed,Wire Transfer,Partner,8,5.0
ORD-00775,2023-12-05,CUST-0185,Foxtrot Ltd 185,North,Lucknow,SUP-055,Summit Solutions 55,North,PROD-0030,Power Supplies Model 2,Electronics,Power Supplies,6,4813.07,10.92,25724.9,17416.68,8308.22,pending,UPI,Marketplace,,
ORD-00776,2024-07-15,CUST-0288,Alpha Pvt Ltd 288,West,Ahmedabad,SUP-053,Nova Trading 53,West,PROD-0032,Power Supplies Model 4,Electronics,Power Supplies,15,1362.71,0.0,20440.65,15276.3,5164.35,completed,Letter of Credit,Direct Sales,9,3.8
ORD-00777,2023-03-13,CUST-0050,Delta Pvt Ltd 50,North,Delhi,SUP-020,Apex Manufacturing 20,North,PROD-0025,Cables Model 1,Electronics,Cables,6,3911.92,0.0,23471.52,18865.19,4606.33,completed,Wire Transfer,Online,9,3.7
ORD-00778,2023-11-10,CUST-0016,Gamma Ltd 16,South,Hyderabad,SUP-060,Nova Supplies 60,North,PROD-0061,Pallets Model 1,Packaging,Pallets,4,3835.12,0.0,15340.48,8484.08,6856.4,completed,Credit Card,Marketplace,7,4.8
ORD-00779,2024-07-30,CUST-0222,Gamma Corp 222,East,Bhubaneswar,SUP-027,Orbit Trading 27,East,PROD-0023,Controllers Model 3,Electronics,Controllers,3,2136.17,0.0,6408.51,3925.01,2483.5,completed,Net-30,Direct Sales,6,3.6
ORD-00780,2023-04-07,CUST-0121,Delta Enterprises 121,South,Chennai,SUP-052,Zenith Manufacturing 52,East,PROD-0001,Pump Systems Model 1,Industrial Equipment,Pump Systems,1,2316.96,0.0,231.7,1764.56,-121.21,cancelled,Net-30,Partner,,
ORD-00781,2024-12-11,CUST-0046,Alpha Ltd 46,South,Bengaluru,SUP-036,Nova Trading 36,South,PROD-0061,Pallets Model 1,Packaging,Pallets,1,3935.41,0.0,3935.41,2103.64,1831.77,pending,UPI,Direct Sales,,
ORD-00782,2025-01-07,CUST-0298,Alpha Enterprises 298,West,Ahmedabad,SUP-038,Summit Trading 38,West,PROD-0045,Alloys Model 1,Raw Materials,Alloys,1,4919.39,0.0,4919.39,3675.01,1244.38,completed,Wire Transfer,Partner,8,4.0
ORD-00783,2023-10-25,CUST-0184,Echo Enterprises 184,Central,Nagpur,SUP-029,Prime Solutions 29,Central,PROD-0070,Warehousing Model 2,Logistics Services,Warehousing,41,4487.13,0.0,183972.33,123552.59,60419.74,completed,Wire Transfer,Direct Sales,3,3.6
ORD-00784,2023-12-04,CUST-0106,Foxtrot Group 106,South,Kochi,SUP-026,Zenith Industries 26,South,PROD-0011,Compressors Model 3,Industrial Equipment,Compressors,2,5113.67,1.15,10109.73,7722.09,2387.64,completed,UPI,Online,6,3.0
ORD-00785,2023-08-06,CUST-0167,Alpha Enterprises 167,East,Kolkata,SUP-052,Zenith Manufacturing 52,East,PROD-0048,Alloys Model 4,Raw Materials,Alloys,13,548.18,11.5,6306.81,4635.86,1670.95,pending,Wire Transfer,Marketplace,,
ORD-00786,2023-07-17,CUST-0080,Foxtrot Pvt Ltd 80,North,Chandigarh,SUP-058,Zenith Solutions 58,West,PROD-0025,Cables Model 1,Electronics,Cables,3,3775.18,5.48,1070.49,9203.83,-770.28,cancelled,Wire Transfer,Online,,
ORD-00787,2025-01-02,CUST-0009,Delta Corp 9,Central,Bhopal,SUP-009,Nova Supplies 9,Central,PROD-0027,Cables Model 3,Electronics,Cables,16,2050.38,0.0,32806.08,20627.21,12178.87,completed,Net-30,Marketplace,6,4.0
ORD-00788,2025-10-20,CUST-0192,Alpha Enterprises 192,East,Guwahati,SUP-032,Prime Industries 32,East,PROD-0080,Cold Chain Model 4,Logistics Services,Cold Chain,19,2170.23,0.0,41234.37,36092.81,5141.56,pending,Net-30,Partner,,
ORD-00789,2025-10-01,CUST-0016,Gamma Ltd 16,South,Hyderabad,SUP-036,Nova Trading 36,South,PROD-0050,Corrugated Model 2,Packaging,Corrugated,3,755.0,0.0,2265.0,1588.26,676.74,completed,Credit Card,Marketplace,9,4.1
ORD-00790,2024-09-26,CUST-0130,Alpha Ltd 130,North,Jaipur,SUP-010,Orbit Solutions 10,North,PROD-0032,Power Supplies Model 4,Electronics,Power Supplies,13,1130.52,10.48,0.0,11118.12,-2223.62,cancelled,Letter of Credit,Marketplace,,
ORD-00791,2023-04-10,CUST-0111,Echo Group 111,South,Kochi,SUP-007,Zenith Industries 7,East,PROD-0002,Pump Systems Model 2,Industrial Equipment,Pump Systems,2,826.95,0.0,165.39,1129.82,-60.57,cancelled,Net-30,Online,,
ORD-00792,2025-09-14,CUST-0265,Beta Pvt Ltd 265,North,Delhi,SUP-040,Orbit Supplies 40,North,PROD-0038,Polymers Model 2,Raw Materials,Polymers,1,2999.39,1.94,2941.2,2007.9,933.3,completed,Wire Transfer,Marketplace,6,4.1
ORD-00793,2023-02-18,CUST-0023,Foxtrot Pvt Ltd 23,West,Pune,SUP-018,Nova Supplies 18,West,PROD-0044,Chemicals Model 4,Raw Materials,Chemicals,20,4019.95,0.2,80238.2,57230.47,23007.73,completed,Credit Card,Partner,4,4.4
ORD-00794,2024-05-13,CUST-0279,Echo Corp 279,Central,Nagpur,SUP-039,Summit Industries 39,Central,PROD-0005,Conveyors Model 1,Industrial Equipment,Conveyors,2,3911.01,10.95,6965.51,6306.7,658.81,completed,Wire Transfer,Online,12,3.3
ORD-00795,2024-02-19,CUST-0293,Foxtrot Ltd 293,West,Pune,SUP-018,Nova Supplies 18,West,PROD-0058,Labels Model 2,Packaging,Labels,11,4160.17,1.16,0.0,33762.67,-6752.53,cancelled,Wire Transfer,Partner,,
ORD-00796,2025-09-10,CUST-0069,Alpha Group 69,Central,Indore,SUP-026,Zenith Industries 26,South,PROD-0002,Pump Systems Model 2,Industrial Equipment,Pump Systems,1,851.86,0.64,846.41,573.42,272.99,completed,UPI,Direct Sales,7,3.7
ORD-00797,2023-05-20,CUST-0051,Gamma Enterprises 51,South,Kochi,SUP-041,Orbit Supplies 41,South,PROD-0070,Warehousing Model 2,Logistics Services,Warehousing,5,4240.78,0.0,21203.9,14075.08,7128.82,completed,Wire Transfer,Direct Sales,1,
ORD-00798,2023-02-26,CUST-0212,Delta Group 212,East,Patna,SUP-024,Summit Manufacturing 24,Central,PROD-0029,Power Supplies Model 1,Electronics,Power Supplies,2,2167.46,0.0,4334.92,2785.49,1549.43,completed,UPI,Direct Sales,8,5.0
ORD-00799,2023-03-05,CUST-0066,Beta Pvt Ltd 66,South,Kochi,SUP-041,Orbit Supplies 41,South,PROD-0053,Films Model 1,Packaging,Films,16,1269.56,0.0,0.0,16193.05,-3238.61,cancelled,UPI,Online,,
ORD-00800,2024-10-31,CUST-0288,Alpha Pvt Ltd 288,West,Ahmedabad,SUP-013,Zenith Supplies 13,West,PROD-0006,Conveyors Model 2,Industrial Equipment,Conveyors,2,4572.9,0.0,9145.8,5976.57,3169.23,completed,UPI,Marketplace,12,3.4
ORD-00801,2023-05-09,CUST-0287,Gamma Group 287,East,Guwahati,SUP-039,Summit Industries 39,Central,PROD-0077,Cold Chain Model 1,Logistics Services,Cold Chain,5,2091.26,0.0,0.0,8463.33,-1692.67,cancelled,Net-30,Partner,,
ORD-00802,2024-06-24,CUST-0139,Foxtrot Group 139,Central,Bhopal,SUP-039,Summit Industries 39,Central,PROD-0066,Freight Model 2,Logistics Services,Freight,14,1191.88,11.04,14844.15,9220.45,5623.7,completed,Letter of Credit,Direct Sales,3,3.5
ORD-00803,2024-08-19,CUST-0152,Beta Ltd 152,East,Bhubaneswar,SUP-052,Zenith Manufacturing 52,East,PROD-0047,Alloys Model 3,Raw Materials,Alloys,3,3209.34,0.0,962.8,7168.74,-470.95,cancelled,Wire Transfer,Direct Sales,,
ORD-00804,2023-10-27,CUST-0173,Delta Corp 173,West,Mumbai,SUP-053,Nova Trading 53,West,PROD-0064,Pallets Model 4,Packaging,Pallets,1,2848.45,0.0,2848.45,2277.92,570.53,completed,UPI,Marketplace,6,4.4
ORD-00805,2024-06-28,CUST-0002,Beta Ltd 2,East,Kolkata,SUP-022,Prime Solutions 22,East,PROD-0064,Pallets Model 4,Packaging,Pallets,14,3253.5,0.0,45549.0,36001.51,9547.49,completed,Letter of Credit,Online,10,4.3
ORD-00806,2024-07-03,CUST-0244,Gamma Corp 244,Central,Raipur,SUP-029,Prime Solutions 29,Central,PROD-0016,CNC Parts Model 4,Industrial Equipment,CNC Parts,1,4391.3,0.55,4367.15,2815.28,1551.87,completed,UPI,Direct Sales,7,4.3
ORD-00807,2024-04-29,CUST-0021,Gamma Group 21,South,Chennai,SUP-037,Prime Supplies 37,East,PROD-0008,Conveyors Model 4,Industrial Equipment,Conveyors,5,3657.33,6.86,17032.19,14626.16,2406.03,completed,Wire Transfer,Direct Sales,9,4.8
ORD-00808,2024-03-27,CUST-0197,Gamma Ltd 197,East,Patna,SUP-047,Apex Trading 47,East,PROD-0003,Pump Systems Model 3,Industrial Equipment,Pump Systems,3,5387.31,16.22,13540.46,10943.28,2597.18,completed,UPI,Marketplace,6,4.2
ORD-00809,2024-02-25,CUST-0229,Gamma Enterprises 229,Central,Indore,SUP-009,Nova Supplies 9,Central,PROD-0011,Compressors Model 3,Industrial Equipment,Compressors,5,5410.14,12.05,23791.09,21493.03,2298.06,completed,Letter of Credit,Partner,9,3.5
ORD-00810,2025-02-12,CUST-0165,Beta Group 165,North,Lucknow,SUP-045,Nova Trading 45,North,PROD-0079,Cold Chain Model 3,Logistics Services,Cold Chain,12,536.51,0.0,6438.12,4531.4,1906.72,completed,Net-30,Marketplace,8,4.7
ORD-00811,2023-05-13,CUST-0141,Alpha Enterprises 141,South,Chennai,SUP-021,Apex Trading 21,South,PROD-0030,Power Supplies Model 2,Electronics,Power Supplies,4,3836.52,0.0,15346.08,9118.02,6228.06,completed,Net-30,Partner,1,4.5
ORD-00812,2025-11-25,CUST-0196,Delta Enterprises 196,South,Kochi,SUP-031,Apex Supplies 31,South,PROD-0058,Labels Model 2,Packaging,Labels,1,4123.07,5.96,3877.34,3058.63,818.71,completed,UPI,Partner,2,3.4
ORD-00813,2023-11-02,CUST-0025,Echo Enterprises 25,North,Lucknow,SUP-006,Apex Solutions 6,South,PROD-0021,Controllers Model 1,Electronics,Controllers,4,3000.97,0.0,12003.88,7286.51,4717.37,completed,Wire Transfer,Direct Sales,5,5.0
ORD-00814,2023-12-27,CUST-0210,Foxtrot Ltd 210,North,Lucknow,SUP-045,Nova Trading 45,North,PROD-0009,Compressors Model 1,Industrial Equipment,Compressors,15,237.53,0.0,3562.95,2108.34,1454.61,completed,Wire Transfer,Direct Sales,6,4.9
ORD-00815,2024-01-02,CUST-0009,Delta Corp 9,Central,Bhopal,SUP-013,Zenith Supplies 13,West,PROD-0078,Cold Chain Model 2,Logistics Services,Cold Chain,1,842.18,0.0,0.0,571.06,-114.21,cancelled,Wire Transfer,Direct Sales,,
ORD-00816,2023-12-09,CUST-0126,Delta Enterprises 126,South,Hyderabad,SUP-021,Apex Trading 21,South,PROD-0022,Controllers Model 2,Electronics,Controllers,1,4683.76,0.0,4683.76,2747.67,1936.09,completed,Letter of Credit,Partner,8,4.2
ORD-00817,2023-05-18,CUST-0294,Beta Enterprises 294,Central,Raipur,SUP-030,Nova Industries 30,North,PROD-0032,Power Supplies Model 4,Electronics,Power Supplies,1,1177.72,0.0,1177.72,871.44,306.28,completed,Letter of Credit,Marketplace,8,4.1
ORD-00818,2025-04-09,CUST-0203,Gamma Pvt Ltd 203,West,Ahmedabad,SUP-058,Zenith Solutions 58,West,PROD-0052,Corrugated Model 4,Packaging,Corrugated,2,4708.52,0.0,9417.04,7583.85,1833.19,pending,Net-30,Marketplace,,
ORD-00819,2024-03-17,CUST-0086,Foxtrot Enterprises 86,South,Chennai,SUP-036,Nova Trading 36,South,PROD-0017,Sensors Model 1,Electronics,Sensors,2,1726.29,0.0,3452.58,2101.0,1351.58,completed,Letter of Credit,Direct Sales,3,4.5
ORD-00820,2024-02-24,CUST-0155,Gamma Group 155,North,Lucknow,SUP-015,Prime Industries 15,North,PROD-0003,Pump Systems Model 3,Industrial Equipment,Pump Systems,7,4846.64,0.0,33926.48,21821.51,12104.97,completed,Wire Transfer,Online,3,
ORD-00821,2025-09-08,CUST-0152,Beta Ltd 152,East,Bhubaneswar,SUP-027,Orbit Trading 27,East,PROD-0060,Labels Model 4,Packaging,Labels,1,4457.25,0.0,4457.25,2805.48,1651.77,completed,Letter of Credit,Direct Sales,9,4.4
ORD-00822,2025-07-31,CUST-0006,Foxtrot Corp 6,South,Bengaluru,SUP-010,Orbit Solutions 10,North,PROD-0072,Warehousing Model 4,Logistics Services,Warehousing,1,5006.99,15.81,4215.38,3306.88,908.5,completed,Letter of Credit,Online,5,4.6
ORD-00823,2023-11-11,CUST-0225,Foxtrot Enterprises 225,North,Chandigarh,SUP-028,Summit Solutions 28,West,PROD-0066,Freight Model 2,Logistics Services,Freight,5,1312.75,0.0,6563.75,3841.81,2721.94,completed,UPI,Partner,9,3.8
ORD-00824,2025-05-05,CUST-0074,Echo Group 74,Central,Nagpur,SUP-019,Prime Industries 19,Central,PROD-0012,Compressors Model 4,Industrial Equipment,Compressors,2,2001.37,0.39,3987.13,2335.79,1651.34,pending,Wire Transfer,Marketplace,,
ORD-00825,2025-10-07,CUST-0281,Delta Corp 281,South,Bengaluru,SUP-016,Nova Manufacturing 16,South,PROD-0001,Pump Systems Model 1,Industrial Equipment,Pump Systems,17,1985.35,0.0,33750.95,24350.43,9400.52,completed,Net-30,Partner,10,4.8
ORD-00826,2023-11-15,CUST-0241,Beta Ltd 241,South,Chennai,SUP-017,Prime Trading 17,East,PROD-0074,Last Mile Model 2,Logistics Services,Last Mile,7,4821.84,0.0,33752.88,19591.94,14160.94,pending,Letter of Credit,Partner,,
ORD-00827,2024-03-24,CUST-0126,Delta Enterprises 126,South,Hyderabad,SUP-001,Summit Industries 1,South,PROD-0056,Films Model 4,Packaging,Films,6,598.02,0.0,3588.12,3026.52,561.6,completed,Credit Card,Partner,8,3.7
ORD-00828,2024-10-04,CUST-0212,Delta Group 212,East,Patna,SUP-027,Orbit Trading 27,East,PROD-0073,Last Mile Model 1,Logistics Services,Last Mile,2,2627.26,0.0,5254.52,3092.76,2161.76,completed,UPI,Direct Sales,7,4.0
ORD-00829,2024-03-14,CUST-0213,Delta Group 213,West,Ahmedabad,SUP-003,Nova Supplies 3,West,PROD-0043,Chemicals Model 3,Raw Materials,Chemicals,1,4052.02,0.0,4052.02,3168.77,883.25,completed,Letter of Credit,Direct Sales,2,4.9
ORD-00830,2023-11-08,CUST-0173,Delta Corp 173,West,Mumbai,SUP-028,Summit Solutions 28,West,PROD-0076,Last Mile Model 4,Logistics Services,Last Mile,1,4191.42,0.0,4191.42,3597.38,594.04,completed,Wire Transfer,Partner,7,4.1
ORD-00831,2023-01-01,CUST-0188,Echo Corp 188,West,Mumbai,SUP-059,Zenith Trading 59,Central,PROD-0046,Alloys Model 2,Raw Materials,Alloys,3,1773.81,1.99,0.0,3478.9,-695.78,cancelled,Wire Transfer,Direct Sales,,
ORD-00832,2023-05-14,CUST-0201,Gamma Ltd 201,South,Kochi,SUP-032,Prime Industries 32,East,PROD-0014,CNC Parts Model 2,Industrial Equipment,CNC Parts,4,2317.01,0.0,9268.04,6875.56,2392.48,completed,Letter of Credit,Online,1,4.4
ORD-00833,2025-11-08,CUST-0255,Delta Corp 255,North,Lucknow,SUP-045,Nova Trading 45,North,PROD-0037,Polymers Model 1,Raw Materials,Polymers,2,3514.56,0.0,7029.12,3950.59,3078.53,completed,UPI,Direct Sales,5,5.0
ORD-00834,2023-08-09,CUST-0159,Alpha Pvt Ltd 159,Central,Raipur,SUP-014,Zenith Solutions 14,Central,PROD-0031,Power Supplies Model 3,Electronics,Power Supplies,1,1797.62,0.0,1797.62,1201.52,596.1,completed,Net-30,Partner,8,4.1
ORD-00835,2024-09-11,CUST-0164,Foxtrot Ltd 164,Central,Raipur,SUP-059,Zenith Trading 59,Central,PROD-0062,Pallets Model 2,Packaging,Pallets,1,2887.52,0.0,2887.52,2027.56,859.96,completed,Credit Card,Partner,8,3.9
ORD-00836,2024-10-24,CUST-0081,Foxtrot Pvt Ltd 81,South,Chennai,SUP-026,Zenith Industries 26,South,PROD-0009,Compressors Model 1,Industrial Equipment,Compressors,2,233.26,0.0,466.52,263.43,203.09,completed,UPI,Partner,1,4.5
ORD-00837,2024-07-23,CUST-0291,Gamma Pvt Ltd 291,South,Kochi,SUP-012,Nova Solutions 12,East,PROD-0001,Pump Systems Model 1,Industrial Equipment,Pump Systems,2,2385.25,0.48,4747.6,3597.87,1149.73,completed,Credit Card,Partner,11,3.5
ORD-00838,2025-03-11,CUST-0176,Beta Ltd 176,South,Bengaluru,SUP-024,Summit Manufacturing 24,Central,PROD-0044,Chemicals Model 4,Raw Materials,Chemicals,1,4680.41,0.0,4680.41,3378.06,1302.35,completed,Letter of Credit,Direct Sales,14,2.7
ORD-00839,2023-05-09,CUST-0223,Gamma Corp 223,West,Pune,SUP-047,Apex Trading 47,East,PROD-0006,Conveyors Model 2,Industrial Equipment,Conveyors,3,3892.64,0.0,11677.92,8114.81,3563.11,completed,Letter of Credit,Direct Sales,1,4.3
ORD-00840,2024-04-14,CUST-0162,Delta Enterprises 162,East,Patna,SUP-015,Prime Industries 15,North,PROD-0058,Labels Model 2,Packaging,Labels,1,3918.62,5.79,3691.73,2857.58,834.15,completed,UPI,Online,14,4.5
ORD-00841,2024-09-19,CUST-0221,Beta Pvt Ltd 221,South,Hyderabad,SUP-006,Apex Solutions 6,South,PROD-0036,Steel Model 4,Raw Materials,Steel,9,2863.29,0.0,25769.61,20356.56,5413.05,pending,Letter of Credit,Online,,
ORD-00842,2023-12-29,CUST-0255,Delta Corp 255,North,Lucknow,SUP-014,Zenith Solutions 14,Central,PROD-0069,Warehousing Model 1,Logistics Services,Warehousing,4,404.22,0.0,161.69,1274.6,-93.23,cancelled,Letter of Credit,Direct Sales,,
ORD-00843,2024-08-21,CUST-0008,Gamma Enterprises 8,West,Mumbai,SUP-006,Apex Solutions 6,South,PROD-0043,Chemicals Model 3,Raw Materials,Chemicals,1,3346.72,0.0,0.0,2560.34,-512.07,cancelled,Net-30,Marketplace,,
ORD-00844,2023-01-07,CUST-0083,Foxtrot Enterprises 83,West,Mumbai,SUP-014,Zenith Solutions 14,Central,PROD-0021,Controllers Model 1,Electronics,Controllers,1,3233.45,1.75,3176.86,2083.04,1093.82,completed,Net-30,Direct Sales,8,4.0
ORD-00845,2023-07-08,CUST-0059,Foxtrot Ltd 59,Central,Indore,SUP-022,Prime Solutions 22,East,PROD-0016,CNC Parts Model 4,Industrial Equipment,CNC Parts,21,4056.06,6.57,79581.11,53562.83,26018.28,pending,Net-30,Direct Sales,,
ORD-00846,2024-12-20,CUST-0199,Delta Group 199,Central,Bhopal,SUP-035,Zenith Trading 35,North,PROD-0033,Steel Model 1,Raw Materials,Steel,1,3195.87,0.0,319.59,2703.71,-221.15,cancelled,Credit Card,Partner,,
ORD-00847,2023-05-18,CUST-0200,Gamma Corp 200,North,Lucknow,SUP-028,Summit Solutions 28,West,PROD-0014,CNC Parts Model 2,Industrial Equipment,CNC Parts,3,2140.84,16.55,5359.59,4990.19,369.4,completed,UPI,Marketplace,11,3.9
ORD-00848,2024-10-07,CUST-0199,Delta Group 199,Central,Bhopal,SUP-029,Prime Solutions 29,Central,PROD-0026,Cables Model 2,Electronics,Cables,3,3629.34,10.83,9708.85,6723.96,2984.89,completed,Letter of Credit,Online,7,3.9
ORD-00849,2025-05-21,CUST-0070,Echo Pvt Ltd 70,North,Chandigarh,SUP-045,Nova Trading 45,North,PROD-0071,Warehousing Model 3,Logistics Services,Warehousing,5,2283.77,0.0,0.0,6852.53,-1370.51,cancelled,Net-30,Online,,
ORD-00850,2025-10-17,CUST-0055,Alpha Group 55,North,Delhi,SUP-025,Orbit Industries 25,North,PROD-0018,Sensors Model 2,Electronics,Sensors,1,2513.85,13.96,0.0,1895.39,-379.08,cancelled,Net-30,Partner,,
ORD-00851,2025-01-12,CUST-0209,Gamma Ltd 209,Central,Indore,SUP-024,Summit Manufacturing 24,Central,PROD-0042,Chemicals Model 2,Raw Materials,Chemicals,40,3538.36,0.0,141534.4,110370.52,31163.88,completed,Net-30,Online,13,5.0
ORD-00852,2023-06-13,CUST-0094,Echo Enterprises 94,Central,Nagpur,SUP-049,Apex Supplies 49,Central,PROD-0011,Compressors Model 3,Industrial Equipment,Compressors,1,5436.9,0.0,5436.9,4382.12,1054.78,completed,Letter of Credit,Partner,8,3.3
ORD-00853,2023-05-21,CUST-0283,Delta Enterprises 283,West,Ahmedabad,SUP-007,Zenith Industries 7,East,PROD-0052,Corrugated Model 4,Packaging,Corrugated,8,5118.04,10.54,36628.79,31254.62,5374.17,completed,UPI,Online,12,
ORD-00854,2023-12-11,CUST-0241,Beta Ltd 241,South,Chennai,SUP-026,Zenith Industries 26,South,PROD-0070,Warehousing Model 2,Logistics Services,Warehousing,1,4734.88,0.0,4734.88,2906.64,1828.24,completed,Credit Card,Online,9,5.0
ORD-00855,2024-07-13,CUST-0241,Beta Ltd 241,South,Chennai,SUP-056,Orbit Trading 56,South,PROD-0017,Sensors Model 1,Electronics,Sensors,26,2040.01,12.01,46670.12,31560.81,15109.31,completed,UPI,Direct Sales,2,3.6
ORD-00856,2024-08-12,CUST-0031,Alpha Group 31,South,Hyderabad,SUP-046,Apex Supplies 46,South,PROD-0050,Corrugated Model 2,Packaging,Corrugated,6,657.75,0.0,3946.5,2784.36,1162.14,completed,UPI,Partner,6,5.0
ORD-00857,2023-03-24,CUST-0255,Delta Corp 255,North,Lucknow,SUP-010,Orbit Solutions 10,North,PROD-0052,Corrugated Model 4,Packaging,Corrugated,1,4261.1,1.93,4178.86,3319.68,859.18,pending,Wire Transfer,Direct Sales,,
ORD-00858,2023-01-29,CUST-0024,Foxtrot Pvt Ltd 24,Central,Raipur,SUP-044,Summit Solutions 44,Central,PROD-0051,Corrugated Model 3,Packaging,Corrugated,8,4509.78,6.43,33758.41,26433.05,7325.36,completed,Wire Transfer,Online,4,4.4
ORD-00859,2024-01-21,CUST-0189,Echo Enterprises 189,Central,Nagpur,SUP-034,Zenith Trading 34,Central,PROD-0049,Corrugated Model 1,Packaging,Corrugated,3,3996.71,0.0,0.0,6970.48,-1394.1,cancelled,Wire Transfer,Marketplace,,
ORD-00860,2025-05-22,CUST-0251,Beta Pvt Ltd 251,South,Bengaluru,SUP-028,Summit Solutions 28,West,PROD-0007,Conveyors Model 3,Industrial Equipment,Conveyors,1,1572.61,5.28,1489.58,1177.44,312.14,completed,Credit Card,Marketplace,7,3.3
ORD-00861,2023-10-01,CUST-0179,Echo Ltd 179,Central,Indore,SUP-019,Prime Industries 19,Central,PROD-0058,Labels Model 2,Packaging,Labels,4,4390.45,0.96,17393.21,13391.19,4002.02,completed,Wire Transfer,Direct Sales,9,4.2
ORD-00862,2023-02-11,CUST-0057,Alpha Group 57,East,Bhubaneswar,SUP-027,Orbit Trading 27,East,PROD-0067,Freight Model 3,Logistics Services,Freight,4,4712.82,0.0,18851.28,13876.89,4974.39,completed,Net-30,Partner,13,4.8
ORD-00863,2023-02-10,CUST-0126,Delta Enterprises 126,South,Hyderabad,SUP-043,Zenith Trading 43,West,PROD-0072,Warehousing Model 4,Logistics Services,Warehousing,7,4887.75,16.95,28414.93,20852.22,7562.71,completed,Letter of Credit,Partner,4,5.0
ORD-00864,2024-12-31,CUST-0001,Alpha Corp 1,South,Kochi,SUP-011,Apex Solutions 11,South,PROD-0014,CNC Parts Model 2,Industrial Equipment,CNC Parts,1,2162.63,0.0,0.0,1653.84,-330.77,cancelled,Credit Card,Marketplace,,
ORD-00865,2023-02-03,CUST-0242,Beta Corp 242,East,Kolkata,SUP-057,Summit Solutions 57,East,PROD-0032,Power Supplies Model 4,Electronics,Power Supplies,1,1246.02,10.99,1109.08,892.88,216.2,completed,Wire Transfer,Marketplace,6,3.8
ORD-00866,2024-06-09,CUST-0023,Foxtrot Pvt Ltd 23,West,Pune,SUP-033,Nova Industries 33,West,PROD-0069,Warehousing Model 1,Logistics Services,Warehousing,12,338.94,0.0,0.0,3150.98,-630.2,cancelled,Credit Card,Marketplace,,
ORD-00867,2024-05-08,CUST-0062,Echo Corp 62,East,Kolkata,SUP-042,Nova Manufacturing 42,East,PROD-0076,Last Mile Model 4,Logistics Services,Last Mile,17,3442.85,21.49,45950.69,50939.36,-4988.67,completed,Credit Card,Marketplace,11,4.4
ORD-00868,2025-07-15,CUST-0111,Echo Group 111,South,Kochi,SUP-057,Summit Solutions 57,East,PROD-0043,Chemicals Model 3,Raw Materials,Chemicals,1,4093.37,13.39,3545.27,3193.88,351.39,completed,Letter of Credit,Online,5,4.0
ORD-00869,2024-02-23,CUST-0141,Alpha Enterprises 141,South,Chennai,SUP-011,Apex Solutions 11,South,PROD-0030,Power Supplies Model 2,Electronics,Power Supplies,6,4123.1,15.45,0.0,14533.41,-2906.68,cancelled,Net-30,Partner,,
ORD-00870,2024-03-09,CUST-0222,Gamma Corp 222,East,Bhubaneswar,SUP-007,Zenith Industries 7,East,PROD-0021,Controllers Model 1,Electronics,Controllers,2,2833.19,12.22,4973.95,3619.13,1354.82,completed,Wire Transfer,Partner,9,4.4
ORD-00871,2024-03-14,CUST-0267,Foxtrot Enterprises 267,East,Patna,SUP-057,Summit Solutions 57,East,PROD-0068,Freight Model 4,Logistics Services,Freight,3,5214.48,15.56,13209.32,9411.57,3797.75,pending,Credit Card,Direct Sales,,
ORD-00872,2023-10-04,CUST-0208,Delta Corp 208,West,Surat,SUP-043,Zenith Trading 43,West,PROD-0060,Labels Model 4,Packaging,Labels,1,4586.77,15.79,3862.52,3071.33,791.19,completed,Wire Transfer,Direct Sales,8,4.2
ORD-00873,2024-11-11,CUST-0026,Beta Ltd 26,South,Bengaluru,SUP-046,Apex Supplies 46,South,PROD-0070,Warehousing Model 2,Logistics Services,Warehousing,1,4482.19,0.0,4482.19,2802.53,1679.66,completed,UPI,Direct Sales,1,
ORD-00874,2024-10-21,CUST-0072,Gamma Pvt Ltd 72,East,Bhubaneswar,SUP-015,Prime Industries 15,North,PROD-0012,Compressors Model 4,Industrial Equipment,Compressors,1,2210.32,0.0,2210.32,1227.17,983.15,pending,UPI,Direct Sales,,
ORD-00875,2023-03-04,CUST-0142,Delta Group 142,East,Bhubaneswar,SUP-022,Prime Solutions 22,East,PROD-0004,Pump Systems Model 4,Industrial Equipment,Pump Systems,21,3805.3,0.0,79911.3,61690.26,18221.04,completed,Letter of Credit,Online,8,4.3
ORD-00876,2023-02-22,CUST-0043,Gamma Enterprises 43,West,Pune,SUP-031,Apex Supplies 31,South,PROD-0013,CNC Parts Model 1,Industrial Equipment,CNC Parts,8,3164.37,0.0,25314.96,21060.63,4254.33,completed,Credit Card,Partner,5,2.0
ORD-00877,2023-12-26,CUST-0150,Gamma Pvt Ltd 150,North,Chandigarh,SUP-010,Orbit Solutions 10,North,PROD-0070,Warehousing Model 2,Logistics Services,Warehousing,1,4710.79,21.82,3682.9,2890.22,792.68,completed,Credit Card,Partner,8,3.6
ORD-00878,2025-02-12,CUST-0195,Echo Group 195,North,Jaipur,SUP-045,Nova Trading 45,North,PROD-0056,Films Model 4,Packaging,Films,1,611.02,20.55,485.46,494.62,-9.16,completed,Net-30,Direct Sales,4,3.9
ORD-00879,2024-03-01,CUST-0165,Beta Group 165,North,Lucknow,SUP-005,Summit Solutions 5,North,PROD-0047,Alloys Model 3,Raw Materials,Alloys,2,3148.23,0.0,6296.46,4629.82,1666.64,completed,UPI,Partner,7,5.0
ORD-00880,2023-01-11,CUST-0009,Delta Corp 9,Central,Bhopal,SUP-050,Orbit Trading 50,North,PROD-0068,Freight Model 4,Logistics Services,Freight,7,4727.76,0.0,33094.32,21246.74,11847.58,completed,Wire Transfer,Marketplace,6,5.0
ORD-00881,2023-10-17,CUST-0256,Delta Pvt Ltd 256,South,Bengaluru,SUP-016,Nova Manufacturing 16,South,PROD-0067,Freight Model 3,Logistics Services,Freight,1,4568.98,5.48,4318.6,3339.24,979.36,completed,Wire Transfer,Partner,5,3.2
ORD-00882,2023-08-02,CUST-0209,Gamma Ltd 209,Central,Indore,SUP-004,Nova Industries 4,Central,PROD-0032,Power Supplies Model 4,Electronics,Power Supplies,5,1322.79,0.0,6613.95,4739.49,1874.46,completed,Credit Card,Marketplace,5,5.0
ORD-00883,2025-04-05,CUST-0150,Gamma Pvt Ltd 150,North,Chandigarh,SUP-041,Orbit Supplies 41,South,PROD-0050,Corrugated Model 2,Packaging,Corrugated,1,767.15,0.0,767.15,521.08,246.07,completed,Letter of Credit,Direct Sales,8,3.0
ORD-00884,2023-02-16,CUST-0151,Echo Corp 151,South,Hyderabad,SUP-056,Orbit Trading 56,South,PROD-0003,Pump Systems Model 3,Industrial Equipment,Pump Systems,1,4861.12,6.03,0.0,3313.04,-662.61,cancelled,Wire Transfer,Online,,
ORD-00885,2023-04-28,CUST-0189,Echo Enterprises 189,Central,Nagpur,SUP-059,Zenith Trading 59,Central,PROD-0065,Freight Model 1,Logistics Services,Freight,2,4306.36,0.0,8612.72,4784.93,3827.79,pending,Net-30,Direct Sales,,
ORD-00886,2024-03-30,CUST-0105,Gamma Pvt Ltd 105,North,Delhi,SUP-014,Zenith Solutions 14,Central,PROD-0046,Alloys Model 2,Raw Materials,Alloys,6,1545.69,0.0,9274.14,6260.64,3013.5,completed,Letter of Credit,Marketplace,8,2.9
ORD-00887,2024-03-19,CUST-0270,Delta Group 270,North,Delhi,SUP-010,Orbit Solutions 10,North,PROD-0070,Warehousing Model 2,Logistics Services,Warehousing,4,4771.44,0.0,19085.76,11858.15,7227.61,completed,Credit Card,Marketplace,9,4.9
ORD-00888,2025-12-10,CUST-0018,Alpha Enterprises 18,West,Mumbai,SUP-006,Apex Solutions 6,South,PROD-0079,Cold Chain Model 3,Logistics Services,Cold Chain,3,530.36,16.92,1321.87,1148.4,173.47,completed,Credit Card,Online,7,4.0
ORD-00889,2025-10-15,CUST-0055,Alpha Group 55,North,Delhi,SUP-035,Zenith Trading 35,North,PROD-0015,CNC Parts Model 3,Industrial Equipment,CNC Parts,1,5114.69,12.67,4466.66,2923.11,1543.55,pending,Net-30,Partner,,
ORD-00890,2023-04-29,CUST-0062,Echo Corp 62,East,Kolkata,SUP-059,Zenith Trading 59,Central,PROD-0054,Films Model 2,Packaging,Films,21,2430.13,0.0,51032.73,39791.96,11240.77,completed,Letter of Credit,Partner,10,4.5
ORD-00891,2023-11-19,CUST-0056,Echo Group 56,South,Kochi,SUP-016,Nova Manufacturing 16,South,PROD-0030,Power Supplies Model 2,Electronics,Power Supplies,3,3838.75,12.39,10089.39,7243.37,2846.02,completed,Credit Card,Direct Sales,10,3.8
ORD-00892,2023-03-29,CUST-0232,Beta Ltd 232,East,Kolkata,SUP-027,Orbit Trading 27,East,PROD-0054,Films Model 2,Packaging,Films,27,2370.59,0.0,64005.93,50219.12,13786.81,completed,Net-30,Direct Sales,9,3.2
ORD-00893,2023-02-06,CUST-0253,Foxtrot Pvt Ltd 253,West,Surat,SUP-028,Summit Solutions 28,West,PROD-0056,Films Model 4,Packaging,Films,7,572.96,0.0,4010.72,3339.74,670.98,completed,Credit Card,Direct Sales,13,3.5
ORD-00894,2023-12-26,CUST-0185,Foxtrot Ltd 185,North,Lucknow,SUP-050,Orbit Trading 50,North,PROD-0012,Compressors Model 4,Industrial Equipment,Compressors,1,2154.4,0.0,2154.4,1198.6,955.8,completed,Credit Card,Marketplace,7,3.6
ORD-00895,2024-03-07,CUST-0261,Gamma Ltd 261,South,Kochi,SUP-031,Apex Supplies 31,South,PROD-0074,Last Mile Model 2,Logistics Services,Last Mile,2,4469.11,0.0,8938.22,5492.27,3445.95,completed,Credit Card,Online,12,4.0
ORD-00896,2025-12-18,CUST-0124,Gamma Pvt Ltd 124,Central,Indore,SUP-044,Summit Solutions 44,Central,PROD-0001,Pump Systems Model 1,Industrial Equipment,Pump Systems,3,1972.34,16.73,4927.1,4598.95,328.15,completed,Net-30,Online,7,4.3
ORD-00897,2023-02-02,CUST-0028,Echo Ltd 28,West,Pune,SUP-028,Summit Solutions 28,West,PROD-0058,Labels Model 2,Packaging,Labels,7,3928.07,1.61,0.0,20645.12,-4129.02,cancelled,UPI,Partner,,
ORD-00898,2024-08-30,CUST-0299,Echo Enterprises 299,Central,Indore,SUP-026,Zenith Industries 26,South,PROD-0077,Cold Chain Model 1,Logistics Services,Cold Chain,23,2135.7,0.0,4912.11,39124.2,-2912.73,cancelled,Letter of Credit,Marketplace,,
ORD-00899,2023-07-30,CUST-0046,Alpha Ltd 46,South,Bengaluru,SUP-019,Prime Industries 19,Central,PROD-0019,Sensors Model 3,Electronics,Sensors,9,4208.15,0.0,37873.35,21958.05,15915.3,pending,Net-30,Online,,
ORD-00900,2024-08-25,CUST-0257,Alpha Corp 257,East,Patna,SUP-037,Prime Supplies 37,East,PROD-0080,Cold Chain Model 4,Logistics Services,Cold Chain,1,1958.87,0.0,1958.87,1688.82,270.05,completed,Letter of Credit,Online,7,2.9
ORD-00901,2024-03-18,CUST-0209,Gamma Ltd 209,Central,Indore,SUP-002,Apex Trading 2,East,PROD-0072,Warehousing Model 4,Logistics Services,Warehousing,1,4801.66,1.28,4740.2,2978.94,1761.26,completed,Letter of Credit,Direct Sales,4,5.0
ORD-00902,2023-08-30,CUST-0167,Alpha Enterprises 167,East,Kolkata,SUP-039,Summit Industries 39,Central,PROD-0047,Alloys Model 3,Raw Materials,Alloys,37,3342.81,0.0,12368.4,98982.38,-7428.08,cancelled,Wire Transfer,Marketplace,,
ORD-00903,2025-02-22,CUST-0175,Foxtrot Corp 175,North,Delhi,SUP-015,Prime Industries 15,North,PROD-0052,Corrugated Model 4,Packaging,Corrugated,8,4282.15,0.0,34257.2,26263.5,7993.7,pending,Letter of Credit,Marketplace,,
ORD-00904,2024-01-25,CUST-0177,Echo Ltd 177,East,Kolkata,SUP-007,Zenith Industries 7,East,PROD-0028,Cables Model 4,Electronics,Cables,5,2735.3,0.0,13676.5,10531.39,3145.11,completed,Credit Card,Partner,7,3.5
ORD-00905,2023-03-25,CUST-0099,Beta Corp 99,Central,Nagpur,SUP-026,Zenith Industries 26,South,PROD-0070,Warehousing Model 2,Logistics Services,Warehousing,1,4449.91,0.0,4449.91,2886.8,1563.11,completed,Wire Transfer,Online,10,3.1
ORD-00906,2024-01-31,CUST-0004,Delta Group 4,Central,Raipur,SUP-033,Nova Industries 33,West,PROD-0056,Films Model 4,Packaging,Films,1,567.79,13.01,493.92,456.06,37.86,pending,Letter of Credit,Partner,,
ORD-00907,2025-04-15,CUST-0014,Echo Pvt Ltd 14,Central,Indore,SUP-009,Nova Supplies 9,Central,PROD-0049,Corrugated Model 1,Packaging,Corrugated,1,3443.62,0.0,3443.62,1982.94,1460.68,pending,Wire Transfer,Direct Sales,,
ORD-00908,2025-03-11,CUST-0299,Echo Enterprises 299,Central,Indore,SUP-042,Nova Manufacturing 42,East,PROD-0053,Films Model 1,Packaging,Films,1,1262.68,1.79,0.0,1000.89,-200.18,cancelled,Wire Transfer,Online,,
ORD-00909,2025-10-04,CUST-0230,Alpha Enterprises 230,North,Delhi,SUP-047,Apex Trading 47,East,PROD-0052,Corrugated Model 4,Packaging,Corrugated,18,4796.13,21.6,67682.99,70686.4,-3003.41,completed,Credit Card,Direct Sales,6,2.8
ORD-00910,2024-02-19,CUST-0290,Beta Enterprises 290,North,Lucknow,SUP-039,Summit Industries 39,Central,PROD-0009,Compressors Model 1,Industrial Equipment,Compressors,1,210.01,10.72,187.5,124.98,62.52,completed,Letter of Credit,Online,2,5.0
ORD-00911,2025-02-09,CUST-0238,Echo Corp 238,West,Mumbai,SUP-013,Zenith Supplies 13,West,PROD-0014,CNC Parts Model 2,Industrial Equipment,CNC Parts,1,2397.62,16.09,2011.84,1904.49,107.35,completed,Letter of Credit,Partner,8,
ORD-00912,2024-07-18,CUST-0158,Echo Enterprises 158,West,Mumbai,SUP-003,Nova Supplies 3,West,PROD-0022,Controllers Model 2,Electronics,Controllers,3,5098.59,1.95,14997.5,8701.65,6295.85,completed,Net-30,Online,6,4.3
ORD-00913,2023-11-27,CUST-0204,Echo Corp 204,Central,Nagpur,SUP-009,Nova Supplies 9,Central,PROD-0019,Sensors Model 3,Electronics,Sensors,6,4085.59,0.0,24513.54,14106.65,10406.89,completed,Letter of Credit,Direct Sales,3,3.0
ORD-00914,2025-06-15,CUST-0053,Beta Corp 53,West,Ahmedabad,SUP-017,Prime Trading 17,East,PROD-0067,Freight Model 3,Logistics Services,Freight,1,4797.22,0.0,4797.22,3526.12,1271.1,completed,Letter of Credit,Direct Sales,7,4.8
ORD-00915,2025-10-06,CUST-0059,Foxtrot Ltd 59,Central,Indore,SUP-012,Nova Solutions 12,East,PROD-0070,Warehousing Model 2,Logistics Services,Warehousing,12,4481.46,0.0,5377.75,34279.45,-1478.14,cancelled,Letter of Credit,Marketplace,,
ORD-00916,2023-02-01,CUST-0207,Foxtrot Enterprises 207,East,Bhubaneswar,SUP-008,Apex Industries 8,West,PROD-0059,Labels Model 3,Packaging,Labels,5,5560.09,13.04,24175.27,24075.89,99.38,completed,Credit Card,Direct Sales,6,4.1
ORD-00917,2023-11-04,CUST-0093,Foxtrot Corp 93,West,Pune,SUP-028,Summit Solutions 28,West,PROD-0042,Chemicals Model 2,Raw Materials,Chemicals,7,2822.65,16.87,0.0,15162.66,-3032.53,cancelled,Credit Card,Direct Sales,,
ORD-00918,2025-05-30,CUST-0038,Foxtrot Corp 38,West,Surat,SUP-009,Nova Supplies 9,Central,PROD-0042,Chemicals Model 2,Raw Materials,Chemicals,2,3275.03,21.55,5138.52,4820.13,318.39,pending,Letter of Credit,Partner,,
ORD-00919,2024-11-22,CUST-0280,Alpha Ltd 280,North,Lucknow,SUP-011,Apex Solutions 11,South,PROD-0017,Sensors Model 1,Electronics,Sensors,2,2056.35,6.3,3853.6,2392.3,1461.3,completed,Credit Card,Online,9,3.3
ORD-00920,2025-01-01,CUST-0146,Gamma Ltd 146,South,Kochi,SUP-051,Nova Manufacturing 51,South,PROD-0070,Warehousing Model 2,Logistics Services,Warehousing,2,5135.1,0.0,10270.2,6541.12,3729.08,pending,Wire Transfer,Direct Sales,,
ORD-00921,2025-02-18,CUST-0279,Echo Corp 279,Central,Nagpur,SUP-034,Zenith Trading 34,Central,PROD-0062,Pallets Model 2,Packaging,Pallets,29,2561.77,0.0,74291.33,50751.48,23539.85,completed,UPI,Marketplace,8,
ORD-00922,2023-09-23,CUST-0273,Echo Pvt Ltd 273,West,Pune,SUP-043,Zenith Trading 43,West,PROD-0020,Sensors Model 4,Electronics,Sensors,31,452.55,0.0,14029.05,10987.21,3041.84,completed,Credit Card,Partner,5,4.9
ORD-00923,2025-03-10,CUST-0269,Gamma Pvt Ltd 269,Central,Nagpur,SUP-054,Nova Supplies 54,Central,PROD-0024,Controllers Model 4,Electronics,Controllers,4,1199.52,1.33,473.43,2750.03,-76.58,cancelled,UPI,Partner,,
ORD-00924,2025-12-08,CUST-0234,Echo Enterprises 234,Central,Indore,SUP-004,Nova Industries 4,Central,PROD-0016,CNC Parts Model 4,Industrial Equipment,CNC Parts,1,4368.43,10.54,3908.0,2698.63,1209.37,completed,Net-30,Partner,3,4.7
ORD-00925,2023-07-31,CUST-0096,Delta Corp 96,South,Chennai,SUP-041,Orbit Supplies 41,South,PROD-0018,Sensors Model 2,Electronics,Sensors,3,2591.69,6.73,725.18,5425.4,-359.9,cancelled,Net-30,Marketplace,,
ORD-00926,2024-12-04,CUST-0085,Beta Pvt Ltd 85,North,Jaipur,SUP-055,Summit Solutions 55,North,PROD-0042,Chemicals Model 2,Raw Materials,Chemicals,3,3583.63,0.0,10750.89,8434.22,2316.67,completed,Letter of Credit,Direct Sales,1,5.0
ORD-00927,2024-10-26,CUST-0114,Alpha Group 114,Central,Raipur,SUP-049,Apex Supplies 49,Central,PROD-0048,Alloys Model 4,Raw Materials,Alloys,3,495.07,16.04,1246.98,991.63,255.35,completed,Net-30,Partner,9,4.2
ORD-00928,2024-04-28,CUST-0115,Gamma Enterprises 115,North,Chandigarh,SUP-025,Orbit Industries 25,North,PROD-0080,Cold Chain Model 4,Logistics Services,Cold Chain,3,1966.22,0.0,5898.66,4846.08,1052.58,completed,Wire Transfer,Marketplace,6,4.3
ORD-00929,2024-03-15,CUST-0158,Echo Enterprises 158,West,Mumbai,SUP-023,Prime Industries 23,West,PROD-0059,Labels Model 3,Packaging,Labels,2,4542.01,0.0,9084.02,7530.03,1553.99,completed,Letter of Credit,Online,8,3.4
ORD-00930,2025-02-23,CUST-0122,Echo Group 122,East,Bhubaneswar,SUP-029,Prime Solutions 29,Central,PROD-0041,Chemicals Model 1,Raw Materials,Chemicals,1,1653.67,0.0,1653.67,1185.81,467.86,completed,Letter of Credit,Marketplace,1,3.0
ORD-00931,2024-12-14,CUST-0288,Alpha Pvt Ltd 288,West,Ahmedabad,SUP-058,Zenith Solutions 58,West,PROD-0017,Sensors Model 1,Electronics,Sensors,3,1776.73,0.0,5330.19,3172.85,2157.34,completed,Letter of Credit,Marketplace,1,4.9
ORD-00932,2025-11-10,CUST-0214,Gamma Enterprises 214,Central,Nagpur,SUP-029,Prime Solutions 29,Central,PROD-0075,Last Mile Model 3,Logistics Services,Last Mile,1,2375.26,0.28,2368.61,1820.94,547.67,pending,Net-30,Partner,,
ORD-00933,2023-09-01,CUST-0278,Foxtrot Ltd 278,West,Pune,SUP-047,Apex Trading 47,East,PROD-0076,Last Mile Model 4,Logistics Services,Last Mile,1,3927.69,0.61,3903.73,3312.34,591.39,completed,Net-30,Online,12,3.8
ORD-00934,2023-05-29,CUST-0070,Echo Pvt Ltd 70,North,Chandigarh,SUP-001,Summit Industries 1,South,PROD-0006,Conveyors Model 2,Industrial Equipment,Conveyors,1,4561.07,0.0,4561.07,3143.17,1417.9,completed,Credit Card,Partner,8,4.0
ORD-00935,2024-08-05,CUST-0163,Delta Pvt Ltd 163,West,Mumbai,SUP-003,Nova Supplies 3,West,PROD-0042,Chemicals Model 2,Raw Materials,Chemicals,3,3305.67,1.36,9782.14,7309.34,2472.8,completed,Letter of Credit,Marketplace,9,3.4
ORD-00936,2023-11-03,CUST-0074,Echo Group 74,Central,Nagpur,SUP-059,Zenith Trading 59,Central,PROD-0029,Power Supplies Model 1,Electronics,Power Supplies,2,2172.41,0.0,4344.82,2754.51,1590.31,completed,Wire Transfer,Partner,6,3.7
ORD-00937,2024-01-25,CUST-0148,Gamma Enterprises 148,West,Pune,SUP-008,Apex Industries 8,West,PROD-0068,Freight Model 4,Logistics Services,Freight,5,4744.69,0.0,23723.45,14970.02,8753.43,completed,Credit Card,Partner,7,3.8
ORD-00938,2023-12-05,CUST-0048,Beta Enterprises 48,West,Surat,SUP-058,Zenith Solutions 58,West,PROD-0002,Pump Systems Model 2,Industrial Equipment,Pump Systems,3,832.31,20.93,1974.32,1642.93,331.39,completed,UPI,Direct Sales,7,3.4
ORD-00939,2025-11-12,CUST-0093,Foxtrot Corp 93,West,Pune,SUP-031,Apex Supplies 31,South,PROD-0060,Labels Model 4,Packaging,Labels,3,3766.22,0.65,11225.22,7542.51,3682.71,completed,UPI,Direct Sales,9,2.8
ORD-00940,2024-01-17,CUST-0053,Beta Corp 53,West,Ahmedabad,SUP-043,Zenith Trading 43,West,PROD-0024,Controllers Model 4,Electronics,Controllers,2,1336.46,5.4,252.86,1520.08,-51.16,cancelled,Credit Card,Partner,,
ORD-00941,2023-06-04,CUST-0094,Echo Enterprises 94,Central,Nagpur,SUP-049,Apex Supplies 49,Central,PROD-0073,Last Mile Model 1,Logistics Services,Last Mile,1,2346.14,13.6,2027.06,1380.15,646.91,pending,Net-30,Direct Sales,,
ORD-00942,2024-02-21,CUST-0284,Beta Enterprises 284,Central,Raipur,SUP-019,Prime Industries 19,Central,PROD-0022,Controllers Model 2,Electronics,Controllers,7,4390.92,0.0,30736.44,18943.73,11792.71,completed,Credit Card,Marketplace,3,5.0
ORD-00943,2025-10-17,CUST-0238,Echo Corp 238,West,Mumbai,SUP-057,Summit Solutions 57,East,PROD-0064,Pallets Model 4,Packaging,Pallets,1,2831.08,10.52,2533.25,2200.08,333.17,completed,UPI,Marketplace,3,3.4
ORD-00944,2025-10-16,CUST-0002,Beta Ltd 2,East,Kolkata,SUP-012,Nova Solutions 12,East,PROD-0057,Labels Model 1,Packaging,Labels,1,796.54,0.0,796.54,686.43,110.11,completed,Net-30,Direct Sales,6,3.6
ORD-00945,2024-01-21,CUST-0297,Alpha Ltd 297,East,Guwahati,SUP-059,Zenith Trading 59,Central,PROD-0067,Freight Model 3,Logistics Services,Freight,1,4791.3,0.0,4791.3,3288.76,1502.54,completed,Letter of Credit,Marketplace,9,5.0
ORD-00946,2025-11-19,CUST-0239,Foxtrot Ltd 239,Central,Bhopal,SUP-044,Summit Solutions 44,Central,PROD-0073,Last Mile Model 1,Logistics Services,Last Mile,2,2700.0,0.0,5400.0,3087.48,2312.52,completed,Credit Card,Online,5,4.5
ORD-00947,2023-05-17,CUST-0104,Gamma Pvt Ltd 104,Central,Raipur,SUP-024,Summit Manufacturing 24,Central,PROD-0031,Power Supplies Model 3,Electronics,Power Supplies,11,2176.61,0.0,23942.71,15989.49,7953.22,completed,Letter of Credit,Online,3,5.0
ORD-00948,2024-07-21,CUST-0012,Beta Pvt Ltd 12,East,Bhubaneswar,SUP-042,Nova Manufacturing 42,East,PROD-0074,Last Mile Model 2,Logistics Services,Last Mile,16,4649.46,0.18,74257.46,42619.53,31637.93,completed,Letter of Credit,Direct Sales,4,3.2
ORD-00949,2023-11-07,CUST-0003,Echo Corp 3,West,Surat,SUP-038,Summit Trading 38,West,PROD-0011,Compressors Model 3,Industrial Equipment,Compressors,5,5247.47,12.1,23062.63,19599.59,3463.04,completed,UPI,Marketplace,8,4.4
ORD-00950,2023-03-27,CUST-0239,Foxtrot Ltd 239,Central,Bhopal,SUP-009,Nova Supplies 9,Central,PROD-0007,Conveyors Model 3,Industrial Equipment,Conveyors,6,1491.81,12.21,7857.96,7136.14,721.82,completed,Net-30,Marketplace,10,4.9
ORD-00951,2024-09-09,CUST-0128,Foxtrot Ltd 128,West,Surat,SUP-048,Zenith Trading 48,West,PROD-0028,Cables Model 4,Electronics,Cables,2,2943.9,1.32,5810.08,4347.37,1462.71,completed,Net-30,Direct Sales,7,3.8
ORD-00952,2023-10-03,CUST-0052,Beta Ltd 52,East,Guwahati,SUP-002,Apex Trading 2,East,PROD-0072,Warehousing Model 4,Logistics Services,Warehousing,2,5351.69,0.0,0.0,6916.64,-1383.33,cancelled,Wire Transfer,Partner,,
ORD-00953,2024-03-15,CUST-0193,Foxtrot Enterprises 193,West,Ahmedabad,SUP-048,Zenith Trading 48,West,PROD-0025,Cables Model 1,Electronics,Cables,2,4427.12,0.0,0.0,7435.1,-1487.02,cancelled,Letter of Credit,Partner,,
ORD-00954,2023-09-24,CUST-0066,Beta Pvt Ltd 66,South,Kochi,SUP-038,Summit Trading 38,West,PROD-0064,Pallets Model 4,Packaging,Pallets,1,2913.41,10.77,2599.64,2382.14,217.5,completed,Wire Transfer,Online,7,4.3
ORD-00955,2023-12-07,CUST-0073,Delta Group 73,West,Pune,SUP-060,Nova Supplies 60,North,PROD-0007,Conveyors Model 3,Industrial Equipment,Conveyors,1,1649.54,0.0,1649.54,1234.87,414.67,completed,Credit Card,Marketplace,6,4.0
ORD-00956,2023-01-16,CUST-0219,Gamma Group 219,Central,Raipur,SUP-002,Apex Trading 2,East,PROD-0053,Films Model 1,Packaging,Films,7,1225.18,1.66,8433.89,6964.91,1468.98,completed,Wire Transfer,Online,7,5.0
ORD-00957,2024-12-13,CUST-0064,Gamma Ltd 64,Central,Nagpur,SUP-029,Prime Solutions 29,Central,PROD-0052,Corrugated Model 4,Packaging,Corrugated,5,4630.59,6.25,21705.89,18263.6,3442.29,completed,Wire Transfer,Partner,4,4.6
ORD-00958,2025-11-19,CUST-0246,Alpha Ltd 246,South,Kochi,SUP-009,Nova Supplies 9,Central,PROD-0033,Steel Model 1,Raw Materials,Steel,2,3007.47,0.0,6014.94,5251.1,763.84,completed,UPI,Direct Sales,8,4.4
ORD-00959,2025-01-20,CUST-0052,Beta Ltd 52,East,Guwahati,SUP-022,Prime Solutions 22,East,PROD-0012,Compressors Model 4,Industrial Equipment,Compressors,1,2277.5,0.0,2277.5,1361.11,916.39,completed,Credit Card,Partner,5,
ORD-00960,2023-04-08,CUST-0032,Gamma Enterprises 32,East,Bhubaneswar,SUP-017,Prime Trading 17,East,PROD-0066,Freight Model 2,Logistics Services,Freight,2,1102.94,0.0,2205.88,1209.15,996.73,completed,Net-30,Marketplace,7,3.6
ORD-00961,2025-05-22,CUST-0154,Alpha Enterprises 154,Central,Bhopal,SUP-034,Zenith Trading 34,Central,PROD-0023,Controllers Model 3,Electronics,Controllers,3,2409.49,0.0,7228.47,4460.94,2767.53,completed,Wire Transfer,Online,5,3.2
ORD-00962,2025-06-13,CUST-0288,Alpha Pvt Ltd 288,West,Ahmedabad,SUP-018,Nova Supplies 18,West,PROD-0026,Cables Model 2,Electronics,Cables,1,3846.25,6.68,3589.32,2387.25,1202.07,pending,Wire Transfer,Online,,
ORD-00963,2023-02-21,CUST-0181,Beta Group 181,South,Hyderabad,SUP-041,Orbit Supplies 41,South,PROD-0031,Power Supplies Model 3,Electronics,Power Supplies,1,1807.74,0.0,1807.74,1272.25,535.49,completed,Letter of Credit,Marketplace,7,
ORD-00964,2024-07-06,CUST-0240,Foxtrot Corp 240,North,Jaipur,SUP-025,Orbit Industries 25,North,PROD-0005,Conveyors Model 1,Industrial Equipment,Conveyors,5,4091.27,0.0,20456.35,16567.49,3888.86,completed,Credit Card,Partner,4,3.8
ORD-00965,2025-12-19,CUST-0089,Gamma Group 89,Central,Indore,SUP-049,Apex Supplies 49,Central,PROD-0078,Cold Chain Model 2,Logistics Services,Cold Chain,5,834.63,0.0,4173.15,2894.39,1278.76,pending,UPI,Direct Sales,,
ORD-00966,2023-07-23,CUST-0034,Beta Enterprises 34,Central,Raipur,SUP-049,Apex Supplies 49,Central,PROD-0057,Labels Model 1,Packaging,Labels,1,784.65,0.0,78.47,632.84,-48.1,cancelled,Wire Transfer,Direct Sales,,
ORD-00967,2024-03-07,CUST-0249,Foxtrot Ltd 249,Central,Bhopal,SUP-004,Nova Industries 4,Central,PROD-0063,Pallets Model 3,Packaging,Pallets,3,3744.68,0.0,11234.04,8391.36,2842.68,completed,Letter of Credit,Partner,6,2.3
ORD-00968,2023-10-13,CUST-0299,Echo Enterprises 299,Central,Indore,SUP-009,Nova Supplies 9,Central,PROD-0079,Cold Chain Model 3,Logistics Services,Cold Chain,6,605.44,0.0,3632.64,2646.6,986.04,completed,Letter of Credit,Direct Sales,10,4.2
ORD-00969,2023-06-21,CUST-0055,Alpha Group 55,North,Delhi,SUP-005,Summit Solutions 5,North,PROD-0021,Controllers Model 1,Electronics,Controllers,4,3431.86,0.0,1372.74,8196.01,-266.46,cancelled,Wire Transfer,Partner,,
ORD-00970,2024-08-16,CUST-0293,Foxtrot Ltd 293,West,Pune,SUP-043,Zenith Trading 43,West,PROD-0075,Last Mile Model 3,Logistics Services,Last Mile,1,2078.85,0.0,2078.85,1562.09,516.76,completed,Credit Card,Marketplace,10,3.7
ORD-00971,2023-01-24,CUST-0134,Delta Enterprises 134,Central,Indore,SUP-014,Zenith Solutions 14,Central,PROD-0021,Controllers Model 1,Electronics,Controllers,11,3380.57,16.95,30883.2,22847.1,8036.1,completed,Letter of Credit,Online,5,
ORD-00972,2025-10-20,CUST-0215,Gamma Pvt Ltd 215,North,Jaipur,SUP-040,Orbit Supplies 40,North,PROD-0012,Compressors Model 4,Industrial Equipment,Compressors,2,2305.69,1.87,4525.15,2675.36,1849.79,completed,Letter of Credit,Marketplace,5,3.3
ORD-00973,2024-07-01,CUST-0287,Gamma Group 287,East,Guwahati,SUP-010,Orbit Solutions 10,North,PROD-0060,Labels Model 4,Packaging,Labels,8,4636.66,0.0,0.0,24415.69,-4883.14,cancelled,Credit Card,Partner,,
ORD-00974,2024-05-23,CUST-0118,Echo Pvt Ltd 118,West,Ahmedabad,SUP-017,Prime Trading 17,East,PROD-0012,Compressors Model 4,Industrial Equipment,Compressors,3,2213.08,0.0,6639.24,3867.61,2771.63,completed,Letter of Credit,Direct Sales,8,4.6
ORD-00975,2024-01-08,CUST-0171,Gamma Enterprises 171,South,Hyderabad,SUP-023,Prime Industries 23,West,PROD-0014,CNC Parts Model 2,Industrial Equipment,CNC Parts,16,2503.96,0.0,40063.36,30804.89,9258.47,completed,UPI,Partner,6,4.3
ORD-00976,2023-07-29,CUST-0193,Foxtrot Enterprises 193,West,Ahmedabad,SUP-018,Nova Supplies 18,West,PROD-0034,Steel Model 2,Raw Materials,Steel,2,1553.6,15.02,2640.5,2636.5,4.0,pending,UPI,Direct Sales,,
ORD-00977,2024-03-30,CUST-0082,Gamma Corp 82,East,Guwahati,SUP-023,Prime Industries 23,West,PROD-0075,Last Mile Model 3,Logistics Services,Last Mile,1,2223.93,0.0,2223.93,1587.03,636.9,completed,Wire Transfer,Online,6,4.8
ORD-00978,2023-08-20,CUST-0224,Echo Pvt Ltd 224,Central,Indore,SUP-024,Summit Manufacturing 24,Central,PROD-0051,Corrugated Model 3,Packaging,Corrugated,3,4455.77,0.18,13343.25,9076.82,4266.43,completed,Net-30,Direct Sales,2,3.5
ORD-00979,2025-11-12,CUST-0105,Gamma Pvt Ltd 105,North,Delhi,SUP-007,Zenith Industries 7,East,PROD-0030,Power Supplies Model 2,Electronics,Power Supplies,3,3811.27,5.09,10851.83,6800.79,4051.04,completed,Credit Card,Direct Sales,9,4.5
ORD-00980,2024-07-14,CUST-0185,Foxtrot Ltd 185,North,Lucknow,SUP-018,Nova Supplies 18,West,PROD-0039,Polymers Model 3,Raw Materials,Polymers,1,4183.17,1.75,4109.96,2712.31,1397.65,completed,Credit Card,Marketplace,10,4.3
ORD-00981,2023-03-27,CUST-0248,Delta Corp 248,West,Pune,SUP-060,Nova Supplies 60,North,PROD-0009,Compressors Model 1,Industrial Equipment,Compressors,3,238.77,0.0,716.31,410.58,305.73,completed,UPI,Marketplace,1,3.6
ORD-00982,2024-01-14,CUST-0283,Delta Enterprises 283,West,Ahmedabad,SUP-023,Prime Industries 23,West,PROD-0011,Compressors Model 3,Industrial Equipment,Compressors,1,5729.46,0.0,5729.46,4585.44,1144.02,completed,Letter of Credit,Marketplace,10,3.6
ORD-00983,2023-07-04,CUST-0276,Gamma Enterprises 276,South,Chennai,SUP-059,Zenith Trading 59,Central,PROD-0032,Power Supplies Model 4,Electronics,Power Supplies,11,1291.05,20.76,1125.33,10055.21,-885.71,cancelled,Net-30,Partner,,
ORD-00984,2025-02-20,CUST-0134,Delta Enterprises 134,Central,Indore,SUP-052,Zenith Manufacturing 52,East,PROD-0007,Conveyors Model 3,Industrial Equipment,Conveyors,1,1697.98,16.99,1409.49,1267.03,142.46,completed,UPI,Online,7,4.0
ORD-00985,2023-09-15,CUST-0217,Alpha Group 217,East,Patna,SUP-004,Nova Industries 4,Central,PROD-0030,Power Supplies Model 2,Electronics,Power Supplies,6,4398.58,12.63,23058.24,15949.04,7109.2,completed,Letter of Credit,Online,10,4.6
ORD-00986,2025-02-09,CUST-0195,Echo Group 195,North,Jaipur,SUP-005,Summit Solutions 5,North,PROD-0004,Pump Systems Model 4,Industrial Equipment,Pump Systems,5,3832.86,5.36,18137.09,13981.39,4155.7,pending,UPI,Partner,,
ORD-00987,2025-07-11,CUST-0286,Alpha Pvt Ltd 286,South,Chennai,SUP-028,Summit Solutions 28,West,PROD-0064,Pallets Model 4,Packaging,Pallets,6,2960.93,15.68,14979.94,14709.79,270.15,completed,Wire Transfer,Direct Sales,7,3.5
ORD-00988,2024-01-13,CUST-0260,Beta Enterprises 260,North,Delhi,SUP-002,Apex Trading 2,East,PROD-0055,Films Model 3,Packaging,Films,1,3612.59,13.57,3122.36,2437.42,684.94,completed,Credit Card,Marketplace,7,3.5
ORD-00989,2025-05-26,CUST-0172,Delta Pvt Ltd 172,East,Patna,SUP-023,Prime Industries 23,West,PROD-0030,Power Supplies Model 2,Electronics,Power Supplies,1,3936.17,1.93,3860.2,2471.71,1388.49,completed,Net-30,Marketplace,10,3.9
ORD-00990,2023-01-31,CUST-0069,Alpha Group 69,Central,Indore,SUP-040,Orbit Supplies 40,North,PROD-0009,Compressors Model 1,Industrial Equipment,Compressors,1,241.33,0.0,241.33,130.89,110.44,completed,UPI,Marketplace,10,4.7
ORD-00991,2024-07-13,CUST-0287,Gamma Group 287,East,Guwahati,SUP-007,Zenith Industries 7,East,PROD-0023,Controllers Model 3,Electronics,Controllers,41,2358.4,0.0,96694.4,57604.38,39090.02,pending,UPI,Direct Sales,,
ORD-00992,2024-12-09,CUST-0210,Foxtrot Ltd 210,North,Lucknow,SUP-055,Summit Solutions 55,North,PROD-0022,Controllers Model 2,Electronics,Controllers,1,4372.98,0.0,0.0,2587.38,-517.48,cancelled,Letter of Credit,Marketplace,,
ORD-00993,2023-09-10,CUST-0273,Echo Pvt Ltd 273,West,Pune,SUP-043,Zenith Trading 43,West,PROD-0045,Alloys Model 1,Raw Materials,Alloys,4,4368.93,0.0,17475.72,12752.91,4722.81,completed,Net-30,Partner,4,3.1
ORD-00994,2024-02-08,CUST-0186,Echo Ltd 186,South,Bengaluru,SUP-018,Nova Supplies 18,West,PROD-0007,Conveyors Model 3,Industrial Equipment,Conveyors,5,1579.26,15.68,6658.16,5831.3,826.86,completed,Wire Transfer,Direct Sales,7,3.9
ORD-00995,2024-02-27,CUST-0230,Alpha Enterprises 230,North,Delhi,SUP-045,Nova Trading 45,North,PROD-0079,Cold Chain Model 3,Logistics Services,Cold Chain,6,596.28,16.8,2976.63,2467.55,509.08,completed,Wire Transfer,Marketplace,7,4.7
ORD-00996,2023-05-18,CUST-0087,Echo Corp 87,East,Guwahati,SUP-042,Nova Manufacturing 42,East,PROD-0069,Warehousing Model 1,Logistics Services,Warehousing,16,408.08,1.31,6443.75,4976.25,1467.5,completed,Credit Card,Partner,4,3.7
ORD-00997,2023-10-24,CUST-0169,Gamma Enterprises 169,Central,Indore,SUP-013,Zenith Supplies 13,West,PROD-0005,Conveyors Model 1,Industrial Equipment,Conveyors,7,4084.44,0.0,28591.08,23042.91,5548.17,completed,Wire Transfer,Partner,6,5.0
ORD-00998,2024-06-04,CUST-0007,Foxtrot Pvt Ltd 7,East,Patna,SUP-057,Summit Solutions 57,East,PROD-0014,CNC Parts Model 2,Industrial Equipment,CNC Parts,2,2310.33,12.69,4034.3,3388.56,645.74,pending,Net-30,Partner,,
ORD-00999,2023-08-08,CUST-0134,Delta Enterprises 134,Central,Indore,SUP-004,Nova Industries 4,Central,PROD-0069,Warehousing Model 1,Logistics Services,Warehousing,5,382.84,0.0,1914.2,1569.3,344.9,completed,Net-30,Direct Sales,11,4.2
ORD-01000,2025-05-21,CUST-0064,Gamma Ltd 64,Central,Nagpur,SUP-039,Summit Industries 39,Central,PROD-0065,Freight Model 1,Logistics Services,Freight,23,5098.84,0.0,117273.32,68775.99,48497.33,pending,Letter of Credit,Direct Sales,,
ORD-01001,2024-06-03,CUST-0032,Gamma Enterprises 32,East,Bhubaneswar,SUP-027,Orbit Trading 27,East,PROD-0062,Pallets Model 2,Packaging,Pallets,22,2506.23,0.0,55137.06,38533.19,16603.87,pending,UPI,Direct Sales,,
ORD-01002,2025-07-09,CUST-0019,Echo Ltd 19,Central,Indore,SUP-056,Orbit Trading 56,South,PROD-0077,Cold Chain Model 1,Logistics Services,Cold Chain,6,2046.4,6.66,11460.66,9628.36,1832.3,pending,Wire Transfer,Direct Sales,,
ORD-01003,2023-12-20,CUST-0122,Echo Group 122,East,Bhubaneswar,SUP-007,Zenith Industries 7,East,PROD-0020,Sensors Model 4,Electronics,Sensors,3,486.84,0.0,1460.52,1192.74,267.78,completed,Letter of Credit,Direct Sales,3,
ORD-01004,2023-08-23,CUST-0086,Foxtrot Enterprises 86,South,Chennai,SUP-001,Summit Industries 1,South,PROD-0015,CNC Parts Model 3,Industrial Equipment,CNC Parts,1,4072.14,20.77,3226.36,2280.7,945.66,completed,Letter of Credit,Marketplace,7,4.1
ORD-01005,2024-10-15,CUST-0198,Gamma Enterprises 198,West,Mumbai,SUP-043,Zenith Trading 43,West,PROD-0011,Compressors Model 3,Industrial Equipment,Compressors,2,5482.07,6.8,10218.58,8307.81,1910.77,completed,Letter of Credit,Online,4,3.3
ORD-01006,2023-02-04,CUST-0248,Delta Corp 248,West,Pune,SUP-043,Zenith Trading 43,West,PROD-0018,Sensors Model 2,Electronics,Sensors,2,3069.4,0.07,6134.5,4285.38,1849.12,completed,Credit Card,Partner,2,4.4
ORD-01007,2025-03-09,CUST-0143,Delta Group 143,West,Ahmedabad,SUP-048,Zenith Trading 48,West,PROD-0076,Last Mile Model 4,Logistics Services,Last Mile,2,3373.9,0.0,6747.8,5590.21,1157.59,completed,UPI,Partner,5,
ORD-01008,2024-07-04,CUST-0154,Alpha Enterprises 154,Central,Bhopal,SUP-046,Apex Supplies 46,South,PROD-0012,Compressors Model 4,Industrial Equipment,Compressors,1,2422.24,0.0,0.0,1347.7,-269.54,cancelled,Letter of Credit,Marketplace,,
ORD-01009,2025-04-09,CUST-0022,Beta Group 22,East,Guwahati,SUP-002,Apex Trading 2,East,PROD-0048,Alloys Model 4,Raw Materials,Alloys,3,498.6,20.28,1192.45,958.39,234.06,completed,Letter of Credit,Direct Sales,9,4.9
ORD-01010,2025-01-15,CUST-0277,Alpha Corp 277,East,Guwahati,SUP-042,Nova Manufacturing 42,East,PROD-0067,Freight Model 3,Logistics Services,Freight,4,5085.48,0.0,0.0,14592.6,-2918.52,cancelled,Credit Card,Partner,,
ORD-01011,2025-01-04,CUST-0220,Alpha Ltd 220,North,Jaipur,SUP-040,Orbit Supplies 40,North,PROD-0010,Compressors Model 2,Industrial Equipment,Compressors,2,3406.93,1.89,6685.08,5423.35,1261.73,pending,UPI,Direct Sales,,
ORD-01012,2023-08-30,CUST-0195,Echo Group 195,North,Jaipur,SUP-010,Orbit Solutions 10,North,PROD-0071,Warehousing Model 3,Logistics Services,Warehousing,8,1936.03,15.72,13053.49,9177.63,3875.86,completed,Wire Transfer,Marketplace,3,4.3
ORD-01013,2023-10-10,CUST-0152,Beta Ltd 152,East,Bhubaneswar,SUP-012,Nova Solutions 12,East,PROD-0010,Compressors Model 2,Industrial Equipment,Compressors,4,3368.66,1.22,13310.25,11236.49,2073.76,completed,UPI,Partner,5,4.3
ORD-01014,2025-02-02,CUST-0263,Delta Pvt Ltd 263,West,Mumbai,SUP-038,Summit Trading 38,West,PROD-0007,Conveyors Model 3,Industrial Equipment,Conveyors,1,1498.28,0.0,1498.28,1167.87,330.41,completed,Letter of Credit,Direct Sales,1,4.2
ORD-01015,2023-04-12,CUST-0002,Beta Ltd 2,East,Kolkata,SUP-010,Orbit Solutions 10,North,PROD-0017,Sensors Model 1,Electronics,Sensors,10,1714.94,0.0,17149.4,10627.13,6522.27,completed,Net-30,Marketplace,9,4.4
ORD-01016,2024-11-02,CUST-0141,Alpha Enterprises 141,South,Chennai,SUP-030,Nova Industries 30,North,PROD-0022,Controllers Model 2,Electronics,Controllers,6,5099.04,0.0,30594.24,18146.03,12448.21,completed,Credit Card,Online,11,3.2
ORD-01017,2025-02-03,CUST-0249,Foxtrot Ltd 249,Central,Bhopal,SUP-044,Summit Solutions 44,Central,PROD-0024,Controllers Model 4,Electronics,Controllers,9,1261.44,12.14,9974.71,6553.29,3421.42,completed,Letter of Credit,Online,8,4.1
ORD-01018,2024-10-07,CUST-0047,Delta Enterprises 47,East,Bhubaneswar,SUP-027,Orbit Trading 27,East,PROD-0001,Pump Systems Model 1,Industrial Equipment,Pump Systems,1,2291.1,0.0,2291.1,1736.99,554.11,pending,Wire Transfer,Marketplace,,
ORD-01019,2024-10-04,CUST-0042,Beta Enterprises 42,East,Guwahati,SUP-003,Nova Supplies 3,West,PROD-0047,Alloys Model 3,Raw Materials,Alloys,1,2726.36,15.14,2313.59,2083.85,229.74,completed,Credit Card,Partner,6,4.0
ORD-01020,2024-03-12,CUST-0288,Alpha Pvt Ltd 288,West,Ahmedabad,SUP-045,Nova Trading 45,North,PROD-0038,Polymers Model 2,Raw Materials,Polymers,5,3179.49,0.0,15897.45,11216.06,4681.39,completed,Net-30,Partner,9,3.6
ORD-01021,2023-06-19,CUST-0242,Beta Corp 242,East,Kolkata,SUP-027,Orbit Trading 27,East,PROD-0012,Compressors Model 4,Industrial Equipment,Compressors,8,2055.97,0.0,16447.76,9822.53,6625.23,pending,Wire Transfer,Online,,
ORD-01022,2024-08-30,CUST-0019,Echo Ltd 19,Central,Indore,SUP-004,Nova Industries 4,Central,PROD-0020,Sensors Model 4,Electronics,Sensors,11,441.25,0.0,4853.75,3767.79,1085.96,completed,Net-30,Marketplace,8,5.0
ORD-01023,2025-06-10,CUST-0132,Alpha Corp 132,East,Bhubaneswar,SUP-017,Prime Trading 17,East,PROD-0044,Chemicals Model 4,Raw Materials,Chemicals,10,3843.29,0.0,38432.9,29741.24,8691.66,completed,Letter of Credit,Direct Sales,10,4.3
ORD-01024,2024-09-02,CUST-0129,Gamma Group 129,Central,Indore,SUP-060,Nova Supplies 60,North,PROD-0070,Warehousing Model 2,Logistics Services,Warehousing,1,4297.59,0.0,4297.59,2720.96,1576.63,pending,UPI,Direct Sales,,
ORD-01025,2024-02-26,CUST-0277,Alpha Corp 277,East,Guwahati,SUP-027,Orbit Trading 27,East,PROD-0007,Conveyors Model 3,Industrial Equipment,Conveyors,5,1637.28,0.73,8126.64,6203.12,1923.52,completed,Credit Card,Partner,2,
ORD-01026,2025-03-05,CUST-0167,Alpha Enterprises 167,East,Kolkata,SUP-037,Prime Supplies 37,East,PROD-0040,Polymers Model 4,Raw Materials,Polymers,1,4556.0,0.0,0.0,3323.09,-664.62,cancelled,Credit Card,Online,,
ORD-01027,2024-04-23,CUST-0073,Delta Group 73,West,Pune,SUP-023,Prime Industries 23,West,PROD-0057,Labels Model 1,Packaging,Labels,1,705.15,0.0,0.0,586.73,-117.35,cancelled,Net-30,Partner,,
ORD-01028,2023-05-02,CUST-0043,Gamma Enterprises 43,West,Pune,SUP-001,Summit Industries 1,South,PROD-0011,Compressors Model 3,Industrial Equipment,Compressors,1,4879.72,0.0,487.97,3801.94,-272.42,cancelled,Credit Card,Direct Sales,,
ORD-01029,2024-12-11,CUST-0214,Gamma Enterprises 214,Central,Nagpur,SUP-045,Nova Trading 45,North,PROD-0007,Conveyors Model 3,Industrial Equipment,Conveyors,2,1804.62,0.0,3609.24,2875.62,733.62,completed,Net-30,Marketplace,11,3.9
ORD-01030,2023-04-12,CUST-0174,Gamma Ltd 174,Central,Indore,SUP-024,Summit Manufacturing 24,Central,PROD-0006,Conveyors Model 2,Industrial Equipment,Conveyors,3,4631.02,0.0,13893.06,9191.54,4701.52,completed,Net-30,Online,11,3.6
ORD-01031,2023-01-25,CUST-0119,Gamma Enterprises 119,Central,Raipur,SUP-054,Nova Supplies 54,Central,PROD-0009,Compressors Model 1,Industrial Equipment,Compressors,1,259.43,0.0,259.43,154.97,104.46,completed,Net-30,Partner,8,5.0
ORD-01032,2024-11-20,CUST-0065,Beta Pvt Ltd 65,North,Jaipur,SUP-057,Summit Solutions 57,East,PROD-0028,Cables Model 4,Electronics,Cables,9,2715.89,1.91,23976.15,19018.13,4958.02,completed,Letter of Credit,Partner,10,3.4
ORD-01033,2023-01-27,CUST-0178,Beta Enterprises 178,West,Pune,SUP-016,Nova Manufacturing 16,South,PROD-0048,Alloys Model 4,Raw Materials,Alloys,3,491.37,0.82,146.2,940.03,-41.81,cancelled,Credit Card,Marketplace,,
ORD-01034,2023-09-14,CUST-0293,Foxtrot Ltd 293,West,Pune,SUP-043,Zenith Trading 43,West,PROD-0008,Conveyors Model 4,Industrial Equipment,Conveyors,4,3882.84,6.99,14445.72,12608.24,1837.48,completed,Letter of Credit,Partner,5,2.4
ORD-01035,2023-01-23,CUST-0158,Echo Enterprises 158,West,Mumbai,SUP-028,Summit Solutions 28,West,PROD-0029,Power Supplies Model 1,Electronics,Power Supplies,1,2019.79,5.32,1912.34,1243.23,669.11,completed,Net-30,Direct Sales,8,4.3
ORD-01036,2023-11-03,CUST-0201,Gamma Ltd 201,South,Kochi,SUP-006,Apex Solutions 6,South,PROD-0059,Labels Model 3,Packaging,Labels,1,5179.73,0.0,5179.73,4383.54,796.19,pending,Wire Transfer,Direct Sales,,
ORD-01037,2024-06-02,CUST-0158,Echo Enterprises 158,West,Mumbai,SUP-008,Apex Industries 8,West,PROD-0009,Compressors Model 1,Industrial Equipment,Compressors,2,225.2,21.11,355.32,254.76,100.56,completed,Credit Card,Marketplace,7,4.5
ORD-01038,2025-07-12,CUST-0202,Beta Pvt Ltd 202,East,Guwahati,SUP-012,Nova Solutions 12,East,PROD-0079,Cold Chain Model 3,Logistics Services,Cold Chain,1,615.47,0.0,615.47,427.0,188.47,completed,Wire Transfer,Marketplace,5,4.9
ORD-01039,2023-10-17,CUST-0160,Delta Enterprises 160,North,Jaipur,SUP-005,Summit Solutions 5,North,PROD-0030,Power Supplies Model 2,Electronics,Power Supplies,1,4744.8,0.0,4744.8,3004.53,1740.27,completed,Net-30,Marketplace,4,4.3
ORD-01040,2024-01-06,CUST-0238,Echo Corp 238,West,Mumbai,SUP-045,Nova Trading 45,North,PROD-0077,Cold Chain Model 1,Logistics Services,Cold Chain,1,1998.32,0.0,1998.32,1551.9,446.42,completed,Letter of Credit,Direct Sales,8,5.0
ORD-01041,2025-10-27,CUST-0035,Beta Corp 35,North,Lucknow,SUP-045,Nova Trading 45,North,PROD-0016,CNC Parts Model 4,Industrial Equipment,CNC Parts,4,3596.09,0.87,14259.22,9427.73,4831.49,pending,UPI,Direct Sales,,
ORD-01042,2023-04-14,CUST-0275,Beta Pvt Ltd 275,North,Delhi,SUP-045,Nova Trading 45,North,PROD-0071,Warehousing Model 3,Logistics Services,Warehousing,4,2367.64,0.76,9398.58,5615.34,3783.24,completed,UPI,Direct Sales,7,2.9
ORD-01043,2024-09-28,CUST-0035,Beta Corp 35,North,Lucknow,SUP-035,Zenith Trading 35,North,PROD-0078,Cold Chain Model 2,Logistics Services,Cold Chain,3,916.59,0.0,2749.77,1813.1,936.67,completed,Wire Transfer,Direct Sales,9,3.3
ORD-01044,2023-10-05,CUST-0245,Gamma Pvt Ltd 245,North,Chandigarh,SUP-005,Summit Solutions 5,North,PROD-0023,Controllers Model 3,Electronics,Controllers,1,2173.75,0.0,2173.75,1426.44,747.31,pending,Wire Transfer,Online,,
ORD-01045,2023-05-16,CUST-0130,Alpha Ltd 130,North,Jaipur,SUP-025,Orbit Industries 25,North,PROD-0063,Pallets Model 3,Packaging,Pallets,8,3823.81,0.0,30590.48,23564.68,7025.8,completed,Letter of Credit,Direct Sales,1,4.9
ORD-01046,2023-09-18,CUST-0006,Foxtrot Corp 6,South,Bengaluru,SUP-048,Zenith Trading 48,West,PROD-0002,Pump Systems Model 2,Industrial Equipment,Pump Systems,4,759.38,0.0,3037.52,2098.05,939.47,completed,Wire Transfer,Online,6,3.8
ORD-01047,2024-04-17,CUST-0067,Gamma Corp 67,East,Guwahati,SUP-032,Prime Industries 32,East,PROD-0043,Chemicals Model 3,Raw Materials,Chemicals,2,3259.35,0.0,6518.7,4658.67,1860.03,completed,UPI,Online,9,3.8
ORD-01048,2025-08-19,CUST-0276,Gamma Enterprises 276,South,Chennai,SUP-006,Apex Solutions 6,South,PROD-0003,Pump Systems Model 3,Industrial Equipment,Pump Systems,1,4866.6,0.0,486.66,3229.83,-159.31,cancelled,Net-30,Marketplace,,
ORD-01049,2023-08-31,CUST-0021,Gamma Group 21,South,Chennai,SUP-011,Apex Solutions 11,South,PROD-0075,Last Mile Model 3,Logistics Services,Last Mile,3,2421.85,1.13,0.0,5622.01,-1124.4,cancelled,UPI,Marketplace,,
ORD-01050,2025-01-11,CUST-0008,Gamma Enterprises 8,West,Mumbai,SUP-028,Summit Solutions 28,West,PROD-0052,Corrugated Model 4,Packaging,Corrugated,1,4289.42,0.0,4289.42,3532.12,757.3,pending,Net-30,Online,,
ORD-01051,2024-12-05,CUST-0156,Delta Corp 156,South,Kochi,SUP-021,Apex Trading 21,South,PROD-0039,Polymers Model 3,Raw Materials,Polymers,2,4419.41,0.0,0.0,5742.35,-1148.47,cancelled,Credit Card,Partner,,
ORD-01052,2025-04-21,CUST-0193,Foxtrot Enterprises 193,West,Ahmedabad,SUP-018,Nova Supplies 18,West,PROD-0017,Sensors Model 1,Electronics,Sensors,1,2135.1,6.94,1986.92,1236.58,750.34,completed,Letter of Credit,Partner,3,2.7
ORD-01053,2023-07-20,CUST-0137,Foxtrot Corp 137,East,Bhubaneswar,SUP-007,Zenith Industries 7,East,PROD-0066,Freight Model 2,Logistics Services,Freight,3,1098.54,0.0,3295.62,1919.86,1375.76,completed,Wire Transfer,Partner,6,2.5
ORD-01054,2024-07-30,CUST-0044,Alpha Enterprises 44,Central,Bhopal,SUP-037,Prime Supplies 37,East,PROD-0049,Corrugated Model 1,Packaging,Corrugated,1,4129.72,0.0,4129.72,2543.75,1585.97,completed,Net-30,Online,14,3.5
ORD-01055,2025-03-10,CUST-0187,Foxtrot Pvt Ltd 187,East,Kolkata,SUP-017,Prime Trading 17,East,PROD-0032,Power Supplies Model 4,Electronics,Power Supplies,1,1254.62,5.74,1182.6,902.31,280.29,completed,Net-30,Marketplace,10,3.6
ORD-01056,2025-10-26,CUST-0206,Delta Group 206,South,Kochi,SUP-056,Orbit Trading 56,South,PROD-0035,Steel Model 3,Raw Materials,Steel,2,3284.02,0.0,0.0,4301.64,-860.33,cancelled,UPI,Online,,
ORD-01057,2024-11-11,CUST-0221,Beta Pvt Ltd 221,South,Hyderabad,SUP-021,Apex Trading 21,South,PROD-0017,Sensors Model 1,Electronics,Sensors,1,1725.45,0.0,1725.45,973.94,751.51,completed,Net-30,Online,13,3.4
ORD-01058,2024-07-19,CUST-0175,Foxtrot Corp 175,North,Delhi,SUP-035,Zenith Trading 35,North,PROD-0077,Cold Chain Model 1,Logistics Services,Cold Chain,4,2360.65,5.03,8967.64,7566.16,1401.48,completed,Credit Card,Partner,8,4.6
ORD-01059,2024-10-10,CUST-0093,Foxtrot Corp 93,West,Pune,SUP-023,Prime Industries 23,West,PROD-0007,Conveyors Model 3,Industrial Equipment,Conveyors,3,1818.55,0.0,0.0,4309.16,-861.83,cancelled,Net-30,Direct Sales,,
ORD-01060,2023-09-07,CUST-0029,Alpha Corp 29,Central,Indore,SUP-034,Zenith Trading 34,Central,PROD-0029,Power Supplies Model 1,Electronics,Power Supplies,5,2451.94,0.0,0.0,7293.39,-1458.68,cancelled,UPI,Partner,,
ORD-01061,2024-03-04,CUST-0086,Foxtrot Enterprises 86,South,Chennai,SUP-006,Apex Solutions 6,South,PROD-0011,Compressors Model 3,Industrial Equipment,Compressors,6,5630.8,0.0,33784.8,25675.39,8109.41,completed,Wire Transfer,Marketplace,1,5.0
ORD-01062,2023-02-21,CUST-0259,Foxtrot Pvt Ltd 259,Central,Indore,SUP-017,Prime Trading 17,East,PROD-0035,Steel Model 3,Raw Materials,Steel,41,3389.34,6.29,130222.17,84916.38,45305.79,completed,Wire Transfer,Direct Sales,5,3.4
ORD-01063,2023-05-07,CUST-0228,Gamma Ltd 228,West,Surat,SUP-013,Zenith Supplies 13,West,PROD-0074,Last Mile Model 2,Logistics Services,Last Mile,2,4206.84,0.0,8413.68,4776.86,3636.82,completed,Net-30,Direct Sales,6,3.9
ORD-01064,2023-09-20,CUST-0225,Foxtrot Enterprises 225,North,Chandigarh,SUP-005,Summit Solutions 5,North,PROD-0004,Pump Systems Model 4,Industrial Equipment,Pump Systems,1,3986.88,0.97,3948.21,3024.21,924.0,completed,Wire Transfer,Online,8,4.3
ORD-01065,2023-06-27,CUST-0218,Beta Ltd 218,West,Pune,SUP-023,Prime Industries 23,West,PROD-0030,Power Supplies Model 2,Electronics,Power Supplies,4,4783.09,0.0,19132.36,11700.18,7432.18,pending,UPI,Direct Sales,,
ORD-01066,2025-09-19,CUST-0018,Alpha Enterprises 18,West,Mumbai,SUP-018,Nova Supplies 18,West,PROD-0049,Corrugated Model 1,Packaging,Corrugated,1,3860.75,1.2,3814.42,2253.89,1560.53,pending,Wire Transfer,Partner,,
ORD-01067,2025-06-25,CUST-0066,Beta Pvt Ltd 66,South,Kochi,SUP-040,Orbit Supplies 40,North,PROD-0046,Alloys Model 2,Raw Materials,Alloys,19,1505.47,0.3,28518.12,19892.02,8626.1,completed,Letter of Credit,Direct Sales,7,5.0
ORD-01068,2023-07-07,CUST-0001,Alpha Corp 1,South,Kochi,SUP-036,Nova Trading 36,South,PROD-0029,Power Supplies Model 1,Electronics,Power Supplies,2,2162.82,11.94,3809.16,2695.42,1113.74,completed,Letter of Credit,Direct Sales,10,3.6
ORD-01069,2025-03-22,CUST-0200,Gamma Corp 200,North,Lucknow,SUP-051,Nova Manufacturing 51,South,PROD-0016,CNC Parts Model 4,Industrial Equipment,CNC Parts,3,4443.42,0.03,13326.26,8185.64,5140.62,completed,Letter of Credit,Direct Sales,10,4.7
ORD-01070,2025-04-04,CUST-0286,Alpha Pvt Ltd 286,South,Chennai,SUP-041,Orbit Supplies 41,South,PROD-0024,Controllers Model 4,Electronics,Controllers,16,1325.28,0.0,2120.45,11443.42,-168.23,cancelled,UPI,Direct Sales,,
ORD-01071,2025-11-07,CUST-0167,Alpha Enterprises 167,East,Kolkata,SUP-022,Prime Solutions 22,East,PROD-0017,Sensors Model 1,Electronics,Sensors,1,1787.69,0.0,1787.69,1105.84,681.85,completed,Net-30,Direct Sales,8,4.1
ORD-01072,2024-12-25,CUST-0178,Beta Enterprises 178,West,Pune,SUP-053,Nova Trading 53,West,PROD-0073,Last Mile Model 1,Logistics Services,Last Mile,9,2666.0,0.0,23994.0,13449.73,10544.27,completed,Letter of Credit,Partner,4,4.5
ORD-01073,2023-08-23,CUST-0109,Alpha Corp 109,Central,Nagpur,SUP-004,Nova Industries 4,Central,PROD-0050,Corrugated Model 2,Packaging,Corrugated,13,760.89,0.0,9891.57,6861.24,3030.33,completed,UPI,Partner,4,4.0
ORD-01074,2023-01-28,CUST-0054,Foxtrot Pvt Ltd 54,Central,Indore,SUP-001,Summit Industries 1,South,PROD-0063,Pallets Model 3,Packaging,Pallets,1,3845.13,0.0,0.0,2934.67,-586.93,cancelled,Credit Card,Direct Sales,,
ORD-01075,2025-01-18,CUST-0198,Gamma Enterprises 198,West,Mumbai,SUP-053,Nova Trading 53,West,PROD-0008,Conveyors Model 4,Industrial Equipment,Conveyors,12,3646.43,0.0,43757.16,35424.31,8332.85,pending,UPI,Online,,
ORD-01076,2024-07-02,CUST-0161,Delta Ltd 161,South,Chennai,SUP-051,Nova Manufacturing 51,South,PROD-0061,Pallets Model 1,Packaging,Pallets,2,3639.56,0.74,7225.25,4004.91,3220.34,completed,Net-30,Partner,10,4.5
ORD-01077,2023-05-04,CUST-0220,Alpha Ltd 220,North,Jaipur,SUP-050,Orbit Trading 50,North,PROD-0012,Compressors Model 4,Industrial Equipment,Compressors,7,2094.58,20.99,11584.49,8756.19,2828.3,pending,UPI,Online,,
ORD-01078,2023-07-03,CUST-0071,Gamma Corp 71,South,Chennai,SUP-011,Apex Solutions 11,South,PROD-0056,Films Model 4,Packaging,Films,4,692.47,0.0,2769.88,2238.98,530.9,completed,Wire Transfer,Marketplace,7,4.3
ORD-01079,2024-01-15,CUST-0207,Foxtrot Enterprises 207,East,Bhubaneswar,SUP-047,Apex Trading 47,East,PROD-0059,Labels Model 3,Packaging,Labels,3,4933.01,0.0,14799.03,12099.79,2699.24,completed,Credit Card,Marketplace,9,4.8
ORD-01080,2024-09-24,CUST-0174,Gamma Ltd 174,Central,Indore,SUP-034,Zenith Trading 34,Central,PROD-0069,Warehousing Model 1,Logistics Services,Warehousing,3,358.6,0.0,1075.8,894.97,180.83,pending,Wire Transfer,Online,,
ORD-01081,2023-05-22,CUST-0047,Delta Enterprises 47,East,Bhubaneswar,SUP-025,Orbit Industries 25,North,PROD-0043,Chemicals Model 3,Raw Materials,Chemicals,11,3832.94,0.29,42040.07,30450.55,11589.52,completed,UPI,Partner,6,4.2
ORD-01082,2024-09-01,CUST-0145,Foxtrot Enterprises 145,North,Chandigarh,SUP-040,Orbit Supplies 40,North,PROD-0037,Polymers Model 1,Raw Materials,Polymers,3,3871.32,0.0,11613.96,6556.2,5057.76,completed,Credit Card,Marketplace,3,3.7
ORD-01083,2024-07-11,CUST-0104,Gamma Pvt Ltd 104,Central,Raipur,SUP-029,Prime Solutions 29,Central,PROD-0055,Films Model 3,Packaging,Films,2,3599.64,5.94,677.16,4474.25,-217.69,cancelled,Letter of Credit,Marketplace,,
ORD-01084,2024-10-19,CUST-0096,Delta Corp 96,South,Chennai,SUP-029,Prime Solutions 29,Central,PROD-0011,Compressors Model 3,Industrial Equipment,Compressors,12,4935.01,0.0,59220.12,45288.81,13931.31,completed,Credit Card,Direct Sales,8,5.0
ORD-01085,2025-12-10,CUST-0189,Echo Enterprises 189,Central,Nagpur,SUP-014,Zenith Solutions 14,Central,PROD-0068,Freight Model 4,Logistics Services,Freight,2,4610.94,1.71,9064.19,5749.31,3314.88,completed,Net-30,Marketplace,4,3.5
ORD-01086,2024-03-29,CUST-0179,Echo Ltd 179,Central,Indore,SUP-027,Orbit Trading 27,East,PROD-0056,Films Model 4,Packaging,Films,2,598.65,0.0,1197.3,1046.9,150.4,completed,Net-30,Online,6,
ORD-01087,2025-07-12,CUST-0203,Gamma Pvt Ltd 203,West,Ahmedabad,SUP-048,Zenith Trading 48,West,PROD-0076,Last Mile Model 4,Logistics Services,Last Mile,5,4013.48,0.0,20067.4,16356.89,3710.51,completed,UPI,Partner,6,5.0
ORD-01088,2025-12-27,CUST-0009,Delta Corp 9,Central,Bhopal,SUP-054,Nova Supplies 54,Central,PROD-0072,Warehousing Model 4,Logistics Services,Warehousing,2,4977.13,0.0,9954.26,6661.57,3292.69,completed,Net-30,Online,3,3.0
ORD-01089,2024-10-31,CUST-0128,Foxtrot Ltd 128,West,Surat,SUP-003,Nova Supplies 3,West,PROD-0074,Last Mile Model 2,Logistics Services,Last Mile,1,4125.6,0.0,4125.6,2325.7,1799.9,completed,Net-30,Marketplace,5,5.0
ORD-01090,2023-10-17,CUST-0190,Alpha Group 190,North,Jaipur,SUP-050,Orbit Trading 50,North,PROD-0017,Sensors Model 1,Electronics,Sensors,6,1896.65,6.13,10682.31,6974.11,3708.2,completed,Credit Card,Direct Sales,11,3.2
ORD-01091,2025-05-31,CUST-0237,Gamma Group 237,East,Guwahati,SUP-032,Prime Industries 32,East,PROD-0046,Alloys Model 2,Raw Materials,Alloys,5,1551.89,16.93,6445.78,5323.18,1122.6,pending,Credit Card,Direct Sales,,
ORD-01092,2025-01-29,CUST-0036,Foxtrot Enterprises 36,South,Bengaluru,SUP-026,Zenith Industries 26,South,PROD-0071,Warehousing Model 3,Logistics Services,Warehousing,1,2069.27,0.45,2059.96,1230.02,829.94,completed,Wire Transfer,Marketplace,8,4.2
ORD-01093,2024-09-08,CUST-0081,Foxtrot Pvt Ltd 81,South,Chennai,SUP-048,Zenith Trading 48,West,PROD-0018,Sensors Model 2,Electronics,Sensors,6,2717.8,12.42,14281.5,11276.92,3004.58,completed,Letter of Credit,Marketplace,7,4.9
ORD-01094,2023-04-13,CUST-0277,Alpha Corp 277,East,Guwahati,SUP-003,Nova Supplies 3,West,PROD-0071,Warehousing Model 3,Logistics Services,Warehousing,1,1936.89,0.0,1936.89,1132.92,803.97,completed,UPI,Marketplace,10,5.0
ORD-01095,2024-07-28,CUST-0147,Echo Enterprises 147,East,Patna,SUP-022,Prime Solutions 22,East,PROD-0025,Cables Model 1,Electronics,Cables,1,3688.56,11.89,3249.99,2924.09,325.9,completed,Net-30,Direct Sales,4,4.4
ORD-01096,2024-03-25,CUST-0102,Gamma Ltd 102,East,Patna,SUP-042,Nova Manufacturing 42,East,PROD-0020,Sensors Model 4,Electronics,Sensors,1,460.03,6.76,428.93,363.11,65.82,pending,Wire Transfer,Partner,,
ORD-01097,2024-05-25,CUST-0210,Foxtrot Ltd 210,North,Lucknow,SUP-010,Orbit Solutions 10,North,PROD-0016,CNC Parts Model 4,Industrial Equipment,CNC Parts,1,4028.36,16.22,337.5,2530.91,-168.68,cancelled,Credit Card,Direct Sales,,
ORD-01098,2023-03-01,CUST-0143,Delta Group 143,West,Ahmedabad,SUP-014,Zenith Solutions 14,Central,PROD-0008,Conveyors Model 4,Industrial Equipment,Conveyors,1,4160.98,0.0,4160.98,3266.28,894.7,completed,Wire Transfer,Online,7,5.0
ORD-01099,2023-11-30,CUST-0066,Beta Pvt Ltd 66,South,Kochi,SUP-036,Nova Trading 36,South,PROD-0009,Compressors Model 1,Industrial Equipment,Compressors,5,261.82,0.0,1309.1,716.32,592.78,completed,Credit Card,Partner,11,3.8
ORD-01100,2025-10-11,CUST-0030,Alpha Corp 30,North,Chandigarh,SUP-060,Nova Supplies 60,North,PROD-0053,Films Model 1,Packaging,Films,2,1223.38,0.0,2446.76,1978.81,467.95,completed,Letter of Credit,Direct Sales,5,4.6
ORD-01101,2024-11-26,CUST-0136,Delta Ltd 136,South,Kochi,SUP-026,Zenith Industries 26,South,PROD-0070,Warehousing Model 2,Logistics Services,Warehousing,6,4271.65,0.0,25629.9,16631.67,8998.23,completed,Net-30,Online,1,4.0
ORD-01102,2024-05-21,CUST-0300,Foxtrot Ltd 300,North,Delhi,SUP-022,Prime Solutions 22,East,PROD-0050,Corrugated Model 2,Packaging,Corrugated,5,678.61,0.0,3393.05,2473.09,919.96,completed,Credit Card,Direct Sales,2,4.2
ORD-01103,2025-05-01,CUST-0052,Beta Ltd 52,East,Guwahati,SUP-007,Zenith Industries 7,East,PROD-0007,Conveyors Model 3,Industrial Equipment,Conveyors,13,1472.69,0.0,19144.97,15364.94,3780.03,completed,Credit Card,Marketplace,8,
ORD-01104,2023-12-31,CUST-0026,Beta Ltd 26,South,Bengaluru,SUP-032,Prime Industries 32,East,PROD-0038,Polymers Model 2,Raw Materials,Polymers,2,2825.55,0.0,0.0,3996.54,-799.31,cancelled,Letter of Credit,Partner,,
ORD-01105,2023-10-23,CUST-0057,Alpha Group 57,East,Bhubaneswar,SUP-012,Nova Solutions 12,East,PROD-0023,Controllers Model 3,Electronics,Controllers,5,2424.57,0.72,12035.57,7431.27,4604.3,completed,Net-30,Marketplace,8,4.4
ORD-01106,2025-11-28,CUST-0099,Beta Corp 99,Central,Nagpur,SUP-048,Zenith Trading 48,West,PROD-0001,Pump Systems Model 1,Industrial Equipment,Pump Systems,3,2378.91,16.75,0.0,5504.77,-1100.95,cancelled,UPI,Partner,,
ORD-01107,2024-10-03,CUST-0007,Foxtrot Pvt Ltd 7,East,Patna,SUP-002,Apex Trading 2,East,PROD-0022,Controllers Model 2,Electronics,Controllers,14,4542.83,0.0,63599.62,37142.39,26457.23,completed,Letter of Credit,Direct Sales,8,5.0
ORD-01108,2023-12-16,CUST-0204,Echo Corp 204,Central,Nagpur,SUP-054,Nova Supplies 54,Central,PROD-0027,Cables Model 3,Electronics,Cables,2,2116.34,0.0,4232.68,2759.63,1473.05,completed,UPI,Online,8,4.7
ORD-01109,2024-08-08,CUST-0205,Alpha Ltd 205,North,Chandigarh,SUP-010,Orbit Solutions 10,North,PROD-0019,Sensors Model 3,Electronics,Sensors,3,3942.07,0.0,11826.21,6864.18,4962.03,completed,UPI,Direct Sales,8,4.5
ORD-01110,2024-08-30,CUST-0022,Beta Group 22,East,Guwahati,SUP-027,Orbit Trading 27,East,PROD-0041,Chemicals Model 1,Raw Materials,Chemicals,6,1718.91,1.29,10180.42,7391.74,2788.68,completed,UPI,Online,3,
ORD-01111,2023-03-24,CUST-0172,Delta Pvt Ltd 172,East,Patna,SUP-040,Orbit Supplies 40,North,PROD-0066,Freight Model 2,Logistics Services,Freight,5,1115.99,0.45,5554.84,3122.78,2432.06,completed,Wire Transfer,Direct Sales,10,4.3
ORD-01112,2025-05-04,CUST-0033,Echo Ltd 33,West,Pune,SUP-006,Apex Solutions 6,South,PROD-0023,Controllers Model 3,Electronics,Controllers,7,2631.1,11.08,16377.02,11959.45,4417.57,completed,Credit Card,Online,1,3.6
ORD-01113,2023-01-02,CUST-0299,Echo Enterprises 299,Central,Indore,SUP-029,Prime Solutions 29,Central,PROD-0034,Steel Model 2,Raw Materials,Steel,3,1733.87,0.0,5201.61,4534.87,666.74,pending,Credit Card,Marketplace,,
ORD-01114,2025-03-05,CUST-0091,Gamma Pvt Ltd 91,South,Bengaluru,SUP-041,Orbit Supplies 41,South,PROD-0064,Pallets Model 4,Packaging,Pallets,5,3261.41,0.0,16307.05,13350.74,2956.31,completed,Net-30,Online,5,3.7
ORD-01115,2023-05-11,CUST-0223,Gamma Corp 223,West,Pune,SUP-014,Zenith Solutions 14,Central,PROD-0038,Polymers Model 2,Raw Materials,Polymers,1,3291.92,0.36,0.0,2230.54,-446.11,cancelled,Credit Card,Partner,,
ORD-01116,2023-08-18,CUST-0084,Alpha Corp 84,Central,Nagpur,SUP-035,Zenith Trading 35,North,PROD-0028,Cables Model 4,Electronics,Cables,9,3021.79,0.0,27196.11,20937.3,6258.81,completed,UPI,Partner,12,4.8
ORD-01117,2023-12-11,CUST-0295,Gamma Enterprises 295,North,Delhi,SUP-007,Zenith Industries 7,East,PROD-0021,Controllers Model 1,Electronics,Controllers,4,3234.13,12.84,11275.47,7664.1,3611.37,pending,Credit Card,Online,,
ORD-01118,2024-01-03,CUST-0003,Echo Corp 3,West,Surat,SUP-018,Nova Supplies 18,West,PROD-0021,Controllers Model 1,Electronics,Controllers,1,2952.77,11.26,2620.29,1805.51,814.78,pending,Net-30,Direct Sales,,
ORD-01119,2023-05-08,CUST-0272,Delta Corp 272,East,Guwahati,SUP-036,Nova Trading 36,South,PROD-0001,Pump Systems Model 1,Industrial Equipment,Pump Systems,3,2088.71,0.0,6266.13,4523.33,1742.8,completed,Wire Transfer,Marketplace,9,4.4
ORD-01120,2025-09-17,CUST-0224,Echo Pvt Ltd 224,Central,Indore,SUP-055,Summit Solutions 55,North,PROD-0030,Power Supplies Model 2,Electronics,Power Supplies,4,4646.67,0.0,18586.68,11009.93,7576.75,completed,Credit Card,Marketplace,2,4.7
ORD-01121,2025-11-01,CUST-0091,Gamma Pvt Ltd 91,South,Bengaluru,SUP-006,Apex Solutions 6,South,PROD-0032,Power Supplies Model 4,Electronics,Power Supplies,33,1135.01,0.0,37455.33,26188.72,11266.61,completed,Letter of Credit,Direct Sales,7,3.6
ORD-01122,2025-09-03,CUST-0051,Gamma Enterprises 51,South,Kochi,SUP-055,Summit Solutions 55,North,PROD-0066,Freight Model 2,Logistics Services,Freight,10,1143.08,0.0,0.0,6518.26,-1303.65,cancelled,Net-30,Online,,
ORD-01123,2024-06-29,CUST-0208,Delta Corp 208,West,Surat,SUP-031,Apex Supplies 31,South,PROD-0064,Pallets Model 4,Packaging,Pallets,13,3256.71,21.05,33425.24,34932.98,-1507.74,completed,Letter of Credit,Marketplace,7,4.4
ORD-01124,2024-09-04,CUST-0210,Foxtrot Ltd 210,North,Lucknow,SUP-045,Nova Trading 45,North,PROD-0015,CNC Parts Model 3,Industrial Equipment,CNC Parts,11,5034.32,0.0,55377.52,31349.76,24027.76,completed,Credit Card,Direct Sales,4,4.8
ORD-01125,2024-10-24,CUST-0201,Gamma Ltd 201,South,Kochi,SUP-056,Orbit Trading 56,South,PROD-0052,Corrugated Model 4,Packaging,Corrugated,2,5108.8,0.0,10217.6,7833.96,2383.64,pending,UPI,Direct Sales,,
ORD-01126,2023-10-07,CUST-0158,Echo Enterprises 158,West,Mumbai,SUP-038,Summit Trading 38,West,PROD-0073,Last Mile Model 1,Logistics Services,Last Mile,2,2409.37,1.53,4745.01,2857.28,1887.73,completed,UPI,Direct Sales,3,3.6
ORD-01127,2025-07-25,CUST-0211,Foxtrot Group 211,South,Hyderabad,SUP-021,Apex Trading 21,South,PROD-0009,Compressors Model 1,Industrial Equipment,Compressors,2,232.51,0.0,465.02,266.72,198.3,completed,Net-30,Partner,5,5.0
ORD-01128,2024-12-04,CUST-0208,Delta Corp 208,West,Surat,SUP-043,Zenith Trading 43,West,PROD-0025,Cables Model 1,Electronics,Cables,4,3934.39,5.58,14859.4,12856.72,2002.68,completed,Letter of Credit,Online,8,5.0
ORD-01129,2024-10-31,CUST-0195,Echo Group 195,North,Jaipur,SUP-050,Orbit Trading 50,North,PROD-0069,Warehousing Model 1,Logistics Services,Warehousing,1,398.52,21.61,312.4,329.62,-17.22,completed,Credit Card,Direct Sales,8,4.0
ORD-01130,2024-06-01,CUST-0205,Alpha Ltd 205,North,Chandigarh,SUP-040,Orbit Supplies 40,North,PROD-0006,Conveyors Model 2,Industrial Equipment,Conveyors,2,4843.57,20.36,7714.84,6454.57,1260.27,completed,Letter of Credit,Direct Sales,6,4.4
ORD-01131,2023-08-06,CUST-0022,Beta Group 22,East,Guwahati,SUP-022,Prime Solutions 22,East,PROD-0070,Warehousing Model 2,Logistics Services,Warehousing,1,4635.36,0.0,4635.36,3041.99,1593.37,pending,Letter of Credit,Partner,,
ORD-01132,2025-03-10,CUST-0213,Delta Group 213,West,Ahmedabad,SUP-016,Nova Manufacturing 16,South,PROD-0002,Pump Systems Model 2,Industrial Equipment,Pump Systems,10,808.1,0.43,8046.25,5683.03,2363.22,completed,Letter of Credit,Partner,7,3.4
ORD-01133,2024-08-25,CUST-0105,Gamma Pvt Ltd 105,North,Delhi,SUP-030,Nova Industries 30,North,PROD-0050,Corrugated Model 2,Packaging,Corrugated,1,733.3,0.0,733.3,546.97,186.33,completed,UPI,Online,3,4.5
ORD-01134,2024-08-28,CUST-0061,Echo Group 61,South,Chennai,SUP-011,Apex Solutions 11,South,PROD-0054,Films Model 2,Packaging,Films,4,2418.32,0.0,0.0,7314.15,-1462.83,cancelled,Net-30,Partner,,
ORD-01135,2025-02-05,CUST-0068,Delta Group 68,West,Mumbai,SUP-003,Nova Supplies 3,West,PROD-0051,Corrugated Model 3,Packaging,Corrugated,1,4885.52,0.0,4885.52,3430.73,1454.79,completed,Wire Transfer,Online,10,5.0
ORD-01136,2024-01-06,CUST-0166,Delta Group 166,South,Bengaluru,SUP-040,Orbit Supplies 40,North,PROD-0077,Cold Chain Model 1,Logistics Services,Cold Chain,6,2407.5,0.0,14445.0,10808.94,3636.06,completed,Net-30,Marketplace,7,4.2
ORD-01137,2023-07-17,CUST-0016,Gamma Ltd 16,South,Hyderabad,SUP-021,Apex Trading 21,South,PROD-0062,Pallets Model 2,Packaging,Pallets,2,2966.8,6.2,5565.72,4002.27,1563.45,completed,Net-30,Online,10,3.0
ORD-01138,2023-04-26,CUST-0251,Beta Pvt Ltd 251,South,Bengaluru,SUP-009,Nova Supplies 9,Central,PROD-0037,Polymers Model 1,Raw Materials,Polymers,5,3517.76,0.0,17588.8,10329.41,7259.39,completed,Wire Transfer,Online,9,4.1
ORD-01139,2024-07-08,CUST-0035,Beta Corp 35,North,Lucknow,SUP-050,Orbit Trading 50,North,PROD-0061,Pallets Model 1,Packaging,Pallets,20,4195.08,0.0,83901.6,44901.65,38999.95,completed,Net-30,Partner,3,3.9
ORD-01140,2025-10-25,CUST-0165,Beta Group 165,North,Lucknow,SUP-015,Prime Industries 15,North,PROD-0024,Controllers Model 4,Electronics,Controllers,4,1458.95,10.2,5240.55,3102.15,2138.4,pending,Net-30,Marketplace,,
ORD-01141,2025-07-19,CUST-0189,Echo Enterprises 189,Central,Nagpur,SUP-029,Prime Solutions 29,Central,PROD-0009,Compressors Model 1,Industrial Equipment,Compressors,2,253.41,6.2,475.4,282.17,193.23,completed,Wire Transfer,Partner,5,4.8
ORD-01142,2024-06-16,CUST-0073,Delta Group 73,West,Pune,SUP-043,Zenith Trading 43,West,PROD-0038,Polymers Model 2,Raw Materials,Polymers,1,3282.36,0.0,3282.36,2285.13,997.23,completed,Net-30,Direct Sales,5,5.0
ORD-01143,2024-05-05,CUST-0251,Beta Pvt Ltd 251,South,Bengaluru,SUP-001,Summit Industries 1,South,PROD-0029,Power Supplies Model 1,Electronics,Power Supplies,1,1979.99,0.0,1979.99,1260.87,719.12,completed,Wire Transfer,Marketplace,8,3.3
ORD-01144,2025-06-09,CUST-0020,Foxtrot Enterprises 20,North,Chandigarh,SUP-045,Nova Trading 45,North,PROD-0069,Warehousing Model 1,Logistics Services,Warehousing,9,358.62,20.95,2551.4,2446.72,104.68,completed,Credit Card,Marketplace,8,5.0
ORD-01145,2023-08-08,CUST-0157,Delta Enterprises 157,East,Bhubaneswar,SUP-052,Zenith Manufacturing 52,East,PROD-0028,Cables Model 4,Electronics,Cables,6,3258.6,0.0,19551.6,13923.23,5628.37,completed,Net-30,Marketplace,4,4.9
ORD-01146,2024-03-05,CUST-0255,Delta Corp 255,North,Lucknow,SUP-040,Orbit Supplies 40,North,PROD-0057,Labels Model 1,Packaging,Labels,2,823.12,0.0,0.0,1322.65,-264.53,cancelled,UPI,Direct Sales,,
ORD-01147,2023-03-17,CUST-0295,Gamma Enterprises 295,North,Delhi,SUP-035,Zenith Trading 35,North,PROD-0056,Films Model 4,Packaging,Films,10,652.58,0.0,6525.8,5633.2,892.6,completed,UPI,Direct Sales,9,4.7
ORD-01148,2025-11-19,CUST-0296,Delta Ltd 296,South,Kochi,SUP-016,Nova Manufacturing 16,South,PROD-0044,Chemicals Model 4,Raw Materials,Chemicals,5,4084.81,5.78,19243.54,15438.77,3804.77,completed,Letter of Credit,Marketplace,7,3.5
ORD-01149,2023-08-16,CUST-0299,Echo Enterprises 299,Central,Indore,SUP-014,Zenith Solutions 14,Central,PROD-0072,Warehousing Model 4,Logistics Services,Warehousing,1,4673.07,0.0,4673.07,3130.38,1542.69,completed,UPI,Marketplace,7,3.9
ORD-01150,2023-06-17,CUST-0276,Gamma Enterprises 276,South,Chennai,SUP-058,Zenith Solutions 58,West,PROD-0010,Compressors Model 2,Industrial Equipment,Compressors,1,3005.64,0.0,3005.64,2572.87,432.77,completed,Letter of Credit,Partner,1,4.5
ORD-01151,2023-08-03,CUST-0135,Foxtrot Enterprises 135,North,Chandigarh,SUP-052,Zenith Manufacturing 52,East,PROD-0013,CNC Parts Model 1,Industrial Equipment,CNC Parts,2,2995.73,0.0,5991.46,5098.16,893.3,completed,Wire Transfer,Partner,11,4.7
ORD-01152,2023-02-16,CUST-0223,Gamma Corp 223,West,Pune,SUP-008,Apex Industries 8,West,PROD-0011,Compressors Model 3,Industrial Equipment,Compressors,3,4831.54,0.0,14494.62,11305.03,3189.59,pending,Letter of Credit,Direct Sales,,
ORD-01153,2023-07-03,CUST-0054,Foxtrot Pvt Ltd 54,Central,Indore,SUP-049,Apex Supplies 49,Central,PROD-0007,Conveyors Model 3,Industrial Equipment,Conveyors,1,1627.67,5.44,1539.12,1282.22,256.9,completed,Letter of Credit,Online,3,3.4
ORD-01154,2024-05-24,CUST-0238,Echo Corp 238,West,Mumbai,SUP-001,Summit Industries 1,South,PROD-0041,Chemicals Model 1,Raw Materials,Chemicals,1,1949.23,6.57,1821.17,1383.66,437.51,completed,UPI,Partner,10,3.9
ORD-01155,2025-12-31,CUST-0069,Alpha Group 69,Central,Indore,SUP-021,Apex Trading 21,South,PROD-0045,Alloys Model 1,Raw Materials,Alloys,1,4718.51,0.0,4718.51,3449.77,1268.74,completed,Credit Card,Partner,8,2.8
ORD-01156,2025-04-03,CUST-0168,Delta Ltd 168,West,Pune,SUP-013,Zenith Supplies 13,West,PROD-0039,Polymers Model 3,Raw Materials,Polymers,5,4151.85,20.99,16401.88,13040.37,3361.51,completed,Net-30,Marketplace,9,4.7
ORD-01157,2025-05-31,CUST-0291,Gamma Pvt Ltd 291,South,Kochi,SUP-026,Zenith Industries 26,South,PROD-0031,Power Supplies Model 3,Electronics,Power Supplies,6,2064.95,0.0,12389.7,9019.74,3369.96,completed,Wire Transfer,Online,10,4.6
ORD-01158,2025-02-16,CUST-0172,Delta Pvt Ltd 172,East,Patna,SUP-053,Nova Trading 53,West,PROD-0049,Corrugated Model 1,Packaging,Corrugated,4,3709.78,0.0,14839.12,8599.71,6239.41,completed,Credit Card,Direct Sales,6,4.8
ORD-01159,2024-05-25,CUST-0261,Gamma Ltd 261,South,Kochi,SUP-031,Apex Supplies 31,South,PROD-0063,Pallets Model 3,Packaging,Pallets,2,3502.79,12.82,6107.46,5183.49,923.97,completed,Net-30,Partner,5,4.9
ORD-01160,2024-06-27,CUST-0036,Foxtrot Enterprises 36,South,Bengaluru,SUP-044,Summit Solutions 44,Central,PROD-0053,Films Model 1,Packaging,Films,1,1460.19,0.0,1460.19,1153.84,306.35,completed,Wire Transfer,Online,9,4.3
ORD-01161,2023-07-29,CUST-0070,Echo Pvt Ltd 70,North,Chandigarh,SUP-020,Apex Manufacturing 20,North,PROD-0002,Pump Systems Model 2,Industrial Equipment,Pump Systems,1,818.61,0.0,818.61,566.05,252.56,completed,Credit Card,Direct Sales,6,4.6
ORD-01162,2024-07-23,CUST-0163,Delta Pvt Ltd 163,West,Mumbai,SUP-060,Nova Supplies 60,North,PROD-0003,Pump Systems Model 3,Industrial Equipment,Pump Systems,1,4869.85,1.14,4814.33,3069.32,1745.01,pending,Letter of Credit,Marketplace,,
ORD-01163,2025-07-17,CUST-0139,Foxtrot Group 139,Central,Bhopal,SUP-049,Apex Supplies 49,Central,PROD-0045,Alloys Model 1,Raw Materials,Alloys,6,5009.57,15.27,25467.65,22339.57,3128.08,completed,UPI,Online,6,4.6
ORD-01164,2025-12-06,CUST-0055,Alpha Group 55,North,Delhi,SUP-054,Nova Supplies 54,Central,PROD-0035,Steel Model 3,Raw Materials,Steel,24,3145.39,0.0,75489.36,48167.96,27321.4,completed,UPI,Marketplace,9,3.6
ORD-01165,2023-01-18,CUST-0184,Echo Enterprises 184,Central,Nagpur,SUP-015,Prime Industries 15,North,PROD-0030,Power Supplies Model 2,Electronics,Power Supplies,1,4286.66,0.0,4286.66,2507.81,1778.85,completed,Net-30,Direct Sales,3,3.5
ORD-01166,2023-05-19,CUST-0263,Delta Pvt Ltd 263,West,Mumbai,SUP-056,Orbit Trading 56,South,PROD-0054,Films Model 2,Packaging,Films,1,2272.75,1.94,2228.66,1876.18,352.48,completed,Credit Card,Online,5,3.7
ORD-01167,2024-07-11,CUST-0183,Echo Corp 183,West,Mumbai,SUP-013,Zenith Supplies 13,West,PROD-0001,Pump Systems Model 1,Industrial Equipment,Pump Systems,5,1900.87,0.0,9504.35,7228.79,2275.56,completed,Wire Transfer,Online,8,4.4
ORD-01168,2025-08-11,CUST-0031,Alpha Group 31,South,Hyderabad,SUP-046,Apex Supplies 46,South,PROD-0079,Cold Chain Model 3,Logistics Services,Cold Chain,1,505.65,0.0,505.65,353.89,151.76,completed,Wire Transfer,Marketplace,11,4.3
ORD-01169,2024-01-15,CUST-0131,Beta Ltd 131,South,Hyderabad,SUP-037,Prime Supplies 37,East,PROD-0053,Films Model 1,Packaging,Films,1,1517.61,0.0,1517.61,1245.66,271.95,completed,Wire Transfer,Direct Sales,6,4.6
ORD-01170,2023-11-02,CUST-0215,Gamma Pvt Ltd 215,North,Jaipur,SUP-045,Nova Trading 45,North,PROD-0080,Cold Chain Model 4,Logistics Services,Cold Chain,1,2135.3,12.43,1869.88,1779.47,90.41,completed,Credit Card,Direct Sales,3,3.9
ORD-01171,2023-03-05,CUST-0018,Alpha Enterprises 18,West,Mumbai,SUP-028,Summit Solutions 28,West,PROD-0031,Power Supplies Model 3,Electronics,Power Supplies,9,1825.03,0.0,16425.27,11068.61,5356.66,completed,Credit Card,Online,10,4.1
ORD-01172,2023-03-12,CUST-0050,Delta Pvt Ltd 50,North,Delhi,SUP-015,Prime Industries 15,North,PROD-0043,Chemicals Model 3,Raw Materials,Chemicals,3,3979.13,15.18,10125.29,9151.74,973.55,completed,Wire Transfer,Marketplace,5,3.7
ORD-01173,2024-07-26,CUST-0290,Beta Enterprises 290,North,Lucknow,SUP-045,Nova Trading 45,North,PROD-0061,Pallets Model 1,Packaging,Pallets,5,3751.45,5.63,17701.22,10833.52,6867.7,completed,Credit Card,Direct Sales,6,2.9
ORD-01174,2024-08-23,CUST-0281,Delta Corp 281,South,Bengaluru,SUP-005,Summit Solutions 5,North,PROD-0061,Pallets Model 1,Packaging,Pallets,2,4537.03,0.0,9074.06,5159.15,3914.91,completed,Net-30,Direct Sales,11,2.8
ORD-01175,2023-02-04,CUST-0048,Beta Enterprises 48,West,Surat,SUP-001,Summit Industries 1,South,PROD-0019,Sensors Model 3,Electronics,Sensors,2,4523.57,0.0,9047.14,5526.63,3520.51,completed,UPI,Direct Sales,4,3.8
ORD-01176,2023-06-11,CUST-0193,Foxtrot Enterprises 193,West,Ahmedabad,SUP-014,Zenith Solutions 14,Central,PROD-0024,Controllers Model 4,Electronics,Controllers,4,1213.48,0.0,4853.92,2675.38,2178.54,completed,Letter of Credit,Online,4,3.3
ORD-01177,2023-07-06,CUST-0069,Alpha Group 69,Central,Indore,SUP-029,Prime Solutions 29,Central,PROD-0046,Alloys Model 2,Raw Materials,Alloys,3,1435.93,0.64,4280.22,3065.39,1214.83,pending,Wire Transfer,Marketplace,,
ORD-01178,2025-11-18,CUST-0277,Alpha Corp 277,East,Guwahati,SUP-049,Apex Supplies 49,Central,PROD-0037,Polymers Model 1,Raw Materials,Polymers,4,3748.84,0.0,1499.54,8407.07,-181.87,cancelled,UPI,Direct Sales,,
ORD-01179,2023-07-01,CUST-0110,Gamma Pvt Ltd 110,North,Lucknow,SUP-005,Summit Solutions 5,North,PROD-0002,Pump Systems Model 2,Industrial Equipment,Pump Systems,3,785.36,0.0,2356.08,1583.86,772.22,pending,Letter of Credit,Online,,
ORD-01180,2024-02-17,CUST-0293,Foxtrot Ltd 293,West,Pune,SUP-023,Prime Industries 23,West,PROD-0080,Cold Chain Model 4,Logistics Services,Cold Chain,3,2018.82,21.87,4731.91,5195.78,-463.87,completed,Wire Transfer,Partner,1,5.0
ORD-01181,2023-05-16,CUST-0118,Echo Pvt Ltd 118,West,Ahmedabad,SUP-023,Prime Industries 23,West,PROD-0066,Freight Model 2,Logistics Services,Freight,2,1143.27,0.0,2286.54,1212.26,1074.28,completed,Wire Transfer,Online,9,4.1
ORD-01182,2023-01-07,CUST-0184,Echo Enterprises 184,Central,Nagpur,SUP-001,Summit Industries 1,South,PROD-0027,Cables Model 3,Electronics,Cables,1,2412.31,6.19,2262.99,1594.54,668.45,completed,Credit Card,Online,3,4.0
ORD-01183,2025-10-09,CUST-0130,Alpha Ltd 130,North,Jaipur,SUP-005,Summit Solutions 5,North,PROD-0003,Pump Systems Model 3,Industrial Equipment,Pump Systems,1,5123.6,0.0,5123.6,3217.81,1905.79,pending,Wire Transfer,Marketplace,,
ORD-01184,2025-05-20,CUST-0298,Alpha Enterprises 298,West,Ahmedabad,SUP-050,Orbit Trading 50,North,PROD-0074,Last Mile Model 2,Logistics Services,Last Mile,2,4047.41,10.6,723.68,5015.42,-279.4,cancelled,UPI,Partner,,
ORD-01185,2025-07-01,CUST-0199,Delta Group 199,Central,Bhopal,SUP-004,Nova Industries 4,Central,PROD-0003,Pump Systems Model 3,Industrial Equipment,Pump Systems,3,4664.61,1.45,13790.92,8884.81,4906.11,pending,Credit Card,Online,,
ORD-01186,2023-02-07,CUST-0268,Delta Corp 268,West,Mumbai,SUP-021,Apex Trading 21,South,PROD-0012,Compressors Model 4,Industrial Equipment,Compressors,5,2359.89,1.52,0.0,7154.68,-1430.94,cancelled,Wire Transfer,Partner,,
ORD-01187,2024-07-13,CUST-0007,Foxtrot Pvt Ltd 7,East,Patna,SUP-017,Prime Trading 17,East,PROD-0042,Chemicals Model 2,Raw Materials,Chemicals,1,2834.47,5.57,2676.59,2218.69,457.9,completed,Credit Card,Online,9,3.5
ORD-01188,2025-03-11,CUST-0030,Alpha Corp 30,North,Chandigarh,SUP-025,Orbit Industries 25,North,PROD-0003,Pump Systems Model 3,Industrial Equipment,Pump Systems,1,4632.44,6.94,4310.95,2912.5,1398.45,completed,Credit Card,Marketplace,9,4.8
ORD-01189,2025-07-19,CUST-0135,Foxtrot Enterprises 135,North,Chandigarh,SUP-058,Zenith Solutions 58,West,PROD-0018,Sensors Model 2,Electronics,Sensors,4,2620.04,0.0,10480.16,7333.89,3146.27,completed,Credit Card,Direct Sales,9,4.2
ORD-01190,2025-03-25,CUST-0283,Delta Enterprises 283,West,Ahmedabad,SUP-007,Zenith Industries 7,East,PROD-0071,Warehousing Model 3,Logistics Services,Warehousing,8,2368.54,0.57,18840.31,11626.96,7213.35,completed,Wire Transfer,Direct Sales,7,4.2
ORD-01191,2023-12-26,CUST-0029,Alpha Corp 29,Central,Indore,SUP-034,Zenith Trading 34,Central,PROD-0004,Pump Systems Model 4,Industrial Equipment,Pump Systems,1,3585.32,0.0,3585.32,2545.26,1040.06,completed,UPI,Online,8,5.0
ORD-01192,2024-06-13,CUST-0180,Foxtrot Pvt Ltd 180,North,Lucknow,SUP-005,Summit Solutions 5,North,PROD-0034,Steel Model 2,Raw Materials,Steel,6,1483.09,0.0,8898.54,7708.94,1189.6,pending,Net-30,Marketplace,,
ORD-01193,2023-02-21,CUST-0024,Foxtrot Pvt Ltd 24,Central,Raipur,SUP-020,Apex Manufacturing 20,North,PROD-0023,Controllers Model 3,Electronics,Controllers,11,2227.0,0.0,24497.0,15160.1,9336.9,completed,Net-30,Marketplace,8,4.3
ORD-01194,2023-12-01,CUST-0105,Gamma Pvt Ltd 105,North,Delhi,SUP-020,Apex Manufacturing 20,North,PROD-0063,Pallets Model 3,Packaging,Pallets,1,3514.31,17.0,2916.88,2650.9,265.98,completed,Wire Transfer,Marketplace,11,3.7
ORD-01195,2024-07-19,CUST-0094,Echo Enterprises 94,Central,Nagpur,SUP-004,Nova Industries 4,Central,PROD-0066,Freight Model 2,Logistics Services,Freight,20,1203.62,13.91,20723.93,13898.21,6825.72,completed,UPI,Marketplace,14,3.9
ORD-01196,2025-01-10,CUST-0280,Alpha Ltd 280,North,Lucknow,SUP-025,Orbit Industries 25,North,PROD-0080,Cold Chain Model 4,Logistics Services,Cold Chain,2,2205.97,0.0,4411.94,3737.26,674.68,completed,Letter of Credit,Partner,10,4.2
ORD-01197,2023-11-05,CUST-0257,Alpha Corp 257,East,Patna,SUP-022,Prime Solutions 22,East,PROD-0019,Sensors Model 3,Electronics,Sensors,6,3880.84,13.1,20234.7,14620.4,5614.3,completed,Net-30,Partner,11,4.7
ORD-01198,2025-10-06,CUST-0084,Alpha Corp 84,Central,Nagpur,SUP-049,Apex Supplies 49,Central,PROD-0023,Controllers Model 3,Electronics,Controllers,2,2576.67,0.0,5153.34,3098.25,2055.09,completed,Wire Transfer,Marketplace,7,3.2
ORD-01199,2025-12-17,CUST-0128,Foxtrot Ltd 128,West,Surat,SUP-053,Nova Trading 53,West,PROD-0055,Films Model 3,Packaging,Films,2,3920.35,21.61,6146.32,5223.57,922.75,completed,Credit Card,Marketplace,3,4.0
ORD-01200,2024-01-17,CUST-0208,Delta Corp 208,West,Surat,SUP-003,Nova Supplies 3,West,PROD-0045,Alloys Model 1,Raw Materials,Alloys,7,4291.32,0.0,30039.24,21412.77,8626.47,completed,Credit Card,Partner,7,4.3
ORD-01201,2025-07-03,CUST-0271,Foxtrot Group 271,South,Bengaluru,SUP-016,Nova Manufacturing 16,South,PROD-0064,Pallets Model 4,Packaging,Pallets,8,3375.87,2.0,26466.82,20875.15,5591.67,completed,Credit Card,Online,3,3.8
ORD-01202,2025-08-13,CUST-0046,Alpha Ltd 46,South,Bengaluru,SUP-003,Nova Supplies 3,West,PROD-0002,Pump Systems Model 2,Industrial Equipment,Pump Systems,6,885.37,0.0,5312.22,3522.73,1789.49,completed,Credit Card,Marketplace,7,
ORD-01203,2025-12-08,CUST-0080,Foxtrot Pvt Ltd 80,North,Chandigarh,SUP-023,Prime Industries 23,West,PROD-0079,Cold Chain Model 3,Logistics Services,Cold Chain,1,524.62,0.0,524.62,364.34,160.28,completed,Credit Card,Online,5,
ORD-01204,2025-06-27,CUST-0106,Foxtrot Group 106,South,Kochi,SUP-022,Prime Solutions 22,East,PROD-0029,Power Supplies Model 1,Electronics,Power Supplies,3,1947.46,0.0,5842.38,3672.88,2169.5,completed,UPI,Online,6,4.1
ORD-01205,2025-02-25,CUST-0117,Foxtrot Corp 117,East,Patna,SUP-032,Prime Industries 32,East,PROD-0014,CNC Parts Model 2,Industrial Equipment,CNC Parts,1,2569.64,6.35,2406.47,2022.17,384.3,completed,Wire Transfer,Marketplace,6,4.9
ORD-01206,2025-01-20,CUST-0174,Gamma Ltd 174,Central,Indore,SUP-003,Nova Supplies 3,West,PROD-0058,Labels Model 2,Packaging,Labels,3,4849.33,6.09,13662.02,11356.09,2305.93,completed,Credit Card,Online,7,3.3
ORD-01207,2023-09-06,CUST-0087,Echo Corp 87,East,Guwahati,SUP-043,Zenith Trading 43,West,PROD-0038,Polymers Model 2,Raw Materials,Polymers,5,3415.12,0.0,17075.6,11533.03,5542.57,completed,Letter of Credit,Marketplace,6,4.2
ORD-01208,2025-01-16,CUST-0283,Delta Enterprises 283,West,Ahmedabad,SUP-038,Summit Trading 38,West,PROD-0034,Steel Model 2,Raw Materials,Steel,14,1494.96,0.49,20826.89,18268.82,2558.07,completed,Credit Card,Partner,4,2.5
ORD-01209,2025-01-15,CUST-0029,Alpha Corp 29,Central,Indore,SUP-054,Nova Supplies 54,Central,PROD-0053,Films Model 1,Packaging,Films,7,1191.26,0.0,8338.82,6461.64,1877.18,completed,Letter of Credit,Partner,13,4.6
ORD-01210,2023-05-16,CUST-0081,Foxtrot Pvt Ltd 81,South,Chennai,SUP-016,Nova Manufacturing 16,South,PROD-0015,CNC Parts Model 3,Industrial Equipment,CNC Parts,3,4224.58,0.0,12673.74,6997.39,5676.35,pending,Wire Transfer,Online,,
ORD-01211,2025-03-05,CUST-0006,Foxtrot Corp 6,South,Bengaluru,SUP-006,Apex Solutions 6,South,PROD-0055,Films Model 3,Packaging,Films,9,4044.82,0.0,36403.38,24229.33,12174.05,pending,Net-30,Marketplace,,
ORD-01212,2025-10-18,CUST-0126,Delta Enterprises 126,South,Hyderabad,SUP-046,Apex Supplies 46,South,PROD-0043,Chemicals Model 3,Raw Materials,Chemicals,2,3259.58,1.76,6404.42,4765.6,1638.82,completed,Letter of Credit,Marketplace,2,4.7
ORD-01213,2024-11-05,CUST-0063,Foxtrot Group 63,West,Surat,SUP-018,Nova Supplies 18,West,PROD-0071,Warehousing Model 3,Logistics Services,Warehousing,1,2311.42,1.81,2269.58,1423.98,845.6,completed,Letter of Credit,Marketplace,7,3.7
ORD-01214,2025-01-27,CUST-0260,Beta Enterprises 260,North,Delhi,SUP-030,Nova Industries 30,North,PROD-0034,Steel Model 2,Raw Materials,Steel,3,1637.72,6.57,4590.37,4116.8,473.57,completed,Wire Transfer,Online,7,3.4
ORD-01215,2024-04-15,CUST-0184,Echo Enterprises 184,Central,Nagpur,SUP-009,Nova Supplies 9,Central,PROD-0004,Pump Systems Model 4,Industrial Equipment,Pump Systems,3,3831.57,0.0,11494.71,8546.46,2948.25,completed,UPI,Partner,2,4.2
ORD-01216,2024-10-26,CUST-0158,Echo Enterprises 158,West,Mumbai,SUP-034,Zenith Trading 34,Central,PROD-0003,Pump Systems Model 3,Industrial Equipment,Pump Systems,1,5358.18,0.0,5358.18,3492.36,1865.82,completed,Wire Transfer,Direct Sales,5,3.1
ORD-01217,2025-07-01,CUST-0171,Gamma Enterprises 171,South,Hyderabad,SUP-031,Apex Supplies 31,South,PROD-0068,Freight Model 4,Logistics Services,Freight,1,4466.3,12.86,3891.93,2652.89,1239.04,completed,UPI,Online,5,3.5
ORD-01218,2025-08-31,CUST-0106,Foxtrot Group 106,South,Kochi,SUP-014,Zenith Solutions 14,Central,PROD-0071,Warehousing Model 3,Logistics Services,Warehousing,2,2049.38,20.86,3243.76,2427.15,816.61,completed,Credit Card,Partner,4,3.7
ORD-01219,2024-06-15,CUST-0265,Beta Pvt Ltd 265,North,Delhi,SUP-034,Zenith Trading 34,Central,PROD-0051,Corrugated Model 3,Packaging,Corrugated,4,5215.9,0.0,20863.6,15208.14,5655.46,pending,Credit Card,Partner,,
ORD-01220,2024-06-11,CUST-0014,Echo Pvt Ltd 14,Central,Indore,SUP-054,Nova Supplies 54,Central,PROD-0078,Cold Chain Model 2,Logistics Services,Cold Chain,1,818.58,11.19,726.98,549.31,177.67,completed,Net-30,Marketplace,7,3.5
ORD-01221,2023-02-26,CUST-0231,Alpha Group 231,South,Kochi,SUP-036,Nova Trading 36,South,PROD-0065,Freight Model 1,Logistics Services,Freight,10,4632.7,13.7,39980.2,27219.61,12760.59,pending,Wire Transfer,Partner,,
ORD-01222,2023-10-29,CUST-0076,Foxtrot Corp 76,South,Hyderabad,SUP-031,Apex Supplies 31,South,PROD-0027,Cables Model 3,Electronics,Cables,1,2267.56,1.41,2235.59,1434.13,801.46,completed,UPI,Partner,5,
ORD-01223,2023-08-22,CUST-0251,Beta Pvt Ltd 251,South,Bengaluru,SUP-006,Apex Solutions 6,South,PROD-0063,Pallets Model 3,Packaging,Pallets,2,3291.36,0.0,6582.72,4969.62,1613.1,completed,Letter of Credit,Direct Sales,5,5.0
ORD-01224,2023-01-29,CUST-0017,Beta Group 17,East,Kolkata,SUP-007,Zenith Industries 7,East,PROD-0055,Films Model 3,Packaging,Films,5,4212.24,0.0,21061.2,14402.98,6658.22,pending,Credit Card,Partner,,
ORD-01225,2024-03-18,CUST-0095,Beta Ltd 95,North,Chandigarh,SUP-018,Nova Supplies 18,West,PROD-0064,Pallets Model 4,Packaging,Pallets,1,2667.81,16.77,2220.42,2180.66,39.76,completed,UPI,Online,7,3.8
ORD-01226,2023-08-20,CUST-0176,Beta Ltd 176,South,Bengaluru,SUP-003,Nova Supplies 3,West,PROD-0038,Polymers Model 2,Raw Materials,Polymers,1,3383.68,5.75,3189.12,2299.94,889.18,pending,UPI,Direct Sales,,
ORD-01227,2023-05-05,CUST-0289,Echo Group 289,Central,Nagpur,SUP-039,Summit Industries 39,Central,PROD-0056,Films Model 4,Packaging,Films,1,673.02,0.0,673.02,554.7,118.32,completed,Letter of Credit,Partner,8,4.6
ORD-01228,2023-06-28,CUST-0056,Echo Group 56,South,Kochi,SUP-015,Prime Industries 15,North,PROD-0078,Cold Chain Model 2,Logistics Services,Cold Chain,1,935.35,0.0,935.35,633.44,301.91,completed,Wire Transfer,Partner,9,4.9
ORD-01229,2023-12-07,CUST-0025,Echo Enterprises 25,North,Lucknow,SUP-050,Orbit Trading 50,North,PROD-0055,Films Model 3,Packaging,Films,1,3763.99,11.65,3325.49,2441.29,884.2,completed,Letter of Credit,Marketplace,4,3.9
ORD-01230,2023-02-14,CUST-0136,Delta Ltd 136,South,Kochi,SUP-041,Orbit Supplies 41,South,PROD-0076,Last Mile Model 4,Logistics Services,Last Mile,3,3636.59,16.99,9056.2,9327.11,-270.91,completed,Credit Card,Direct Sales,8,4.9
ORD-01231,2023-03-12,CUST-0024,Foxtrot Pvt Ltd 24,Central,Raipur,SUP-009,Nova Supplies 9,Central,PROD-0048,Alloys Model 4,Raw Materials,Alloys,6,547.49,0.0,3284.94,2051.29,1233.65,completed,Wire Transfer,Direct Sales,5,3.9
ORD-01232,2024-04-08,CUST-0106,Foxtrot Group 106,South,Kochi,SUP-011,Apex Solutions 11,South,PROD-0032,Power Supplies Model 4,Electronics,Power Supplies,1,1203.17,0.0,1203.17,829.93,373.24,completed,Credit Card,Direct Sales,9,4.1
ORD-01233,2023-11-29,CUST-0208,Delta Corp 208,West,Surat,SUP-043,Zenith Trading 43,West,PROD-0072,Warehousing Model 4,Logistics Services,Warehousing,4,4489.76,0.0,17959.04,11163.43,6795.61,completed,Letter of Credit,Marketplace,6,4.6
ORD-01234,2024-07-07,CUST-0068,Delta Group 68,West,Mumbai,SUP-043,Zenith Trading 43,West,PROD-0004,Pump Systems Model 4,Industrial Equipment,Pump Systems,4,4000.57,1.66,15736.64,12265.02,3471.62,completed,Net-30,Marketplace,12,
ORD-01235,2023-05-15,CUST-0161,Delta Ltd 161,South,Chennai,SUP-040,Orbit Supplies 40,North,PROD-0077,Cold Chain Model 1,Logistics Services,Cold Chain,2,2156.44,0.0,4312.88,3258.45,1054.43,pending,Credit Card,Marketplace,,
ORD-01236,2024-01-06,CUST-0094,Echo Enterprises 94,Central,Nagpur,SUP-024,Summit Manufacturing 24,Central,PROD-0012,Compressors Model 4,Industrial Equipment,Compressors,1,2320.23,0.0,2320.23,1356.21,964.02,pending,UPI,Marketplace,,
ORD-01237,2024-10-14,CUST-0039,Alpha Enterprises 39,Central,Indore,SUP-007,Zenith Industries 7,East,PROD-0062,Pallets Model 2,Packaging,Pallets,1,3074.15,0.0,3074.15,2062.53,1011.62,completed,UPI,Partner,10,5.0
ORD-01238,2024-07-04,CUST-0197,Gamma Ltd 197,East,Patna,SUP-012,Nova Solutions 12,East,PROD-0004,Pump Systems Model 4,Industrial Equipment,Pump Systems,2,3797.6,1.32,7494.94,5872.7,1622.24,pending,Net-30,Direct Sales,,
ORD-01239,2023-10-13,CUST-0139,Foxtrot Group 139,Central,Bhopal,SUP-014,Zenith Solutions 14,Central,PROD-0014,CNC Parts Model 2,Industrial Equipment,CNC Parts,2,2207.95,0.54,4392.05,3421.73,970.32,completed,Credit Card,Marketplace,10,4.7
ORD-01240,2023-11-11,CUST-0249,Foxtrot Ltd 249,Central,Bhopal,SUP-030,Nova Industries 30,North,PROD-0018,Sensors Model 2,Electronics,Sensors,1,2662.1,0.0,2662.1,1985.1,677.0,completed,Net-30,Partner,10,3.9
ORD-01241,2024-03-03,CUST-0277,Alpha Corp 277,East,Guwahati,SUP-038,Summit Trading 38,West,PROD-0024,Controllers Model 4,Electronics,Controllers,7,1196.1,0.0,0.0,4574.07,-914.81,cancelled,Wire Transfer,Direct Sales,,
ORD-01242,2025-06-06,CUST-0286,Alpha Pvt Ltd 286,South,Chennai,SUP-006,Apex Solutions 6,South,PROD-0046,Alloys Model 2,Raw Materials,Alloys,4,1555.65,0.0,6222.6,4315.62,1906.98,completed,Letter of Credit,Partner,6,5.0
ORD-01243,2023-12-19,CUST-0270,Delta Group 270,North,Delhi,SUP-060,Nova Supplies 60,North,PROD-0070,Warehousing Model 2,Logistics Services,Warehousing,9,4593.85,0.0,41344.65,25520.87,15823.78,completed,Wire Transfer,Direct Sales,10,4.2
ORD-01244,2023-01-18,CUST-0186,Echo Ltd 186,South,Bengaluru,SUP-016,Nova Manufacturing 16,South,PROD-0041,Chemicals Model 1,Raw Materials,Chemicals,1,1790.31,0.0,179.03,1283.16,-77.6,cancelled,Credit Card,Direct Sales,,
ORD-01245,2023-01-27,CUST-0181,Beta Group 181,South,Hyderabad,SUP-043,Zenith Trading 43,West,PROD-0052,Corrugated Model 4,Packaging,Corrugated,2,4330.26,0.0,8660.52,7184.54,1475.98,completed,Wire Transfer,Partner,13,5.0
ORD-01246,2025-04-19,CUST-0045,Alpha Group 45,North,Delhi,SUP-050,Orbit Trading 50,North,PROD-0023,Controllers Model 3,Electronics,Controllers,5,2198.7,0.0,10993.5,6567.22,4426.28,pending,UPI,Online,,
ORD-01247,2023-02-08,CUST-0135,Foxtrot Enterprises 135,North,Chandigarh,SUP-058,Zenith Solutions 58,West,PROD-0044,Chemicals Model 4,Raw Materials,Chemicals,2,3849.88,0.0,7699.76,5769.67,1930.09,completed,Credit Card,Direct Sales,6,
ORD-01248,2023-04-06,CUST-0126,Delta Enterprises 126,South,Hyderabad,SUP-016,Nova Manufacturing 16,South,PROD-0069,Warehousing Model 1,Logistics Services,Warehousing,1,402.51,5.76,379.33,305.01,74.32,pending,UPI,Online,,
ORD-01249,2023-04-23,CUST-0271,Foxtrot Group 271,South,Bengaluru,SUP-036,Nova Trading 36,South,PROD-0005,Conveyors Model 1,Industrial Equipment,Conveyors,2,4824.55,0.0,9649.1,8031.6,1617.5,completed,Net-30,Direct Sales,3,4.2
ORD-01250,2023-10-28,CUST-0270,Delta Group 270,North,Delhi,SUP-023,Prime Industries 23,West,PROD-0002,Pump Systems Model 2,Industrial Equipment,Pump Systems,3,767.98,0.89,2283.43,1579.83,703.6,completed,Wire Transfer,Marketplace,9,3.3
ORD-01251,2024-02-07,CUST-0059,Foxtrot Ltd 59,Central,Indore,SUP-049,Apex Supplies 49,Central,PROD-0034,Steel Model 2,Raw Materials,Steel,5,1464.55,0.0,7322.75,5938.92,1383.83,completed,UPI,Partner,3,4.3
ORD-01252,2023-05-23,CUST-0245,Gamma Pvt Ltd 245,North,Chandigarh,SUP-058,Zenith Solutions 58,West,PROD-0005,Conveyors Model 1,Industrial Equipment,Conveyors,6,4107.33,1.64,24239.82,20610.23,3629.59,completed,Letter of Credit,Marketplace,1,4.3
ORD-01253,2024-09-22,CUST-0011,Foxtrot Pvt Ltd 11,South,Bengaluru,SUP-054,Nova Supplies 54,Central,PROD-0064,Pallets Model 4,Packaging,Pallets,4,2869.82,0.57,11413.85,8889.01,2524.84,pending,Net-30,Partner,,
ORD-01254,2024-06-07,CUST-0040,Alpha Ltd 40,North,Jaipur,SUP-011,Apex Solutions 11,South,PROD-0029,Power Supplies Model 1,Electronics,Power Supplies,1,2363.28,0.0,2363.28,1460.68,902.6,completed,Net-30,Partner,2,
ORD-01255,2024-06-29,CUST-0275,Beta Pvt Ltd 275,North,Delhi,SUP-020,Apex Manufacturing 20,North,PROD-0049,Corrugated Model 1,Packaging,Corrugated,6,3907.36,15.35,19845.48,14151.82,5693.66,completed,Letter of Credit,Partner,7,4.1
ORD-01256,2023-02-02,CUST-0117,Foxtrot Corp 117,East,Patna,SUP-027,Orbit Trading 27,East,PROD-0041,Chemicals Model 1,Raw Materials,Chemicals,5,1655.57,0.0,8277.85,5970.89,2306.96,completed,UPI,Online,7,3.9
ORD-01257,2024-06-20,CUST-0135,Foxtrot Enterprises 135,North,Chandigarh,SUP-004,Nova Industries 4,Central,PROD-0040,Polymers Model 4,Raw Materials,Polymers,14,4341.77,16.01,51053.14,46310.85,4742.29,completed,UPI,Online,6,4.9
ORD-01258,2024-04-23,CUST-0278,Foxtrot Ltd 278,West,Pune,SUP-054,Nova Supplies 54,Central,PROD-0045,Alloys Model 1,Raw Materials,Alloys,1,4597.99,0.0,4597.99,3382.04,1215.95,completed,Credit Card,Partner,1,5.0
ORD-01259,2025-08-31,CUST-0153,Foxtrot Ltd 153,West,Surat,SUP-006,Apex Solutions 6,South,PROD-0067,Freight Model 3,Logistics Services,Freight,22,4616.49,0.0,101562.78,70405.0,31157.78,completed,Credit Card,Partner,8,3.9
ORD-01260,2024-06-30,CUST-0172,Delta Pvt Ltd 172,East,Patna,SUP-037,Prime Supplies 37,East,PROD-0072,Warehousing Model 4,Logistics Services,Warehousing,1,4767.61,0.46,4745.68,2980.46,1765.22,completed,Credit Card,Marketplace,10,3.6
ORD-01261,2023-10-05,CUST-0248,Delta Corp 248,West,Pune,SUP-043,Zenith Trading 43,West,PROD-0028,Cables Model 4,Electronics,Cables,8,3248.01,0.0,25984.08,19364.41,6619.67,completed,UPI,Partner,7,4.5
ORD-01262,2023-04-06,CUST-0042,Beta Enterprises 42,East,Guwahati,SUP-050,Orbit Trading 50,North,PROD-0066,Freight Model 2,Logistics Services,Freight,3,1186.02,0.0,3558.06,1949.82,1608.24,completed,Wire Transfer,Partner,3,4.9
ORD-01263,2023-10-12,CUST-0087,Echo Corp 87,East,Guwahati,SUP-045,Nova Trading 45,North,PROD-0080,Cold Chain Model 4,Logistics Services,Cold Chain,13,2299.88,0.0,29898.44,25156.2,4742.24,completed,Letter of Credit,Marketplace,9,
ORD-01264,2023-11-30,CUST-0040,Alpha Ltd 40,North,Jaipur,SUP-035,Zenith Trading 35,North,PROD-0057,Labels Model 1,Packaging,Labels,2,828.69,0.0,1657.38,1378.5,278.88,completed,Credit Card,Marketplace,1,3.3
ORD-01265,2023-11-24,CUST-0099,Beta Corp 99,Central,Nagpur,SUP-038,Summit Trading 38,West,PROD-0075,Last Mile Model 3,Logistics Services,Last Mile,7,2419.33,0.0,16935.31,12805.67,4129.64,completed,Net-30,Direct Sales,3,4.2
ORD-01266,2024-04-25,CUST-0120,Echo Ltd 120,North,Jaipur,SUP-040,Orbit Supplies 40,North,PROD-0001,Pump Systems Model 1,Industrial Equipment,Pump Systems,1,2188.95,5.32,2072.5,1585.91,486.59,pending,Credit Card,Direct Sales,,
ORD-01267,2025-02-18,CUST-0168,Delta Ltd 168,West,Pune,SUP-053,Nova Trading 53,West,PROD-0077,Cold Chain Model 1,Logistics Services,Cold Chain,1,2323.92,0.0,0.0,1781.02,-356.2,cancelled,Letter of Credit,Direct Sales,,
ORD-01268,2024-07-10,CUST-0033,Echo Ltd 33,West,Pune,SUP-053,Nova Trading 53,West,PROD-0069,Warehousing Model 1,Logistics Services,Warehousing,1,417.02,0.0,417.02,347.68,69.34,completed,Net-30,Direct Sales,7,5.0
ORD-01269,2025-02-10,CUST-0028,Echo Ltd 28,West,Pune,SUP-051,Nova Manufacturing 51,South,PROD-0010,Compressors Model 2,Industrial Equipment,Compressors,4,3230.97,0.0,12923.88,10150.75,2773.13,completed,Credit Card,Partner,9,3.9
ORD-01270,2025-11-12,CUST-0271,Foxtrot Group 271,South,Bengaluru,SUP-001,Summit Industries 1,South,PROD-0014,CNC Parts Model 2,Industrial Equipment,CNC Parts,4,2455.33,0.0,9821.32,7564.31,2257.01,completed,Credit Card,Online,7,4.1
ORD-01271,2023-05-15,CUST-0244,Gamma Corp 244,Central,Raipur,SUP-049,Apex Supplies 49,Central,PROD-0020,Sensors Model 4,Electronics,Sensors,4,493.78,21.26,1555.21,1527.24,27.97,completed,Letter of Credit,Marketplace,4,4.3
ORD-01272,2025-11-23,CUST-0282,Delta Pvt Ltd 282,East,Bhubaneswar,SUP-022,Prime Solutions 22,East,PROD-0039,Polymers Model 3,Raw Materials,Polymers,3,4107.17,0.0,12321.51,7801.55,4519.96,completed,Letter of Credit,Direct Sales,3,4.1
ORD-01273,2025-08-25,CUST-0240,Foxtrot Corp 240,North,Jaipur,SUP-006,Apex Solutions 6,South,PROD-0010,Compressors Model 2,Industrial Equipment,Compressors,3,3326.88,13.72,8611.3,7975.88,635.42,completed,Letter of Credit,Direct Sales,5,4.3
ORD-01274,2025-02-20,CUST-0009,Delta Corp 9,Central,Bhopal,SUP-009,Nova Supplies 9,Central,PROD-0059,Labels Model 3,Packaging,Labels,9,5628.79,5.56,47842.46,41364.0,6478.46,completed,Letter of Credit,Marketplace,5,3.8
ORD-01275,2025-04-15,CUST-0004,Delta Group 4,Central,Raipur,SUP-004,Nova Industries 4,Central,PROD-0038,Polymers Model 2,Raw Materials,Polymers,6,2974.09,0.0,17844.54,12316.41,5528.13,completed,Wire Transfer,Direct Sales,3,3.6
ORD-01276,2024-05-26,CUST-0235,Echo Enterprises 235,North,Chandigarh,SUP-005,Summit Solutions 5,North,PROD-0024,Controllers Model 4,Electronics,Controllers,14,1315.54,0.0,18417.56,10389.51,8028.05,pending,Letter of Credit,Marketplace,,
ORD-01277,2025-05-20,CUST-0230,Alpha Enterprises 230,North,Delhi,SUP-025,Orbit Industries 25,North,PROD-0032,Power Supplies Model 4,Electronics,Power Supplies,1,1374.56,10.71,1227.34,1011.53,215.81,completed,UPI,Partner,6,5.0
ORD-01278,2025-07-14,CUST-0143,Delta Group 143,West,Ahmedabad,SUP-016,Nova Manufacturing 16,South,PROD-0052,Corrugated Model 4,Packaging,Corrugated,23,5141.93,0.0,118264.39,90907.83,27356.56,completed,UPI,Marketplace,9,4.1
ORD-01279,2025-04-15,CUST-0078,Foxtrot Group 78,West,Mumbai,SUP-009,Nova Supplies 9,Central,PROD-0030,Power Supplies Model 2,Electronics,Power Supplies,1,4301.57,0.0,4301.57,2746.27,1555.3,completed,Net-30,Marketplace,6,4.4
ORD-01280,2023-05-29,CUST-0090,Delta Ltd 90,North,Chandigarh,SUP-005,Summit Solutions 5,North,PROD-0033,Steel Model 1,Raw Materials,Steel,4,2725.79,0.02,10900.98,9167.02,1733.96,completed,UPI,Direct Sales,14,3.7
ORD-01281,2024-05-22,CUST-0097,Foxtrot Pvt Ltd 97,East,Bhubaneswar,SUP-025,Orbit Industries 25,North,PROD-0079,Cold Chain Model 3,Logistics Services,Cold Chain,4,609.68,0.0,2438.72,1776.01,662.71,pending,Wire Transfer,Partner,,
ORD-01282,2024-06-05,CUST-0284,Beta Enterprises 284,Central,Raipur,SUP-056,Orbit Trading 56,South,PROD-0052,Corrugated Model 4,Packaging,Corrugated,3,4629.98,12.02,12220.37,10679.8,1540.57,pending,Letter of Credit,Direct Sales,,
ORD-01283,2023-06-23,CUST-0026,Beta Ltd 26,South,Bengaluru,SUP-021,Apex Trading 21,South,PROD-0078,Cold Chain Model 2,Logistics Services,Cold Chain,1,856.27,0.0,856.27,605.02,251.25,completed,Credit Card,Online,7,
ORD-01284,2023-03-11,CUST-0149,Foxtrot Pvt Ltd 149,Central,Indore,SUP-054,Nova Supplies 54,Central,PROD-0060,Labels Model 4,Packaging,Labels,1,4382.54,6.48,4098.55,2937.95,1160.6,completed,Wire Transfer,Partner,10,3.3
ORD-01285,2024-11-01,CUST-0061,Echo Group 61,South,Chennai,SUP-041,Orbit Supplies 41,South,PROD-0074,Last Mile Model 2,Logistics Services,Last Mile,9,4034.57,0.0,36311.13,21309.06,15002.07,completed,Wire Transfer,Partner,8,3.5
ORD-01286,2023-07-29,CUST-0006,Foxtrot Corp 6,South,Bengaluru,SUP-056,Orbit Trading 56,South,PROD-0020,Sensors Model 4,Electronics,Sensors,3,488.47,16.99,1216.44,1180.27,36.17,completed,UPI,Direct Sales,5,3.7
ORD-01287,2025-07-07,CUST-0292,Delta Pvt Ltd 292,East,Guwahati,SUP-053,Nova Trading 53,West,PROD-0070,Warehousing Model 2,Logistics Services,Warehousing,2,5096.9,10.49,9124.47,6814.98,2309.49,completed,UPI,Partner,4,3.6
ORD-01288,2024-04-06,CUST-0246,Alpha Ltd 246,South,Kochi,SUP-051,Nova Manufacturing 51,South,PROD-0038,Polymers Model 2,Raw Materials,Polymers,7,3353.37,5.24,22243.57,15856.1,6387.47,completed,Letter of Credit,Partner,11,3.9
ORD-01289,2024-04-07,CUST-0208,Delta Corp 208,West,Surat,SUP-003,Nova Supplies 3,West,PROD-0064,Pallets Model 4,Packaging,Pallets,3,2703.14,0.0,8109.42,6363.81,1745.61,completed,Wire Transfer,Online,2,4.7
ORD-01290,2024-01-12,CUST-0076,Foxtrot Corp 76,South,Hyderabad,SUP-054,Nova Supplies 54,Central,PROD-0080,Cold Chain Model 4,Logistics Services,Cold Chain,12,1899.89,15.39,0.0,18970.39,-3794.08,cancelled,Net-30,Partner,,
ORD-01291,2023-05-15,CUST-0141,Alpha Enterprises 141,South,Chennai,SUP-019,Prime Industries 19,Central,PROD-0071,Warehousing Model 3,Logistics Services,Warehousing,2,2360.37,1.55,4647.57,2742.73,1904.84,pending,Credit Card,Marketplace,,
ORD-01292,2025-01-01,CUST-0212,Delta Group 212,East,Patna,SUP-047,Apex Trading 47,East,PROD-0010,Compressors Model 2,Industrial Equipment,Compressors,3,3586.04,0.0,10758.12,9139.21,1618.91,completed,Wire Transfer,Partner,10,4.7
ORD-01293,2024-10-19,CUST-0041,Beta Group 41,South,Chennai,SUP-031,Apex Supplies 31,South,PROD-0025,Cables Model 1,Electronics,Cables,3,3631.1,1.46,10734.26,9211.49,1522.77,completed,Letter of Credit,Marketplace,9,3.6
ORD-01294,2023-01-26,CUST-0188,Echo Corp 188,West,Mumbai,SUP-053,Nova Trading 53,West,PROD-0015,CNC Parts Model 3,Industrial Equipment,CNC Parts,1,4604.24,1.18,4549.91,2697.68,1852.23,completed,Letter of Credit,Partner,6,3.5
ORD-01295,2025-02-22,CUST-0010,Echo Ltd 10,North,Jaipur,SUP-016,Nova Manufacturing 16,South,PROD-0078,Cold Chain Model 2,Logistics Services,Cold Chain,4,749.99,0.0,2999.96,2059.99,939.97,completed,Credit Card,Direct Sales,5,4.4
ORD-01296,2025-12-29,CUST-0264,Gamma Pvt Ltd 264,Central,Raipur,SUP-044,Summit Solutions 44,Central,PROD-0071,Warehousing Model 3,Logistics Services,Warehousing,4,2367.27,0.0,9469.08,5694.78,3774.3,completed,Letter of Credit,Partner,5,4.0
ORD-01297,2024-02-14,CUST-0047,Delta Enterprises 47,East,Bhubaneswar,SUP-025,Orbit Industries 25,North,PROD-0037,Polymers Model 1,Raw Materials,Polymers,2,4172.26,0.0,0.0,4638.06,-927.61,cancelled,Credit Card,Direct Sales,,
ORD-01298,2023-03-29,CUST-0240,Foxtrot Corp 240,North,Jaipur,SUP-005,Summit Solutions 5,North,PROD-0065,Freight Model 1,Logistics Services,Freight,9,4828.62,0.0,43457.58,25462.01,17995.57,pending,Letter of Credit,Direct Sales,,
ORD-01299,2024-07-31,CUST-0022,Beta Group 22,East,Guwahati,SUP-046,Apex Supplies 46,South,PROD-0016,CNC Parts Model 4,Industrial Equipment,CNC Parts,4,4429.01,0.0,17716.04,11449.05,6266.99,pending,Wire Transfer,Online,,
ORD-01300,2024-05-08,CUST-0048,Beta Enterprises 48,West,Surat,SUP-013,Zenith Supplies 13,West,PROD-0050,Corrugated Model 2,Packaging,Corrugated,1,682.3,0.69,677.59,500.26,177.33,completed,UPI,Online,7,4.4
ORD-01301,2023-04-27,CUST-0152,Beta Ltd 152,East,Bhubaneswar,SUP-052,Zenith Manufacturing 52,East,PROD-0021,Controllers Model 1,Electronics,Controllers,1,3089.01,16.45,2580.87,2010.28,570.59,completed,Wire Transfer,Direct Sales,9,3.3
ORD-01302,2025-05-12,CUST-0041,Beta Group 41,South,Chennai,SUP-006,Apex Solutions 6,South,PROD-0038,Polymers Model 2,Raw Materials,Polymers,28,3183.16,0.0,89128.48,62779.53,26348.95,completed,UPI,Direct Sales,9,3.5
ORD-01303,2023-02-03,CUST-0209,Gamma Ltd 209,Central,Indore,SUP-029,Prime Solutions 29,Central,PROD-0074,Last Mile Model 2,Logistics Services,Last Mile,9,5081.82,12.15,40179.41,27109.98,13069.43,completed,UPI,Online,9,4.7
ORD-01304,2025-01-29,CUST-0111,Echo Group 111,South,Kochi,SUP-034,Zenith Trading 34,Central,PROD-0052,Corrugated Model 4,Packaging,Corrugated,1,4564.18,12.48,3994.57,3767.51,227.06,completed,Credit Card,Marketplace,11,4.4
ORD-01305,2023-10-05,CUST-0137,Foxtrot Corp 137,East,Bhubaneswar,SUP-040,Orbit Supplies 40,North,PROD-0070,Warehousing Model 2,Logistics Services,Warehousing,4,5221.03,6.28,19572.6,12902.13,6670.47,pending,Credit Card,Partner,,
ORD-01306,2025-03-14,CUST-0174,Gamma Ltd 174,Central,Indore,SUP-019,Prime Industries 19,Central,PROD-0059,Labels Model 3,Packaging,Labels,2,5142.63,1.15,10166.98,8921.79,1245.19,completed,Credit Card,Direct Sales,11,4.4
ORD-01307,2024-07-30,CUST-0238,Echo Corp 238,West,Mumbai,SUP-038,Summit Trading 38,West,PROD-0038,Polymers Model 2,Raw Materials,Polymers,1,3495.34,0.0,0.0,2354.63,-470.93,cancelled,Net-30,Partner,,
ORD-01308,2024-08-02,CUST-0116,Foxtrot Pvt Ltd 116,South,Bengaluru,SUP-006,Apex Solutions 6,South,PROD-0072,Warehousing Model 4,Logistics Services,Warehousing,4,4909.18,11.06,17464.9,12320.44,5144.46,completed,Wire Transfer,Partner,7,3.4
ORD-01309,2025-05-10,CUST-0077,Gamma Corp 77,East,Bhubaneswar,SUP-047,Apex Trading 47,East,PROD-0064,Pallets Model 4,Packaging,Pallets,2,2658.1,0.0,5316.2,4196.75,1119.45,completed,UPI,Online,8,3.6
ORD-01310,2023-05-26,CUST-0152,Beta Ltd 152,East,Bhubaneswar,SUP-052,Zenith Manufacturing 52,East,PROD-0020,Sensors Model 4,Electronics,Sensors,1,398.57,0.73,395.66,318.98,76.68,completed,UPI,Direct Sales,5,
ORD-01311,2024-05-17,CUST-0047,Delta Enterprises 47,East,Bhubaneswar,SUP-007,Zenith Industries 7,East,PROD-0041,Chemicals Model 1,Raw Materials,Chemicals,1,1871.17,0.51,1861.63,1327.59,534.04,completed,Credit Card,Marketplace,4,3.8
ORD-01312,2024-10-15,CUST-0136,Delta Ltd 136,South,Kochi,SUP-024,Summit Manufacturing 24,Central,PROD-0028,Cables Model 4,Electronics,Cables,4,3357.11,0.0,13428.44,10042.81,3385.63,completed,Credit Card,Marketplace,6,3.7
ORD-01313,2024-10-22,CUST-0223,Gamma Corp 223,West,Pune,SUP-060,Nova Supplies 60,North,PROD-0039,Polymers Model 3,Raw Materials,Polymers,7,4559.16,1.11,31559.87,19673.54,11886.33,completed,Letter of Credit,Marketplace,6,3.3
ORD-01314,2023-07-01,CUST-0203,Gamma Pvt Ltd 203,West,Ahmedabad,SUP-003,Nova Supplies 3,West,PROD-0048,Alloys Model 4,Raw Materials,Alloys,2,566.93,0.0,113.39,738.06,-34.22,cancelled,Letter of Credit,Partner,,
ORD-01315,2025-09-08,CUST-0126,Delta Enterprises 126,South,Hyderabad,SUP-052,Zenith Manufacturing 52,East,PROD-0013,CNC Parts Model 1,Industrial Equipment,CNC Parts,2,3041.25,0.0,6082.5,4761.67,1320.83,pending,Wire Transfer,Direct Sales,,
ORD-01316,2025-07-31,CUST-0108,Beta Group 108,West,Ahmedabad,SUP-033,Nova Industries 33,West,PROD-0038,Polymers Model 2,Raw Materials,Polymers,8,3328.72,0.0,26629.76,19424.0,7205.76,completed,Net-30,Direct Sales,2,5.0
ORD-01317,2024-01-09,CUST-0225,Foxtrot Enterprises 225,North,Chandigarh,SUP-020,Apex Manufacturing 20,North,PROD-0080,Cold Chain Model 4,Logistics Services,Cold Chain,1,2312.1,0.0,0.0,1844.1,-368.82,cancelled,Credit Card,Online,,
ORD-01318,2024-03-11,CUST-0129,Gamma Group 129,Central,Indore,SUP-001,Summit Industries 1,South,PROD-0009,Compressors Model 1,Industrial Equipment,Compressors,4,250.38,0.0,1001.52,559.58,441.94,completed,Letter of Credit,Direct Sales,10,
ORD-01319,2025-03-07,CUST-0005,Echo Pvt Ltd 5,North,Lucknow,SUP-031,Apex Supplies 31,South,PROD-0043,Chemicals Model 3,Raw Materials,Chemicals,2,4019.13,0.0,8038.26,5786.35,2251.91,completed,Letter of Credit,Online,13,4.7
ORD-01320,2025-08-15,CUST-0104,Gamma Pvt Ltd 104,Central,Raipur,SUP-019,Prime Industries 19,Central,PROD-0016,CNC Parts Model 4,Industrial Equipment,CNC Parts,1,4363.52,1.83,4283.67,2781.96,1501.71,completed,Letter of Credit,Online,5,
ORD-01321,2024-10-03,CUST-0204,Echo Corp 204,Central,Nagpur,SUP-024,Summit Manufacturing 24,Central,PROD-0062,Pallets Model 2,Packaging,Pallets,10,2575.69,5.76,24273.3,16857.53,7415.77,completed,Net-30,Online,8,4.8
ORD-01322,2025-05-26,CUST-0020,Foxtrot Enterprises 20,North,Chandigarh,SUP-051,Nova Manufacturing 51,South,PROD-0039,Polymers Model 3,Raw Materials,Polymers,1,5055.68,0.0,0.0,3297.83,-659.57,cancelled,UPI,Marketplace,,
ORD-01323,2025-04-06,CUST-0071,Gamma Corp 71,South,Chennai,SUP-001,Summit Industries 1,South,PROD-0056,Films Model 4,Packaging,Films,1,682.85,0.0,682.85,564.62,118.23,completed,Credit Card,Partner,10,3.3
ORD-01324,2024-07-22,CUST-0294,Beta Enterprises 294,Central,Raipur,SUP-029,Prime Solutions 29,Central,PROD-0077,Cold Chain Model 1,Logistics Services,Cold Chain,4,2189.86,16.5,7314.13,6997.45,316.68,completed,Letter of Credit,Marketplace,9,
ORD-01325,2025-05-03,CUST-0018,Alpha Enterprises 18,West,Mumbai,SUP-048,Zenith Trading 48,West,PROD-0041,Chemicals Model 1,Raw Materials,Chemicals,1,1882.44,0.0,1882.44,1354.07,528.37,completed,Wire Transfer,Direct Sales,7,3.4
ORD-01326,2023-06-02,CUST-0132,Alpha Corp 132,East,Bhubaneswar,SUP-007,Zenith Industries 7,East,PROD-0017,Sensors Model 1,Electronics,Sensors,1,2050.22,0.0,2050.22,1254.35,795.87,completed,Net-30,Partner,3,2.8
ORD-01327,2024-01-31,CUST-0117,Foxtrot Corp 117,East,Patna,SUP-002,Apex Trading 2,East,PROD-0010,Compressors Model 2,Industrial Equipment,Compressors,5,3411.53,0.0,17057.65,13619.88,3437.77,completed,Net-30,Marketplace,10,2.4
ORD-01328,2025-10-23,CUST-0154,Alpha Enterprises 154,Central,Bhopal,SUP-054,Nova Supplies 54,Central,PROD-0021,Controllers Model 1,Electronics,Controllers,2,3198.64,0.0,6397.28,4118.93,2278.35,completed,UPI,Marketplace,1,3.8
ORD-01329,2024-06-07,CUST-0030,Alpha Corp 30,North,Chandigarh,SUP-045,Nova Trading 45,North,PROD-0038,Polymers Model 2,Raw Materials,Polymers,2,3278.7,0.0,6557.4,4446.2,2111.2,completed,Letter of Credit,Partner,4,3.8
ORD-01330,2024-05-09,CUST-0201,Gamma Ltd 201,South,Kochi,SUP-051,Nova Manufacturing 51,South,PROD-0042,Chemicals Model 2,Raw Materials,Chemicals,2,3021.38,0.0,6042.76,4500.67,1542.09,pending,Credit Card,Marketplace,,
ORD-01331,2024-10-22,CUST-0079,Gamma Pvt Ltd 79,Central,Bhopal,SUP-009,Nova Supplies 9,Central,PROD-0007,Conveyors Model 3,Industrial Equipment,Conveyors,3,1512.62,12.26,3981.52,3334.92,646.6,completed,Letter of Credit,Marketplace,5,4.6
ORD-01332,2023-12-19,CUST-0143,Delta Group 143,West,Ahmedabad,SUP-053,Nova Trading 53,West,PROD-0067,Freight Model 3,Logistics Services,Freight,1,4381.0,0.0,4381.0,3021.47,1359.53,completed,Credit Card,Marketplace,6,
ORD-01333,2023-08-07,CUST-0269,Gamma Pvt Ltd 269,Central,Nagpur,SUP-044,Summit Solutions 44,Central,PROD-0054,Films Model 2,Packaging,Films,3,2607.62,12.77,6823.88,6043.72,780.16,completed,Net-30,Online,10,5.0
ORD-01334,2024-04-22,CUST-0263,Delta Pvt Ltd 263,West,Mumbai,SUP-038,Summit Trading 38,West,PROD-0038,Polymers Model 2,Raw Materials,Polymers,1,3442.44,0.0,3442.44,2290.1,1152.34,completed,Credit Card,Marketplace,9,3.0
ORD-01335,2023-12-22,CUST-0011,Foxtrot Pvt Ltd 11,South,Bengaluru,SUP-027,Orbit Trading 27,East,PROD-0025,Cables Model 1,Electronics,Cables,7,4573.96,6.03,30087.05,26032.94,4054.11,completed,Letter of Credit,Direct Sales,11,4.4
ORD-01336,2025-09-01,CUST-0016,Gamma Ltd 16,South,Hyderabad,SUP-050,Orbit Trading 50,North,PROD-0036,Steel Model 4,Raw Materials,Steel,1,2978.51,0.0,0.0,2235.96,-447.19,cancelled,Letter of Credit,Marketplace,,
ORD-01337,2023-03-28,CUST-0295,Gamma Enterprises 295,North,Delhi,SUP-009,Nova Supplies 9,Central,PROD-0035,Steel Model 3,Raw Materials,Steel,1,3481.42,0.0,3481.42,2157.17,1324.25,completed,UPI,Partner,4,4.2
ORD-01338,2023-04-03,CUST-0261,Gamma Ltd 261,South,Kochi,SUP-001,Summit Industries 1,South,PROD-0074,Last Mile Model 2,Logistics Services,Last Mile,3,4245.12,1.78,12508.67,7586.32,4922.35,completed,Letter of Credit,Partner,12,
ORD-01339,2023-02-05,CUST-0139,Foxtrot Group 139,Central,Bhopal,SUP-004,Nova Industries 4,Central,PROD-0030,Power Supplies Model 2,Electronics,Power Supplies,2,4842.88,20.56,7694.37,6107.75,1586.62,completed,Wire Transfer,Online,1,4.4
ORD-01340,2025-05-21,CUST-0289,Echo Group 289,Central,Nagpur,SUP-043,Zenith Trading 43,West,PROD-0059,Labels Model 3,Packaging,Labels,1,4854.86,1.31,4791.26,3902.22,889.04,completed,Wire Transfer,Direct Sales,6,1.9
ORD-01341,2025-05-10,CUST-0002,Beta Ltd 2,East,Kolkata,SUP-057,Summit Solutions 57,East,PROD-0017,Sensors Model 1,Electronics,Sensors,7,1962.62,21.61,10769.48,7973.73,2795.75,completed,UPI,Online,9,4.9
ORD-01342,2025-06-27,CUST-0185,Foxtrot Ltd 185,North,Lucknow,SUP-025,Orbit Industries 25,North,PROD-0080,Cold Chain Model 4,Logistics Services,Cold Chain,1,2297.19,20.42,1828.1,1986.24,-158.14,completed,Letter of Credit,Direct Sales,7,4.1
ORD-01343,2024-11-27,CUST-0045,Alpha Group 45,North,Delhi,SUP-045,Nova Trading 45,North,PROD-0012,Compressors Model 4,Industrial Equipment,Compressors,3,2406.4,0.0,7219.2,4319.04,2900.16,completed,Credit Card,Marketplace,4,3.8
ORD-01344,2023-11-07,CUST-0079,Gamma Pvt Ltd 79,Central,Bhopal,SUP-039,Summit Industries 39,Central,PROD-0019,Sensors Model 3,Electronics,Sensors,4,4196.13,0.0,16784.52,9610.25,7174.27,completed,Letter of Credit,Online,8,3.8
ORD-01345,2025-08-12,CUST-0019,Echo Ltd 19,Central,Indore,SUP-051,Nova Manufacturing 51,South,PROD-0055,Films Model 3,Packaging,Films,8,3790.44,0.0,30323.52,19862.37,10461.15,completed,Credit Card,Marketplace,10,4.0
ORD-01346,2023-03-23,CUST-0216,Alpha Ltd 216,South,Chennai,SUP-026,Zenith Industries 26,South,PROD-0026,Cables Model 2,Electronics,Cables,102,3811.42,0.0,388764.84,235132.43,153632.41,pending,UPI,Direct Sales,,
ORD-01347,2025-03-10,CUST-0237,Gamma Group 237,East,Guwahati,SUP-027,Orbit Trading 27,East,PROD-0075,Last Mile Model 3,Logistics Services,Last Mile,1,2386.11,21.98,1861.64,1839.29,22.35,completed,Net-30,Marketplace,9,5.0
ORD-01348,2024-01-05,CUST-0211,Foxtrot Group 211,South,Hyderabad,SUP-001,Summit Industries 1,South,PROD-0020,Sensors Model 4,Electronics,Sensors,5,413.44,0.0,2067.2,1707.42,359.78,completed,Credit Card,Partner,10,4.8
ORD-01349,2023-10-02,CUST-0046,Alpha Ltd 46,South,Bengaluru,SUP-041,Orbit Supplies 41,South,PROD-0013,CNC Parts Model 1,Industrial Equipment,CNC Parts,3,3543.47,0.0,10630.41,8282.83,2347.58,completed,Credit Card,Marketplace,7,4.0
ORD-01350,2024-04-18,CUST-0199,Delta Group 199,Central,Bhopal,SUP-055,Summit Solutions 55,North,PROD-0077,Cold Chain Model 1,Logistics Services,Cold Chain,3,2326.17,0.0,6978.51,5200.19,1778.32,completed,UPI,Partner,8,5.0
ORD-01351,2024-01-27,CUST-0233,Alpha Ltd 233,West,Ahmedabad,SUP-016,Nova Manufacturing 16,South,PROD-0041,Chemicals Model 1,Raw Materials,Chemicals,2,1843.79,21.57,2892.17,2832.19,59.98,completed,UPI,Marketplace,4,
ORD-01352,2025-01-02,CUST-0121,Delta Enterprises 121,South,Chennai,SUP-050,Orbit Trading 50,North,PROD-0022,Controllers Model 2,Electronics,Controllers,1,4500.27,10.88,4010.64,2776.46,1234.18,completed,Letter of Credit,Direct Sales,7,4.3
ORD-01353,2023-07-29,CUST-0265,Beta Pvt Ltd 265,North,Delhi,SUP-025,Orbit Industries 25,North,PROD-0034,Steel Model 2,Raw Materials,Steel,3,1389.1,16.9,3463.03,3567.84,-104.81,completed,Net-30,Online,7,2.5
ORD-01354,2023-03-18,CUST-0102,Gamma Ltd 102,East,Patna,SUP-037,Prime Supplies 37,East,PROD-0015,CNC Parts Model 3,Industrial Equipment,CNC Parts,4,5126.08,0.0,20504.32,11068.56,9435.76,completed,Letter of Credit,Marketplace,4,3.7
ORD-01355,2024-04-19,CUST-0276,Gamma Enterprises 276,South,Chennai,SUP-011,Apex Solutions 11,South,PROD-0030,Power Supplies Model 2,Electronics,Power Supplies,4,4353.21,16.15,1460.07,10398.43,-619.62,cancelled,UPI,Marketplace,,
ORD-01356,2024-03-02,CUST-0153,Foxtrot Ltd 153,West,Surat,SUP-005,Summit Solutions 5,North,PROD-0056,Films Model 4,Packaging,Films,19,632.46,0.0,12016.74,10086.54,1930.2,completed,Net-30,Marketplace,8,3.6
ORD-01357,2023-10-07,CUST-0083,Foxtrot Enterprises 83,West,Mumbai,SUP-046,Apex Supplies 46,South,PROD-0019,Sensors Model 3,Electronics,Sensors,2,3966.52,0.0,793.3,4883.59,-183.42,cancelled,Letter of Credit,Online,,
ORD-01358,2024-06-04,CUST-0170,Beta Enterprises 170,North,Jaipur,SUP-060,Nova Supplies 60,North,PROD-0039,Polymers Model 3,Raw Materials,Polymers,1,4498.32,0.0,0.0,2823.92,-564.78,cancelled,Letter of Credit,Direct Sales,,
ORD-01359,2025-03-07,CUST-0299,Echo Enterprises 299,Central,Indore,SUP-034,Zenith Trading 34,Central,PROD-0004,Pump Systems Model 4,Industrial Equipment,Pump Systems,8,3822.18,0.0,30577.44,23254.81,7322.63,completed,Letter of Credit,Partner,7,4.4
ORD-01360,2023-07-12,CUST-0279,Echo Corp 279,Central,Nagpur,SUP-009,Nova Supplies 9,Central,PROD-0063,Pallets Model 3,Packaging,Pallets,4,3415.96,1.8,13417.89,9836.59,3581.3,completed,Net-30,Online,3,4.6
ORD-01361,2025-09-24,CUST-0117,Foxtrot Corp 117,East,Patna,SUP-020,Apex Manufacturing 20,North,PROD-0036,Steel Model 4,Raw Materials,Steel,2,2607.97,0.0,0.0,4066.97,-813.39,cancelled,UPI,Partner,,
ORD-01362,2024-02-17,CUST-0014,Echo Pvt Ltd 14,Central,Indore,SUP-009,Nova Supplies 9,Central,PROD-0076,Last Mile Model 4,Logistics Services,Last Mile,4,3733.26,0.0,14933.04,13069.77,1863.27,completed,Net-30,Online,7,3.9
ORD-01363,2025-04-30,CUST-0295,Gamma Enterprises 295,North,Delhi,SUP-038,Summit Trading 38,West,PROD-0050,Corrugated Model 2,Packaging,Corrugated,5,790.58,15.92,0.0,2841.84,-568.37,cancelled,UPI,Marketplace,,
ORD-01364,2024-03-26,CUST-0040,Alpha Ltd 40,North,Jaipur,SUP-030,Nova Industries 30,North,PROD-0051,Corrugated Model 3,Packaging,Corrugated,1,5492.61,0.27,5477.78,3973.17,1504.61,completed,Wire Transfer,Marketplace,6,
ORD-01365,2023-11-03,CUST-0217,Alpha Group 217,East,Patna,SUP-032,Prime Industries 32,East,PROD-0063,Pallets Model 3,Packaging,Pallets,3,3443.34,0.0,10330.02,7432.88,2897.14,completed,Net-30,Partner,5,3.7
ORD-01366,2025-02-10,CUST-0014,Echo Pvt Ltd 14,Central,Indore,SUP-014,Zenith Solutions 14,Central,PROD-0032,Power Supplies Model 4,Electronics,Power Supplies,2,1212.08,0.0,2424.16,1686.27,737.89,completed,UPI,Direct Sales,7,3.8
ORD-01367,2024-12-30,CUST-0195,Echo Group 195,North,Jaipur,SUP-050,Orbit Trading 50,North,PROD-0075,Last Mile Model 3,Logistics Services,Last Mile,14,2434.91,0.0,34088.74,25947.98,8140.76,completed,UPI,Marketplace,5,3.9
ORD-01368,2024-03-02,CUST-0135,Foxtrot Enterprises 135,North,Chandigarh,SUP-020,Apex Manufacturing 20,North,PROD-0078,Cold Chain Model 2,Logistics Services,Cold Chain,3,769.85,0.0,2309.55,1533.3,776.25,completed,Net-30,Partner,9,3.0
ORD-01369,2024-04-23,CUST-0282,Delta Pvt Ltd 282,East,Bhubaneswar,SUP-012,Nova Solutions 12,East,PROD-0024,Controllers Model 4,Electronics,Controllers,7,1182.74,0.0,8279.18,4458.44,3820.74,pending,Credit Card,Partner,,
ORD-01370,2025-07-26,CUST-0185,Foxtrot Ltd 185,North,Lucknow,SUP-060,Nova Supplies 60,North,PROD-0011,Compressors Model 3,Industrial Equipment,Compressors,4,5522.72,0.23,22040.07,17435.31,4604.76,completed,Wire Transfer,Online,3,4.0
ORD-01371,2025-11-18,CUST-0069,Alpha Group 69,Central,Indore,SUP-001,Summit Industries 1,South,PROD-0038,Polymers Model 2,Raw Materials,Polymers,3,3082.85,0.0,9248.55,6416.37,2832.18,completed,Letter of Credit,Online,8,5.0
ORD-01372,2023-12-16,CUST-0031,Alpha Group 31,South,Hyderabad,SUP-056,Orbit Trading 56,South,PROD-0069,Warehousing Model 1,Logistics Services,Warehousing,2,334.98,5.87,630.63,535.92,94.71,completed,Letter of Credit,Online,2,
ORD-01373,2023-01-05,CUST-0281,Delta Corp 281,South,Bengaluru,SUP-001,Summit Industries 1,South,PROD-0079,Cold Chain Model 3,Logistics Services,Cold Chain,2,543.3,16.68,0.0,750.07,-150.01,cancelled,Wire Transfer,Marketplace,,
ORD-01374,2023-02-08,CUST-0297,Alpha Ltd 297,East,Guwahati,SUP-016,Nova Manufacturing 16,South,PROD-0010,Compressors Model 2,Industrial Equipment,Compressors,2,3370.29,0.0,6740.58,5797.93,942.65,completed,Net-30,Online,3,2.7
ORD-01375,2025-04-02,CUST-0050,Delta Pvt Ltd 50,North,Delhi,SUP-015,Prime Industries 15,North,PROD-0004,Pump Systems Model 4,Industrial Equipment,Pump Systems,2,3405.0,0.04,6807.28,5318.2,1489.08,completed,Letter of Credit,Direct Sales,4,4.3
ORD-01376,2023-12-27,CUST-0066,Beta Pvt Ltd 66,South,Kochi,SUP-011,Apex Solutions 11,South,PROD-0036,Steel Model 4,Raw Materials,Steel,1,3185.71,0.0,3185.71,2331.53,854.18,completed,Credit Card,Online,9,4.3
ORD-01377,2023-08-28,CUST-0039,Alpha Enterprises 39,Central,Indore,SUP-019,Prime Industries 19,Central,PROD-0033,Steel Model 1,Raw Materials,Steel,2,2678.92,0.73,5318.73,4550.15,768.58,pending,Wire Transfer,Direct Sales,,
ORD-01378,2024-09-02,CUST-0125,Delta Group 125,North,Chandigarh,SUP-017,Prime Trading 17,East,PROD-0043,Chemicals Model 3,Raw Materials,Chemicals,18,3558.22,1.0,63407.48,46926.65,16480.83,completed,Net-30,Marketplace,4,
ORD-01379,2024-07-20,CUST-0220,Alpha Ltd 220,North,Jaipur,SUP-015,Prime Industries 15,North,PROD-0007,Conveyors Model 3,Industrial Equipment,Conveyors,1,1713.17,0.0,171.32,1364.74,-101.63,cancelled,Letter of Credit,Partner,,
ORD-01380,2024-11-11,CUST-0091,Gamma Pvt Ltd 91,South,Bengaluru,SUP-054,Nova Supplies 54,Central,PROD-0030,Power Supplies Model 2,Electronics,Power Supplies,1,4165.03,13.96,3583.59,2515.38,1068.21,completed,UPI,Direct Sales,5,4.0
ORD-01381,2025-01-29,CUST-0190,Alpha Group 190,North,Jaipur,SUP-056,Orbit Trading 56,South,PROD-0066,Freight Model 2,Logistics Services,Freight,4,1177.28,10.44,4217.49,2600.25,1617.24,completed,Net-30,Marketplace,10,5.0
ORD-01382,2024-11-25,CUST-0223,Gamma Corp 223,West,Pune,SUP-043,Zenith Trading 43,West,PROD-0030,Power Supplies Model 2,Electronics,Power Supplies,1,4540.6,0.0,4540.6,2665.5,1875.1,completed,UPI,Marketplace,6,3.7
ORD-01383,2024-04-04,CUST-0078,Foxtrot Group 78,West,Mumbai,SUP-028,Summit Solutions 28,West,PROD-0061,Pallets Model 1,Packaging,Pallets,1,4206.53,0.0,4206.53,2436.27,1770.26,completed,UPI,Partner,6,4.5
ORD-01384,2023-06-08,CUST-0257,Alpha Corp 257,East,Patna,SUP-016,Nova Manufacturing 16,South,PROD-0074,Last Mile Model 2,Logistics Services,Last Mile,2,4809.2,16.18,8062.14,5531.79,2530.35,completed,Letter of Credit,Online,4,4.4
ORD-01385,2025-08-23,CUST-0052,Beta Ltd 52,East,Guwahati,SUP-042,Nova Manufacturing 42,East,PROD-0026,Cables Model 2,Electronics,Cables,3,3083.43,0.0,0.0,5511.68,-1102.34,cancelled,Wire Transfer,Online,,
ORD-01386,2024-07-17,CUST-0049,Beta Enterprises 49,Central,Indore,SUP-049,Apex Supplies 49,Central,PROD-0055,Films Model 3,Packaging,Films,3,4037.22,0.0,12111.66,7607.97,4503.69,completed,Net-30,Marketplace,5,3.9
ORD-01387,2023-12-03,CUST-0101,Beta Enterprises 101,South,Chennai,SUP-021,Apex Trading 21,South,PROD-0057,Labels Model 1,Packaging,Labels,1,828.58,0.0,828.58,730.17,98.41,completed,UPI,Direct Sales,3,4.8
ORD-01388,2023-08-13,CUST-0098,Foxtrot Ltd 98,West,Surat,SUP-038,Summit Trading 38,West,PROD-0018,Sensors Model 2,Electronics,Sensors,12,2418.94,6.01,2728.27,21237.83,-1519.3,cancelled,Wire Transfer,Marketplace,,
ORD-01389,2023-08-16,CUST-0197,Gamma Ltd 197,East,Patna,SUP-037,Prime Supplies 37,East,PROD-0059,Labels Model 3,Packaging,Labels,4,5234.25,20.45,16655.38,17289.42,-634.04,completed,Net-30,Online,14,4.5
ORD-01390,2024-04-19,CUST-0059,Foxtrot Ltd 59,Central,Indore,SUP-059,Zenith Trading 59,Central,PROD-0032,Power Supplies Model 4,Electronics,Power Supplies,5,1112.12,0.0,5560.6,3889.9,1670.7,pending,Net-30,Partner,,
ORD-01391,2024-06-27,CUST-0111,Echo Group 111,South,Kochi,SUP-051,Nova Manufacturing 51,South,PROD-0054,Films Model 2,Packaging,Films,2,2774.24,0.56,5517.41,4537.14,980.27,completed,UPI,Marketplace,7,
ORD-01392,2023-04-08,CUST-0111,Echo Group 111,South,Kochi,SUP-021,Apex Trading 21,South,PROD-0070,Warehousing Model 2,Logistics Services,Warehousing,1,4768.02,0.0,4768.02,3137.65,1630.37,completed,Credit Card,Direct Sales,9,3.3
ORD-01393,2023-03-23,CUST-0272,Delta Corp 272,East,Guwahati,SUP-032,Prime Industries 32,East,PROD-0054,Films Model 2,Packaging,Films,2,2211.71,0.0,4423.42,3634.89,788.53,completed,Wire Transfer,Partner,7,4.5
ORD-01394,2025-09-06,CUST-0257,Alpha Corp 257,East,Patna,SUP-060,Nova Supplies 60,North,PROD-0043,Chemicals Model 3,Raw Materials,Chemicals,6,4158.15,5.15,23664.03,17837.38,5826.65,completed,Letter of Credit,Online,2,3.7
ORD-01395,2023-08-26,CUST-0106,Foxtrot Group 106,South,Kochi,SUP-025,Orbit Industries 25,North,PROD-0008,Conveyors Model 4,Industrial Equipment,Conveyors,1,4242.52,0.0,4242.52,3543.83,698.69,completed,Letter of Credit,Partner,7,4.5
ORD-01396,2023-09-02,CUST-0009,Delta Corp 9,Central,Bhopal,SUP-020,Apex Manufacturing 20,North,PROD-0060,Labels Model 4,Packaging,Labels,6,4569.92,0.0,0.0,18370.31,-3674.06,cancelled,Wire Transfer,Marketplace,,
ORD-01397,2025-02-18,CUST-0154,Alpha Enterprises 154,Central,Bhopal,SUP-039,Summit Industries 39,Central,PROD-0010,Compressors Model 2,Industrial Equipment,Compressors,7,3202.93,0.0,22420.51,18281.98,4138.53,completed,Wire Transfer,Online,6,4.8
ORD-01398,2023-04-09,CUST-0020,Foxtrot Enterprises 20,North,Chandigarh,SUP-032,Prime Industries 32,East,PROD-0039,Polymers Model 3,Raw Materials,Polymers,1,5203.0,0.24,5190.51,3236.9,1953.61,pending,Credit Card,Direct Sales,,
ORD-01399,2024-12-06,CUST-0043,Gamma Enterprises 43,West,Pune,SUP-014,Zenith Solutions 14,Central,PROD-0043,Chemicals Model 3,Raw Materials,Chemicals,2,4130.46,0.81,8194.01,6024.73,2169.28,completed,UPI,Partner,1,5.0
ORD-01400,2024-07-19,CUST-0039,Alpha Enterprises 39,Central,Indore,SUP-054,Nova Supplies 54,Central,PROD-0047,Alloys Model 3,Raw Materials,Alloys,2,3308.73,0.0,6617.46,5115.31,1502.15,completed,UPI,Partner,1,3.9
ORD-01401,2025-01-15,CUST-0260,Beta Enterprises 260,North,Delhi,SUP-050,Orbit Trading 50,North,PROD-0029,Power Supplies Model 1,Electronics,Power Supplies,2,2440.13,0.0,4880.26,2961.3,1918.96,completed,Wire Transfer,Marketplace,7,3.5
ORD-01402,2023-06-19,CUST-0045,Alpha Group 45,North,Delhi,SUP-035,Zenith Trading 35,North,PROD-0052,Corrugated Model 4,Packaging,Corrugated,6,4534.0,0.95,26945.56,22094.95,4850.61,completed,Credit Card,Direct Sales,3,5.0
ORD-01403,2023-01-08,CUST-0003,Echo Corp 3,West,Surat,SUP-025,Orbit Industries 25,North,PROD-0066,Freight Model 2,Logistics Services,Freight,11,1141.02,20.89,992.93,7212.94,-449.66,cancelled,UPI,Marketplace,,
ORD-01404,2023-08-16,CUST-0278,Foxtrot Ltd 278,West,Pune,SUP-053,Nova Trading 53,West,PROD-0035,Steel Model 3,Raw Materials,Steel,7,3420.97,12.34,20991.76,15144.89,5846.87,completed,Wire Transfer,Direct Sales,11,5.0
ORD-01405,2023-03-21,CUST-0074,Echo Group 74,Central,Nagpur,SUP-014,Zenith Solutions 14,Central,PROD-0023,Controllers Model 3,Electronics,Controllers,1,2190.13,5.06,2079.31,1340.3,739.01,pending,Letter of Credit,Partner,,
ORD-01406,2024-10-05,CUST-0232,Beta Ltd 232,East,Kolkata,SUP-008,Apex Industries 8,West,PROD-0030,Power Supplies Model 2,Electronics,Power Supplies,1,4516.9,0.0,4516.9,2877.0,1639.9,completed,Wire Transfer,Direct Sales,9,5.0
ORD-01407,2023-03-25,CUST-0272,Delta Corp 272,East,Guwahati,SUP-002,Apex Trading 2,East,PROD-0056,Films Model 4,Packaging,Films,1,661.16,0.0,661.16,557.76,103.4,completed,Wire Transfer,Online,4,3.6
ORD-01408,2023-09-16,CUST-0038,Foxtrot Corp 38,West,Surat,SUP-023,Prime Industries 23,West,PROD-0014,CNC Parts Model 2,Industrial Equipment,CNC Parts,1,2551.26,1.23,2519.88,2006.24,513.64,pending,Letter of Credit,Online,,
ORD-01409,2025-11-10,CUST-0135,Foxtrot Enterprises 135,North,Chandigarh,SUP-045,Nova Trading 45,North,PROD-0053,Films Model 1,Packaging,Films,2,1397.62,0.0,2795.24,2156.57,638.67,completed,UPI,Direct Sales,3,2.7
ORD-01410,2025-04-04,CUST-0177,Echo Ltd 177,East,Kolkata,SUP-042,Nova Manufacturing 42,East,PROD-0004,Pump Systems Model 4,Industrial Equipment,Pump Systems,3,3257.9,15.5,0.0,7585.06,-1517.01,cancelled,Letter of Credit,Online,,
ORD-01411,2023-01-02,CUST-0164,Foxtrot Ltd 164,Central,Raipur,SUP-036,Nova Trading 36,South,PROD-0042,Chemicals Model 2,Raw Materials,Chemicals,4,3410.89,0.0,13643.56,10050.18,3593.38,completed,Credit Card,Partner,9,3.3
ORD-01412,2025-07-15,CUST-0184,Echo Enterprises 184,Central,Nagpur,SUP-034,Zenith Trading 34,Central,PROD-0078,Cold Chain Model 2,Logistics Services,Cold Chain,3,746.98,10.84,1998.02,1472.23,525.79,completed,Credit Card,Marketplace,7,3.4
ORD-01413,2025-01-02,CUST-0163,Delta Pvt Ltd 163,West,Mumbai,SUP-033,Nova Industries 33,West,PROD-0012,Compressors Model 4,Industrial Equipment,Compressors,2,2142.57,0.0,4285.14,2373.76,1911.38,completed,UPI,Marketplace,7,4.2
ORD-01414,2023-01-19,CUST-0083,Foxtrot Enterprises 83,West,Mumbai,SUP-055,Summit Solutions 55,North,PROD-0051,Corrugated Model 3,Packaging,Corrugated,1,5390.14,0.0,5390.14,3700.79,1689.35,completed,Wire Transfer,Partner,2,3.9
ORD-01415,2024-11-23,CUST-0090,Delta Ltd 90,North,Chandigarh,SUP-045,Nova Trading 45,North,PROD-0001,Pump Systems Model 1,Industrial Equipment,Pump Systems,5,2245.82,13.2,9746.86,8237.31,1509.55,completed,Credit Card,Marketplace,6,4.6
ORD-01416,2024-11-23,CUST-0090,Delta Ltd 90,North,Chandigarh,SUP-037,Prime Supplies 37,East,PROD-0049,Corrugated Model 1,Packaging,Corrugated,1,3798.95,5.44,3592.29,2208.18,1384.11,completed,Wire Transfer,Online,5,3.6
ORD-01417,2025-03-14,CUST-0165,Beta Group 165,North,Lucknow,SUP-059,Zenith Trading 59,Central,PROD-0018,Sensors Model 2,Electronics,Sensors,2,2424.91,0.0,4849.82,3527.48,1322.34,pending,Wire Transfer,Online,,
ORD-01418,2023-09-02,CUST-0227,Delta Enterprises 227,East,Patna,SUP-037,Prime Supplies 37,East,PROD-0038,Polymers Model 2,Raw Materials,Polymers,8,2766.71,16.08,18574.58,15888.19,2686.39,completed,UPI,Marketplace,5,4.5
ORD-01419,2023-01-16,CUST-0108,Beta Group 108,West,Ahmedabad,SUP-003,Nova Supplies 3,West,PROD-0051,Corrugated Model 3,Packaging,Corrugated,1,4563.56,21.56,3579.66,3340.73,238.93,completed,Letter of Credit,Online,7,4.3
ORD-01420,2024-01-12,CUST-0055,Alpha Group 55,North,Delhi,SUP-055,Summit Solutions 55,North,PROD-0032,Power Supplies Model 4,Electronics,Power Supplies,2,1286.66,0.0,2573.32,1883.98,689.34,completed,UPI,Direct Sales,5,3.1
ORD-01421,2023-10-20,CUST-0095,Beta Ltd 95,North,Chandigarh,SUP-025,Orbit Industries 25,North,PROD-0036,Steel Model 4,Raw Materials,Steel,3,2828.87,0.0,848.66,6291.24,-409.59,cancelled,Wire Transfer,Online,,
ORD-01422,2025-12-30,CUST-0147,Echo Enterprises 147,East,Patna,SUP-023,Prime Industries 23,West,PROD-0028,Cables Model 4,Electronics,Cables,4,2947.44,0.0,11789.76,8714.06,3075.7,completed,UPI,Partner,7,3.5
ORD-01423,2023-06-14,CUST-0126,Delta Enterprises 126,South,Hyderabad,SUP-056,Orbit Trading 56,South,PROD-0016,CNC Parts Model 4,Industrial Equipment,CNC Parts,1,3787.19,0.0,3787.19,2515.92,1271.27,pending,UPI,Marketplace,,
ORD-01424,2024-10-19,CUST-0220,Alpha Ltd 220,North,Jaipur,SUP-046,Apex Supplies 46,South,PROD-0055,Films Model 3,Packaging,Films,2,3762.41,1.11,7441.29,5060.86,2380.43,completed,Letter of Credit,Online,6,4.1
ORD-01425,2024-05-18,CUST-0080,Foxtrot Pvt Ltd 80,North,Chandigarh,SUP-010,Orbit Solutions 10,North,PROD-0015,CNC Parts Model 3,Industrial Equipment,CNC Parts,3,5118.12,16.27,12856.21,8400.94,4455.27,completed,Letter of Credit,Partner,8,4.5
ORD-01426,2024-08-08,CUST-0300,Foxtrot Ltd 300,North,Delhi,SUP-015,Prime Industries 15,North,PROD-0049,Corrugated Model 1,Packaging,Corrugated,7,3981.71,6.82,25971.1,16099.05,9872.05,completed,Credit Card,Online,9,3.3
ORD-01427,2023-05-30,CUST-0126,Delta Enterprises 126,South,Hyderabad,SUP-026,Zenith Industries 26,South,PROD-0032,Power Supplies Model 4,Electronics,Power Supplies,8,1315.03,0.0,10520.24,7745.29,2774.95,pending,Wire Transfer,Direct Sales,,
ORD-01428,2024-06-12,CUST-0133,Delta Group 133,West,Pune,SUP-048,Zenith Trading 48,West,PROD-0065,Freight Model 1,Logistics Services,Freight,2,4383.14,0.0,8766.28,5343.55,3422.73,completed,UPI,Marketplace,10,4.7
ORD-01429,2024-08-22,CUST-0176,Beta Ltd 176,South,Bengaluru,SUP-026,Zenith Industries 26,South,PROD-0027,Cables Model 3,Electronics,Cables,12,2029.86,10.33,21842.11,15807.61,6034.5,pending,Wire Transfer,Marketplace,,
ORD-01430,2024-05-24,CUST-0228,Gamma Ltd 228,West,Surat,SUP-057,Summit Solutions 57,East,PROD-0029,Power Supplies Model 1,Electronics,Power Supplies,1,2085.63,0.0,2085.63,1267.16,818.47,completed,Net-30,Marketplace,1,4.2
ORD-01431,2023-02-14,CUST-0241,Beta Ltd 241,South,Chennai,SUP-017,Prime Trading 17,East,PROD-0068,Freight Model 4,Logistics Services,Freight,3,4305.39,6.42,12086.95,8224.76,3862.19,completed,UPI,Direct Sales,5,5.0
ORD-01432,2025-07-05,CUST-0291,Gamma Pvt Ltd 291,South,Kochi,SUP-031,Apex Supplies 31,South,PROD-0069,Warehousing Model 1,Logistics Services,Warehousing,6,387.61,0.0,2325.66,1903.21,422.45,completed,Wire Transfer,Partner,10,3.3
ORD-01433,2025-01-30,CUST-0012,Beta Pvt Ltd 12,East,Bhubaneswar,SUP-038,Summit Trading 38,West,PROD-0028,Cables Model 4,Electronics,Cables,4,2765.06,0.6,10993.88,8505.61,2488.27,completed,Net-30,Marketplace,8,3.8
ORD-01434,2025-07-28,CUST-0237,Gamma Group 237,East,Guwahati,SUP-057,Summit Solutions 57,East,PROD-0001,Pump Systems Model 1,Industrial Equipment,Pump Systems,6,2327.47,20.58,11090.86,10585.85,505.01,completed,Wire Transfer,Online,9,4.2
ORD-01435,2024-07-06,CUST-0150,Gamma Pvt Ltd 150,North,Chandigarh,SUP-055,Summit Solutions 55,North,PROD-0019,Sensors Model 3,Electronics,Sensors,1,4301.87,1.85,4222.29,2636.78,1585.51,completed,UPI,Marketplace,5,5.0
ORD-01436,2023-04-11,CUST-0007,Foxtrot Pvt Ltd 7,East,Patna,SUP-032,Prime Industries 32,East,PROD-0029,Power Supplies Model 1,Electronics,Power Supplies,1,2466.66,0.0,0.0,1591.91,-318.38,cancelled,Letter of Credit,Partner,,
ORD-01437,2025-11-09,CUST-0258,Foxtrot Group 258,West,Pune,SUP-009,Nova Supplies 9,Central,PROD-0050,Corrugated Model 2,Packaging,Corrugated,3,766.29,16.35,1923.0,1616.92,306.08,completed,UPI,Marketplace,11,5.0
ORD-01438,2023-02-19,CUST-0044,Alpha Enterprises 44,Central,Bhopal,SUP-025,Orbit Industries 25,North,PROD-0002,Pump Systems Model 2,Industrial Equipment,Pump Systems,1,856.14,13.75,738.42,597.34,141.08,completed,Letter of Credit,Online,4,3.8
ORD-01439,2023-01-02,CUST-0059,Foxtrot Ltd 59,Central,Indore,SUP-010,Orbit Solutions 10,North,PROD-0034,Steel Model 2,Raw Materials,Steel,1,1703.37,0.0,1703.37,1418.52,284.85,pending,Credit Card,Online,,
ORD-01440,2023-04-10,CUST-0170,Beta Enterprises 170,North,Jaipur,SUP-010,Orbit Solutions 10,North,PROD-0061,Pallets Model 1,Packaging,Pallets,8,4252.18,0.0,34017.44,18022.19,15995.25,completed,Credit Card,Partner,7,4.9
ORD-01441,2024-03-13,CUST-0131,Beta Ltd 131,South,Hyderabad,SUP-004,Nova Industries 4,Central,PROD-0037,Polymers Model 1,Raw Materials,Polymers,2,3741.4,0.0,7482.8,4158.0,3324.8,completed,Credit Card,Partner,7,3.7
ORD-01442,2025-04-05,CUST-0264,Gamma Pvt Ltd 264,Central,Raipur,SUP-031,Apex Supplies 31,South,PROD-0040,Polymers Model 4,Raw Materials,Polymers,1,3801.22,0.0,3801.22,2647.15,1154.07,completed,Credit Card,Marketplace,4,4.0
ORD-01443,2024-02-23,CUST-0231,Alpha Group 231,South,Kochi,SUP-001,Summit Industries 1,South,PROD-0012,Compressors Model 4,Industrial Equipment,Compressors,12,2200.8,0.0,26409.6,15602.02,10807.58,pending,UPI,Online,,
ORD-01444,2024-12-30,CUST-0224,Echo Pvt Ltd 224,Central,Indore,SUP-029,Prime Solutions 29,Central,PROD-0067,Freight Model 3,Logistics Services,Freight,1,5066.4,16.65,4222.84,3598.09,624.75,completed,Wire Transfer,Direct Sales,2,3.6
ORD-01445,2024-12-13,CUST-0212,Delta Group 212,East,Patna,SUP-002,Apex Trading 2,East,PROD-0042,Chemicals Model 2,Raw Materials,Chemicals,3,3010.64,0.0,9031.92,6509.38,2522.54,completed,Net-30,Direct Sales,4,4.5
ORD-01446,2025-09-14,CUST-0187,Foxtrot Pvt Ltd 187,East,Kolkata,SUP-016,Nova Manufacturing 16,South,PROD-0075,Last Mile Model 3,Logistics Services,Last Mile,6,2159.58,13.32,1123.15,9338.06,-744.46,cancelled,Net-30,Online,,
ORD-01447,2024-11-29,CUST-0035,Beta Corp 35,North,Lucknow,SUP-035,Zenith Trading 35,North,PROD-0035,Steel Model 3,Raw Materials,Steel,2,3696.14,5.01,7021.93,4809.41,2212.52,completed,UPI,Marketplace,8,5.0
ORD-01448,2023-09-15,CUST-0221,Beta Pvt Ltd 221,South,Hyderabad,SUP-051,Nova Manufacturing 51,South,PROD-0029,Power Supplies Model 1,Electronics,Power Supplies,1,2371.28,0.0,2371.28,1432.41,938.87,completed,Credit Card,Direct Sales,9,3.6
ORD-01449,2025-07-24,CUST-0003,Echo Corp 3,West,Surat,SUP-030,Nova Industries 30,North,PROD-0025,Cables Model 1,Electronics,Cables,3,4105.42,0.0,12316.26,10449.73,1866.53,completed,Wire Transfer,Marketplace,7,3.6
ORD-01450,2024-02-11,CUST-0244,Gamma Corp 244,Central,Raipur,SUP-059,Zenith Trading 59,Central,PROD-0015,CNC Parts Model 3,Industrial Equipment,CNC Parts,10,4228.26,16.3,35390.54,24843.72,10546.82,completed,Credit Card,Direct Sales,11,
ORD-01451,2024-12-15,CUST-0038,Foxtrot Corp 38,West,Surat,SUP-013,Zenith Supplies 13,West,PROD-0036,Steel Model 4,Raw Materials,Steel,1,2914.69,0.0,2914.69,2305.02,609.67,completed,UPI,Marketplace,6,3.3
ORD-01452,2025-07-21,CUST-0049,Beta Enterprises 49,Central,Indore,SUP-054,Nova Supplies 54,Central,PROD-0055,Films Model 3,Packaging,Films,6,3815.45,12.7,19985.33,14766.2,5219.13,completed,UPI,Direct Sales,6,4.2
ORD-01453,2023-10-11,CUST-0100,Alpha Enterprises 100,North,Lucknow,SUP-025,Orbit Industries 25,North,PROD-0003,Pump Systems Model 3,Industrial Equipment,Pump Systems,4,4558.5,0.0,18234.0,11621.16,6612.84,completed,Wire Transfer,Marketplace,9,4.0
ORD-01454,2024-11-16,CUST-0103,Alpha Ltd 103,West,Pune,SUP-012,Nova Solutions 12,East,PROD-0017,Sensors Model 1,Electronics,Sensors,5,1887.28,5.84,8885.31,5749.04,3136.27,completed,Net-30,Online,2,4.1
ORD-01455,2025-07-22,CUST-0050,Delta Pvt Ltd 50,North,Delhi,SUP-035,Zenith Trading 35,North,PROD-0020,Sensors Model 4,Electronics,Sensors,1,459.83,6.69,429.07,388.32,40.75,completed,Net-30,Partner,11,2.9
ORD-01456,2023-07-06,CUST-0260,Beta Enterprises 260,North,Delhi,SUP-020,Apex Manufacturing 20,North,PROD-0046,Alloys Model 2,Raw Materials,Alloys,15,1463.86,0.0,21957.9,14938.75,7019.15,completed,Letter of Credit,Marketplace,8,3.5
ORD-01457,2025-03-15,CUST-0199,Delta Group 199,Central,Bhopal,SUP-044,Summit Solutions 44,Central,PROD-0031,Power Supplies Model 3,Electronics,Power Supplies,3,2079.98,1.56,6142.6,4181.27,1961.33,completed,Wire Transfer,Marketplace,4,4.0
ORD-01458,2025-02-11,CUST-0066,Beta Pvt Ltd 66,South,Kochi,SUP-001,Summit Industries 1,South,PROD-0005,Conveyors Model 1,Industrial Equipment,Conveyors,20,3990.27,0.0,0.0,65354.37,-13070.87,cancelled,Credit Card,Partner,,
ORD-01459,2024-02-10,CUST-0045,Alpha Group 45,North,Delhi,SUP-045,Nova Trading 45,North,PROD-0044,Chemicals Model 4,Raw Materials,Chemicals,1,4701.02,6.46,4397.33,3603.19,794.14,completed,Wire Transfer,Marketplace,9,4.1
ORD-01460,2025-06-27,CUST-0103,Alpha Ltd 103,West,Pune,SUP-006,Apex Solutions 6,South,PROD-0008,Conveyors Model 4,Industrial Equipment,Conveyors,7,3929.33,0.0,27505.31,21734.36,5770.95,completed,Net-30,Online,2,4.0
ORD-01461,2023-04-12,CUST-0089,Gamma Group 89,Central,Indore,SUP-019,Prime Industries 19,Central,PROD-0043,Chemicals Model 3,Raw Materials,Chemicals,10,3940.65,0.0,3940.65,28142.09,-1687.77,cancelled,Net-30,Direct Sales,,
ORD-01462,2025-05-28,CUST-0228,Gamma Ltd 228,West,Surat,SUP-008,Apex Industries 8,West,PROD-0032,Power Supplies Model 4,Electronics,Power Supplies,2,1382.15,0.28,2756.56,1922.27,834.29,completed,Letter of Credit,Partner,4,4.0
ORD-01463,2024-03-10,CUST-0235,Echo Enterprises 235,North,Chandigarh,SUP-017,Prime Trading 17,East,PROD-0059,Labels Model 3,Packaging,Labels,1,5290.08,0.07,5286.38,4377.44,908.94,completed,Letter of Credit,Marketplace,4,
ORD-01464,2024-09-23,CUST-0255,Delta Corp 255,North,Lucknow,SUP-039,Summit Industries 39,Central,PROD-0058,Labels Model 2,Packaging,Labels,4,3978.88,0.0,15915.52,11753.24,4162.28,pending,Wire Transfer,Marketplace,,
ORD-01465,2023-09-14,CUST-0120,Echo Ltd 120,North,Jaipur,SUP-035,Zenith Trading 35,North,PROD-0046,Alloys Model 2,Raw Materials,Alloys,2,1610.38,0.0,0.0,2199.35,-439.87,cancelled,Letter of Credit,Direct Sales,,
ORD-01466,2023-11-27,CUST-0210,Foxtrot Ltd 210,North,Lucknow,SUP-028,Summit Solutions 28,West,PROD-0070,Warehousing Model 2,Logistics Services,Warehousing,21,4124.29,0.0,86610.09,54913.14,31696.95,pending,UPI,Marketplace,,
ORD-01467,2025-03-20,CUST-0089,Gamma Group 89,Central,Indore,SUP-014,Zenith Solutions 14,Central,PROD-0055,Films Model 3,Packaging,Films,2,4018.07,5.9,7562.01,5182.57,2379.44,completed,Letter of Credit,Online,9,4.1
ORD-01468,2024-10-22,CUST-0238,Echo Corp 238,West,Mumbai,SUP-048,Zenith Trading 48,West,PROD-0031,Power Supplies Model 3,Electronics,Power Supplies,1,1825.05,15.96,1533.77,1224.24,309.53,completed,Credit Card,Direct Sales,12,3.9
ORD-01469,2025-09-15,CUST-0286,Alpha Pvt Ltd 286,South,Chennai,SUP-056,Orbit Trading 56,South,PROD-0069,Warehousing Model 1,Logistics Services,Warehousing,1,336.55,0.0,336.55,265.27,71.28,completed,Wire Transfer,Partner,5,
ORD-01470,2025-01-09,CUST-0203,Gamma Pvt Ltd 203,West,Ahmedabad,SUP-008,Apex Industries 8,West,PROD-0069,Warehousing Model 1,Logistics Services,Warehousing,2,402.98,12.08,708.6,666.44,42.16,pending,Credit Card,Online,,
ORD-01471,2023-02-04,CUST-0095,Beta Ltd 95,North,Chandigarh,SUP-050,Orbit Trading 50,North,PROD-0024,Controllers Model 4,Electronics,Controllers,16,1474.49,16.98,19585.95,13206.95,6379.0,pending,Wire Transfer,Direct Sales,,
ORD-01472,2024-07-17,CUST-0010,Echo Ltd 10,North,Jaipur,SUP-060,Nova Supplies 60,North,PROD-0020,Sensors Model 4,Electronics,Sensors,4,452.7,0.0,1810.8,1400.87,409.93,completed,Letter of Credit,Partner,9,
ORD-01473,2023-12-11,CUST-0077,Gamma Corp 77,East,Bhubaneswar,SUP-011,Apex Solutions 11,South,PROD-0030,Power Supplies Model 2,Electronics,Power Supplies,1,4679.74,0.0,4679.74,2715.34,1964.4,completed,Wire Transfer,Online,7,4.0
ORD-01474,2024-05-04,CUST-0070,Echo Pvt Ltd 70,North,Chandigarh,SUP-051,Nova Manufacturing 51,South,PROD-0023,Controllers Model 3,Electronics,Controllers,4,2250.79,0.0,9003.16,5610.22,3392.94,completed,Credit Card,Partner,1,4.3
ORD-01475,2025-04-15,CUST-0254,Gamma Group 254,Central,Raipur,SUP-045,Nova Trading 45,North,PROD-0012,Compressors Model 4,Industrial Equipment,Compressors,4,2193.23,0.0,8772.92,5133.8,3639.12,completed,UPI,Marketplace,4,2.7
ORD-01476,2025-05-07,CUST-0107,Alpha Corp 107,East,Patna,SUP-022,Prime Solutions 22,East,PROD-0033,Steel Model 1,Raw Materials,Steel,1,2653.26,13.79,2287.38,2356.34,-68.96,completed,Net-30,Direct Sales,3,5.0
ORD-01477,2025-11-26,CUST-0152,Beta Ltd 152,East,Bhubaneswar,SUP-017,Prime Trading 17,East,PROD-0046,Alloys Model 2,Raw Materials,Alloys,3,1484.48,15.43,376.63,3183.77,-260.12,cancelled,Net-30,Direct Sales,,
ORD-01478,2023-11-22,CUST-0079,Gamma Pvt Ltd 79,Central,Bhopal,SUP-054,Nova Supplies 54,Central,PROD-0059,Labels Model 3,Packaging,Labels,2,5543.08,0.0,11086.16,9119.46,1966.7,completed,Letter of Credit,Direct Sales,7,3.1
ORD-01479,2023-03-07,CUST-0129,Gamma Group 129,Central,Indore,SUP-059,Zenith Trading 59,Central,PROD-0056,Films Model 4,Packaging,Films,30,562.99,5.64,15937.12,13544.22,2392.9,pending,Letter of Credit,Direct Sales,,
ORD-01480,2025-08-15,CUST-0273,Echo Pvt Ltd 273,West,Pune,SUP-038,Summit Trading 38,West,PROD-0022,Controllers Model 2,Electronics,Controllers,1,5237.57,0.0,0.0,3011.18,-602.24,cancelled,UPI,Direct Sales,,
ORD-01481,2024-05-09,CUST-0251,Beta Pvt Ltd 251,South,Bengaluru,SUP-055,Summit Solutions 55,North,PROD-0076,Last Mile Model 4,Logistics Services,Last Mile,1,3677.61,0.0,3677.61,3123.28,554.33,completed,Net-30,Partner,6,4.0
ORD-01482,2024-04-21,CUST-0057,Alpha Group 57,East,Bhubaneswar,SUP-052,Zenith Manufacturing 52,East,PROD-0017,Sensors Model 1,Electronics,Sensors,1,1863.37,0.28,0.0,1102.25,-220.45,cancelled,Wire Transfer,Marketplace,,
ORD-01483,2025-08-01,CUST-0170,Beta Enterprises 170,North,Jaipur,SUP-060,Nova Supplies 60,North,PROD-0013,CNC Parts Model 1,Industrial Equipment,CNC Parts,1,3327.36,0.8,3300.74,2615.89,684.85,completed,UPI,Direct Sales,7,3.7
ORD-01484,2024-12-01,CUST-0177,Echo Ltd 177,East,Kolkata,SUP-002,Apex Trading 2,East,PROD-0068,Freight Model 4,Logistics Services,Freight,3,4756.88,0.0,14270.64,8663.35,5607.29,completed,Credit Card,Online,9,3.9
ORD-01485,2025-05-05,CUST-0300,Foxtrot Ltd 300,North,Delhi,SUP-010,Orbit Solutions 10,North,PROD-0011,Compressors Model 3,Industrial Equipment,Compressors,2,5430.88,16.4,9080.43,8763.63,316.8,completed,UPI,Marketplace,8,4.4
ORD-01486,2023-12-08,CUST-0103,Alpha Ltd 103,West,Pune,SUP-023,Prime Industries 23,West,PROD-0050,Corrugated Model 2,Packaging,Corrugated,1,717.5,0.0,717.5,521.92,195.58,completed,UPI,Online,7,3.6
ORD-01487,2024-04-24,CUST-0264,Gamma Pvt Ltd 264,Central,Raipur,SUP-009,Nova Supplies 9,Central,PROD-0066,Freight Model 2,Logistics Services,Freight,4,1090.94,0.0,4363.76,2325.59,2038.17,completed,Wire Transfer,Partner,11,4.8
ORD-01488,2023-09-14,CUST-0038,Foxtrot Corp 38,West,Surat,SUP-038,Summit Trading 38,West,PROD-0008,Conveyors Model 4,Industrial Equipment,Conveyors,1,4114.81,0.0,4114.81,3353.36,761.45,completed,Wire Transfer,Online,11,3.5
ORD-01489,2025-10-25,CUST-0089,Gamma Group 89,Central,Indore,SUP-014,Zenith Solutions 14,Central,PROD-0036,Steel Model 4,Raw Materials,Steel,1,3221.85,0.0,3221.85,2322.51,899.34,completed,Wire Transfer,Online,3,5.0
ORD-01490,2025-08-23,CUST-0075,Foxtrot Group 75,North,Delhi,SUP-020,Apex Manufacturing 20,North,PROD-0052,Corrugated Model 4,Packaging,Corrugated,1,4280.03,5.21,4057.04,3336.67,720.37,completed,Wire Transfer,Online,5,4.6
ORD-01491,2025-02-01,CUST-0057,Alpha Group 57,East,Bhubaneswar,SUP-019,Prime Industries 19,Central,PROD-0076,Last Mile Model 4,Logistics Services,Last Mile,9,3536.6,6.29,29827.33,25872.26,3955.07,completed,Wire Transfer,Marketplace,7,5.0
ORD-01492,2024-11-26,CUST-0248,Delta Corp 248,West,Pune,SUP-053,Nova Trading 53,West,PROD-0014,CNC Parts Model 2,Industrial Equipment,CNC Parts,42,2547.27,0.0,106985.34,80222.64,26762.7,completed,Wire Transfer,Online,9,2.7
ORD-01493,2024-05-19,CUST-0219,Gamma Group 219,Central,Raipur,SUP-049,Apex Supplies 49,Central,PROD-0011,Compressors Model 3,Industrial Equipment,Compressors,1,4773.54,0.0,0.0,3568.03,-713.61,cancelled,UPI,Online,,
ORD-01494,2025-06-24,CUST-0165,Beta Group 165,North,Lucknow,SUP-055,Summit Solutions 55,North,PROD-0059,Labels Model 3,Packaging,Labels,5,4443.6,21.36,17472.24,18643.48,-1171.24,completed,Letter of Credit,Online,5,3.6
ORD-01495,2024-03-12,CUST-0192,Alpha Enterprises 192,East,Guwahati,SUP-004,Nova Industries 4,Central,PROD-0033,Steel Model 1,Raw Materials,Steel,6,3189.86,16.11,16055.84,15470.53,585.31,completed,Credit Card,Direct Sales,6,3.5
ORD-01496,2024-02-26,CUST-0162,Delta Enterprises 162,East,Patna,SUP-037,Prime Supplies 37,East,PROD-0051,Corrugated Model 3,Packaging,Corrugated,1,4703.63,0.0,4703.63,3409.08,1294.55,completed,Net-30,Partner,6,5.0
ORD-01497,2025-07-03,CUST-0036,Foxtrot Enterprises 36,South,Bengaluru,SUP-056,Orbit Trading 56,South,PROD-0019,Sensors Model 3,Electronics,Sensors,8,3671.28,6.66,27414.18,17942.67,9471.51,completed,Credit Card,Direct Sales,7,4.3
ORD-01498,2025-01-10,CUST-0126,Delta Enterprises 126,South,Hyderabad,SUP-001,Summit Industries 1,South,PROD-0013,CNC Parts Model 1,Industrial Equipment,CNC Parts,2,2946.86,0.0,5893.72,4806.81,1086.91,pending,Wire Transfer,Direct Sales,,
ORD-01499,2024-05-01,CUST-0017,Beta Group 17,East,Kolkata,SUP-048,Zenith Trading 48,West,PROD-0026,Cables Model 2,Electronics,Cables,5,3679.62,0.0,1839.81,10685.63,-297.32,cancelled,Letter of Credit,Online,,
ORD-01500,2023-02-17,CUST-0246,Alpha Ltd 246,South,Kochi,SUP-048,Zenith Trading 48,West,PROD-0049,Corrugated Model 1,Packaging,Corrugated,4,3830.74,0.0,15322.96,8815.92,6507.04,pending,Net-30,Direct Sales,,
ORD-01501,2023-02-26,CUST-0042,Beta Enterprises 42,East,Guwahati,SUP-057,Summit Solutions 57,East,PROD-0013,CNC Parts Model 1,Industrial Equipment,CNC Parts,1,2875.38,5.54,2716.08,2302.69,413.39,completed,Net-30,Online,8,3.1
ORD-01502,2024-06-15,CUST-0093,Foxtrot Corp 93,West,Pune,SUP-003,Nova Supplies 3,West,PROD-0068,Freight Model 4,Logistics Services,Freight,19,4834.99,0.0,91864.81,55516.14,36348.67,completed,Letter of Credit,Marketplace,9,3.8
ORD-01503,2025-10-21,CUST-0177,Echo Ltd 177,East,Kolkata,SUP-007,Zenith Industries 7,East,PROD-0077,Cold Chain Model 1,Logistics Services,Cold Chain,2,2037.74,1.38,4019.24,3204.38,814.86,completed,Letter of Credit,Partner,5,4.3
ORD-01504,2025-12-10,CUST-0206,Delta Group 206,South,Kochi,SUP-056,Orbit Trading 56,South,PROD-0052,Corrugated Model 4,Packaging,Corrugated,2,4143.45,5.92,7796.32,6420.82,1375.5,completed,Wire Transfer,Direct Sales,4,4.2
ORD-01505,2023-01-02,CUST-0112,Delta Group 112,East,Kolkata,SUP-060,Nova Supplies 60,North,PROD-0037,Polymers Model 1,Raw Materials,Polymers,2,3640.02,12.35,638.1,4080.0,-177.9,cancelled,Net-30,Online,,
ORD-01506,2025-05-13,CUST-0037,Delta Enterprises 37,East,Patna,SUP-027,Orbit Trading 27,East,PROD-0013,CNC Parts Model 1,Industrial Equipment,CNC Parts,1,2949.83,20.45,234.66,2418.77,-249.09,cancelled,Wire Transfer,Marketplace,,
ORD-01507,2024-04-18,CUST-0135,Foxtrot Enterprises 135,North,Chandigarh,SUP-025,Orbit Industries 25,North,PROD-0050,Corrugated Model 2,Packaging,Corrugated,2,718.81,13.1,1249.29,1051.92,197.37,completed,Letter of Credit,Direct Sales,9,4.1
ORD-01508,2023-12-10,CUST-0206,Delta Group 206,South,Kochi,SUP-045,Nova Trading 45,North,PROD-0011,Compressors Model 3,Industrial Equipment,Compressors,5,5679.18,0.0,28395.9,22185.57,6210.33,completed,Wire Transfer,Partner,5,4.1
ORD-01509,2024-07-29,CUST-0033,Echo Ltd 33,West,Pune,SUP-023,Prime Industries 23,West,PROD-0007,Conveyors Model 3,Industrial Equipment,Conveyors,10,1689.86,15.34,14306.35,12955.37,1350.98,completed,Letter of Credit,Online,3,
ORD-01510,2025-09-04,CUST-0229,Gamma Enterprises 229,Central,Indore,SUP-050,Orbit Trading 50,North,PROD-0052,Corrugated Model 4,Packaging,Corrugated,2,4815.0,0.0,0.0,7870.57,-1574.11,cancelled,Net-30,Marketplace,,
ORD-01511,2024-12-29,CUST-0030,Alpha Corp 30,North,Chandigarh,SUP-015,Prime Industries 15,North,PROD-0014,CNC Parts Model 2,Industrial Equipment,CNC Parts,1,2500.97,0.0,2500.97,1988.74,512.23,completed,Credit Card,Online,5,4.1
ORD-01512,2024-12-22,CUST-0222,Gamma Corp 222,East,Bhubaneswar,SUP-017,Prime Trading 17,East,PROD-0041,Chemicals Model 1,Raw Materials,Chemicals,1,1690.01,0.0,1690.01,1309.26,380.75,completed,UPI,Online,5,4.2
ORD-01513,2025-12-12,CUST-0215,Gamma Pvt Ltd 215,North,Jaipur,SUP-050,Orbit Trading 50,North,PROD-0053,Films Model 1,Packaging,Films,3,1213.28,0.0,3639.84,3016.1,623.74,completed,Letter of Credit,Online,9,3.2
ORD-01514,2023-12-18,CUST-0201,Gamma Ltd 201,South,Kochi,SUP-011,Apex Solutions 11,South,PROD-0007,Conveyors Model 3,Industrial Equipment,Conveyors,10,1460.97,15.7,12315.98,11515.76,800.22,completed,Wire Transfer,Marketplace,8,4.4
ORD-01515,2023-04-26,CUST-0062,Echo Corp 62,East,Kolkata,SUP-016,Nova Manufacturing 16,South,PROD-0010,Compressors Model 2,Industrial Equipment,Compressors,4,3069.31,0.62,12201.12,10247.95,1953.17,completed,Net-30,Partner,7,5.0
ORD-01516,2023-09-11,CUST-0265,Beta Pvt Ltd 265,North,Delhi,SUP-033,Nova Industries 33,West,PROD-0029,Power Supplies Model 1,Electronics,Power Supplies,6,2256.61,0.0,13539.66,8681.45,4858.21,completed,Wire Transfer,Direct Sales,10,5.0
ORD-01517,2023-05-17,CUST-0075,Foxtrot Group 75,North,Delhi,SUP-050,Orbit Trading 50,North,PROD-0044,Chemicals Model 4,Raw Materials,Chemicals,2,4655.05,0.0,9310.1,6658.19,2651.91,completed,Net-30,Marketplace,3,3.1
ORD-01518,2025-03-20,CUST-0216,Alpha Ltd 216,South,Chennai,SUP-058,Zenith Solutions 58,West,PROD-0014,CNC Parts Model 2,Industrial Equipment,CNC Parts,4,2127.09,0.0,8508.36,6206.88,2301.48,completed,Credit Card,Direct Sales,7,5.0
ORD-01519,2024-11-22,CUST-0285,Delta Ltd 285,North,Chandigarh,SUP-020,Apex Manufacturing 20,North,PROD-0013,CNC Parts Model 1,Industrial Equipment,CNC Parts,1,3348.88,16.2,2806.36,2724.33,82.03,completed,UPI,Partner,7,3.1
ORD-01520,2023-12-27,CUST-0186,Echo Ltd 186,South,Bengaluru,SUP-038,Summit Trading 38,West,PROD-0069,Warehousing Model 1,Logistics Services,Warehousing,1,392.8,0.0,392.8,320.93,71.87,completed,Wire Transfer,Partner,6,3.4
ORD-01521,2023-10-06,CUST-0048,Beta Enterprises 48,West,Surat,SUP-043,Zenith Trading 43,West,PROD-0009,Compressors Model 1,Industrial Equipment,Compressors,6,240.32,12.91,1255.77,820.86,434.91,completed,Credit Card,Direct Sales,10,4.8
ORD-01522,2023-05-06,CUST-0157,Delta Enterprises 157,East,Bhubaneswar,SUP-012,Nova Solutions 12,East,PROD-0022,Controllers Model 2,Electronics,Controllers,6,4897.83,0.0,2938.7,17933.22,-647.94,cancelled,UPI,Direct Sales,,
ORD-01523,2024-07-08,CUST-0095,Beta Ltd 95,North,Chandigarh,SUP-028,Summit Solutions 28,West,PROD-0041,Chemicals Model 1,Raw Materials,Chemicals,4,1753.63,6.52,6557.17,5225.07,1332.1,completed,Net-30,Direct Sales,11,
ORD-01524,2024-11-19,CUST-0189,Echo Enterprises 189,Central,Nagpur,SUP-049,Apex Supplies 49,Central,PROD-0040,Polymers Model 4,Raw Materials,Polymers,2,4542.93,20.85,7191.46,6362.66,828.8,completed,Letter of Credit,Partner,4,4.4
ORD-01525,2023-10-02,CUST-0053,Beta Corp 53,West,Ahmedabad,SUP-028,Summit Solutions 28,West,PROD-0025,Cables Model 1,Electronics,Cables,4,4534.28,0.0,18137.12,14611.08,3526.04,pending,Net-30,Partner,,
ORD-01526,2023-05-25,CUST-0048,Beta Enterprises 48,West,Surat,SUP-040,Orbit Supplies 40,North,PROD-0008,Conveyors Model 4,Industrial Equipment,Conveyors,7,4247.15,0.0,29730.05,24908.92,4821.13,pending,Credit Card,Direct Sales,,
ORD-01527,2025-09-10,CUST-0163,Delta Pvt Ltd 163,West,Mumbai,SUP-048,Zenith Trading 48,West,PROD-0035,Steel Model 3,Raw Materials,Steel,8,3122.51,0.0,24980.08,15281.85,9698.23,completed,UPI,Direct Sales,4,4.6
ORD-01528,2023-02-03,CUST-0086,Foxtrot Enterprises 86,South,Chennai,SUP-016,Nova Manufacturing 16,South,PROD-0030,Power Supplies Model 2,Electronics,Power Supplies,2,3909.13,21.56,6132.64,4620.41,1512.23,pending,Letter of Credit,Direct Sales,,
ORD-01529,2024-01-27,CUST-0157,Delta Enterprises 157,East,Bhubaneswar,SUP-052,Zenith Manufacturing 52,East,PROD-0020,Sensors Model 4,Electronics,Sensors,1,416.38,0.0,416.38,330.03,86.35,completed,Letter of Credit,Direct Sales,7,4.7
ORD-01530,2024-08-12,CUST-0122,Echo Group 122,East,Bhubaneswar,SUP-037,Prime Supplies 37,East,PROD-0048,Alloys Model 4,Raw Materials,Alloys,1,478.1,13.55,413.32,301.07,112.25,completed,UPI,Direct Sales,8,4.6
ORD-01531,2024-07-11,CUST-0284,Beta Enterprises 284,Central,Raipur,SUP-004,Nova Industries 4,Central,PROD-0058,Labels Model 2,Packaging,Labels,8,4440.23,0.0,35521.84,26909.12,8612.72,completed,Credit Card,Direct Sales,11,3.0
ORD-01532,2023-04-02,CUST-0292,Delta Pvt Ltd 292,East,Guwahati,SUP-047,Apex Trading 47,East,PROD-0055,Films Model 3,Packaging,Films,2,3460.93,0.0,6921.86,4467.47,2454.39,completed,Wire Transfer,Online,6,4.5
ORD-01533,2025-04-03,CUST-0020,Foxtrot Enterprises 20,North,Chandigarh,SUP-052,Zenith Manufacturing 52,East,PROD-0076,Last Mile Model 4,Logistics Services,Last Mile,1,4240.79,6.97,3945.21,3620.65,324.56,completed,UPI,Partner,5,3.4
ORD-01534,2023-04-16,CUST-0234,Echo Enterprises 234,Central,Indore,SUP-059,Zenith Trading 59,Central,PROD-0014,CNC Parts Model 2,Industrial Equipment,CNC Parts,28,2034.08,0.0,56954.24,44716.21,12238.03,completed,Credit Card,Online,9,4.4
ORD-01535,2025-06-04,CUST-0014,Echo Pvt Ltd 14,Central,Indore,SUP-014,Zenith Solutions 14,Central,PROD-0068,Freight Model 4,Logistics Services,Freight,11,4508.06,0.0,49588.66,30134.42,19454.24,completed,Letter of Credit,Marketplace,6,4.1
ORD-01536,2025-06-09,CUST-0011,Foxtrot Pvt Ltd 11,South,Bengaluru,SUP-025,Orbit Industries 25,North,PROD-0063,Pallets Model 3,Packaging,Pallets,1,3653.65,6.39,0.0,2875.45,-575.09,cancelled,Letter of Credit,Partner,,
ORD-01537,2025-09-19,CUST-0010,Echo Ltd 10,North,Jaipur,SUP-060,Nova Supplies 60,North,PROD-0036,Steel Model 4,Raw Materials,Steel,2,3177.03,0.0,6354.06,5017.33,1336.73,completed,Net-30,Direct Sales,6,4.3
ORD-01538,2024-05-07,CUST-0288,Alpha Pvt Ltd 288,West,Ahmedabad,SUP-038,Summit Trading 38,West,PROD-0069,Warehousing Model 1,Logistics Services,Warehousing,1,367.07,1.69,360.87,287.65,73.22,pending,Letter of Credit,Partner,,
ORD-01539,2024-05-25,CUST-0252,Delta Corp 252,East,Patna,SUP-012,Nova Solutions 12,East,PROD-0049,Corrugated Model 1,Packaging,Corrugated,9,4115.27,0.0,37037.43,22903.86,14133.57,completed,UPI,Online,4,4.0
ORD-01540,2024-03-02,CUST-0198,Gamma Enterprises 198,West,Mumbai,SUP-043,Zenith Trading 43,West,PROD-0045,Alloys Model 1,Raw Materials,Alloys,6,4723.19,0.0,28339.14,20204.68,8134.46,completed,Net-30,Direct Sales,9,4.1
ORD-01541,2024-03-17,CUST-0251,Beta Pvt Ltd 251,South,Bengaluru,SUP-041,Orbit Supplies 41,South,PROD-0049,Corrugated Model 1,Packaging,Corrugated,2,3738.12,1.89,7334.94,4617.33,2717.61,completed,Letter of Credit,Partner,6,5.0
ORD-01542,2023-07-01,CUST-0207,Foxtrot Enterprises 207,East,Bhubaneswar,SUP-047,Apex Trading 47,East,PROD-0049,Corrugated Model 1,Packaging,Corrugated,5,3473.42,0.39,0.0,10331.76,-2066.35,cancelled,UPI,Online,,
ORD-01543,2025-04-26,CUST-0230,Alpha Enterprises 230,North,Delhi,SUP-054,Nova Supplies 54,Central,PROD-0016,CNC Parts Model 4,Industrial Equipment,CNC Parts,1,4051.76,0.0,4051.76,2500.55,1551.21,completed,UPI,Partner,9,3.7
ORD-01544,2024-07-12,CUST-0022,Beta Group 22,East,Guwahati,SUP-042,Nova Manufacturing 42,East,PROD-0078,Cold Chain Model 2,Logistics Services,Cold Chain,6,834.41,0.0,5006.46,3334.25,1672.21,completed,Letter of Credit,Partner,5,3.2
ORD-01545,2024-07-30,CUST-0071,Gamma Corp 71,South,Chennai,SUP-016,Nova Manufacturing 16,South,PROD-0058,Labels Model 2,Packaging,Labels,3,4766.28,5.95,0.0,10933.4,-2186.68,cancelled,Credit Card,Partner,,
ORD-01546,2024-03-01,CUST-0077,Gamma Corp 77,East,Bhubaneswar,SUP-037,Prime Supplies 37,East,PROD-0054,Films Model 2,Packaging,Films,2,2462.64,0.15,4917.89,3999.78,918.11,completed,Credit Card,Online,5,3.7
ORD-01547,2025-12-11,CUST-0024,Foxtrot Pvt Ltd 24,Central,Raipur,SUP-024,Summit Manufacturing 24,Central,PROD-0005,Conveyors Model 1,Industrial Equipment,Conveyors,2,4613.91,6.44,8633.55,7318.45,1315.1,completed,UPI,Partner,12,4.0
ORD-01548,2023-03-17,CUST-0126,Delta Enterprises 126,South,Hyderabad,SUP-011,Apex Solutions 11,South,PROD-0026,Cables Model 2,Electronics,Cables,2,3645.47,0.0,7290.94,4469.97,2820.97,completed,Credit Card,Online,6,4.3
ORD-01549,2024-10-05,CUST-0031,Alpha Group 31,South,Hyderabad,SUP-053,Nova Trading 53,West,PROD-0040,Polymers Model 4,Raw Materials,Polymers,6,4106.34,0.0,24638.04,17855.99,6782.05,pending,Credit Card,Online,,
ORD-01550,2025-07-07,CUST-0281,Delta Corp 281,South,Bengaluru,SUP-026,Zenith Industries 26,South,PROD-0065,Freight Model 1,Logistics Services,Freight,6,5326.78,0.62,31762.52,18256.81,13505.71,completed,UPI,Marketplace,5,4.2
ORD-01551,2025-02-02,CUST-0001,Alpha Corp 1,South,Kochi,SUP-036,Nova Trading 36,South,PROD-0075,Last Mile Model 3,Logistics Services,Last Mile,2,2514.75,1.42,4958.08,3594.97,1363.11,completed,Letter of Credit,Partner,6,3.4
ORD-01552,2025-05-15,CUST-0009,Delta Corp 9,Central,Bhopal,SUP-049,Apex Supplies 49,Central,PROD-0009,Compressors Model 1,Industrial Equipment,Compressors,10,244.3,1.15,2414.91,1350.02,1064.89,completed,UPI,Direct Sales,11,3.3
ORD-01553,2023-07-04,CUST-0274,Foxtrot Enterprises 274,Central,Raipur,SUP-014,Zenith Solutions 14,Central,PROD-0009,Compressors Model 1,Industrial Equipment,Compressors,11,226.34,5.9,2342.85,1384.05,958.8,completed,Wire Transfer,Partner,6,5.0
ORD-01554,2025-10-30,CUST-0234,Echo Enterprises 234,Central,Indore,SUP-024,Summit Manufacturing 24,Central,PROD-0017,Sensors Model 1,Electronics,Sensors,1,1849.26,1.83,1815.42,1067.76,747.66,completed,Credit Card,Marketplace,4,4.2
ORD-01555,2024-07-01,CUST-0212,Delta Group 212,East,Patna,SUP-037,Prime Supplies 37,East,PROD-0062,Pallets Model 2,Packaging,Pallets,1,2777.39,0.71,2757.67,1882.46,875.21,completed,Letter of Credit,Online,13,3.0
ORD-01556,2024-12-04,CUST-0179,Echo Ltd 179,Central,Indore,SUP-049,Apex Supplies 49,Central,PROD-0068,Freight Model 4,Logistics Services,Freight,3,4916.92,0.0,14750.76,9185.55,5565.21,completed,Letter of Credit,Partner,10,
ORD-01557,2024-12-07,CUST-0039,Alpha Enterprises 39,Central,Indore,SUP-036,Nova Trading 36,South,PROD-0049,Corrugated Model 1,Packaging,Corrugated,2,4206.69,0.0,8413.38,5008.2,3405.18,completed,Credit Card,Direct Sales,7,3.7
ORD-01558,2023-12-21,CUST-0160,Delta Enterprises 160,North,Jaipur,SUP-050,Orbit Trading 50,North,PROD-0012,Compressors Model 4,Industrial Equipment,Compressors,1,2120.74,0.0,2120.74,1288.28,832.46,pending,Net-30,Direct Sales,,
ORD-01559,2023-07-28,CUST-0053,Beta Corp 53,West,Ahmedabad,SUP-057,Summit Solutions 57,East,PROD-0048,Alloys Model 4,Raw Materials,Alloys,2,567.86,0.0,1135.72,749.88,385.84,pending,Wire Transfer,Online,,
ORD-01560,2023-05-09,CUST-0264,Gamma Pvt Ltd 264,Central,Raipur,SUP-039,Summit Industries 39,Central,PROD-0025,Cables Model 1,Electronics,Cables,4,3881.15,10.72,13860.36,13180.25,680.11,completed,Net-30,Partner,6,
ORD-01561,2024-10-16,CUST-0006,Foxtrot Corp 6,South,Bengaluru,SUP-041,Orbit Supplies 41,South,PROD-0012,Compressors Model 4,Industrial Equipment,Compressors,16,2202.15,0.0,3523.44,20017.39,-480.04,cancelled,UPI,Marketplace,,
ORD-01562,2025-04-12,CUST-0222,Gamma Corp 222,East,Bhubaneswar,SUP-022,Prime Solutions 22,East,PROD-0042,Chemicals Model 2,Raw Materials,Chemicals,1,3571.43,0.0,3571.43,2582.38,989.05,completed,Net-30,Direct Sales,12,3.6
ORD-01563,2024-05-27,CUST-0029,Alpha Corp 29,Central,Indore,SUP-054,Nova Supplies 54,Central,PROD-0011,Compressors Model 3,Industrial Equipment,Compressors,11,5256.4,21.27,45522.0,43233.23,2288.77,pending,Wire Transfer,Online,,
ORD-01564,2025-02-20,CUST-0208,Delta Corp 208,West,Surat,SUP-033,Nova Industries 33,West,PROD-0065,Freight Model 1,Logistics Services,Freight,6,4984.4,13.67,25818.2,17539.89,8278.31,completed,Net-30,Marketplace,7,4.1
ORD-01565,2024-12-21,CUST-0294,Beta Enterprises 294,Central,Raipur,SUP-046,Apex Supplies 46,South,PROD-0012,Compressors Model 4,Industrial Equipment,Compressors,1,2104.96,0.0,210.5,1236.26,-36.75,cancelled,UPI,Direct Sales,,
ORD-01566,2024-11-26,CUST-0068,Delta Group 68,West,Mumbai,SUP-038,Summit Trading 38,West,PROD-0007,Conveyors Model 3,Industrial Equipment,Conveyors,1,1474.58,0.0,147.46,1124.82,-77.5,cancelled,Letter of Credit,Marketplace,,
ORD-01567,2025-11-14,CUST-0066,Beta Pvt Ltd 66,South,Kochi,SUP-016,Nova Manufacturing 16,South,PROD-0072,Warehousing Model 4,Logistics Services,Warehousing,2,4481.04,0.0,8962.08,5485.78,3476.3,completed,Wire Transfer,Marketplace,11,
ORD-01568,2025-03-28,CUST-0009,Delta Corp 9,Central,Bhopal,SUP-003,Nova Supplies 3,West,PROD-0037,Polymers Model 1,Raw Materials,Polymers,6,3753.4,6.77,20995.77,12416.79,8578.98,pending,Letter of Credit,Partner,,
ORD-01569,2024-06-15,CUST-0022,Beta Group 22,East,Guwahati,SUP-002,Apex Trading 2,East,PROD-0033,Steel Model 1,Raw Materials,Steel,1,3133.23,0.0,3133.23,2639.28,493.95,completed,Net-30,Marketplace,7,4.4
ORD-01570,2024-05-01,CUST-0069,Alpha Group 69,Central,Indore,SUP-044,Summit Solutions 44,Central,PROD-0063,Pallets Model 3,Packaging,Pallets,3,3657.71,13.39,9503.83,8587.81,916.02,pending,Credit Card,Direct Sales,,
ORD-01571,2025-07-04,CUST-0200,Gamma Corp 200,North,Lucknow,SUP-004,Nova Industries 4,Central,PROD-0054,Films Model 2,Packaging,Films,5,2424.31,0.0,0.0,9582.33,-1916.47,cancelled,Credit Card,Online,,
ORD-01572,2024-10-22,CUST-0110,Gamma Pvt Ltd 110,North,Lucknow,SUP-020,Apex Manufacturing 20,North,PROD-0043,Chemicals Model 3,Raw Materials,Chemicals,14,4031.88,0.0,56446.32,43464.26,12982.06,completed,Letter of Credit,Partner,6,3.2
ORD-01573,2025-01-04,CUST-0158,Echo Enterprises 158,West,Mumbai,SUP-058,Zenith Solutions 58,West,PROD-0016,CNC Parts Model 4,Industrial Equipment,CNC Parts,2,3639.49,5.88,6850.98,4672.3,2178.68,completed,Wire Transfer,Online,12,2.9
ORD-01574,2025-04-27,CUST-0289,Echo Group 289,Central,Nagpur,SUP-019,Prime Industries 19,Central,PROD-0017,Sensors Model 1,Electronics,Sensors,6,2099.74,21.52,0.0,7407.54,-1481.51,cancelled,Net-30,Marketplace,,
ORD-01575,2023-12-04,CUST-0077,Gamma Corp 77,East,Bhubaneswar,SUP-012,Nova Solutions 12,East,PROD-0048,Alloys Model 4,Raw Materials,Alloys,7,528.85,0.0,3701.95,2283.18,1418.77,completed,Credit Card,Direct Sales,5,2.6
ORD-01576,2025-05-15,CUST-0079,Gamma Pvt Ltd 79,Central,Bhopal,SUP-019,Prime Industries 19,Central,PROD-0006,Conveyors Model 2,Industrial Equipment,Conveyors,11,4332.89,0.0,47661.79,32221.99,15439.8,completed,Credit Card,Marketplace,3,4.2
ORD-01577,2025-09-05,CUST-0143,Delta Group 143,West,Ahmedabad,SUP-043,Zenith Trading 43,West,PROD-0029,Power Supplies Model 1,Electronics,Power Supplies,6,2190.62,5.71,12393.21,7969.3,4423.91,completed,Net-30,Direct Sales,5,4.7
ORD-01578,2023-11-17,CUST-0258,Foxtrot Group 258,West,Pune,SUP-032,Prime Industries 32,East,PROD-0036,Steel Model 4,Raw Materials,Steel,5,2941.57,0.0,14707.85,11651.91,3055.94,pending,UPI,Marketplace,,
ORD-01579,2025-01-03,CUST-0166,Delta Group 166,South,Bengaluru,SUP-054,Nova Supplies 54,Central,PROD-0016,CNC Parts Model 4,Industrial Equipment,CNC Parts,4,3848.41,12.71,13437.11,9642.84,3794.27,completed,Letter of Credit,Marketplace,7,3.4
ORD-01580,2024-01-28,CUST-0226,Alpha Group 226,South,Bengaluru,SUP-031,Apex Supplies 31,South,PROD-0031,Power Supplies Model 3,Electronics,Power Supplies,3,2118.58,0.0,0.0,4223.11,-844.62,cancelled,Credit Card,Online,,
ORD-01581,2023-04-10,CUST-0168,Delta Ltd 168,West,Pune,SUP-053,Nova Trading 53,West,PROD-0020,Sensors Model 4,Electronics,Sensors,3,484.08,0.96,1438.3,1167.55,270.75,completed,Credit Card,Online,3,3.7
ORD-01582,2024-05-10,CUST-0260,Beta Enterprises 260,North,Delhi,SUP-018,Nova Supplies 18,West,PROD-0002,Pump Systems Model 2,Industrial Equipment,Pump Systems,3,906.56,0.0,2719.68,1867.35,852.33,completed,UPI,Online,2,5.0
ORD-01583,2025-04-05,CUST-0178,Beta Enterprises 178,West,Pune,SUP-023,Prime Industries 23,West,PROD-0054,Films Model 2,Packaging,Films,1,2734.98,12.97,2380.25,2115.56,264.69,completed,Net-30,Direct Sales,5,3.8
ORD-01584,2024-12-15,CUST-0203,Gamma Pvt Ltd 203,West,Ahmedabad,SUP-055,Summit Solutions 55,North,PROD-0039,Polymers Model 3,Raw Materials,Polymers,3,4854.66,0.0,14563.98,9557.9,5006.08,pending,UPI,Marketplace,,
ORD-01585,2023-02-10,CUST-0079,Gamma Pvt Ltd 79,Central,Bhopal,SUP-024,Summit Manufacturing 24,Central,PROD-0006,Conveyors Model 2,Industrial Equipment,Conveyors,32,4571.66,0.0,146293.12,97693.54,48599.58,completed,Letter of Credit,Direct Sales,5,3.4
ORD-01586,2023-02-15,CUST-0046,Alpha Ltd 46,South,Bengaluru,SUP-025,Orbit Industries 25,North,PROD-0024,Controllers Model 4,Electronics,Controllers,2,1350.66,12.01,2376.89,1502.48,874.41,completed,Letter of Credit,Online,9,2.9
ORD-01587,2024-02-26,CUST-0259,Foxtrot Pvt Ltd 259,Central,Indore,SUP-039,Summit Industries 39,Central,PROD-0048,Alloys Model 4,Raw Materials,Alloys,1,531.88,6.21,498.85,328.25,170.6,completed,Letter of Credit,Direct Sales,5,3.4
ORD-01588,2024-10-15,CUST-0267,Foxtrot Enterprises 267,East,Patna,SUP-049,Apex Supplies 49,Central,PROD-0032,Power Supplies Model 4,Electronics,Power Supplies,6,1276.31,15.87,6442.56,5459.0,983.56,pending,Letter of Credit,Online,,
ORD-01589,2025-06-03,CUST-0247,Foxtrot Group 247,East,Patna,SUP-027,Orbit Trading 27,East,PROD-0039,Polymers Model 3,Raw Materials,Polymers,5,4874.45,0.0,2437.22,15196.52,-602.08,cancelled,Letter of Credit,Marketplace,,
ORD-01590,2024-05-08,CUST-0253,Foxtrot Pvt Ltd 253,West,Surat,SUP-033,Nova Industries 33,West,PROD-0073,Last Mile Model 1,Logistics Services,Last Mile,6,2620.69,0.0,15724.14,9094.8,6629.34,completed,Letter of Credit,Marketplace,6,4.4
ORD-01591,2024-08-12,CUST-0239,Foxtrot Ltd 239,Central,Bhopal,SUP-004,Nova Industries 4,Central,PROD-0007,Conveyors Model 3,Industrial Equipment,Conveyors,1,1557.73,0.0,1557.73,1160.27,397.46,completed,Net-30,Marketplace,5,3.7
ORD-01592,2024-11-04,CUST-0069,Alpha Group 69,Central,Indore,SUP-029,Prime Solutions 29,Central,PROD-0060,Labels Model 4,Packaging,Labels,2,3854.52,15.62,6504.89,5031.74,1473.15,pending,Net-30,Marketplace,,
ORD-01593,2024-12-05,CUST-0110,Gamma Pvt Ltd 110,North,Lucknow,SUP-021,Apex Trading 21,South,PROD-0020,Sensors Model 4,Electronics,Sensors,11,503.36,1.67,5444.49,4570.1,874.39,completed,Net-30,Online,2,4.2
ORD-01594,2024-09-10,CUST-0210,Foxtrot Ltd 210,North,Lucknow,SUP-015,Prime Industries 15,North,PROD-0068,Freight Model 4,Logistics Services,Freight,18,4257.09,0.48,76259.81,48375.52,27884.29,completed,Net-30,Marketplace,4,4.3
ORD-01595,2024-11-27,CUST-0228,Gamma Ltd 228,West,Surat,SUP-007,Zenith Industries 7,East,PROD-0033,Steel Model 1,Raw Materials,Steel,3,3199.7,5.25,0.0,8015.55,-1603.11,cancelled,Credit Card,Direct Sales,,
ORD-01596,2023-03-05,CUST-0256,Delta Pvt Ltd 256,South,Bengaluru,SUP-024,Summit Manufacturing 24,Central,PROD-0052,Corrugated Model 4,Packaging,Corrugated,4,4136.64,0.0,16546.56,13376.14,3170.42,completed,Credit Card,Marketplace,6,3.9
ORD-01597,2025-03-25,CUST-0236,Delta Pvt Ltd 236,South,Kochi,SUP-051,Nova Manufacturing 51,South,PROD-0035,Steel Model 3,Raw Materials,Steel,1,3556.96,20.63,2823.16,2289.69,533.47,pending,Wire Transfer,Online,,
ORD-01598,2024-02-10,CUST-0187,Foxtrot Pvt Ltd 187,East,Kolkata,SUP-017,Prime Trading 17,East,PROD-0071,Warehousing Model 3,Logistics Services,Warehousing,9,2094.45,0.0,18850.05,10993.88,7856.17,completed,Net-30,Marketplace,7,3.3
ORD-01599,2024-12-08,CUST-0024,Foxtrot Pvt Ltd 24,Central,Raipur,SUP-039,Summit Industries 39,Central,PROD-0017,Sensors Model 1,Electronics,Sensors,3,2086.05,0.0,6258.15,3615.15,2643.0,completed,Credit Card,Partner,9,3.0
ORD-01600,2025-04-27,CUST-0098,Foxtrot Ltd 98,West,Surat,SUP-038,Summit Trading 38,West,PROD-0040,Polymers Model 4,Raw Materials,Polymers,3,4219.08,5.63,11944.64,9463.31,2481.33,completed,Net-30,Online,1,
ORD-01601,2025-01-17,CUST-0101,Beta Enterprises 101,South,Chennai,SUP-055,Summit Solutions 55,North,PROD-0002,Pump Systems Model 2,Industrial Equipment,Pump Systems,1,879.4,0.0,0.0,624.19,-124.84,cancelled,Letter of Credit,Direct Sales,,
ORD-01602,2023-05-20,CUST-0200,Gamma Corp 200,North,Lucknow,SUP-033,Nova Industries 33,West,PROD-0023,Controllers Model 3,Electronics,Controllers,4,2524.82,0.0,10099.28,6606.14,3493.14,completed,UPI,Marketplace,9,4.7
ORD-01603,2023-11-22,CUST-0299,Echo Enterprises 299,Central,Indore,SUP-014,Zenith Solutions 14,Central,PROD-0017,Sensors Model 1,Electronics,Sensors,5,1840.6,0.0,9203.0,5366.45,3836.55,completed,UPI,Direct Sales,7,3.8
ORD-01604,2024-10-11,CUST-0171,Gamma Enterprises 171,South,Hyderabad,SUP-056,Orbit Trading 56,South,PROD-0040,Polymers Model 4,Raw Materials,Polymers,2,4233.73,11.4,7502.17,6001.35,1500.82,completed,Credit Card,Partner,5,5.0
ORD-01605,2024-03-19,CUST-0044,Alpha Enterprises 44,Central,Bhopal,SUP-039,Summit Industries 39,Central,PROD-0025,Cables Model 1,Electronics,Cables,1,4461.96,0.0,4461.96,3514.11,947.85,pending,UPI,Marketplace,,
ORD-01606,2024-02-11,CUST-0263,Delta Pvt Ltd 263,West,Mumbai,SUP-008,Apex Industries 8,West,PROD-0069,Warehousing Model 1,Logistics Services,Warehousing,8,387.49,0.52,3083.8,2476.61,607.19,completed,Credit Card,Online,7,
ORD-01607,2023-01-22,CUST-0095,Beta Ltd 95,North,Chandigarh,SUP-045,Nova Trading 45,North,PROD-0027,Cables Model 3,Electronics,Cables,2,2527.39,0.0,5054.78,3298.51,1756.27,completed,Credit Card,Direct Sales,11,4.0
ORD-01608,2024-01-15,CUST-0239,Foxtrot Ltd 239,Central,Bhopal,SUP-059,Zenith Trading 59,Central,PROD-0078,Cold Chain Model 2,Logistics Services,Cold Chain,1,831.75,0.0,831.75,568.64,263.11,completed,Letter of Credit,Marketplace,10,
ORD-01609,2025-03-03,CUST-0288,Alpha Pvt Ltd 288,West,Ahmedabad,SUP-023,Prime Industries 23,West,PROD-0014,CNC Parts Model 2,Industrial Equipment,CNC Parts,2,2046.7,0.0,4093.4,3156.78,936.62,pending,Net-30,Partner,,
ORD-01610,2024-05-27,CUST-0206,Delta Group 206,South,Kochi,SUP-031,Apex Supplies 31,South,PROD-0060,Labels Model 4,Packaging,Labels,1,4034.0,6.22,3783.09,2533.73,1249.36,completed,UPI,Online,8,3.2
ORD-01611,2023-07-24,CUST-0118,Echo Pvt Ltd 118,West,Ahmedabad,SUP-028,Summit Solutions 28,West,PROD-0015,CNC Parts Model 3,Industrial Equipment,CNC Parts,12,4129.76,0.0,0.0,28603.45,-5720.69,cancelled,Wire Transfer,Marketplace,,
ORD-01612,2024-05-24,CUST-0279,Echo Corp 279,Central,Nagpur,SUP-034,Zenith Trading 34,Central,PROD-0060,Labels Model 4,Packaging,Labels,3,4598.02,0.0,13794.06,8706.33,5087.73,completed,Net-30,Direct Sales,5,3.6
ORD-01613,2025-01-21,CUST-0206,Delta Group 206,South,Kochi,SUP-009,Nova Supplies 9,Central,PROD-0023,Controllers Model 3,Electronics,Controllers,2,2540.73,0.0,5081.46,3185.17,1896.29,completed,Letter of Credit,Direct Sales,7,3.3
ORD-01614,2023-01-09,CUST-0102,Gamma Ltd 102,East,Patna,SUP-024,Summit Manufacturing 24,Central,PROD-0070,Warehousing Model 2,Logistics Services,Warehousing,32,4314.93,0.0,138077.76,89688.13,48389.63,completed,Net-30,Online,4,4.5
ORD-01615,2023-07-01,CUST-0246,Alpha Ltd 246,South,Kochi,SUP-021,Apex Trading 21,South,PROD-0049,Corrugated Model 1,Packaging,Corrugated,1,3698.62,1.47,3644.25,2185.5,1458.75,pending,Wire Transfer,Direct Sales,,
ORD-01616,2024-11-25,CUST-0097,Foxtrot Pvt Ltd 97,East,Bhubaneswar,SUP-027,Orbit Trading 27,East,PROD-0048,Alloys Model 4,Raw Materials,Alloys,17,506.35,0.0,8607.95,5733.76,2874.19,pending,Letter of Credit,Marketplace,,
ORD-01617,2024-09-13,CUST-0052,Beta Ltd 52,East,Guwahati,SUP-037,Prime Supplies 37,East,PROD-0011,Compressors Model 3,Industrial Equipment,Compressors,3,4529.25,16.82,11302.29,10930.92,371.37,completed,UPI,Online,9,4.3
ORD-01618,2025-07-06,CUST-0169,Gamma Enterprises 169,Central,Indore,SUP-034,Zenith Trading 34,Central,PROD-0033,Steel Model 1,Raw Materials,Steel,24,3062.67,0.0,73504.08,60502.85,13001.23,pending,UPI,Partner,,
ORD-01619,2025-07-20,CUST-0060,Alpha Group 60,North,Lucknow,SUP-030,Nova Industries 30,North,PROD-0052,Corrugated Model 4,Packaging,Corrugated,2,5094.89,5.45,9634.44,8000.25,1634.19,completed,Credit Card,Marketplace,5,3.2
ORD-01620,2025-10-20,CUST-0122,Echo Group 122,East,Bhubaneswar,SUP-017,Prime Trading 17,East,PROD-0023,Controllers Model 3,Electronics,Controllers,4,2582.71,0.0,10330.84,6361.28,3969.56,completed,Credit Card,Online,8,3.8
ORD-01621,2023-07-09,CUST-0155,Gamma Group 155,North,Lucknow,SUP-045,Nova Trading 45,North,PROD-0006,Conveyors Model 2,Industrial Equipment,Conveyors,1,4345.47,0.0,4345.47,2984.57,1360.9,pending,Net-30,Marketplace,,
ORD-01622,2024-09-04,CUST-0011,Foxtrot Pvt Ltd 11,South,Bengaluru,SUP-055,Summit Solutions 55,North,PROD-0038,Polymers Model 2,Raw Materials,Polymers,3,3341.2,0.0,10023.6,7314.48,2709.12,completed,Credit Card,Online,8,3.4
ORD-01623,2025-08-02,CUST-0248,Delta Corp 248,West,Pune,SUP-037,Prime Supplies 37,East,PROD-0061,Pallets Model 1,Packaging,Pallets,1,3854.8,0.0,3854.8,2118.79,1736.01,completed,Wire Transfer,Marketplace,9,4.8
ORD-01624,2025-05-03,CUST-0296,Delta Ltd 296,South,Kochi,SUP-041,Orbit Supplies 41,South,PROD-0044,Chemicals Model 4,Raw Materials,Chemicals,8,4419.06,13.06,30735.45,25712.36,5023.09,completed,Letter of Credit,Direct Sales,10,4.2
ORD-01625,2025-07-23,CUST-0209,Gamma Ltd 209,Central,Indore,SUP-044,Summit Solutions 44,Central,PROD-0017,Sensors Model 1,Electronics,Sensors,7,2012.54,0.0,14087.78,8683.95,5403.83,completed,Wire Transfer,Marketplace,4,
ORD-01626,2024-05-03,CUST-0074,Echo Group 74,Central,Nagpur,SUP-039,Summit Industries 39,Central,PROD-0060,Labels Model 4,Packaging,Labels,1,4394.44,0.11,4389.61,2881.12,1508.49,pending,Net-30,Online,,
ORD-01627,2024-08-11,CUST-0067,Gamma Corp 67,East,Guwahati,SUP-032,Prime Industries 32,East,PROD-0023,Controllers Model 3,Electronics,Controllers,4,2414.12,0.0,9656.48,6298.54,3357.94,completed,Wire Transfer,Online,7,4.6
ORD-01628,2024-06-13,CUST-0074,Echo Group 74,Central,Nagpur,SUP-049,Apex Supplies 49,Central,PROD-0030,Power Supplies Model 2,Electronics,Power Supplies,1,3839.97,0.0,3839.97,2446.3,1393.67,completed,Letter of Credit,Partner,5,
ORD-01629,2023-04-10,CUST-0067,Gamma Corp 67,East,Guwahati,SUP-037,Prime Supplies 37,East,PROD-0069,Warehousing Model 1,Logistics Services,Warehousing,2,354.35,10.48,634.43,577.11,57.32,completed,Net-30,Partner,9,4.2
ORD-01630,2024-06-08,CUST-0148,Gamma Enterprises 148,West,Pune,SUP-028,Summit Solutions 28,West,PROD-0032,Power Supplies Model 4,Electronics,Power Supplies,1,1332.34,0.0,1332.34,988.62,343.72,completed,Wire Transfer,Online,8,4.7
ORD-01631,2025-12-21,CUST-0166,Delta Group 166,South,Bengaluru,SUP-036,Nova Trading 36,South,PROD-0053,Films Model 1,Packaging,Films,1,1348.33,0.0,1348.33,1123.68,224.65,completed,Wire Transfer,Online,4,3.5
ORD-01632,2024-10-29,CUST-0118,Echo Pvt Ltd 118,West,Ahmedabad,SUP-009,Nova Supplies 9,Central,PROD-0022,Controllers Model 2,Electronics,Controllers,2,4660.48,0.0,9320.96,5301.81,4019.15,completed,Letter of Credit,Direct Sales,1,3.4
ORD-01633,2024-09-26,CUST-0277,Alpha Corp 277,East,Guwahati,SUP-037,Prime Supplies 37,East,PROD-0068,Freight Model 4,Logistics Services,Freight,2,4717.24,0.5,9387.31,5616.33,3770.98,completed,Credit Card,Marketplace,2,3.6
ORD-01634,2025-12-15,CUST-0296,Delta Ltd 296,South,Kochi,SUP-021,Apex Trading 21,South,PROD-0015,CNC Parts Model 3,Industrial Equipment,CNC Parts,1,4077.25,10.16,3663.0,2193.31,1469.69,completed,Credit Card,Direct Sales,4,
ORD-01635,2024-07-18,CUST-0082,Gamma Corp 82,East,Guwahati,SUP-042,Nova Manufacturing 42,East,PROD-0001,Pump Systems Model 1,Industrial Equipment,Pump Systems,6,2026.14,0.0,12156.84,8681.21,3475.63,completed,Credit Card,Online,2,3.9
ORD-01636,2023-04-15,CUST-0138,Delta Ltd 138,West,Mumbai,SUP-013,Zenith Supplies 13,West,PROD-0060,Labels Model 4,Packaging,Labels,4,3727.91,15.51,12598.84,9513.85,3084.99,completed,Letter of Credit,Partner,7,
ORD-01637,2025-12-31,CUST-0150,Gamma Pvt Ltd 150,North,Chandigarh,SUP-060,Nova Supplies 60,North,PROD-0025,Cables Model 1,Electronics,Cables,3,4539.15,0.0,13617.45,10854.17,2763.28,completed,Credit Card,Partner,6,
ORD-01638,2023-07-24,CUST-0172,Delta Pvt Ltd 172,East,Patna,SUP-047,Apex Trading 47,East,PROD-0020,Sensors Model 4,Electronics,Sensors,1,426.33,0.0,426.33,340.4,85.93,completed,Credit Card,Online,4,3.6
ORD-01639,2023-11-13,CUST-0290,Beta Enterprises 290,North,Lucknow,SUP-050,Orbit Trading 50,North,PROD-0062,Pallets Model 2,Packaging,Pallets,1,2672.47,0.0,267.25,1751.23,-83.0,cancelled,Letter of Credit,Partner,,
ORD-01640,2025-09-03,CUST-0065,Beta Pvt Ltd 65,North,Jaipur,SUP-060,Nova Supplies 60,North,PROD-0020,Sensors Model 4,Electronics,Sensors,3,426.41,0.0,1279.23,1006.41,272.82,pending,Letter of Credit,Partner,,
ORD-01641,2023-06-20,CUST-0259,Foxtrot Pvt Ltd 259,Central,Indore,SUP-009,Nova Supplies 9,Central,PROD-0044,Chemicals Model 4,Raw Materials,Chemicals,2,3910.92,6.6,7305.6,5860.52,1445.08,pending,Net-30,Direct Sales,,
ORD-01642,2024-01-11,CUST-0010,Echo Ltd 10,North,Jaipur,SUP-030,Nova Industries 30,North,PROD-0043,Chemicals Model 3,Raw Materials,Chemicals,8,4034.03,0.0,32272.24,25249.43,7022.81,completed,Letter of Credit,Marketplace,5,5.0
ORD-01643,2025-06-08,CUST-0082,Gamma Corp 82,East,Guwahati,SUP-027,Orbit Trading 27,East,PROD-0077,Cold Chain Model 1,Logistics Services,Cold Chain,3,2280.37,16.46,5715.06,5146.25,568.81,completed,Net-30,Partner,6,3.3
ORD-01644,2024-09-21,CUST-0098,Foxtrot Ltd 98,West,Surat,SUP-013,Zenith Supplies 13,West,PROD-0044,Chemicals Model 4,Raw Materials,Chemicals,3,4802.95,15.22,12215.82,11070.45,1145.37,completed,Credit Card,Direct Sales,7,4.9
ORD-01645,2023-04-14,CUST-0293,Foxtrot Ltd 293,West,Pune,SUP-018,Nova Supplies 18,West,PROD-0035,Steel Model 3,Raw Materials,Steel,6,3081.1,0.0,18486.6,12115.57,6371.03,pending,Credit Card,Online,,
ORD-01646,2023-10-11,CUST-0291,Gamma Pvt Ltd 291,South,Kochi,SUP-046,Apex Supplies 46,South,PROD-0009,Compressors Model 1,Industrial Equipment,Compressors,6,232.13,0.81,1381.5,810.07,571.43,completed,Credit Card,Direct Sales,8,4.5
ORD-01647,2023-07-25,CUST-0212,Delta Group 212,East,Patna,SUP-015,Prime Industries 15,North,PROD-0007,Conveyors Model 3,Industrial Equipment,Conveyors,13,1564.27,0.0,20335.51,16308.0,4027.51,pending,Net-30,Direct Sales,,
ORD-01648,2024-11-03,CUST-0239,Foxtrot Ltd 239,Central,Bhopal,SUP-059,Zenith Trading 59,Central,PROD-0015,CNC Parts Model 3,Industrial Equipment,CNC Parts,2,4517.43,0.0,9034.86,4970.88,4063.98,completed,Credit Card,Online,1,
ORD-01649,2024-10-23,CUST-0268,Delta Corp 268,West,Mumbai,SUP-048,Zenith Trading 48,West,PROD-0029,Power Supplies Model 1,Electronics,Power Supplies,5,2244.52,0.0,11222.6,7248.78,3973.82,completed,UPI,Marketplace,3,3.4
ORD-01650,2025-04-04,CUST-0043,Gamma Enterprises 43,West,Pune,SUP-016,Nova Manufacturing 16,South,PROD-0077,Cold Chain Model 1,Logistics Services,Cold Chain,5,2320.76,5.93,10915.69,9216.52,1699.17,completed,Letter of Credit,Online,6,4.3
ORD-01651,2023-10-26,CUST-0295,Gamma Enterprises 295,North,Delhi,SUP-055,Summit Solutions 55,North,PROD-0008,Conveyors Model 4,Industrial Equipment,Conveyors,1,3492.46,0.0,3492.46,2781.52,710.94,completed,Net-30,Partner,3,4.3
ORD-01652,2023-05-06,CUST-0134,Delta Enterprises 134,Central,Indore,SUP-004,Nova Industries 4,Central,PROD-0037,Polymers Model 1,Raw Materials,Polymers,4,3940.89,0.0,15763.56,9101.4,6662.16,completed,Net-30,Direct Sales,6,3.3
ORD-01653,2024-01-11,CUST-0101,Beta Enterprises 101,South,Chennai,SUP-016,Nova Manufacturing 16,South,PROD-0074,Last Mile Model 2,Logistics Services,Last Mile,4,4945.72,0.0,19782.88,11886.57,7896.31,completed,UPI,Direct Sales,8,3.1
ORD-01654,2024-03-02,CUST-0172,Delta Pvt Ltd 172,East,Patna,SUP-017,Prime Trading 17,East,PROD-0066,Freight Model 2,Logistics Services,Freight,7,1368.69,10.5,8574.84,5554.05,3020.79,completed,Credit Card,Direct Sales,15,4.7
ORD-01655,2024-05-10,CUST-0079,Gamma Pvt Ltd 79,Central,Bhopal,SUP-039,Summit Industries 39,Central,PROD-0033,Steel Model 1,Raw Materials,Steel,5,2743.95,0.0,13719.75,11233.07,2486.68,completed,UPI,Online,7,4.3
ORD-01656,2025-10-18,CUST-0065,Beta Pvt Ltd 65,North,Jaipur,SUP-015,Prime Industries 15,North,PROD-0042,Chemicals Model 2,Raw Materials,Chemicals,8,2881.17,0.0,23049.36,17058.62,5990.74,completed,Credit Card,Partner,10,4.4
ORD-01657,2024-04-21,CUST-0078,Foxtrot Group 78,West,Mumbai,SUP-053,Nova Trading 53,West,PROD-0039,Polymers Model 3,Raw Materials,Polymers,2,4744.76,11.71,8378.3,5811.69,2566.61,completed,Letter of Credit,Online,1,4.0
ORD-01658,2025-08-21,CUST-0047,Delta Enterprises 47,East,Bhubaneswar,SUP-053,Nova Trading 53,West,PROD-0045,Alloys Model 1,Raw Materials,Alloys,1,4894.03,6.86,4558.3,3813.29,745.01,completed,Net-30,Partner,10,4.8
ORD-01659,2025-04-18,CUST-0255,Delta Corp 255,North,Lucknow,SUP-058,Zenith Solutions 58,West,PROD-0051,Corrugated Model 3,Packaging,Corrugated,5,4998.48,0.0,24992.4,18578.02,6414.38,completed,UPI,Direct Sales,7,5.0
ORD-01660,2024-10-02,CUST-0039,Alpha Enterprises 39,Central,Indore,SUP-056,Orbit Trading 56,South,PROD-0069,Warehousing Model 1,Logistics Services,Warehousing,2,327.47,0.0,65.49,519.91,-38.49,cancelled,Credit Card,Partner,,
ORD-01661,2024-03-17,CUST-0079,Gamma Pvt Ltd 79,Central,Bhopal,SUP-049,Apex Supplies 49,Central,PROD-0072,Warehousing Model 4,Logistics Services,Warehousing,1,5050.75,15.92,0.0,3102.19,-620.44,cancelled,UPI,Online,,
ORD-01662,2025-11-17,CUST-0259,Foxtrot Pvt Ltd 259,Central,Indore,SUP-049,Apex Supplies 49,Central,PROD-0005,Conveyors Model 1,Industrial Equipment,Conveyors,6,3942.06,6.2,22185.91,19029.31,3156.6,completed,Wire Transfer,Online,3,4.0
ORD-01663,2025-12-16,CUST-0144,Echo Enterprises 144,Central,Raipur,SUP-058,Zenith Solutions 58,West,PROD-0051,Corrugated Model 3,Packaging,Corrugated,3,5547.48,0.0,0.0,11845.83,-2369.17,cancelled,Net-30,Marketplace,,
ORD-01664,2023-12-27,CUST-0024,Foxtrot Pvt Ltd 24,Central,Raipur,SUP-041,Orbit Supplies 41,South,PROD-0005,Conveyors Model 1,Industrial Equipment,Conveyors,4,4266.52,0.0,0.0,14105.85,-2821.17,cancelled,Letter of Credit,Online,,
ORD-01665,2025-07-27,CUST-0007,Foxtrot Pvt Ltd 7,East,Patna,SUP-012,Nova Solutions 12,East,PROD-0063,Pallets Model 3,Packaging,Pallets,20,3873.64,5.89,72909.65,59006.79,13902.86,completed,Letter of Credit,Direct Sales,7,
ORD-01666,2025-01-30,CUST-0015,Alpha Corp 15,North,Lucknow,SUP-015,Prime Industries 15,North,PROD-0007,Conveyors Model 3,Industrial Equipment,Conveyors,2,1813.31,0.0,3626.62,2799.92,826.7,completed,Letter of Credit,Direct Sales,8,4.4
ORD-01667,2023-05-21,CUST-0211,Foxtrot Group 211,South,Hyderabad,SUP-006,Apex Solutions 6,South,PROD-0034,Steel Model 2,Raw Materials,Steel,3,1716.87,21.45,4045.8,4321.98,-276.18,completed,Credit Card,Online,8,3.6
ORD-01668,2025-10-28,CUST-0218,Beta Ltd 218,West,Pune,SUP-033,Nova Industries 33,West,PROD-0006,Conveyors Model 2,Industrial Equipment,Conveyors,11,4756.74,5.5,49446.31,35613.68,13832.63,completed,Letter of Credit,Direct Sales,11,4.4
ORD-01669,2025-08-19,CUST-0009,Delta Corp 9,Central,Bhopal,SUP-009,Nova Supplies 9,Central,PROD-0045,Alloys Model 1,Raw Materials,Alloys,7,4444.16,0.0,31109.12,22540.97,8568.15,pending,UPI,Marketplace,,
ORD-01670,2023-08-09,CUST-0124,Gamma Pvt Ltd 124,Central,Indore,SUP-019,Prime Industries 19,Central,PROD-0013,CNC Parts Model 1,Industrial Equipment,CNC Parts,3,2954.61,0.0,8863.83,7439.82,1424.01,completed,Credit Card,Online,4,4.7
ORD-01671,2024-08-28,CUST-0074,Echo Group 74,Central,Nagpur,SUP-004,Nova Industries 4,Central,PROD-0018,Sensors Model 2,Electronics,Sensors,8,2626.52,0.0,21012.16,15875.45,5136.71,completed,Credit Card,Direct Sales,6,4.0
ORD-01672,2024-07-31,CUST-0291,Gamma Pvt Ltd 291,South,Kochi,SUP-026,Zenith Industries 26,South,PROD-0059,Labels Model 3,Packaging,Labels,3,4790.27,5.03,13647.96,12434.29,1213.67,completed,Credit Card,Online,7,4.6
ORD-01673,2025-04-25,CUST-0298,Alpha Enterprises 298,West,Ahmedabad,SUP-018,Nova Supplies 18,West,PROD-0041,Chemicals Model 1,Raw Materials,Chemicals,5,1715.96,5.21,8132.79,6670.03,1462.76,completed,Wire Transfer,Marketplace,6,4.6
ORD-01674,2023-04-25,CUST-0100,Alpha Enterprises 100,North,Lucknow,SUP-045,Nova Trading 45,North,PROD-0078,Cold Chain Model 2,Logistics Services,Cold Chain,2,765.02,0.0,1530.04,1045.56,484.48,completed,Wire Transfer,Partner,8,
ORD-01675,2024-06-21,CUST-0020,Foxtrot Enterprises 20,North,Chandigarh,SUP-060,Nova Supplies 60,North,PROD-0060,Labels Model 4,Packaging,Labels,1,4294.13,0.0,4294.13,2900.0,1394.13,completed,Letter of Credit,Online,9,4.6
ORD-01676,2024-07-18,CUST-0173,Delta Corp 173,West,Mumbai,SUP-033,Nova Industries 33,West,PROD-0056,Films Model 4,Packaging,Films,16,689.82,0.98,10928.96,9308.06,1620.9,completed,UPI,Direct Sales,2,4.2
ORD-01677,2024-09-12,CUST-0214,Gamma Enterprises 214,Central,Nagpur,SUP-014,Zenith Solutions 14,Central,PROD-0061,Pallets Model 1,Packaging,Pallets,9,4370.49,0.0,39334.41,21322.64,18011.77,completed,Net-30,Direct Sales,7,4.4
ORD-01678,2023-03-06,CUST-0129,Gamma Group 129,Central,Indore,SUP-034,Zenith Trading 34,Central,PROD-0025,Cables Model 1,Electronics,Cables,2,3999.65,1.68,786.49,6806.11,-574.73,cancelled,Wire Transfer,Marketplace,,
ORD-01679,2023-06-24,CUST-0195,Echo Group 195,North,Jaipur,SUP-052,Zenith Manufacturing 52,East,PROD-0016,CNC Parts Model 4,Industrial Equipment,CNC Parts,10,3839.79,0.0,38397.9,23289.03,15108.87,completed,Credit Card,Online,10,4.2
ORD-01680,2024-09-14,CUST-0053,Beta Corp 53,West,Ahmedabad,SUP-052,Zenith Manufacturing 52,East,PROD-0079,Cold Chain Model 3,Logistics Services,Cold Chain,35,537.24,0.0,18803.4,13232.32,5571.08,completed,Wire Transfer,Partner,6,3.4
ORD-01681,2024-12-01,CUST-0033,Echo Ltd 33,West,Pune,SUP-015,Prime Industries 15,North,PROD-0034,Steel Model 2,Raw Materials,Steel,2,1386.61,21.27,2183.36,2294.93,-111.57,completed,Net-30,Online,11,3.6
ORD-01682,2025-03-02,CUST-0228,Gamma Ltd 228,West,Surat,SUP-043,Zenith Trading 43,West,PROD-0001,Pump Systems Model 1,Industrial Equipment,Pump Systems,2,2059.2,6.58,3847.41,3168.39,679.02,completed,UPI,Direct Sales,4,4.3
ORD-01683,2024-11-02,CUST-0036,Foxtrot Enterprises 36,South,Bengaluru,SUP-006,Apex Solutions 6,South,PROD-0034,Steel Model 2,Raw Materials,Steel,24,1507.51,1.89,35496.43,29453.35,6043.08,completed,Credit Card,Marketplace,5,3.4
ORD-01684,2024-04-15,CUST-0138,Delta Ltd 138,West,Mumbai,SUP-018,Nova Supplies 18,West,PROD-0058,Labels Model 2,Packaging,Labels,1,4537.56,0.0,4537.56,3464.03,1073.53,completed,Letter of Credit,Partner,7,4.4
ORD-01685,2025-03-23,CUST-0046,Alpha Ltd 46,South,Bengaluru,SUP-051,Nova Manufacturing 51,South,PROD-0052,Corrugated Model 4,Packaging,Corrugated,6,4381.74,20.09,21008.69,20986.49,22.2,completed,Credit Card,Marketplace,7,
ORD-01686,2025-02-14,CUST-0171,Gamma Enterprises 171,South,Hyderabad,SUP-006,Apex Solutions 6,South,PROD-0022,Controllers Model 2,Electronics,Controllers,2,4706.76,0.0,9413.52,5470.15,3943.37,completed,Letter of Credit,Partner,7,3.1
ORD-01687,2025-08-17,CUST-0261,Gamma Ltd 261,South,Kochi,SUP-006,Apex Solutions 6,South,PROD-0060,Labels Model 4,Packaging,Labels,7,4444.17,1.84,30536.78,20433.43,10103.35,completed,Wire Transfer,Marketplace,8,4.1
ORD-01688,2023-08-07,CUST-0161,Delta Ltd 161,South,Chennai,SUP-021,Apex Trading 21,South,PROD-0077,Cold Chain Model 1,Logistics Services,Cold Chain,11,1967.06,0.0,21637.66,16006.58,5631.08,completed,Credit Card,Partner,2,3.6
ORD-01689,2025-11-28,CUST-0013,Echo Group 13,West,Pune,SUP-008,Apex Industries 8,West,PROD-0035,Steel Model 3,Raw Materials,Steel,6,3466.97,5.46,19666.04,13371.72,6294.32,completed,Net-30,Partner,5,5.0
ORD-01690,2024-09-29,CUST-0083,Foxtrot Enterprises 83,West,Mumbai,SUP-008,Apex Industries 8,West,PROD-0062,Pallets Model 2,Packaging,Pallets,15,2927.18,1.75,43139.32,30914.81,12224.51,completed,UPI,Marketplace,3,3.3
ORD-01691,2025-05-25,CUST-0179,Echo Ltd 179,Central,Indore,SUP-034,Zenith Trading 34,Central,PROD-0015,CNC Parts Model 3,Industrial Equipment,CNC Parts,5,4585.67,15.43,0.0,13014.75,-2602.95,cancelled,Wire Transfer,Partner,,
ORD-01692,2025-09-08,CUST-0260,Beta Enterprises 260,North,Delhi,SUP-060,Nova Supplies 60,North,PROD-0020,Sensors Model 4,Electronics,Sensors,2,469.69,0.0,939.38,735.66,203.72,completed,Credit Card,Partner,5,3.5
ORD-01693,2023-03-10,CUST-0041,Beta Group 41,South,Chennai,SUP-016,Nova Manufacturing 16,South,PROD-0036,Steel Model 4,Raw Materials,Steel,1,3111.61,0.0,3111.61,2325.82,785.79,pending,UPI,Online,,
ORD-01694,2024-01-20,CUST-0188,Echo Corp 188,West,Mumbai,SUP-053,Nova Trading 53,West,PROD-0013,CNC Parts Model 1,Industrial Equipment,CNC Parts,3,3570.16,0.68,10637.65,8601.63,2036.02,completed,Net-30,Marketplace,9,3.8
ORD-01695,2024-04-17,CUST-0107,Alpha Corp 107,East,Patna,SUP-035,Zenith Trading 35,North,PROD-0077,Cold Chain Model 1,Logistics Services,Cold Chain,6,2086.25,0.0,12517.5,10007.61,2509.89,completed,UPI,Online,5,3.8
ORD-01696,2023-12-22,CUST-0277,Alpha Corp 277,East,Guwahati,SUP-026,Zenith Industries 26,South,PROD-0075,Last Mile Model 3,Logistics Services,Last Mile,2,2544.46,0.0,5088.92,3757.26,1331.66,completed,Credit Card,Online,6,
ORD-01697,2025-11-19,CUST-0029,Alpha Corp 29,Central,Indore,SUP-029,Prime Solutions 29,Central,PROD-0055,Films Model 3,Packaging,Films,1,3801.35,0.0,3801.35,2548.3,1253.05,completed,Credit Card,Online,13,4.9
ORD-01698,2025-04-09,CUST-0285,Delta Ltd 285,North,Chandigarh,SUP-055,Summit Solutions 55,North,PROD-0025,Cables Model 1,Electronics,Cables,17,4008.2,0.0,68139.4,53390.47,14748.93,pending,UPI,Direct Sales,,
ORD-01699,2025-08-12,CUST-0101,Beta Enterprises 101,South,Chennai,SUP-014,Zenith Solutions 14,Central,PROD-0010,Compressors Model 2,Industrial Equipment,Compressors,2,2955.92,0.0,5911.84,5101.68,810.16,completed,Net-30,Partner,9,3.9
ORD-01700,2025-03-25,CUST-0215,Gamma Pvt Ltd 215,North,Jaipur,SUP-015,Prime Industries 15,North,PROD-0017,Sensors Model 1,Electronics,Sensors,8,1779.8,12.43,12468.57,8099.26,4369.31,completed,Wire Transfer,Online,7,3.8
ORD-01701,2024-05-14,CUST-0080,Foxtrot Pvt Ltd 80,North,Chandigarh,SUP-025,Orbit Industries 25,North,PROD-0015,CNC Parts Model 3,Industrial Equipment,CNC Parts,5,4548.58,0.83,0.0,12774.23,-2554.85,cancelled,Wire Transfer,Direct Sales,,
ORD-01702,2025-04-03,CUST-0296,Delta Ltd 296,South,Kochi,SUP-046,Apex Supplies 46,South,PROD-0074,Last Mile Model 2,Logistics Services,Last Mile,1,4378.95,0.0,437.89,2595.35,-81.18,cancelled,UPI,Online,,
ORD-01703,2025-04-28,CUST-0090,Delta Ltd 90,North,Chandigarh,SUP-050,Orbit Trading 50,North,PROD-0031,Power Supplies Model 3,Electronics,Power Supplies,4,2063.97,1.87,8101.5,5630.25,2471.25,completed,Net-30,Direct Sales,7,3.6
ORD-01704,2023-02-19,CUST-0220,Alpha Ltd 220,North,Jaipur,SUP-047,Apex Trading 47,East,PROD-0070,Warehousing Model 2,Logistics Services,Warehousing,3,5101.96,5.44,14473.24,9733.34,4739.9,completed,UPI,Marketplace,4,3.6
ORD-01705,2023-12-08,CUST-0044,Alpha Enterprises 44,Central,Bhopal,SUP-021,Apex Trading 21,South,PROD-0045,Alloys Model 1,Raw Materials,Alloys,11,4132.73,0.0,45460.03,33441.28,12018.75,pending,UPI,Marketplace,,
ORD-01706,2023-10-26,CUST-0027,Gamma Corp 27,East,Kolkata,SUP-027,Orbit Trading 27,East,PROD-0074,Last Mile Model 2,Logistics Services,Last Mile,12,4126.81,12.79,43187.89,27855.6,15332.29,completed,Credit Card,Direct Sales,8,
ORD-01707,2024-02-05,CUST-0164,Foxtrot Ltd 164,Central,Raipur,SUP-049,Apex Supplies 49,Central,PROD-0076,Last Mile Model 4,Logistics Services,Last Mile,12,3567.63,0.0,42811.56,37184.29,5627.27,pending,Letter of Credit,Partner,,
ORD-01708,2023-06-24,CUST-0251,Beta Pvt Ltd 251,South,Bengaluru,SUP-021,Apex Trading 21,South,PROD-0045,Alloys Model 1,Raw Materials,Alloys,4,4234.77,0.0,16939.08,12310.48,4628.6,completed,UPI,Marketplace,10,4.5
ORD-01709,2023-11-25,CUST-0007,Foxtrot Pvt Ltd 7,East,Patna,SUP-042,Nova Manufacturing 42,East,PROD-0055,Films Model 3,Packaging,Films,10,3982.31,0.0,39823.1,24921.91,14901.19,completed,Wire Transfer,Direct Sales,4,4.8
ORD-01710,2023-12-17,CUST-0107,Alpha Corp 107,East,Patna,SUP-002,Apex Trading 2,East,PROD-0070,Warehousing Model 2,Logistics Services,Warehousing,6,4285.36,20.28,20497.73,16417.23,4080.5,completed,Letter of Credit,Direct Sales,7,3.9
ORD-01711,2023-10-01,CUST-0043,Gamma Enterprises 43,West,Pune,SUP-038,Summit Trading 38,West,PROD-0030,Power Supplies Model 2,Electronics,Power Supplies,2,4784.34,0.0,0.0,5630.05,-1126.01,cancelled,Credit Card,Online,,
ORD-01712,2024-03-04,CUST-0230,Alpha Enterprises 230,North,Delhi,SUP-036,Nova Trading 36,South,PROD-0038,Polymers Model 2,Raw Materials,Polymers,3,3260.31,0.98,9685.08,6972.55,2712.53,completed,Net-30,Partner,5,3.6
ORD-01713,2023-04-08,CUST-0170,Beta Enterprises 170,North,Jaipur,SUP-060,Nova Supplies 60,North,PROD-0003,Pump Systems Model 3,Industrial Equipment,Pump Systems,1,4672.97,13.75,4030.44,2955.85,1074.59,completed,Wire Transfer,Direct Sales,10,4.2
ORD-01714,2025-07-24,CUST-0124,Gamma Pvt Ltd 124,Central,Indore,SUP-014,Zenith Solutions 14,Central,PROD-0068,Freight Model 4,Logistics Services,Freight,7,5126.92,0.0,35888.44,21452.79,14435.65,completed,UPI,Direct Sales,6,4.5
ORD-01715,2025-02-28,CUST-0287,Gamma Group 287,East,Guwahati,SUP-047,Apex Trading 47,East,PROD-0015,CNC Parts Model 3,Industrial Equipment,CNC Parts,2,4209.9,0.0,8419.8,4882.14,3537.66,completed,Credit Card,Direct Sales,8,3.4
ORD-01716,2024-11-09,CUST-0106,Foxtrot Group 106,South,Kochi,SUP-017,Prime Trading 17,East,PROD-0048,Alloys Model 4,Raw Materials,Alloys,2,447.08,0.0,894.16,558.81,335.35,completed,Credit Card,Marketplace,5,4.0
ORD-01717,2023-02-07,CUST-0209,Gamma Ltd 209,Central,Indore,SUP-049,Apex Supplies 49,Central,PROD-0053,Films Model 1,Packaging,Films,6,1383.59,0.72,8241.77,6499.13,1742.64,completed,Letter of Credit,Marketplace,2,2.6
ORD-01718,2023-04-09,CUST-0051,Gamma Enterprises 51,South,Kochi,SUP-050,Orbit Trading 50,North,PROD-0025,Cables Model 1,Electronics,Cables,2,3963.78,6.39,7420.99,6264.9,1156.09,completed,UPI,Marketplace,4,5.0
ORD-01719,2023-04-06,CUST-0156,Delta Corp 156,South,Kochi,SUP-021,Apex Trading 21,South,PROD-0008,Conveyors Model 4,Industrial Equipment,Conveyors,7,4375.69,11.49,0.0,25301.17,-5060.23,cancelled,Credit Card,Online,,
ORD-01720,2023-12-29,CUST-0060,Alpha Group 60,North,Lucknow,SUP-050,Orbit Trading 50,North,PROD-0021,Controllers Model 1,Electronics,Controllers,1,3145.16,16.41,2629.04,1967.28,661.76,completed,Net-30,Online,5,4.4
ORD-01721,2024-09-25,CUST-0122,Echo Group 122,East,Bhubaneswar,SUP-027,Orbit Trading 27,East,PROD-0069,Warehousing Model 1,Logistics Services,Warehousing,3,380.43,20.86,903.22,937.01,-33.79,completed,Wire Transfer,Partner,7,3.8
ORD-01722,2023-06-30,CUST-0169,Gamma Enterprises 169,Central,Indore,SUP-050,Orbit Trading 50,North,PROD-0038,Polymers Model 2,Raw Materials,Polymers,8,2884.66,11.13,0.0,16039.42,-3207.88,cancelled,Credit Card,Direct Sales,,
ORD-01723,2023-08-02,CUST-0230,Alpha Enterprises 230,North,Delhi,SUP-052,Zenith Manufacturing 52,East,PROD-0071,Warehousing Model 3,Logistics Services,Warehousing,1,2035.52,0.88,2017.61,1174.78,842.83,completed,Net-30,Marketplace,9,4.5
ORD-01724,2025-11-18,CUST-0020,Foxtrot Enterprises 20,North,Chandigarh,SUP-007,Zenith Industries 7,East,PROD-0045,Alloys Model 1,Raw Materials,Alloys,1,4498.01,0.0,0.0,3438.72,-687.74,cancelled,Wire Transfer,Partner,,
ORD-01725,2023-01-15,CUST-0235,Echo Enterprises 235,North,Chandigarh,SUP-060,Nova Supplies 60,North,PROD-0010,Compressors Model 2,Industrial Equipment,Compressors,6,3561.61,0.0,21369.66,18048.44,3321.22,completed,Credit Card,Online,4,2.6
ORD-01726,2024-11-03,CUST-0127,Foxtrot Ltd 127,East,Guwahati,SUP-037,Prime Supplies 37,East,PROD-0078,Cold Chain Model 2,Logistics Services,Cold Chain,5,908.66,0.0,4543.3,3054.05,1489.25,completed,Wire Transfer,Direct Sales,4,2.6
ORD-01727,2025-11-15,CUST-0267,Foxtrot Enterprises 267,East,Patna,SUP-048,Zenith Trading 48,West,PROD-0070,Warehousing Model 2,Logistics Services,Warehousing,33,4261.92,21.72,110095.62,90213.2,19882.42,pending,Credit Card,Partner,,
ORD-01728,2024-08-31,CUST-0121,Delta Enterprises 121,South,Chennai,SUP-030,Nova Industries 30,North,PROD-0051,Corrugated Model 3,Packaging,Corrugated,1,5462.03,0.94,0.0,3872.6,-774.52,cancelled,Net-30,Partner,,
ORD-01729,2025-05-22,CUST-0237,Gamma Group 237,East,Guwahati,SUP-042,Nova Manufacturing 42,East,PROD-0033,Steel Model 1,Raw Materials,Steel,6,3221.04,13.16,16782.91,16922.91,-140.0,completed,Net-30,Direct Sales,9,4.9
ORD-01730,2025-11-21,CUST-0153,Foxtrot Ltd 153,West,Surat,SUP-054,Nova Supplies 54,Central,PROD-0046,Alloys Model 2,Raw Materials,Alloys,1,1791.11,0.0,1791.11,1191.37,599.74,pending,Wire Transfer,Partner,,
ORD-01731,2025-05-03,CUST-0291,Gamma Pvt Ltd 291,South,Kochi,SUP-030,Nova Industries 30,North,PROD-0078,Cold Chain Model 2,Logistics Services,Cold Chain,1,825.17,0.0,0.0,580.03,-116.01,cancelled,Letter of Credit,Online,,
ORD-01732,2025-08-12,CUST-0194,Delta Ltd 194,Central,Bhopal,SUP-024,Summit Manufacturing 24,Central,PROD-0028,Cables Model 4,Electronics,Cables,5,3369.15,16.3,14099.89,11991.74,2108.15,completed,Wire Transfer,Partner,4,4.2
ORD-01733,2024-01-23,CUST-0014,Echo Pvt Ltd 14,Central,Indore,SUP-001,Summit Industries 1,South,PROD-0063,Pallets Model 3,Packaging,Pallets,3,3174.9,20.64,7558.8,6811.53,747.27,pending,UPI,Partner,,
ORD-01734,2024-11-08,CUST-0067,Gamma Corp 67,East,Guwahati,SUP-022,Prime Solutions 22,East,PROD-0006,Conveyors Model 2,Industrial Equipment,Conveyors,1,4948.95,12.63,0.0,3173.94,-634.79,cancelled,Credit Card,Partner,,
ORD-01735,2024-11-06,CUST-0231,Alpha Group 231,South,Kochi,SUP-046,Apex Supplies 46,South,PROD-0007,Conveyors Model 3,Industrial Equipment,Conveyors,1,1564.03,0.0,1564.03,1172.54,391.49,completed,Net-30,Partner,10,3.5
ORD-01736,2025-03-13,CUST-0177,Echo Ltd 177,East,Kolkata,SUP-003,Nova Supplies 3,West,PROD-0020,Sensors Model 4,Electronics,Sensors,2,504.2,11.13,896.17,842.55,53.62,completed,Wire Transfer,Online,8,4.4
ORD-01737,2024-04-30,CUST-0076,Foxtrot Corp 76,South,Hyderabad,SUP-056,Orbit Trading 56,South,PROD-0002,Pump Systems Model 2,Industrial Equipment,Pump Systems,2,882.26,0.34,1758.52,1176.28,582.24,completed,Net-30,Partner,4,3.3
ORD-01738,2023-01-14,CUST-0215,Gamma Pvt Ltd 215,North,Jaipur,SUP-030,Nova Industries 30,North,PROD-0032,Power Supplies Model 4,Electronics,Power Supplies,1,1205.84,1.94,0.0,845.07,-169.01,cancelled,UPI,Marketplace,,
ORD-01739,2023-05-07,CUST-0250,Beta Corp 250,North,Jaipur,SUP-039,Summit Industries 39,Central,PROD-0040,Polymers Model 4,Raw Materials,Polymers,1,4092.61,0.0,4092.61,2903.9,1188.71,completed,Letter of Credit,Direct Sales,6,
ORD-01740,2025-06-28,CUST-0126,Delta Enterprises 126,South,Hyderabad,SUP-031,Apex Supplies 31,South,PROD-0019,Sensors Model 3,Electronics,Sensors,13,3758.17,0.0,48856.21,28333.68,20522.53,completed,Credit Card,Marketplace,5,
ORD-01741,2023-03-09,CUST-0020,Foxtrot Enterprises 20,North,Chandigarh,SUP-040,Orbit Supplies 40,North,PROD-0004,Pump Systems Model 4,Industrial Equipment,Pump Systems,1,3224.77,6.17,0.0,2332.34,-466.47,cancelled,UPI,Marketplace,,
ORD-01742,2023-05-29,CUST-0244,Gamma Corp 244,Central,Raipur,SUP-059,Zenith Trading 59,Central,PROD-0015,CNC Parts Model 3,Industrial Equipment,CNC Parts,6,4923.17,0.0,29539.02,16800.85,12738.17,completed,Letter of Credit,Direct Sales,6,3.7
ORD-01743,2023-10-25,CUST-0058,Beta Corp 58,West,Mumbai,SUP-028,Summit Solutions 28,West,PROD-0029,Power Supplies Model 1,Electronics,Power Supplies,3,2429.68,1.8,7157.84,4385.44,2772.4,completed,Net-30,Direct Sales,2,4.0
ORD-01744,2023-10-25,CUST-0233,Alpha Ltd 233,West,Ahmedabad,SUP-021,Apex Trading 21,South,PROD-0037,Polymers Model 1,Raw Materials,Polymers,3,3868.25,0.0,11604.75,6742.94,4861.81,pending,Credit Card,Marketplace,,
ORD-01745,2023-04-19,CUST-0100,Alpha Enterprises 100,North,Lucknow,SUP-060,Nova Supplies 60,North,PROD-0067,Freight Model 3,Logistics Services,Freight,10,5046.72,0.0,50467.2,35050.9,15416.3,completed,Net-30,Partner,8,3.8
ORD-01746,2023-12-29,CUST-0071,Gamma Corp 71,South,Chennai,SUP-018,Nova Supplies 18,West,PROD-0063,Pallets Model 3,Packaging,Pallets,24,3846.0,6.83,85999.64,72849.69,13149.95,completed,Net-30,Marketplace,5,4.5
ORD-01747,2023-04-19,CUST-0254,Gamma Group 254,Central,Raipur,SUP-044,Summit Solutions 44,Central,PROD-0034,Steel Model 2,Raw Materials,Steel,2,1624.39,10.96,2892.71,2728.5,164.21,completed,Letter of Credit,Marketplace,8,4.1
ORD-01748,2023-05-26,CUST-0079,Gamma Pvt Ltd 79,Central,Bhopal,SUP-014,Zenith Solutions 14,Central,PROD-0052,Corrugated Model 4,Packaging,Corrugated,1,4700.51,0.0,4700.51,3904.22,796.29,pending,UPI,Partner,,
ORD-01749,2025-11-21,CUST-0062,Echo Corp 62,East,Kolkata,SUP-002,Apex Trading 2,East,PROD-0044,Chemicals Model 4,Raw Materials,Chemicals,3,4131.2,0.0,12393.6,9058.83,3334.77,completed,UPI,Marketplace,9,4.1
ORD-01750,2023-12-23,CUST-0157,Delta Enterprises 157,East,Bhubaneswar,SUP-056,Orbit Trading 56,South,PROD-0074,Last Mile Model 2,Logistics Services,Last Mile,2,4515.46,0.0,9030.92,5546.64,3484.28,completed,Net-30,Direct Sales,7,1.7
ORD-01751,2025-12-05,CUST-0192,Alpha Enterprises 192,East,Guwahati,SUP-018,Nova Supplies 18,West,PROD-0011,Compressors Model 3,Industrial Equipment,Compressors,2,5207.7,21.36,8190.67,8107.11,83.56,completed,Credit Card,Marketplace,1,4.7
ORD-01752,2024-08-07,CUST-0249,Foxtrot Ltd 249,Central,Bhopal,SUP-007,Zenith Industries 7,East,PROD-0047,Alloys Model 3,Raw Materials,Alloys,1,2702.5,0.0,2702.5,2074.16,628.34,completed,Letter of Credit,Partner,9,4.3
ORD-01753,2023-01-02,CUST-0227,Delta Enterprises 227,East,Patna,SUP-037,Prime Supplies 37,East,PROD-0020,Sensors Model 4,Electronics,Sensors,9,470.62,0.18,0.0,3582.63,-716.53,cancelled,Credit Card,Marketplace,,
ORD-01754,2024-04-15,CUST-0027,Gamma Corp 27,East,Kolkata,SUP-032,Prime Industries 32,East,PROD-0072,Warehousing Model 4,Logistics Services,Warehousing,1,4274.58,11.33,0.0,2759.24,-551.85,cancelled,Letter of Credit,Direct Sales,,
ORD-01755,2025-08-01,CUST-0017,Beta Group 17,East,Kolkata,SUP-052,Zenith Manufacturing 52,East,PROD-0023,Controllers Model 3,Electronics,Controllers,10,2626.88,0.0,26268.8,16405.54,9863.26,pending,Net-30,Direct Sales,,
ORD-01756,2025-04-08,CUST-0217,Alpha Group 217,East,Patna,SUP-057,Summit Solutions 57,East,PROD-0058,Labels Model 2,Packaging,Labels,1,4056.77,6.34,0.0,3008.58,-601.72,cancelled,Net-30,Online,,
ORD-01757,2024-04-15,CUST-0179,Echo Ltd 179,Central,Indore,SUP-014,Zenith Solutions 14,Central,PROD-0057,Labels Model 1,Packaging,Labels,5,840.18,0.0,4200.9,3436.22,764.68,completed,UPI,Marketplace,10,3.2
ORD-01758,2023-04-06,CUST-0195,Echo Group 195,North,Jaipur,SUP-060,Nova Supplies 60,North,PROD-0049,Corrugated Model 1,Packaging,Corrugated,1,3457.91,0.0,3457.91,2042.62,1415.29,completed,UPI,Online,8,3.3
ORD-01759,2025-06-28,CUST-0141,Alpha Enterprises 141,South,Chennai,SUP-046,Apex Supplies 46,South,PROD-0005,Conveyors Model 1,Industrial Equipment,Conveyors,8,4021.91,0.0,32175.28,26374.36,5800.92,pending,Net-30,Partner,,
ORD-01760,2023-08-12,CUST-0170,Beta Enterprises 170,North,Jaipur,SUP-050,Orbit Trading 50,North,PROD-0074,Last Mile Model 2,Logistics Services,Last Mile,2,4412.93,1.95,8653.76,5336.8,3316.96,pending,Credit Card,Online,,
ORD-01761,2024-10-20,CUST-0047,Delta Enterprises 47,East,Bhubaneswar,SUP-004,Nova Industries 4,Central,PROD-0067,Freight Model 3,Logistics Services,Freight,8,4734.0,0.0,37872.0,27506.53,10365.47,completed,Net-30,Marketplace,2,
ORD-01762,2023-11-16,CUST-0061,Echo Group 61,South,Chennai,SUP-016,Nova Manufacturing 16,South,PROD-0007,Conveyors Model 3,Industrial Equipment,Conveyors,8,1536.01,20.02,9828.01,9651.95,176.06,completed,Net-30,Marketplace,10,5.0
ORD-01763,2023-10-16,CUST-0069,Alpha Group 69,Central,Indore,SUP-029,Prime Solutions 29,Central,PROD-0038,Polymers Model 2,Raw Materials,Polymers,4,3116.0,0.0,12464.0,9030.1,3433.9,pending,Credit Card,Partner,,
ORD-01764,2024-05-31,CUST-0241,Beta Ltd 241,South,Chennai,SUP-017,Prime Trading 17,East,PROD-0078,Cold Chain Model 2,Logistics Services,Cold Chain,3,812.16,6.87,0.0,1718.65,-343.73,cancelled,UPI,Direct Sales,,
ORD-01765,2025-05-17,CUST-0042,Beta Enterprises 42,East,Guwahati,SUP-007,Zenith Industries 7,East,PROD-0059,Labels Model 3,Packaging,Labels,3,5401.41,1.24,16003.3,14155.06,1848.24,completed,Letter of Credit,Marketplace,1,4.7
ORD-01766,2024-04-27,CUST-0278,Foxtrot Ltd 278,West,Pune,SUP-038,Summit Trading 38,West,PROD-0043,Chemicals Model 3,Raw Materials,Chemicals,1,4055.98,0.0,4055.98,3174.35,881.63,completed,Wire Transfer,Direct Sales,6,4.4
ORD-01767,2024-03-03,CUST-0213,Delta Group 213,West,Ahmedabad,SUP-059,Zenith Trading 59,Central,PROD-0001,Pump Systems Model 1,Industrial Equipment,Pump Systems,1,1966.06,0.0,0.0,1491.53,-298.31,cancelled,Net-30,Marketplace,,
ORD-01768,2023-05-24,CUST-0128,Foxtrot Ltd 128,West,Surat,SUP-003,Nova Supplies 3,West,PROD-0015,CNC Parts Model 3,Industrial Equipment,CNC Parts,4,4610.71,10.81,16449.17,10835.91,5613.26,completed,Wire Transfer,Direct Sales,10,4.0
ORD-01769,2023-03-13,CUST-0123,Delta Group 123,West,Ahmedabad,SUP-004,Nova Industries 4,Central,PROD-0060,Labels Model 4,Packaging,Labels,4,3883.83,11.94,13680.4,9841.38,3839.02,completed,Net-30,Direct Sales,8,4.4
ORD-01770,2023-11-28,CUST-0128,Foxtrot Ltd 128,West,Surat,SUP-038,Summit Trading 38,West,PROD-0023,Controllers Model 3,Electronics,Controllers,18,2537.07,0.0,45667.26,28702.04,16965.22,completed,UPI,Direct Sales,6,4.9
ORD-01771,2023-04-08,CUST-0033,Echo Ltd 33,West,Pune,SUP-007,Zenith Industries 7,East,PROD-0017,Sensors Model 1,Electronics,Sensors,1,1721.74,0.0,172.17,990.05,-25.84,cancelled,UPI,Marketplace,,
ORD-01772,2023-06-13,CUST-0040,Alpha Ltd 40,North,Jaipur,SUP-025,Orbit Industries 25,North,PROD-0045,Alloys Model 1,Raw Materials,Alloys,7,4523.36,12.65,27658.08,24339.83,3318.25,pending,Letter of Credit,Online,,
ORD-01773,2025-02-19,CUST-0085,Beta Pvt Ltd 85,North,Jaipur,SUP-036,Nova Trading 36,South,PROD-0067,Freight Model 3,Logistics Services,Freight,2,4173.91,0.0,8347.82,6120.14,2227.68,completed,Letter of Credit,Partner,6,4.2
ORD-01774,2023-03-15,CUST-0200,Gamma Corp 200,North,Lucknow,SUP-060,Nova Supplies 60,North,PROD-0078,Cold Chain Model 2,Logistics Services,Cold Chain,5,835.57,21.98,3259.56,2803.45,456.11,pending,Net-30,Direct Sales,,
ORD-01775,2023-12-10,CUST-0023,Foxtrot Pvt Ltd 23,West,Pune,SUP-053,Nova Trading 53,West,PROD-0029,Power Supplies Model 1,Electronics,Power Supplies,14,2225.8,0.0,31161.2,19399.29,11761.91,completed,UPI,Marketplace,7,
ORD-01776,2024-11-23,CUST-0268,Delta Corp 268,West,Mumbai,SUP-023,Prime Industries 23,West,PROD-0017,Sensors Model 1,Electronics,Sensors,1,1943.82,13.89,1673.82,1177.35,496.47,completed,UPI,Online,7,4.5
ORD-01777,2024-04-11,CUST-0125,Delta Group 125,North,Chandigarh,SUP-045,Nova Trading 45,North,PROD-0062,Pallets Model 2,Packaging,Pallets,5,2731.49,0.81,13546.82,9530.44,4016.38,completed,Net-30,Marketplace,8,3.6
ORD-01778,2025-08-20,CUST-0125,Delta Group 125,North,Chandigarh,SUP-035,Zenith Trading 35,North,PROD-0023,Controllers Model 3,Electronics,Controllers,3,2120.74,5.68,6000.85,3926.79,2074.06,completed,Wire Transfer,Direct Sales,8,5.0
ORD-01779,2024-12-01,CUST-0088,Alpha Ltd 88,West,Mumbai,SUP-038,Summit Trading 38,West,PROD-0003,Pump Systems Model 3,Industrial Equipment,Pump Systems,15,4413.41,0.0,66201.15,41635.19,24565.96,completed,Wire Transfer,Marketplace,3,5.0
ORD-01780,2024-08-07,CUST-0235,Echo Enterprises 235,North,Chandigarh,SUP-019,Prime Industries 19,Central,PROD-0014,CNC Parts Model 2,Industrial Equipment,CNC Parts,11,2223.57,0.0,24459.27,18800.27,5659.0,completed,UPI,Partner,3,4.7
ORD-01781,2023-05-25,CUST-0195,Echo Group 195,North,Jaipur,SUP-020,Apex Manufacturing 20,North,PROD-0036,Steel Model 4,Raw Materials,Steel,44,3098.08,5.41,128940.85,105199.73,23741.12,pending,Wire Transfer,Partner,,
ORD-01782,2024-05-04,CUST-0279,Echo Corp 279,Central,Nagpur,SUP-023,Prime Industries 23,West,PROD-0069,Warehousing Model 1,Logistics Services,Warehousing,10,327.59,0.0,3275.9,2713.56,562.34,completed,Letter of Credit,Partner,5,3.6
ORD-01783,2024-05-16,CUST-0082,Gamma Corp 82,East,Guwahati,SUP-002,Apex Trading 2,East,PROD-0063,Pallets Model 3,Packaging,Pallets,2,3151.28,0.0,6302.56,4607.55,1695.01,completed,Letter of Credit,Marketplace,6,4.0
ORD-01784,2023-02-04,CUST-0047,Delta Enterprises 47,East,Bhubaneswar,SUP-025,Orbit Industries 25,North,PROD-0019,Sensors Model 3,Electronics,Sensors,1,4121.68,21.55,3233.46,2372.0,861.46,pending,Credit Card,Partner,,
ORD-01785,2024-10-14,CUST-0112,Delta Group 112,East,Kolkata,SUP-022,Prime Solutions 22,East,PROD-0026,Cables Model 2,Electronics,Cables,2,3604.92,1.02,7136.3,4290.22,2846.08,completed,Letter of Credit,Partner,9,3.8
ORD-01786,2023-02-22,CUST-0237,Gamma Group 237,East,Guwahati,SUP-038,Summit Trading 38,West,PROD-0038,Polymers Model 2,Raw Materials,Polymers,9,3008.42,0.0,27075.78,19827.86,7247.92,completed,UPI,Direct Sales,9,3.7
ORD-01787,2024-04-04,CUST-0289,Echo Group 289,Central,Nagpur,SUP-006,Apex Solutions 6,South,PROD-0057,Labels Model 1,Packaging,Labels,2,838.24,0.0,1676.48,1464.14,212.34,completed,Wire Transfer,Partner,1,2.9
ORD-01788,2023-07-17,CUST-0074,Echo Group 74,Central,Nagpur,SUP-004,Nova Industries 4,Central,PROD-0059,Labels Model 3,Packaging,Labels,10,5023.99,0.0,0.0,40413.73,-8082.75,cancelled,Credit Card,Direct Sales,,
ORD-01789,2024-06-20,CUST-0048,Beta Enterprises 48,West,Surat,SUP-028,Summit Solutions 28,West,PROD-0063,Pallets Model 3,Packaging,Pallets,5,3093.19,0.95,15319.02,11492.93,3826.09,completed,Letter of Credit,Direct Sales,6,4.1
ORD-01790,2024-08-08,CUST-0154,Alpha Enterprises 154,Central,Bhopal,SUP-013,Zenith Supplies 13,West,PROD-0047,Alloys Model 3,Raw Materials,Alloys,6,3310.89,0.0,0.0,15654.16,-3130.83,cancelled,Credit Card,Direct Sales,,
ORD-01791,2023-03-21,CUST-0299,Echo Enterprises 299,Central,Indore,SUP-034,Zenith Trading 34,Central,PROD-0030,Power Supplies Model 2,Electronics,Power Supplies,9,3834.17,1.59,33958.86,20175.73,13783.13,completed,UPI,Partner,3,5.0
ORD-01792,2025-04-12,CUST-0299,Echo Enterprises 299,Central,Indore,SUP-059,Zenith Trading 59,Central,PROD-0004,Pump Systems Model 4,Industrial Equipment,Pump Systems,11,3925.14,6.81,40236.22,31601.26,8634.96,completed,Credit Card,Direct Sales,10,4.1
ORD-01793,2025-05-25,CUST-0155,Gamma Group 155,North,Lucknow,SUP-047,Apex Trading 47,East,PROD-0030,Power Supplies Model 2,Electronics,Power Supplies,16,4311.52,13.38,59754.22,43715.23,16038.99,completed,Net-30,Direct Sales,5,4.0
ORD-01794,2023-03-12,CUST-0060,Alpha Group 60,North,Lucknow,SUP-010,Orbit Solutions 10,North,PROD-0004,Pump Systems Model 4,Industrial Equipment,Pump Systems,4,3203.7,0.58,12740.47,9889.4,2851.07,completed,Letter of Credit,Online,8,4.8
ORD-01795,2024-03-20,CUST-0297,Alpha Ltd 297,East,Guwahati,SUP-032,Prime Industries 32,East,PROD-0039,Polymers Model 3,Raw Materials,Polymers,2,5005.85,1.03,9908.58,6092.35,3816.23,completed,Wire Transfer,Online,8,4.8
ORD-01796,2023-05-22,CUST-0227,Delta Enterprises 227,East,Patna,SUP-015,Prime Industries 15,North,PROD-0056,Films Model 4,Packaging,Films,4,711.82,0.0,2847.28,2439.01,408.27,completed,Wire Transfer,Online,8,3.9
ORD-01797,2024-06-23,CUST-0059,Foxtrot Ltd 59,Central,Indore,SUP-051,Nova Manufacturing 51,South,PROD-0062,Pallets Model 2,Packaging,Pallets,1,2951.9,0.0,2951.9,1980.18,971.72,completed,Credit Card,Partner,4,3.7
ORD-01798,2025-07-29,CUST-0266,Foxtrot Enterprises 266,South,Kochi,SUP-031,Apex Supplies 31,South,PROD-0045,Alloys Model 1,Raw Materials,Alloys,9,4461.66,0.0,40154.94,29447.49,10707.45,completed,Wire Transfer,Online,7,4.3
ORD-01799,2024-10-08,CUST-0202,Beta Pvt Ltd 202,East,Guwahati,SUP-017,Prime Trading 17,East,PROD-0064,Pallets Model 4,Packaging,Pallets,3,3129.25,0.0,938.78,7662.22,-593.66,cancelled,UPI,Online,,
ORD-01800,2024-12-08,CUST-0097,Foxtrot Pvt Ltd 97,East,Bhubaneswar,SUP-037,Prime Supplies 37,East,PROD-0079,Cold Chain Model 3,Logistics Services,Cold Chain,6,543.47,0.0,3260.82,2163.71,1097.11,completed,UPI,Marketplace,4,3.8
ORD-01801,2023-01-19,CUST-0126,Delta Enterprises 126,South,Hyderabad,SUP-009,Nova Supplies 9,Central,PROD-0032,Power Supplies Model 4,Electronics,Power Supplies,4,1252.68,0.0,5010.72,3549.91,1460.81,completed,Credit Card,Partner,7,3.2
ORD-01802,2025-12-30,CUST-0025,Echo Enterprises 25,North,Lucknow,SUP-020,Apex Manufacturing 20,North,PROD-0032,Power Supplies Model 4,Electronics,Power Supplies,1,1111.12,0.0,1111.12,788.74,322.38,completed,Letter of Credit,Direct Sales,7,3.5
ORD-01803,2025-02-04,CUST-0088,Alpha Ltd 88,West,Mumbai,SUP-028,Summit Solutions 28,West,PROD-0077,Cold Chain Model 1,Logistics Services,Cold Chain,1,2384.6,0.0,0.0,1904.9,-380.98,cancelled,Letter of Credit,Partner,,
ORD-01804,2025-09-28,CUST-0141,Alpha Enterprises 141,South,Chennai,SUP-006,Apex Solutions 6,South,PROD-0028,Cables Model 4,Electronics,Cables,3,3218.08,21.12,7615.26,6949.99,665.27,pending,Wire Transfer,Marketplace,,
ORD-01805,2025-05-12,CUST-0289,Echo Group 289,Central,Nagpur,SUP-013,Zenith Supplies 13,West,PROD-0019,Sensors Model 3,Electronics,Sensors,3,4265.83,15.73,10784.44,7546.02,3238.42,completed,UPI,Partner,8,3.8
ORD-01806,2025-11-17,CUST-0051,Gamma Enterprises 51,South,Kochi,SUP-036,Nova Trading 36,South,PROD-0012,Compressors Model 4,Industrial Equipment,Compressors,3,2071.03,12.07,5463.17,3514.33,1948.84,completed,Net-30,Partner,5,4.9
ORD-01807,2025-02-19,CUST-0041,Beta Group 41,South,Chennai,SUP-011,Apex Solutions 11,South,PROD-0070,Warehousing Model 2,Logistics Services,Warehousing,10,4896.3,0.0,48963.0,30028.09,18934.91,completed,Wire Transfer,Marketplace,8,4.5
ORD-01808,2025-03-26,CUST-0039,Alpha Enterprises 39,Central,Indore,SUP-049,Apex Supplies 49,Central,PROD-0022,Controllers Model 2,Electronics,Controllers,2,4831.87,11.82,8521.49,5544.01,2977.48,completed,Net-30,Direct Sales,4,4.1
ORD-01809,2024-11-23,CUST-0256,Delta Pvt Ltd 256,South,Bengaluru,SUP-021,Apex Trading 21,South,PROD-0004,Pump Systems Model 4,Industrial Equipment,Pump Systems,1,3368.17,0.0,3368.17,2454.12,914.05,completed,UPI,Online,8,3.6
ORD-01810,2025-02-09,CUST-0005,Echo Pvt Ltd 5,North,Lucknow,SUP-005,Summit Solutions 5,North,PROD-0012,Compressors Model 4,Industrial Equipment,Compressors,4,2516.57,1.91,9874.01,6107.15,3766.86,completed,Wire Transfer,Online,8,3.3
ORD-01811,2024-10-27,CUST-0228,Gamma Ltd 228,West,Surat,SUP-052,Zenith Manufacturing 52,East,PROD-0027,Cables Model 3,Electronics,Cables,6,2218.47,0.0,13310.82,8314.0,4996.82,completed,Letter of Credit,Direct Sales,9,
ORD-01812,2023-02-09,CUST-0133,Delta Group 133,West,Pune,SUP-058,Zenith Solutions 58,West,PROD-0078,Cold Chain Model 2,Logistics Services,Cold Chain,1,897.1,0.0,897.1,626.61,270.49,pending,Wire Transfer,Partner,,
ORD-01813,2024-11-17,CUST-0271,Foxtrot Group 271,South,Bengaluru,SUP-036,Nova Trading 36,South,PROD-0035,Steel Model 3,Raw Materials,Steel,4,3380.21,0.0,13520.84,8731.53,4789.31,completed,Letter of Credit,Partner,8,3.8
ORD-01814,2025-09-01,CUST-0131,Beta Ltd 131,South,Hyderabad,SUP-056,Orbit Trading 56,South,PROD-0050,Corrugated Model 2,Packaging,Corrugated,3,780.82,0.0,2342.46,1709.36,633.1,completed,UPI,Direct Sales,9,3.2
ORD-01815,2024-08-05,CUST-0244,Gamma Corp 244,Central,Raipur,SUP-044,Summit Solutions 44,Central,PROD-0001,Pump Systems Model 1,Industrial Equipment,Pump Systems,5,2012.28,0.0,10061.4,7632.04,2429.36,completed,Net-30,Online,6,3.5
ORD-01816,2023-04-05,CUST-0210,Foxtrot Ltd 210,North,Lucknow,SUP-036,Nova Trading 36,South,PROD-0030,Power Supplies Model 2,Electronics,Power Supplies,1,4585.99,0.0,4585.99,2857.46,1728.53,completed,Credit Card,Direct Sales,10,4.3
ORD-01817,2023-12-22,CUST-0146,Gamma Ltd 146,South,Kochi,SUP-022,Prime Solutions 22,East,PROD-0058,Labels Model 2,Packaging,Labels,8,4180.45,0.0,33443.6,26566.39,6877.21,completed,Wire Transfer,Partner,2,3.1
ORD-01818,2025-04-10,CUST-0180,Foxtrot Pvt Ltd 180,North,Lucknow,SUP-051,Nova Manufacturing 51,South,PROD-0070,Warehousing Model 2,Logistics Services,Warehousing,5,4863.82,0.0,24319.1,15911.97,8407.13,completed,Wire Transfer,Online,4,3.3
ORD-01819,2023-05-13,CUST-0071,Gamma Corp 71,South,Chennai,SUP-026,Zenith Industries 26,South,PROD-0049,Corrugated Model 1,Packaging,Corrugated,2,3695.33,0.0,7390.66,4625.13,2765.53,completed,Credit Card,Partner,10,2.9
ORD-01820,2025-02-20,CUST-0038,Foxtrot Corp 38,West,Surat,SUP-060,Nova Supplies 60,North,PROD-0001,Pump Systems Model 1,Industrial Equipment,Pump Systems,4,2385.5,6.87,8886.46,6949.97,1936.49,completed,Letter of Credit,Direct Sales,6,3.8
ORD-01821,2025-11-23,CUST-0031,Alpha Group 31,South,Hyderabad,SUP-030,Nova Industries 30,North,PROD-0047,Alloys Model 3,Raw Materials,Alloys,1,2847.36,0.0,2847.36,2128.71,718.65,completed,Wire Transfer,Direct Sales,12,3.4
ORD-01822,2023-09-05,CUST-0255,Delta Corp 255,North,Lucknow,SUP-043,Zenith Trading 43,West,PROD-0062,Pallets Model 2,Packaging,Pallets,5,2927.93,0.0,14639.65,9603.5,5036.15,completed,Credit Card,Direct Sales,5,3.6
ORD-01823,2025-04-11,CUST-0045,Alpha Group 45,North,Delhi,SUP-047,Apex Trading 47,East,PROD-0072,Warehousing Model 4,Logistics Services,Warehousing,6,4937.26,0.0,29623.56,19215.4,10408.16,completed,Net-30,Direct Sales,6,4.2
ORD-01824,2023-01-03,CUST-0282,Delta Pvt Ltd 282,East,Bhubaneswar,SUP-054,Nova Supplies 54,Central,PROD-0074,Last Mile Model 2,Logistics Services,Last Mile,2,4914.19,0.0,982.84,6081.44,-233.45,cancelled,Credit Card,Direct Sales,,
ORD-01825,2025-12-16,CUST-0242,Beta Corp 242,East,Kolkata,SUP-057,Summit Solutions 57,East,PROD-0076,Last Mile Model 4,Logistics Services,Last Mile,12,4111.41,0.0,49336.92,42275.04,7061.88,completed,UPI,Direct Sales,3,3.2
ORD-01826,2025-10-04,CUST-0085,Beta Pvt Ltd 85,North,Jaipur,SUP-060,Nova Supplies 60,North,PROD-0005,Conveyors Model 1,Industrial Equipment,Conveyors,1,4473.01,0.0,4473.01,3672.95,800.06,pending,Net-30,Marketplace,,
ORD-01827,2024-11-27,CUST-0210,Foxtrot Ltd 210,North,Lucknow,SUP-012,Nova Solutions 12,East,PROD-0079,Cold Chain Model 3,Logistics Services,Cold Chain,1,593.97,0.0,593.97,404.32,189.65,completed,UPI,Partner,4,4.6
ORD-01828,2023-01-08,CUST-0142,Delta Group 142,East,Bhubaneswar,SUP-047,Apex Trading 47,East,PROD-0066,Freight Model 2,Logistics Services,Freight,3,1263.56,0.0,3790.68,2129.69,1660.99,completed,Net-30,Direct Sales,10,3.1
ORD-01829,2023-01-21,CUST-0077,Gamma Corp 77,East,Bhubaneswar,SUP-032,Prime Industries 32,East,PROD-0023,Controllers Model 3,Electronics,Controllers,10,2626.63,11.9,23140.61,15991.65,7148.96,completed,UPI,Partner,3,
ORD-01830,2023-09-14,CUST-0021,Gamma Group 21,South,Chennai,SUP-015,Prime Industries 15,North,PROD-0043,Chemicals Model 3,Raw Materials,Chemicals,2,3842.32,13.49,6647.98,5670.43,977.55,completed,Letter of Credit,Online,4,4.8
ORD-01831,2024-06-12,CUST-0032,Gamma Enterprises 32,East,Bhubaneswar,SUP-023,Prime Industries 23,West,PROD-0027,Cables Model 3,Electronics,Cables,14,2348.66,0.99,32555.72,20914.32,11641.4,completed,UPI,Direct Sales,9,4.7
ORD-01832,2025-08-23,CUST-0267,Foxtrot Enterprises 267,East,Patna,SUP-012,Nova Solutions 12,East,PROD-0029,Power Supplies Model 1,Electronics,Power Supplies,4,2338.98,0.47,9311.95,5689.5,3622.45,completed,Credit Card,Online,9,3.1
ORD-01833,2024-03-07,CUST-0279,Echo Corp 279,Central,Nagpur,SUP-020,Apex Manufacturing 20,North,PROD-0019,Sensors Model 3,Electronics,Sensors,1,4253.86,0.0,425.39,2566.11,-87.83,cancelled,Letter of Credit,Partner,,
ORD-01834,2025-12-08,CUST-0188,Echo Corp 188,West,Mumbai,SUP-008,Apex Industries 8,West,PROD-0017,Sensors Model 1,Electronics,Sensors,26,2013.09,15.44,44258.99,29833.21,14425.78,completed,Credit Card,Marketplace,8,3.1
ORD-01835,2023-10-23,CUST-0216,Alpha Ltd 216,South,Chennai,SUP-031,Apex Supplies 31,South,PROD-0070,Warehousing Model 2,Logistics Services,Warehousing,19,4535.72,10.61,77035.12,56469.27,20565.85,completed,Wire Transfer,Marketplace,9,4.6
ORD-01836,2025-05-27,CUST-0081,Foxtrot Pvt Ltd 81,South,Chennai,SUP-001,Summit Industries 1,South,PROD-0042,Chemicals Model 2,Raw Materials,Chemicals,8,3162.69,0.0,25301.52,19995.88,5305.64,completed,Wire Transfer,Direct Sales,4,4.0
ORD-01837,2024-03-08,CUST-0293,Foxtrot Ltd 293,West,Pune,SUP-048,Zenith Trading 48,West,PROD-0059,Labels Model 3,Packaging,Labels,10,5533.26,0.0,55332.6,48174.67,7157.93,pending,Credit Card,Partner,,
ORD-01838,2023-06-15,CUST-0012,Beta Pvt Ltd 12,East,Bhubaneswar,SUP-007,Zenith Industries 7,East,PROD-0077,Cold Chain Model 1,Logistics Services,Cold Chain,2,2270.32,0.0,4540.64,3612.97,927.67,pending,Credit Card,Direct Sales,,
ORD-01839,2023-07-11,CUST-0170,Beta Enterprises 170,North,Jaipur,SUP-035,Zenith Trading 35,North,PROD-0056,Films Model 4,Packaging,Films,4,662.12,15.45,0.0,2176.77,-435.35,cancelled,Net-30,Marketplace,,
ORD-01840,2025-08-19,CUST-0127,Foxtrot Ltd 127,East,Guwahati,SUP-047,Apex Trading 47,East,PROD-0046,Alloys Model 2,Raw Materials,Alloys,16,1421.68,0.0,0.0,15030.45,-3006.09,cancelled,UPI,Direct Sales,,
ORD-01841,2024-11-20,CUST-0079,Gamma Pvt Ltd 79,Central,Bhopal,SUP-029,Prime Solutions 29,Central,PROD-0073,Last Mile Model 1,Logistics Services,Last Mile,1,2514.47,12.46,2201.17,1471.38,729.79,completed,Letter of Credit,Partner,9,3.8
ORD-01842,2023-04-20,CUST-0165,Beta Group 165,North,Lucknow,SUP-019,Prime Industries 19,Central,PROD-0054,Films Model 2,Packaging,Films,2,2415.67,1.03,4781.58,3717.96,1063.62,completed,Wire Transfer,Marketplace,10,
ORD-01843,2024-01-16,CUST-0105,Gamma Pvt Ltd 105,North,Delhi,SUP-035,Zenith Trading 35,North,PROD-0029,Power Supplies Model 1,Electronics,Power Supplies,5,2330.87,0.0,1165.44,7256.05,-285.77,cancelled,Wire Transfer,Direct Sales,,
ORD-01844,2023-01-22,CUST-0146,Gamma Ltd 146,South,Kochi,SUP-029,Prime Solutions 29,Central,PROD-0035,Steel Model 3,Raw Materials,Steel,2,3636.54,0.0,7273.08,4384.49,2888.59,pending,Net-30,Marketplace,,
ORD-01845,2024-02-09,CUST-0203,Gamma Pvt Ltd 203,West,Ahmedabad,SUP-047,Apex Trading 47,East,PROD-0003,Pump Systems Model 3,Industrial Equipment,Pump Systems,6,4731.47,0.0,0.0,19003.25,-3800.65,cancelled,UPI,Partner,,
ORD-01846,2025-01-19,CUST-0186,Echo Ltd 186,South,Bengaluru,SUP-018,Nova Supplies 18,West,PROD-0012,Compressors Model 4,Industrial Equipment,Compressors,10,1991.1,1.84,19544.64,11299.8,8244.84,completed,Net-30,Marketplace,4,
ORD-01847,2023-04-27,CUST-0127,Foxtrot Ltd 127,East,Guwahati,SUP-027,Orbit Trading 27,East,PROD-0056,Films Model 4,Packaging,Films,6,634.62,6.08,3576.21,3279.81,296.4,pending,Net-30,Direct Sales,,
ORD-01848,2025-07-09,CUST-0257,Alpha Corp 257,East,Patna,SUP-002,Apex Trading 2,East,PROD-0043,Chemicals Model 3,Raw Materials,Chemicals,1,3336.24,21.6,2615.61,2445.53,170.08,completed,Letter of Credit,Direct Sales,3,4.4
ORD-01849,2023-04-29,CUST-0228,Gamma Ltd 228,West,Surat,SUP-023,Prime Industries 23,West,PROD-0046,Alloys Model 2,Raw Materials,Alloys,4,1547.21,0.79,6139.95,4326.57,1813.38,completed,Letter of Credit,Marketplace,7,4.3
ORD-01850,2023-08-18,CUST-0144,Echo Enterprises 144,Central,Raipur,SUP-049,Apex Supplies 49,Central,PROD-0022,Controllers Model 2,Electronics,Controllers,8,5110.86,20.81,32378.32,23831.08,8547.24,completed,Credit Card,Direct Sales,7,4.4
ORD-01851,2023-01-02,CUST-0259,Foxtrot Pvt Ltd 259,Central,Indore,SUP-004,Nova Industries 4,Central,PROD-0067,Freight Model 3,Logistics Services,Freight,1,4327.73,0.0,4327.73,3072.38,1255.35,pending,Net-30,Online,,
ORD-01852,2025-05-22,CUST-0109,Alpha Corp 109,Central,Nagpur,SUP-024,Summit Manufacturing 24,Central,PROD-0057,Labels Model 1,Packaging,Labels,2,780.88,0.0,1561.76,1361.82,199.94,completed,Credit Card,Direct Sales,8,4.3
ORD-01853,2023-04-01,CUST-0295,Gamma Enterprises 295,North,Delhi,SUP-026,Zenith Industries 26,South,PROD-0041,Chemicals Model 1,Raw Materials,Chemicals,3,1840.05,0.0,5520.15,3914.52,1605.63,completed,Letter of Credit,Direct Sales,12,4.4
ORD-01854,2024-10-08,CUST-0111,Echo Group 111,South,Kochi,SUP-011,Apex Solutions 11,South,PROD-0070,Warehousing Model 2,Logistics Services,Warehousing,8,4097.77,0.0,32782.16,21034.94,11747.22,completed,Letter of Credit,Partner,6,
ORD-01855,2023-07-05,CUST-0247,Foxtrot Group 247,East,Patna,SUP-042,Nova Manufacturing 42,East,PROD-0002,Pump Systems Model 2,Industrial Equipment,Pump Systems,1,918.13,0.0,918.13,626.98,291.15,completed,Credit Card,Direct Sales,3,3.5
ORD-01856,2024-03-31,CUST-0206,Delta Group 206,South,Kochi,SUP-047,Apex Trading 47,East,PROD-0048,Alloys Model 4,Raw Materials,Alloys,7,517.94,0.0,3625.58,2370.54,1255.04,completed,Credit Card,Marketplace,8,3.3
ORD-01857,2025-01-18,CUST-0253,Foxtrot Pvt Ltd 253,West,Surat,SUP-003,Nova Supplies 3,West,PROD-0069,Warehousing Model 1,Logistics Services,Warehousing,5,340.02,0.0,1700.1,1383.32,316.78,completed,Letter of Credit,Marketplace,13,4.3
ORD-01858,2024-03-12,CUST-0043,Gamma Enterprises 43,West,Pune,SUP-048,Zenith Trading 48,West,PROD-0029,Power Supplies Model 1,Electronics,Power Supplies,1,2023.03,5.08,1920.26,1207.83,712.43,completed,UPI,Marketplace,2,4.2
ORD-01859,2024-01-07,CUST-0186,Echo Ltd 186,South,Bengaluru,SUP-026,Zenith Industries 26,South,PROD-0050,Corrugated Model 2,Packaging,Corrugated,5,634.99,1.38,3131.14,2349.56,781.58,completed,Credit Card,Direct Sales,11,3.4
ORD-01860,2023-05-10,CUST-0031,Alpha Group 31,South,Hyderabad,SUP-038,Summit Trading 38,West,PROD-0048,Alloys Model 4,Raw Materials,Alloys,2,458.12,20.86,725.11,604.44,120.67,completed,Wire Transfer,Direct Sales,1,3.7
ORD-01861,2023-05-02,CUST-0114,Alpha Group 114,Central,Raipur,SUP-014,Zenith Solutions 14,Central,PROD-0042,Chemicals Model 2,Raw Materials,Chemicals,5,3411.53,0.0,17057.65,13383.66,3673.99,completed,Net-30,Partner,5,4.3
ORD-01862,2023-04-10,CUST-0221,Beta Pvt Ltd 221,South,Hyderabad,SUP-056,Orbit Trading 56,South,PROD-0065,Freight Model 1,Logistics Services,Freight,9,4358.02,13.27,0.0,23008.65,-4601.73,cancelled,Net-30,Partner,,
ORD-01863,2023-06-04,CUST-0016,Gamma Ltd 16,South,Hyderabad,SUP-006,Apex Solutions 6,South,PROD-0009,Compressors Model 1,Industrial Equipment,Compressors,1,250.88,0.0,250.88,148.52,102.36,completed,Credit Card,Direct Sales,5,3.3
ORD-01864,2023-03-13,CUST-0140,Alpha Group 140,North,Lucknow,SUP-030,Nova Industries 30,North,PROD-0034,Steel Model 2,Raw Materials,Steel,3,1670.17,11.66,4426.28,4399.77,26.51,completed,Net-30,Partner,5,4.3
ORD-01865,2024-07-15,CUST-0204,Echo Corp 204,Central,Nagpur,SUP-044,Summit Solutions 44,Central,PROD-0029,Power Supplies Model 1,Electronics,Power Supplies,4,2383.15,0.0,0.0,5684.45,-1136.89,cancelled,Credit Card,Partner,,
ORD-01866,2024-01-02,CUST-0074,Echo Group 74,Central,Nagpur,SUP-043,Zenith Trading 43,West,PROD-0003,Pump Systems Model 3,Industrial Equipment,Pump Systems,4,5404.3,0.0,21617.2,14659.33,6957.87,completed,Letter of Credit,Partner,6,4.5
ORD-01867,2025-12-10,CUST-0233,Alpha Ltd 233,West,Ahmedabad,SUP-033,Nova Industries 33,West,PROD-0078,Cold Chain Model 2,Logistics Services,Cold Chain,1,924.52,0.0,924.52,623.27,301.25,completed,Net-30,Marketplace,10,4.0
ORD-01868,2025-03-03,CUST-0266,Foxtrot Enterprises 266,South,Kochi,SUP-001,Summit Industries 1,South,PROD-0018,Sensors Model 2,Electronics,Sensors,10,2819.09,12.17,24760.07,20815.84,3944.23,completed,Credit Card,Direct Sales,10,4.9
ORD-01869,2023-11-19,CUST-0158,Echo Enterprises 158,West,Mumbai,SUP-013,Zenith Supplies 13,West,PROD-0035,Steel Model 3,Raw Materials,Steel,4,3627.57,0.25,14474.0,9055.82,5418.18,completed,Net-30,Online,9,3.1
ORD-01870,2024-11-30,CUST-0081,Foxtrot Pvt Ltd 81,South,Chennai,SUP-026,Zenith Industries 26,South,PROD-0064,Pallets Model 4,Packaging,Pallets,1,2757.77,1.92,2704.82,2162.07,542.75,completed,Letter of Credit,Partner,8,
ORD-01871,2023-11-04,CUST-0268,Delta Corp 268,West,Mumbai,SUP-020,Apex Manufacturing 20,North,PROD-0077,Cold Chain Model 1,Logistics Services,Cold Chain,9,1969.58,0.0,17726.22,13089.35,4636.87,completed,Wire Transfer,Partner,9,4.1
ORD-01872,2023-01-14,CUST-0102,Gamma Ltd 102,East,Patna,SUP-013,Zenith Supplies 13,West,PROD-0016,CNC Parts Model 4,Industrial Equipment,CNC Parts,6,4254.19,1.45,25155.03,16629.1,8525.93,pending,Letter of Credit,Online,,
ORD-01873,2023-06-03,CUST-0076,Foxtrot Corp 76,South,Hyderabad,SUP-038,Summit Trading 38,West,PROD-0035,Steel Model 3,Raw Materials,Steel,7,3067.57,0.0,21472.99,14133.36,7339.63,completed,UPI,Direct Sales,6,4.3
ORD-01874,2024-09-14,CUST-0136,Delta Ltd 136,South,Kochi,SUP-052,Zenith Manufacturing 52,East,PROD-0026,Cables Model 2,Electronics,Cables,8,3773.93,0.0,0.0,18115.49,-3623.1,cancelled,Credit Card,Direct Sales,,
ORD-01875,2025-11-24,CUST-0050,Delta Pvt Ltd 50,North,Delhi,SUP-028,Summit Solutions 28,West,PROD-0068,Freight Model 4,Logistics Services,Freight,1,4835.55,0.0,4835.55,3034.77,1800.78,completed,Credit Card,Marketplace,8,
ORD-01876,2025-08-27,CUST-0078,Foxtrot Group 78,West,Mumbai,SUP-011,Apex Solutions 11,South,PROD-0053,Films Model 1,Packaging,Films,8,1457.76,0.0,11662.08,9170.74,2491.34,completed,Net-30,Direct Sales,4,4.3
ORD-01877,2023-11-02,CUST-0214,Gamma Enterprises 214,Central,Nagpur,SUP-059,Zenith Trading 59,Central,PROD-0039,Polymers Model 3,Raw Materials,Polymers,3,4294.11,0.0,12882.33,8186.41,4695.92,pending,Net-30,Partner,,
ORD-01878,2024-01-18,CUST-0152,Beta Ltd 152,East,Bhubaneswar,SUP-009,Nova Supplies 9,Central,PROD-0042,Chemicals Model 2,Raw Materials,Chemicals,2,3174.9,0.0,6349.8,4810.8,1539.0,completed,Net-30,Partner,4,3.9
ORD-01879,2025-02-14,CUST-0188,Echo Corp 188,West,Mumbai,SUP-058,Zenith Solutions 58,West,PROD-0068,Freight Model 4,Logistics Services,Freight,3,4130.62,12.95,10787.11,7546.57,3240.54,completed,UPI,Partner,6,3.3
ORD-01880,2025-03-09,CUST-0165,Beta Group 165,North,Lucknow,SUP-053,Nova Trading 53,West,PROD-0065,Freight Model 1,Logistics Services,Freight,1,4478.16,0.0,4478.16,2692.42,1785.74,completed,Wire Transfer,Marketplace,3,3.8
ORD-01881,2023-09-07,CUST-0066,Beta Pvt Ltd 66,South,Kochi,SUP-051,Nova Manufacturing 51,South,PROD-0005,Conveyors Model 1,Industrial Equipment,Conveyors,20,4842.79,5.44,91586.84,79094.9,12491.94,completed,Net-30,Partner,9,4.2
ORD-01882,2025-09-07,CUST-0073,Delta Group 73,West,Pune,SUP-048,Zenith Trading 48,West,PROD-0049,Corrugated Model 1,Packaging,Corrugated,2,3629.3,1.19,7172.22,4423.84,2748.38,completed,Wire Transfer,Direct Sales,8,4.3
ORD-01883,2024-09-11,CUST-0125,Delta Group 125,North,Chandigarh,SUP-051,Nova Manufacturing 51,South,PROD-0075,Last Mile Model 3,Logistics Services,Last Mile,1,2419.08,1.5,2382.79,1861.84,520.95,completed,Net-30,Partner,7,4.7
ORD-01884,2023-09-25,CUST-0283,Delta Enterprises 283,West,Ahmedabad,SUP-041,Orbit Supplies 41,South,PROD-0009,Compressors Model 1,Industrial Equipment,Compressors,3,252.63,0.0,75.79,428.22,-9.85,cancelled,Credit Card,Partner,,
ORD-01885,2024-08-13,CUST-0294,Beta Enterprises 294,Central,Raipur,SUP-039,Summit Industries 39,Central,PROD-0078,Cold Chain Model 2,Logistics Services,Cold Chain,1,920.48,0.0,920.48,620.28,300.2,completed,Wire Transfer,Online,6,4.0
ORD-01886,2025-12-11,CUST-0083,Foxtrot Enterprises 83,West,Mumbai,SUP-018,Nova Supplies 18,West,PROD-0078,Cold Chain Model 2,Logistics Services,Cold Chain,2,933.16,0.0,1866.32,1306.4,559.92,completed,UPI,Marketplace,7,4.8
ORD-01887,2023-01-08,CUST-0255,Delta Corp 255,North,Lucknow,SUP-040,Orbit Supplies 40,North,PROD-0003,Pump Systems Model 3,Industrial Equipment,Pump Systems,2,5572.29,0.0,11144.58,7190.45,3954.13,completed,Wire Transfer,Direct Sales,5,3.4
ORD-01888,2025-10-28,CUST-0282,Delta Pvt Ltd 282,East,Bhubaneswar,SUP-008,Apex Industries 8,West,PROD-0024,Controllers Model 4,Electronics,Controllers,6,1222.2,0.0,7333.2,3937.39,3395.81,completed,Letter of Credit,Partner,1,5.0
ORD-01889,2023-03-17,CUST-0226,Alpha Group 226,South,Bengaluru,SUP-021,Apex Trading 21,South,PROD-0028,Cables Model 4,Electronics,Cables,1,3282.82,0.0,3282.82,2474.31,808.51,pending,UPI,Marketplace,,
ORD-01890,2024-07-21,CUST-0204,Echo Corp 204,Central,Nagpur,SUP-024,Summit Manufacturing 24,Central,PROD-0070,Warehousing Model 2,Logistics Services,Warehousing,1,4397.43,0.0,4397.43,2823.18,1574.25,completed,Letter of Credit,Partner,1,2.8
ORD-01891,2024-09-20,CUST-0222,Gamma Corp 222,East,Bhubaneswar,SUP-012,Nova Solutions 12,East,PROD-0034,Steel Model 2,Raw Materials,Steel,6,1618.02,0.0,9708.12,8357.58,1350.54,completed,UPI,Partner,2,3.7
ORD-01892,2025-02-01,CUST-0271,Foxtrot Group 271,South,Bengaluru,SUP-056,Orbit Trading 56,South,PROD-0053,Films Model 1,Packaging,Films,2,1309.25,0.0,0.0,2098.97,-419.79,cancelled,Letter of Credit,Partner,,
ORD-01893,2025-08-02,CUST-0086,Foxtrot Enterprises 86,South,Chennai,SUP-016,Nova Manufacturing 16,South,PROD-0064,Pallets Model 4,Packaging,Pallets,1,2896.81,0.0,2896.81,2305.39,591.42,pending,UPI,Marketplace,,
ORD-01894,2024-06-10,CUST-0244,Gamma Corp 244,Central,Raipur,SUP-049,Apex Supplies 49,Central,PROD-0027,Cables Model 3,Electronics,Cables,7,2129.55,0.0,14906.85,9343.96,5562.89,completed,Letter of Credit,Online,8,4.1
ORD-01895,2025-04-11,CUST-0281,Delta Corp 281,South,Bengaluru,SUP-052,Zenith Manufacturing 52,East,PROD-0039,Polymers Model 3,Raw Materials,Polymers,2,4220.41,1.36,8326.02,5361.8,2964.22,completed,Credit Card,Online,11,
ORD-01896,2023-06-02,CUST-0115,Gamma Enterprises 115,North,Chandigarh,SUP-022,Prime Solutions 22,East,PROD-0040,Polymers Model 4,Raw Materials,Polymers,9,3787.55,6.0,32042.67,24098.66,7944.01,pending,Net-30,Online,,
ORD-01897,2024-04-04,CUST-0045,Alpha Group 45,North,Delhi,SUP-060,Nova Supplies 60,North,PROD-0068,Freight Model 4,Logistics Services,Freight,1,4815.96,0.69,4782.73,3089.05,1693.68,completed,Letter of Credit,Marketplace,1,3.8
ORD-01898,2023-12-22,CUST-0237,Gamma Group 237,East,Guwahati,SUP-025,Orbit Industries 25,North,PROD-0058,Labels Model 2,Packaging,Labels,2,4072.1,0.86,8074.16,6076.12,1998.04,completed,Letter of Credit,Marketplace,10,4.4
ORD-01899,2023-11-18,CUST-0082,Gamma Corp 82,East,Guwahati,SUP-059,Zenith Trading 59,Central,PROD-0047,Alloys Model 3,Raw Materials,Alloys,14,2891.1,0.0,40475.4,31522.05,8953.35,pending,UPI,Marketplace,,
ORD-01900,2024-01-10,CUST-0004,Delta Group 4,Central,Raipur,SUP-054,Nova Supplies 54,Central,PROD-0043,Chemicals Model 3,Raw Materials,Chemicals,4,4129.78,0.0,16519.12,11988.6,4530.52,completed,Letter of Credit,Marketplace,6,
ORD-01901,2024-12-03,CUST-0261,Gamma Ltd 261,South,Kochi,SUP-041,Orbit Supplies 41,South,PROD-0071,Warehousing Model 3,Logistics Services,Warehousing,3,2148.88,0.0,644.66,3638.51,-83.04,cancelled,Letter of Credit,Marketplace,,
ORD-01902,2025-04-21,CUST-0103,Alpha Ltd 103,West,Pune,SUP-033,Nova Industries 33,West,PROD-0049,Corrugated Model 1,Packaging,Corrugated,6,3574.28,0.0,21445.68,12530.34,8915.34,completed,UPI,Direct Sales,6,
ORD-01903,2024-11-16,CUST-0077,Gamma Corp 77,East,Bhubaneswar,SUP-037,Prime Supplies 37,East,PROD-0055,Films Model 3,Packaging,Films,6,3739.58,0.0,22437.48,14275.31,8162.17,completed,Letter of Credit,Partner,2,4.0
ORD-01904,2023-03-15,CUST-0299,Echo Enterprises 299,Central,Indore,SUP-029,Prime Solutions 29,Central,PROD-0011,Compressors Model 3,Industrial Equipment,Compressors,1,5409.03,16.81,4499.77,4338.95,160.82,completed,Net-30,Direct Sales,6,
ORD-01905,2024-04-09,CUST-0227,Delta Enterprises 227,East,Patna,SUP-047,Apex Trading 47,East,PROD-0001,Pump Systems Model 1,Industrial Equipment,Pump Systems,9,2260.32,0.0,20342.88,14903.44,5439.44,pending,Letter of Credit,Partner,,
ORD-01906,2025-12-25,CUST-0171,Gamma Enterprises 171,South,Hyderabad,SUP-016,Nova Manufacturing 16,South,PROD-0057,Labels Model 1,Packaging,Labels,6,833.91,16.05,4200.4,4149.95,50.45,completed,UPI,Direct Sales,8,5.0
ORD-01907,2024-03-29,CUST-0096,Delta Corp 96,South,Chennai,SUP-008,Apex Industries 8,West,PROD-0032,Power Supplies Model 4,Electronics,Power Supplies,4,1328.33,6.62,4961.58,3653.46,1308.12,completed,Net-30,Online,6,4.2
ORD-01908,2025-04-14,CUST-0181,Beta Group 181,South,Hyderabad,SUP-031,Apex Supplies 31,South,PROD-0028,Cables Model 4,Electronics,Cables,17,3282.75,1.6,54913.84,42961.62,11952.22,completed,Letter of Credit,Marketplace,5,4.5
ORD-01909,2025-03-18,CUST-0106,Foxtrot Group 106,South,Kochi,SUP-021,Apex Trading 21,South,PROD-0051,Corrugated Model 3,Packaging,Corrugated,1,5213.15,0.0,5213.15,3865.29,1347.86,completed,Wire Transfer,Marketplace,10,3.2
ORD-01910,2023-07-01,CUST-0101,Beta Enterprises 101,South,Chennai,SUP-037,Prime Supplies 37,East,PROD-0080,Cold Chain Model 4,Logistics Services,Cold Chain,1,1939.04,6.64,1810.29,1550.29,260.0,completed,UPI,Online,11,4.2
ORD-01911,2024-04-28,CUST-0168,Delta Ltd 168,West,Pune,SUP-023,Prime Industries 23,West,PROD-0067,Freight Model 3,Logistics Services,Freight,4,4610.44,0.0,18441.76,13273.31,5168.45,completed,Net-30,Direct Sales,7,4.0
ORD-01912,2024-12-05,CUST-0165,Beta Group 165,North,Lucknow,SUP-055,Summit Solutions 55,North,PROD-0048,Alloys Model 4,Raw Materials,Alloys,6,519.73,0.0,3118.38,1896.19,1222.19,completed,UPI,Online,4,3.1
ORD-01913,2023-09-03,CUST-0096,Delta Corp 96,South,Chennai,SUP-002,Apex Trading 2,East,PROD-0052,Corrugated Model 4,Packaging,Corrugated,3,4978.9,1.27,14747.0,12431.08,2315.92,completed,UPI,Online,10,3.8
ORD-01914,2023-07-29,CUST-0112,Delta Group 112,East,Kolkata,SUP-012,Nova Solutions 12,East,PROD-0025,Cables Model 1,Electronics,Cables,3,4279.55,0.0,12838.65,10319.17,2519.48,completed,Wire Transfer,Marketplace,4,2.4
ORD-01915,2023-04-02,CUST-0211,Foxtrot Group 211,South,Hyderabad,SUP-029,Prime Solutions 29,Central,PROD-0002,Pump Systems Model 2,Industrial Equipment,Pump Systems,12,931.97,0.0,11183.64,7390.98,3792.66,completed,Net-30,Online,3,3.3
ORD-01916,2025-06-22,CUST-0016,Gamma Ltd 16,South,Hyderabad,SUP-018,Nova Supplies 18,West,PROD-0006,Conveyors Model 2,Industrial Equipment,Conveyors,1,4093.92,0.0,4093.92,2757.92,1336.0,completed,Credit Card,Direct Sales,4,4.0
ORD-01917,2024-08-19,CUST-0131,Beta Ltd 131,South,Hyderabad,SUP-026,Zenith Industries 26,South,PROD-0060,Labels Model 4,Packaging,Labels,1,4294.77,0.0,4294.77,2693.78,1600.99,completed,Letter of Credit,Online,10,3.4
ORD-01918,2025-05-26,CUST-0006,Foxtrot Corp 6,South,Bengaluru,SUP-036,Nova Trading 36,South,PROD-0071,Warehousing Model 3,Logistics Services,Warehousing,6,2207.35,5.49,12517.0,8191.01,4325.99,completed,Letter of Credit,Partner,3,4.1
ORD-01919,2024-02-14,CUST-0134,Delta Enterprises 134,Central,Indore,SUP-057,Summit Solutions 57,East,PROD-0006,Conveyors Model 2,Industrial Equipment,Conveyors,4,4212.77,0.0,16851.08,10870.96,5980.12,pending,Wire Transfer,Online,,
ORD-01920,2023-03-19,CUST-0237,Gamma Group 237,East,Guwahati,SUP-024,Summit Manufacturing 24,Central,PROD-0056,Films Model 4,Packaging,Films,1,679.19,10.32,609.1,588.75,20.35,completed,Letter of Credit,Marketplace,10,3.5
ORD-01921,2024-03-02,CUST-0196,Delta Enterprises 196,South,Kochi,SUP-001,Summit Industries 1,South,PROD-0077,Cold Chain Model 1,Logistics Services,Cold Chain,4,2338.87,1.61,9204.86,7360.81,1844.05,completed,Letter of Credit,Partner,7,4.0
ORD-01922,2025-02-26,CUST-0111,Echo Group 111,South,Kochi,SUP-026,Zenith Industries 26,South,PROD-0001,Pump Systems Model 1,Industrial Equipment,Pump Systems,2,2216.79,0.0,4433.58,3375.49,1058.09,completed,Net-30,Online,8,4.0
ORD-01923,2025-09-21,CUST-0017,Beta Group 17,East,Kolkata,SUP-002,Apex Trading 2,East,PROD-0045,Alloys Model 1,Raw Materials,Alloys,3,4315.56,0.0,12946.68,9576.61,3370.07,completed,Letter of Credit,Direct Sales,1,3.2
ORD-01924,2024-01-20,CUST-0139,Foxtrot Group 139,Central,Bhopal,SUP-022,Prime Solutions 22,East,PROD-0042,Chemicals Model 2,Raw Materials,Chemicals,3,3481.06,0.0,10443.18,7856.16,2587.02,completed,Net-30,Direct Sales,7,2.7
ORD-01925,2025-12-13,CUST-0182,Beta Pvt Ltd 182,East,Kolkata,SUP-007,Zenith Industries 7,East,PROD-0065,Freight Model 1,Logistics Services,Freight,1,4994.38,0.0,4994.38,2988.96,2005.42,completed,Letter of Credit,Online,6,3.9
ORD-01926,2025-03-04,CUST-0125,Delta Group 125,North,Chandigarh,SUP-045,Nova Trading 45,North,PROD-0016,CNC Parts Model 4,Industrial Equipment,CNC Parts,2,4420.5,5.52,8352.98,5641.67,2711.31,pending,Credit Card,Partner,,
ORD-01927,2023-03-04,CUST-0008,Gamma Enterprises 8,West,Mumbai,SUP-049,Apex Supplies 49,Central,PROD-0038,Polymers Model 2,Raw Materials,Polymers,4,2834.37,0.0,11337.48,7786.68,3550.8,pending,Letter of Credit,Direct Sales,,
ORD-01928,2025-01-09,CUST-0131,Beta Ltd 131,South,Hyderabad,SUP-056,Orbit Trading 56,South,PROD-0038,Polymers Model 2,Raw Materials,Polymers,1,3084.99,0.0,3084.99,2177.09,907.9,completed,Wire Transfer,Partner,5,4.6
ORD-01929,2025-07-14,CUST-0171,Gamma Enterprises 171,South,Hyderabad,SUP-006,Apex Solutions 6,South,PROD-0008,Conveyors Model 4,Industrial Equipment,Conveyors,5,3573.4,10.6,15973.1,14891.06,1082.04,pending,UPI,Marketplace,,
ORD-01930,2024-05-23,CUST-0140,Alpha Group 140,North,Lucknow,SUP-015,Prime Industries 15,North,PROD-0048,Alloys Model 4,Raw Materials,Alloys,1,552.17,0.0,552.17,363.59,188.58,completed,UPI,Online,3,
ORD-01931,2023-08-05,CUST-0146,Gamma Ltd 146,South,Kochi,SUP-058,Zenith Solutions 58,West,PROD-0047,Alloys Model 3,Raw Materials,Alloys,1,2930.61,0.0,2930.61,2350.91,579.7,pending,UPI,Marketplace,,
ORD-01932,2023-12-12,CUST-0068,Delta Group 68,West,Mumbai,SUP-048,Zenith Trading 48,West,PROD-0044,Chemicals Model 4,Raw Materials,Chemicals,1,3903.07,5.69,3680.99,2746.81,934.18,completed,Credit Card,Marketplace,7,3.4
ORD-01933,2025-01-23,CUST-0155,Gamma Group 155,North,Lucknow,SUP-015,Prime Industries 15,North,PROD-0020,Sensors Model 4,Electronics,Sensors,1,436.53,0.0,436.53,369.79,66.74,completed,Credit Card,Marketplace,11,3.8
ORD-01934,2025-01-14,CUST-0026,Beta Ltd 26,South,Bengaluru,SUP-021,Apex Trading 21,South,PROD-0047,Alloys Model 3,Raw Materials,Alloys,5,2884.73,0.0,14423.65,10920.16,3503.49,completed,UPI,Direct Sales,11,3.5
ORD-01935,2023-07-07,CUST-0105,Gamma Pvt Ltd 105,North,Delhi,SUP-055,Summit Solutions 55,North,PROD-0062,Pallets Model 2,Packaging,Pallets,2,2990.41,0.0,0.0,4211.63,-842.33,cancelled,Credit Card,Marketplace,,
ORD-01936,2025-07-24,CUST-0027,Gamma Corp 27,East,Kolkata,SUP-007,Zenith Industries 7,East,PROD-0061,Pallets Model 1,Packaging,Pallets,2,4034.78,0.19,8054.23,4569.53,3484.7,completed,Credit Card,Direct Sales,5,3.9
ORD-01937,2023-02-20,CUST-0036,Foxtrot Enterprises 36,South,Bengaluru,SUP-027,Orbit Trading 27,East,PROD-0005,Conveyors Model 1,Industrial Equipment,Conveyors,81,4391.72,0.0,355729.32,282320.26,73409.06,pending,Credit Card,Online,,
ORD-01938,2024-05-01,CUST-0189,Echo Enterprises 189,Central,Nagpur,SUP-044,Summit Solutions 44,Central,PROD-0026,Cables Model 2,Electronics,Cables,6,3201.42,1.22,18974.18,11119.14,7855.04,pending,Wire Transfer,Marketplace,,
ORD-01939,2023-05-09,CUST-0125,Delta Group 125,North,Chandigarh,SUP-005,Summit Solutions 5,North,PROD-0024,Controllers Model 4,Electronics,Controllers,33,1360.95,0.0,44911.35,24874.43,20036.92,completed,Net-30,Marketplace,3,3.7
ORD-01940,2023-01-17,CUST-0267,Foxtrot Enterprises 267,East,Patna,SUP-032,Prime Industries 32,East,PROD-0058,Labels Model 2,Packaging,Labels,1,4170.9,0.0,4170.9,3083.42,1087.48,completed,Wire Transfer,Partner,4,3.9
ORD-01941,2024-02-02,CUST-0096,Delta Corp 96,South,Chennai,SUP-026,Zenith Industries 26,South,PROD-0056,Films Model 4,Packaging,Films,3,684.61,0.52,2043.15,1748.43,294.72,completed,Letter of Credit,Marketplace,7,2.9
ORD-01942,2025-03-05,CUST-0209,Gamma Ltd 209,Central,Indore,SUP-049,Apex Supplies 49,Central,PROD-0042,Chemicals Model 2,Raw Materials,Chemicals,2,3047.16,0.0,6094.32,4438.96,1655.36,pending,Letter of Credit,Marketplace,,
ORD-01943,2025-06-14,CUST-0046,Alpha Ltd 46,South,Bengaluru,SUP-021,Apex Trading 21,South,PROD-0050,Corrugated Model 2,Packaging,Corrugated,4,677.66,0.0,2710.64,1896.75,813.89,completed,Net-30,Online,3,4.7
ORD-01944,2025-11-29,CUST-0079,Gamma Pvt Ltd 79,Central,Bhopal,SUP-051,Nova Manufacturing 51,South,PROD-0075,Last Mile Model 3,Logistics Services,Last Mile,3,2505.39,0.0,7516.17,5583.9,1932.27,completed,Letter of Credit,Direct Sales,12,4.7
ORD-01945,2024-04-08,CUST-0072,Gamma Pvt Ltd 72,East,Bhubaneswar,SUP-012,Nova Solutions 12,East,PROD-0032,Power Supplies Model 4,Electronics,Power Supplies,10,1371.38,13.12,1191.45,9536.72,-715.89,cancelled,UPI,Direct Sales,,
ORD-01946,2024-05-15,CUST-0118,Echo Pvt Ltd 118,West,Ahmedabad,SUP-043,Zenith Trading 43,West,PROD-0035,Steel Model 3,Raw Materials,Steel,1,3384.28,21.93,2642.11,2139.12,502.99,completed,Letter of Credit,Marketplace,9,4.3
ORD-01947,2025-03-21,CUST-0167,Alpha Enterprises 167,East,Kolkata,SUP-029,Prime Solutions 29,Central,PROD-0052,Corrugated Model 4,Packaging,Corrugated,3,4888.36,10.67,0.0,12129.34,-2425.87,cancelled,UPI,Marketplace,,
ORD-01948,2023-05-06,CUST-0134,Delta Enterprises 134,Central,Indore,SUP-039,Summit Industries 39,Central,PROD-0034,Steel Model 2,Raw Materials,Steel,2,1524.39,6.6,2847.56,2488.38,359.18,completed,UPI,Marketplace,6,4.4
ORD-01949,2023-02-14,CUST-0129,Gamma Group 129,Central,Indore,SUP-009,Nova Supplies 9,Central,PROD-0048,Alloys Model 4,Raw Materials,Alloys,1,524.88,20.7,416.23,350.04,66.19,completed,Wire Transfer,Direct Sales,8,3.4
ORD-01950,2025-10-22,CUST-0163,Delta Pvt Ltd 163,West,Mumbai,SUP-036,Nova Trading 36,South,PROD-0041,Chemicals Model 1,Raw Materials,Chemicals,3,2058.11,0.0,6174.33,4727.42,1446.91,completed,Wire Transfer,Direct Sales,9,3.5
ORD-01951,2025-11-01,CUST-0251,Beta Pvt Ltd 251,South,Bengaluru,SUP-045,Nova Trading 45,North,PROD-0007,Conveyors Model 3,Industrial Equipment,Conveyors,2,1677.3,1.84,3292.88,2631.0,661.88,completed,Credit Card,Online,6,3.9
ORD-01952,2025-04-12,CUST-0187,Foxtrot Pvt Ltd 187,East,Kolkata,SUP-047,Apex Trading 47,East,PROD-0011,Compressors Model 3,Industrial Equipment,Compressors,1,5534.1,0.0,5534.1,4462.74,1071.36,pending,Net-30,Online,,
ORD-01953,2025-10-28,CUST-0171,Gamma Enterprises 171,South,Hyderabad,SUP-031,Apex Supplies 31,South,PROD-0003,Pump Systems Model 3,Industrial Equipment,Pump Systems,1,4882.96,0.0,0.0,3277.59,-655.52,cancelled,Wire Transfer,Online,,
ORD-01954,2023-11-10,CUST-0160,Delta Enterprises 160,North,Jaipur,SUP-001,Summit Industries 1,South,PROD-0062,Pallets Model 2,Packaging,Pallets,13,2683.22,12.15,30643.71,24172.44,6471.27,completed,Letter of Credit,Marketplace,13,2.9
ORD-01955,2025-06-27,CUST-0148,Gamma Enterprises 148,West,Pune,SUP-018,Nova Supplies 18,West,PROD-0059,Labels Model 3,Packaging,Labels,1,5594.68,5.49,5287.53,4752.06,535.47,completed,UPI,Marketplace,5,5.0
ORD-01956,2024-05-28,CUST-0180,Foxtrot Pvt Ltd 180,North,Lucknow,SUP-005,Summit Solutions 5,North,PROD-0023,Controllers Model 3,Electronics,Controllers,2,2340.75,20.04,3743.33,3008.57,734.76,completed,UPI,Direct Sales,4,4.3
ORD-01957,2025-06-13,CUST-0028,Echo Ltd 28,West,Pune,SUP-026,Zenith Industries 26,South,PROD-0061,Pallets Model 1,Packaging,Pallets,1,3878.74,11.81,342.07,2223.76,-102.68,cancelled,Letter of Credit,Marketplace,,
ORD-01958,2024-01-05,CUST-0022,Beta Group 22,East,Guwahati,SUP-002,Apex Trading 2,East,PROD-0041,Chemicals Model 1,Raw Materials,Chemicals,4,1818.05,0.0,7272.2,5228.34,2043.86,completed,Letter of Credit,Direct Sales,9,4.0
ORD-01959,2025-06-24,CUST-0119,Gamma Enterprises 119,Central,Raipur,SUP-029,Prime Solutions 29,Central,PROD-0035,Steel Model 3,Raw Materials,Steel,1,3241.8,12.66,2831.39,2115.06,716.33,pending,Letter of Credit,Partner,,
ORD-01960,2024-11-08,CUST-0097,Foxtrot Pvt Ltd 97,East,Bhubaneswar,SUP-007,Zenith Industries 7,East,PROD-0068,Freight Model 4,Logistics Services,Freight,1,4575.88,21.57,3588.86,2856.75,732.11,completed,Credit Card,Partner,6,3.2
ORD-01961,2025-03-12,CUST-0036,Foxtrot Enterprises 36,South,Bengaluru,SUP-042,Nova Manufacturing 42,East,PROD-0009,Compressors Model 1,Industrial Equipment,Compressors,6,206.8,1.21,1225.79,685.99,539.8,completed,UPI,Direct Sales,7,3.0
ORD-01962,2024-06-23,CUST-0122,Echo Group 122,East,Bhubaneswar,SUP-037,Prime Supplies 37,East,PROD-0048,Alloys Model 4,Raw Materials,Alloys,1,554.52,21.8,43.36,340.61,-24.76,cancelled,Wire Transfer,Marketplace,,
ORD-01963,2023-12-14,CUST-0230,Alpha Enterprises 230,North,Delhi,SUP-055,Summit Solutions 55,North,PROD-0019,Sensors Model 3,Electronics,Sensors,8,3636.75,0.0,29094.0,17207.35,11886.65,completed,Wire Transfer,Marketplace,2,3.8
ORD-01964,2024-04-29,CUST-0048,Beta Enterprises 48,West,Surat,SUP-043,Zenith Trading 43,West,PROD-0048,Alloys Model 4,Raw Materials,Alloys,3,521.6,11.21,1389.39,998.54,390.85,completed,Credit Card,Online,12,3.9
ORD-01965,2025-02-08,CUST-0178,Beta Enterprises 178,West,Pune,SUP-058,Zenith Solutions 58,West,PROD-0076,Last Mile Model 4,Logistics Services,Last Mile,9,3866.68,0.98,34459.08,28180.07,6279.01,completed,Net-30,Partner,6,4.9
ORD-01966,2025-01-24,CUST-0023,Foxtrot Pvt Ltd 23,West,Pune,SUP-058,Zenith Solutions 58,West,PROD-0038,Polymers Model 2,Raw Materials,Polymers,2,3311.14,0.0,6622.28,4828.79,1793.49,completed,UPI,Partner,2,4.3
ORD-01967,2023-11-24,CUST-0004,Delta Group 4,Central,Raipur,SUP-034,Zenith Trading 34,Central,PROD-0024,Controllers Model 4,Electronics,Controllers,4,1396.83,0.0,5587.32,3073.39,2513.93,completed,UPI,Online,2,4.7
ORD-01968,2023-05-18,CUST-0063,Foxtrot Group 63,West,Surat,SUP-043,Zenith Trading 43,West,PROD-0003,Pump Systems Model 3,Industrial Equipment,Pump Systems,3,5149.75,0.0,0.0,10412.84,-2082.57,cancelled,UPI,Online,,
ORD-01969,2025-12-08,CUST-0026,Beta Ltd 26,South,Bengaluru,SUP-009,Nova Supplies 9,Central,PROD-0064,Pallets Model 4,Packaging,Pallets,2,2666.97,0.0,0.0,4378.14,-875.63,cancelled,UPI,Marketplace,,
ORD-01970,2024-11-18,CUST-0252,Delta Corp 252,East,Patna,SUP-051,Nova Manufacturing 51,South,PROD-0007,Conveyors Model 3,Industrial Equipment,Conveyors,1,1509.96,1.76,1483.38,1109.87,373.51,completed,UPI,Partner,3,4.6
ORD-01971,2023-09-04,CUST-0223,Gamma Corp 223,West,Pune,SUP-038,Summit Trading 38,West,PROD-0058,Labels Model 2,Packaging,Labels,1,4483.16,0.3,4469.71,3389.59,1080.12,completed,Letter of Credit,Marketplace,9,4.0
ORD-01972,2025-05-02,CUST-0145,Foxtrot Enterprises 145,North,Chandigarh,SUP-051,Nova Manufacturing 51,South,PROD-0079,Cold Chain Model 3,Logistics Services,Cold Chain,2,534.34,6.76,996.44,761.23,235.21,completed,Letter of Credit,Direct Sales,5,3.8
ORD-01973,2024-11-13,CUST-0058,Beta Corp 58,West,Mumbai,SUP-038,Summit Trading 38,West,PROD-0034,Steel Model 2,Raw Materials,Steel,3,1501.5,0.0,4504.5,3961.81,542.69,pending,Letter of Credit,Partner,,
ORD-01974,2023-05-07,CUST-0111,Echo Group 111,South,Kochi,SUP-026,Zenith Industries 26,South,PROD-0050,Corrugated Model 2,Packaging,Corrugated,4,655.64,1.68,2578.5,1887.64,690.86,pending,UPI,Partner,,
ORD-01975,2023-03-18,CUST-0219,Gamma Group 219,Central,Raipur,SUP-008,Apex Industries 8,West,PROD-0020,Sensors Model 4,Electronics,Sensors,5,406.62,5.42,1922.91,1606.3,316.61,completed,UPI,Direct Sales,7,4.4
ORD-01976,2025-05-17,CUST-0021,Gamma Group 21,South,Chennai,SUP-031,Apex Supplies 31,South,PROD-0068,Freight Model 4,Logistics Services,Freight,3,5019.02,5.66,14204.83,9124.92,5079.91,completed,Net-30,Marketplace,6,3.9
ORD-01977,2025-01-24,CUST-0130,Alpha Ltd 130,North,Jaipur,SUP-010,Orbit Solutions 10,North,PROD-0015,CNC Parts Model 3,Industrial Equipment,CNC Parts,3,5035.75,0.0,15107.25,8338.89,6768.36,completed,Wire Transfer,Direct Sales,8,4.5
ORD-01978,2025-06-18,CUST-0297,Alpha Ltd 297,East,Guwahati,SUP-037,Prime Supplies 37,East,PROD-0059,Labels Model 3,Packaging,Labels,1,4420.53,6.37,4138.94,3829.59,309.35,pending,Net-30,Online,,
ORD-01979,2024-10-15,CUST-0162,Delta Enterprises 162,East,Patna,SUP-037,Prime Supplies 37,East,PROD-0064,Pallets Model 4,Packaging,Pallets,2,2707.26,1.83,0.0,4386.93,-877.39,cancelled,Wire Transfer,Partner,,
ORD-01980,2025-07-29,CUST-0127,Foxtrot Ltd 127,East,Guwahati,SUP-057,Summit Solutions 57,East,PROD-0010,Compressors Model 2,Industrial Equipment,Compressors,5,2881.95,0.0,14409.75,12382.65,2027.1,completed,Wire Transfer,Marketplace,9,4.9
ORD-01981,2025-08-01,CUST-0192,Alpha Enterprises 192,East,Guwahati,SUP-027,Orbit Trading 27,East,PROD-0054,Films Model 2,Packaging,Films,7,2313.07,20.76,12830.14,13241.82,-411.68,completed,Net-30,Online,12,3.9
ORD-01982,2023-10-26,CUST-0205,Alpha Ltd 205,North,Chandigarh,SUP-025,Orbit Industries 25,North,PROD-0030,Power Supplies Model 2,Electronics,Power Supplies,1,3874.81,0.0,3874.81,2248.28,1626.53,completed,Net-30,Direct Sales,10,3.2
ORD-01983,2023-08-21,CUST-0179,Echo Ltd 179,Central,Indore,SUP-049,Apex Supplies 49,Central,PROD-0020,Sensors Model 4,Electronics,Sensors,3,464.58,0.0,1393.74,1180.21,213.53,completed,Letter of Credit,Direct Sales,7,4.5
ORD-01984,2024-01-22,CUST-0190,Alpha Group 190,North,Jaipur,SUP-030,Nova Industries 30,North,PROD-0027,Cables Model 3,Electronics,Cables,1,2367.49,11.43,2096.89,1475.99,620.9,pending,Net-30,Marketplace,,
ORD-01985,2024-01-19,CUST-0190,Alpha Group 190,North,Jaipur,SUP-055,Summit Solutions 55,North,PROD-0012,Compressors Model 4,Industrial Equipment,Compressors,11,2440.82,0.0,26849.02,15032.99,11816.03,completed,Net-30,Marketplace,4,5.0
ORD-01986,2023-10-23,CUST-0084,Alpha Corp 84,Central,Nagpur,SUP-014,Zenith Solutions 14,Central,PROD-0016,CNC Parts Model 4,Industrial Equipment,CNC Parts,1,4383.06,0.0,4383.06,2851.18,1531.88,completed,Credit Card,Marketplace,4,
ORD-01987,2024-06-14,CUST-0127,Foxtrot Ltd 127,East,Guwahati,SUP-015,Prime Industries 15,North,PROD-0036,Steel Model 4,Raw Materials,Steel,2,3244.61,0.0,6489.22,4825.95,1663.27,completed,UPI,Online,6,4.1
ORD-01988,2023-12-16,CUST-0128,Foxtrot Ltd 128,West,Surat,SUP-034,Zenith Trading 34,Central,PROD-0010,Compressors Model 2,Industrial Equipment,Compressors,2,3124.49,1.48,6156.5,4905.46,1251.04,completed,UPI,Online,9,5.0
ORD-01989,2023-09-07,CUST-0197,Gamma Ltd 197,East,Patna,SUP-047,Apex Trading 47,East,PROD-0044,Chemicals Model 4,Raw Materials,Chemicals,1,4334.98,0.0,4334.98,3148.7,1186.28,completed,Net-30,Online,8,5.0
ORD-01990,2025-08-27,CUST-0072,Gamma Pvt Ltd 72,East,Bhubaneswar,SUP-047,Apex Trading 47,East,PROD-0009,Compressors Model 1,Industrial Equipment,Compressors,12,229.93,0.0,2759.16,1600.46,1158.7,completed,Wire Transfer,Partner,3,3.8
ORD-01991,2024-08-17,CUST-0092,Gamma Ltd 92,East,Kolkata,SUP-047,Apex Trading 47,East,PROD-0015,CNC Parts Model 3,Industrial Equipment,CNC Parts,7,4250.67,0.0,0.0,16956.13,-3391.23,cancelled,Credit Card,Partner,,
ORD-01992,2024-10-20,CUST-0004,Delta Group 4,Central,Raipur,SUP-014,Zenith Solutions 14,Central,PROD-0066,Freight Model 2,Logistics Services,Freight,5,1260.92,0.57,6268.66,3398.31,2870.35,completed,Credit Card,Online,10,5.0
ORD-01993,2025-04-05,CUST-0231,Alpha Group 231,South,Kochi,SUP-001,Summit Industries 1,South,PROD-0020,Sensors Model 4,Electronics,Sensors,4,430.17,21.03,1358.82,1398.78,-39.96,completed,Letter of Credit,Direct Sales,5,
ORD-01994,2025-05-02,CUST-0238,Echo Corp 238,West,Mumbai,SUP-048,Zenith Trading 48,West,PROD-0016,CNC Parts Model 4,Industrial Equipment,CNC Parts,5,4258.33,0.0,21291.65,14197.82,7093.83,completed,Credit Card,Partner,6,4.6
ORD-01995,2025-01-05,CUST-0098,Foxtrot Ltd 98,West,Surat,SUP-047,Apex Trading 47,East,PROD-0015,CNC Parts Model 3,Industrial Equipment,CNC Parts,30,4180.97,11.77,110666.09,68720.46,41945.63,pending,UPI,Direct Sales,,
ORD-01996,2024-05-12,CUST-0121,Delta Enterprises 121,South,Chennai,SUP-041,Orbit Supplies 41,South,PROD-0033,Steel Model 1,Raw Materials,Steel,1,3137.64,1.89,0.0,2653.89,-530.78,cancelled,Wire Transfer,Online,,
ORD-01997,2024-02-10,CUST-0072,Gamma Pvt Ltd 72,East,Bhubaneswar,SUP-022,Prime Solutions 22,East,PROD-0021,Controllers Model 1,Electronics,Controllers,3,2836.49,12.06,7483.23,5439.43,2043.8,completed,Letter of Credit,Marketplace,4,3.3
ORD-01998,2023-10-02,CUST-0219,Gamma Group 219,Central,Raipur,SUP-059,Zenith Trading 59,Central,PROD-0061,Pallets Model 1,Packaging,Pallets,1,4436.09,0.0,4436.09,2455.13,1980.96,completed,Net-30,Online,9,4.4
ORD-01999,2025-10-06,CUST-0011,Foxtrot Pvt Ltd 11,South,Bengaluru,SUP-016,Nova Manufacturing 16,South,PROD-0005,Conveyors Model 1,Industrial Equipment,Conveyors,2,4573.33,0.0,9146.66,7556.91,1589.75,completed,Wire Transfer,Partner,8,4.0
ORD-02000,2023-12-31,CUST-0142,Delta Group 142,East,Bhubaneswar,SUP-027,Orbit Trading 27,East,PROD-0038,Polymers Model 2,Raw Materials,Polymers,1,3500.91,0.0,3500.91,2375.59,1125.32,completed,Wire Transfer,Partner,1,4.2
ORD-02001,2023-12-07,CUST-0095,Beta Ltd 95,North,Chandigarh,SUP-055,Summit Solutions 55,North,PROD-0014,CNC Parts Model 2,Industrial Equipment,CNC Parts,4,2308.7,13.3,8006.57,7331.09,675.48,completed,Letter of Credit,Online,7,3.3
ORD-02002,2024-04-26,CUST-0245,Gamma Pvt Ltd 245,North,Chandigarh,SUP-048,Zenith Trading 48,West,PROD-0006,Conveyors Model 2,Industrial Equipment,Conveyors,1,4705.36,21.23,3706.41,3082.89,623.52,completed,Letter of Credit,Direct Sales,8,4.2
ORD-02003,2023-01-07,CUST-0042,Beta Enterprises 42,East,Guwahati,SUP-021,Apex Trading 21,South,PROD-0032,Power Supplies Model 4,Electronics,Power Supplies,10,1207.7,0.0,12077.0,9135.75,2941.25,completed,Letter of Credit,Partner,4,4.1
ORD-02004,2025-04-29,CUST-0290,Beta Enterprises 290,North,Lucknow,SUP-050,Orbit Trading 50,North,PROD-0079,Cold Chain Model 3,Logistics Services,Cold Chain,7,591.78,0.0,4142.46,2887.8,1254.66,pending,Wire Transfer,Online,,
ORD-02005,2024-07-23,CUST-0122,Echo Group 122,East,Bhubaneswar,SUP-002,Apex Trading 2,East,PROD-0042,Chemicals Model 2,Raw Materials,Chemicals,1,3453.87,0.0,3453.87,2664.31,789.56,pending,Wire Transfer,Direct Sales,,
ORD-02006,2024-12-26,CUST-0190,Alpha Group 190,North,Jaipur,SUP-030,Nova Industries 30,North,PROD-0013,CNC Parts Model 1,Industrial Equipment,CNC Parts,11,3356.23,1.16,36490.28,29094.89,7395.39,completed,Credit Card,Online,10,4.8
ORD-02007,2023-03-04,CUST-0211,Foxtrot Group 211,South,Hyderabad,SUP-026,Zenith Industries 26,South,PROD-0014,CNC Parts Model 2,Industrial Equipment,CNC Parts,7,2446.3,0.0,1712.41,12347.07,-757.0,cancelled,Net-30,Online,,
ORD-02008,2025-08-12,CUST-0252,Delta Corp 252,East,Patna,SUP-012,Nova Solutions 12,East,PROD-0019,Sensors Model 3,Electronics,Sensors,1,4272.99,0.0,4272.99,2641.71,1631.28,completed,Wire Transfer,Direct Sales,12,2.8
ORD-02009,2024-04-16,CUST-0111,Echo Group 111,South,Kochi,SUP-035,Zenith Trading 35,North,PROD-0015,CNC Parts Model 3,Industrial Equipment,CNC Parts,3,5072.32,0.0,15216.96,8850.39,6366.57,completed,Net-30,Direct Sales,3,5.0
ORD-02010,2023-06-29,CUST-0062,Echo Corp 62,East,Kolkata,SUP-012,Nova Solutions 12,East,PROD-0057,Labels Model 1,Packaging,Labels,1,717.66,0.0,0.0,626.38,-125.28,cancelled,Net-30,Direct Sales,,
ORD-02011,2024-11-15,CUST-0123,Delta Group 123,West,Ahmedabad,SUP-007,Zenith Industries 7,East,PROD-0003,Pump Systems Model 3,Industrial Equipment,Pump Systems,3,4654.55,0.0,13963.65,9309.36,4654.29,pending,Letter of Credit,Partner,,
ORD-02012,2023-07-09,CUST-0014,Echo Pvt Ltd 14,Central,Indore,SUP-044,Summit Solutions 44,Central,PROD-0013,CNC Parts Model 1,Industrial Equipment,CNC Parts,6,3200.98,0.0,19205.88,15391.61,3814.27,pending,Credit Card,Online,,
ORD-02013,2025-07-01,CUST-0067,Gamma Corp 67,East,Guwahati,SUP-012,Nova Solutions 12,East,PROD-0039,Polymers Model 3,Raw Materials,Polymers,9,4143.93,0.0,37295.37,23644.81,13650.56,completed,Credit Card,Partner,4,3.3
ORD-02014,2023-03-30,CUST-0291,Gamma Pvt Ltd 291,South,Kochi,SUP-031,Apex Supplies 31,South,PROD-0002,Pump Systems Model 2,Industrial Equipment,Pump Systems,1,867.88,5.61,819.19,577.37,241.82,completed,Credit Card,Partner,6,
ORD-02015,2024-09-13,CUST-0203,Gamma Pvt Ltd 203,West,Ahmedabad,SUP-003,Nova Supplies 3,West,PROD-0038,Polymers Model 2,Raw Materials,Polymers,1,3026.07,0.0,3026.07,2105.8,920.27,completed,Wire Transfer,Direct Sales,10,4.9
ORD-02016,2025-12-06,CUST-0119,Gamma Enterprises 119,Central,Raipur,SUP-029,Prime Solutions 29,Central,PROD-0055,Films Model 3,Packaging,Films,20,3493.1,13.59,60367.75,43596.36,16771.39,completed,Letter of Credit,Marketplace,8,3.2
ORD-02017,2025-09-10,CUST-0284,Beta Enterprises 284,Central,Raipur,SUP-053,Nova Trading 53,West,PROD-0059,Labels Model 3,Packaging,Labels,2,5535.14,0.0,11070.28,9038.5,2031.78,completed,Letter of Credit,Online,5,4.2
ORD-02018,2024-07-17,CUST-0273,Echo Pvt Ltd 273,West,Pune,SUP-015,Prime Industries 15,North,PROD-0079,Cold Chain Model 3,Logistics Services,Cold Chain,10,491.78,0.0,4917.8,3332.45,1585.35,completed,Letter of Credit,Marketplace,4,4.8
ORD-02019,2025-04-04,CUST-0262,Foxtrot Enterprises 262,East,Guwahati,SUP-006,Apex Solutions 6,South,PROD-0059,Labels Model 3,Packaging,Labels,5,5070.46,0.0,25352.3,20300.72,5051.58,completed,Credit Card,Partner,7,
ORD-02020,2025-03-12,CUST-0249,Foxtrot Ltd 249,Central,Bhopal,SUP-033,Nova Industries 33,West,PROD-0043,Chemicals Model 3,Raw Materials,Chemicals,1,3950.82,0.0,3950.82,2902.63,1048.19,pending,Wire Transfer,Online,,
ORD-02021,2024-04-11,CUST-0186,Echo Ltd 186,South,Bengaluru,SUP-053,Nova Trading 53,West,PROD-0040,Polymers Model 4,Raw Materials,Polymers,1,3786.82,10.5,3389.2,2895.27,493.93,pending,Letter of Credit,Partner,,
ORD-02022,2024-12-10,CUST-0216,Alpha Ltd 216,South,Chennai,SUP-001,Summit Industries 1,South,PROD-0018,Sensors Model 2,Electronics,Sensors,1,2718.55,0.0,2718.55,1895.29,823.26,completed,Wire Transfer,Partner,4,4.9
ORD-02023,2025-12-12,CUST-0137,Foxtrot Corp 137,East,Bhubaneswar,SUP-002,Apex Trading 2,East,PROD-0058,Labels Model 2,Packaging,Labels,13,4516.07,16.4,49080.65,45060.32,4020.33,completed,Wire Transfer,Direct Sales,1,3.8
ORD-02024,2023-09-13,CUST-0055,Alpha Group 55,North,Delhi,SUP-003,Nova Supplies 3,West,PROD-0005,Conveyors Model 1,Industrial Equipment,Conveyors,12,3849.37,5.99,43425.51,38966.21,4459.3,completed,UPI,Partner,7,3.5
ORD-02025,2024-06-10,CUST-0252,Delta Corp 252,East,Patna,SUP-002,Apex Trading 2,East,PROD-0036,Steel Model 4,Raw Materials,Steel,5,2870.97,0.0,14354.85,10872.2,3482.65,completed,Net-30,Partner,8,4.0
ORD-02026,2025-08-12,CUST-0255,Delta Corp 255,North,Lucknow,SUP-025,Orbit Industries 25,North,PROD-0073,Last Mile Model 1,Logistics Services,Last Mile,2,2740.58,0.0,5481.16,3175.12,2306.04,pending,Credit Card,Direct Sales,,
ORD-02027,2025-12-21,CUST-0125,Delta Group 125,North,Chandigarh,SUP-040,Orbit Supplies 40,North,PROD-0007,Conveyors Model 3,Industrial Equipment,Conveyors,2,1773.49,5.27,0.0,2807.98,-561.6,cancelled,Letter of Credit,Marketplace,,
ORD-02028,2023-07-27,CUST-0132,Alpha Corp 132,East,Bhubaneswar,SUP-052,Zenith Manufacturing 52,East,PROD-0008,Conveyors Model 4,Industrial Equipment,Conveyors,1,3676.47,0.0,3676.47,2988.25,688.22,completed,Letter of Credit,Direct Sales,8,3.4
ORD-02029,2024-08-13,CUST-0134,Delta Enterprises 134,Central,Indore,SUP-049,Apex Supplies 49,Central,PROD-0021,Controllers Model 1,Electronics,Controllers,3,3216.86,5.12,9156.47,6012.06,3144.41,completed,Net-30,Marketplace,7,4.6
ORD-02030,2025-07-31,CUST-0191,Alpha Enterprises 191,South,Hyderabad,SUP-006,Apex Solutions 6,South,PROD-0022,Controllers Model 2,Electronics,Controllers,2,5044.63,5.54,9530.31,6223.68,3306.63,completed,UPI,Marketplace,6,5.0
ORD-02031,2023-05-30,CUST-0152,Beta Ltd 152,East,Bhubaneswar,SUP-057,Summit Solutions 57,East,PROD-0043,Chemicals Model 3,Raw Materials,Chemicals,2,4048.62,0.0,8097.24,5876.44,2220.8,completed,Credit Card,Online,8,3.6
ORD-02032,2023-06-04,CUST-0071,Gamma Corp 71,South,Chennai,SUP-001,Summit Industries 1,South,PROD-0063,Pallets Model 3,Packaging,Pallets,1,3535.21,0.72,3509.76,2558.73,951.03,completed,UPI,Marketplace,9,4.0
ORD-02033,2024-09-29,CUST-0126,Delta Enterprises 126,South,Hyderabad,SUP-024,Summit Manufacturing 24,Central,PROD-0026,Cables Model 2,Electronics,Cables,2,3723.27,12.22,6536.57,4530.99,2005.58,pending,Net-30,Direct Sales,,
ORD-02034,2024-10-10,CUST-0212,Delta Group 212,East,Patna,SUP-006,Apex Solutions 6,South,PROD-0069,Warehousing Model 1,Logistics Services,Warehousing,7,345.65,0.0,2419.55,2024.57,394.98,completed,Letter of Credit,Partner,5,4.0
ORD-02035,2025-01-28,CUST-0031,Alpha Group 31,South,Hyderabad,SUP-021,Apex Trading 21,South,PROD-0079,Cold Chain Model 3,Logistics Services,Cold Chain,13,616.79,5.27,7595.71,5501.87,2093.84,pending,Letter of Credit,Direct Sales,,
ORD-02036,2024-10-09,CUST-0179,Echo Ltd 179,Central,Indore,SUP-059,Zenith Trading 59,Central,PROD-0027,Cables Model 3,Electronics,Cables,8,2502.65,20.06,1600.5,12469.56,-893.41,cancelled,Credit Card,Marketplace,,
ORD-02037,2025-08-27,CUST-0261,Gamma Ltd 261,South,Kochi,SUP-051,Nova Manufacturing 51,South,PROD-0058,Labels Model 2,Packaging,Labels,1,4727.63,0.72,4693.59,3547.72,1145.87,completed,Net-30,Marketplace,3,4.1
ORD-02038,2025-03-10,CUST-0136,Delta Ltd 136,South,Kochi,SUP-016,Nova Manufacturing 16,South,PROD-0005,Conveyors Model 1,Industrial Equipment,Conveyors,1,3891.67,21.75,3045.23,3268.45,-223.22,completed,UPI,Partner,6,4.8
ORD-02039,2023-09-06,CUST-0187,Foxtrot Pvt Ltd 187,East,Kolkata,SUP-032,Prime Industries 32,East,PROD-0060,Labels Model 4,Packaging,Labels,10,4286.35,12.04,37702.73,27149.22,10553.51,pending,Credit Card,Partner,,
ORD-02040,2024-06-01,CUST-0013,Echo Group 13,West,Pune,SUP-028,Summit Solutions 28,West,PROD-0033,Steel Model 1,Raw Materials,Steel,3,3152.76,5.28,8958.88,8124.84,834.04,completed,Wire Transfer,Partner,3,4.2
ORD-02041,2024-08-31,CUST-0054,Foxtrot Pvt Ltd 54,Central,Indore,SUP-019,Prime Industries 19,Central,PROD-0026,Cables Model 2,Electronics,Cables,11,3248.95,6.5,33415.45,22371.54,11043.91,completed,Letter of Credit,Partner,7,5.0
ORD-02042,2025-04-28,CUST-0137,Foxtrot Corp 137,East,Bhubaneswar,SUP-030,Nova Industries 30,North,PROD-0072,Warehousing Model 4,Logistics Services,Warehousing,1,4547.94,16.18,3812.08,2847.98,964.1,pending,Net-30,Partner,,
ORD-02043,2023-08-12,CUST-0157,Delta Enterprises 157,East,Bhubaneswar,SUP-048,Zenith Trading 48,West,PROD-0046,Alloys Model 2,Raw Materials,Alloys,11,1710.71,0.0,1881.78,12418.96,-602.01,cancelled,UPI,Partner,,
ORD-02044,2024-03-03,CUST-0074,Echo Group 74,Central,Nagpur,SUP-009,Nova Supplies 9,Central,PROD-0068,Freight Model 4,Logistics Services,Freight,1,4904.33,0.0,4904.33,2920.72,1983.61,completed,UPI,Online,3,4.7
ORD-02045,2023-06-12,CUST-0237,Gamma Group 237,East,Guwahati,SUP-022,Prime Solutions 22,East,PROD-0004,Pump Systems Model 4,Industrial Equipment,Pump Systems,2,3201.25,0.0,6402.5,4641.44,1761.06,completed,Wire Transfer,Direct Sales,14,3.6
ORD-02046,2025-12-13,CUST-0273,Echo Pvt Ltd 273,West,Pune,SUP-011,Apex Solutions 11,South,PROD-0005,Conveyors Model 1,Industrial Equipment,Conveyors,6,4518.41,0.0,27110.46,21121.51,5988.95,completed,UPI,Marketplace,14,3.9
ORD-02047,2025-07-24,CUST-0247,Foxtrot Group 247,East,Patna,SUP-012,Nova Solutions 12,East,PROD-0027,Cables Model 3,Electronics,Cables,1,2134.25,0.0,2134.25,1439.73,694.52,pending,Wire Transfer,Direct Sales,,
ORD-02048,2023-01-25,CUST-0226,Alpha Group 226,South,Bengaluru,SUP-016,Nova Manufacturing 16,South,PROD-0078,Cold Chain Model 2,Logistics Services,Cold Chain,8,749.66,0.0,5997.28,3891.13,2106.15,completed,Wire Transfer,Online,7,4.1
ORD-02049,2024-12-04,CUST-0132,Alpha Corp 132,East,Bhubaneswar,SUP-052,Zenith Manufacturing 52,East,PROD-0033,Steel Model 1,Raw Materials,Steel,7,3017.83,0.0,2112.48,18753.77,-1638.27,cancelled,Wire Transfer,Marketplace,,
ORD-02050,2025-01-10,CUST-0035,Beta Corp 35,North,Lucknow,SUP-030,Nova Industries 30,North,PROD-0061,Pallets Model 1,Packaging,Pallets,1,4121.87,15.44,3485.45,2321.99,1163.46,completed,UPI,Marketplace,10,4.4
ORD-02051,2025-02-03,CUST-0117,Foxtrot Corp 117,East,Patna,SUP-012,Nova Solutions 12,East,PROD-0079,Cold Chain Model 3,Logistics Services,Cold Chain,2,528.19,1.37,1041.91,732.69,309.22,completed,Letter of Credit,Direct Sales,2,3.3
ORD-02052,2024-10-24,CUST-0211,Foxtrot Group 211,South,Hyderabad,SUP-001,Summit Industries 1,South,PROD-0001,Pump Systems Model 1,Industrial Equipment,Pump Systems,2,2362.07,5.69,4455.34,3436.45,1018.89,pending,Letter of Credit,Marketplace,,
ORD-02053,2024-12-19,CUST-0020,Foxtrot Enterprises 20,North,Chandigarh,SUP-020,Apex Manufacturing 20,North,PROD-0010,Compressors Model 2,Industrial Equipment,Compressors,1,3475.62,0.0,3475.62,2935.47,540.15,completed,Credit Card,Direct Sales,9,4.5
ORD-02054,2025-08-10,CUST-0086,Foxtrot Enterprises 86,South,Chennai,SUP-041,Orbit Supplies 41,South,PROD-0068,Freight Model 4,Logistics Services,Freight,1,4125.93,0.0,4125.93,2654.9,1471.03,pending,Net-30,Online,,
ORD-02055,2025-09-19,CUST-0087,Echo Corp 87,East,Guwahati,SUP-047,Apex Trading 47,East,PROD-0036,Steel Model 4,Raw Materials,Steel,1,2955.61,0.0,2955.61,2200.07,755.54,completed,Credit Card,Partner,4,5.0
ORD-02056,2024-08-19,CUST-0295,Gamma Enterprises 295,North,Delhi,SUP-020,Apex Manufacturing 20,North,PROD-0043,Chemicals Model 3,Raw Materials,Chemicals,1,3652.74,0.0,3652.74,2701.53,951.21,completed,UPI,Partner,6,3.8
ORD-02057,2024-07-07,CUST-0054,Foxtrot Pvt Ltd 54,Central,Indore,SUP-009,Nova Supplies 9,Central,PROD-0037,Polymers Model 1,Raw Materials,Polymers,4,4103.4,0.0,16413.6,9409.22,7004.38,completed,Net-30,Marketplace,7,
ORD-02058,2025-02-12,CUST-0075,Foxtrot Group 75,North,Delhi,SUP-035,Zenith Trading 35,North,PROD-0034,Steel Model 2,Raw Materials,Steel,1,1688.91,0.0,0.0,1481.98,-296.4,cancelled,UPI,Partner,,
ORD-02059,2025-01-07,CUST-0018,Alpha Enterprises 18,West,Mumbai,SUP-053,Nova Trading 53,West,PROD-0072,Warehousing Model 4,Logistics Services,Warehousing,9,4865.05,0.0,4378.55,29304.31,-1482.31,cancelled,Letter of Credit,Partner,,
ORD-02060,2024-08-16,CUST-0229,Gamma Enterprises 229,Central,Indore,SUP-009,Nova Supplies 9,Central,PROD-0012,Compressors Model 4,Industrial Equipment,Compressors,1,2218.36,0.0,2218.36,1347.11,871.25,completed,Letter of Credit,Marketplace,10,3.8
ORD-02061,2023-08-13,CUST-0276,Gamma Enterprises 276,South,Chennai,SUP-021,Apex Trading 21,South,PROD-0028,Cables Model 4,Electronics,Cables,3,2781.05,0.0,8343.15,6422.37,1920.78,completed,Letter of Credit,Direct Sales,4,4.3
ORD-02062,2025-03-07,CUST-0133,Delta Group 133,West,Pune,SUP-060,Nova Supplies 60,North,PROD-0057,Labels Model 1,Packaging,Labels,1,726.72,0.0,726.72,615.85,110.87,pending,Net-30,Online,,
ORD-02063,2023-05-29,CUST-0261,Gamma Ltd 261,South,Kochi,SUP-024,Summit Manufacturing 24,Central,PROD-0051,Corrugated Model 3,Packaging,Corrugated,5,4815.39,0.0,24076.95,17913.86,6163.09,completed,Net-30,Marketplace,8,
ORD-02064,2023-01-02,CUST-0260,Beta Enterprises 260,North,Delhi,SUP-023,Prime Industries 23,West,PROD-0076,Last Mile Model 4,Logistics Services,Last Mile,2,3639.93,12.76,6350.95,5770.59,580.36,completed,Letter of Credit,Direct Sales,8,3.7
ORD-02065,2024-06-30,CUST-0209,Gamma Ltd 209,Central,Indore,SUP-003,Nova Supplies 3,West,PROD-0027,Cables Model 3,Electronics,Cables,1,2202.1,20.65,1747.37,1472.88,274.49,completed,UPI,Marketplace,3,3.4
ORD-02066,2025-06-30,CUST-0015,Alpha Corp 15,North,Lucknow,SUP-052,Zenith Manufacturing 52,East,PROD-0006,Conveyors Model 2,Industrial Equipment,Conveyors,1,4883.28,6.57,4562.45,3160.64,1401.81,completed,Letter of Credit,Online,7,4.1
ORD-02067,2025-02-20,CUST-0250,Beta Corp 250,North,Jaipur,SUP-058,Zenith Solutions 58,West,PROD-0037,Polymers Model 1,Raw Materials,Polymers,2,3979.25,0.0,7958.5,4650.49,3308.01,completed,Wire Transfer,Online,7,5.0
ORD-02068,2024-07-15,CUST-0184,Echo Enterprises 184,Central,Nagpur,SUP-046,Apex Supplies 46,South,PROD-0063,Pallets Model 3,Packaging,Pallets,8,3145.5,21.45,19766.32,18551.91,1214.41,completed,Credit Card,Partner,8,4.8
ORD-02069,2023-11-26,CUST-0056,Echo Group 56,South,Kochi,SUP-039,Summit Industries 39,Central,PROD-0065,Freight Model 1,Logistics Services,Freight,3,5067.63,0.0,15202.89,8565.3,6637.59,pending,Wire Transfer,Direct Sales,,
ORD-02070,2023-09-09,CUST-0113,Gamma Corp 113,West,Pune,SUP-048,Zenith Trading 48,West,PROD-0068,Freight Model 4,Logistics Services,Freight,5,4482.09,0.0,22410.45,13143.08,9267.37,completed,Credit Card,Partner,8,5.0
ORD-02071,2023-08-15,CUST-0140,Alpha Group 140,North,Lucknow,SUP-017,Prime Trading 17,East,PROD-0045,Alloys Model 1,Raw Materials,Alloys,2,4150.01,0.0,8300.02,6277.36,2022.66,completed,UPI,Online,6,3.3
ORD-02072,2025-01-28,CUST-0152,Beta Ltd 152,East,Bhubaneswar,SUP-042,Nova Manufacturing 42,East,PROD-0076,Last Mile Model 4,Logistics Services,Last Mile,2,3447.72,0.0,6895.44,5886.54,1008.9,completed,UPI,Marketplace,4,4.4
ORD-02073,2024-12-01,CUST-0191,Alpha Enterprises 191,South,Hyderabad,SUP-047,Apex Trading 47,East,PROD-0056,Films Model 4,Packaging,Films,2,708.87,10.25,1272.42,1189.31,83.11,completed,Net-30,Partner,7,3.8
ORD-02074,2025-08-16,CUST-0095,Beta Ltd 95,North,Chandigarh,SUP-030,Nova Industries 30,North,PROD-0008,Conveyors Model 4,Industrial Equipment,Conveyors,4,3899.61,21.0,12322.77,13289.58,-966.81,completed,Credit Card,Marketplace,3,5.0
ORD-02075,2024-09-17,CUST-0040,Alpha Ltd 40,North,Jaipur,SUP-036,Nova Trading 36,South,PROD-0047,Alloys Model 3,Raw Materials,Alloys,2,3097.93,5.07,0.0,4711.73,-942.35,cancelled,UPI,Marketplace,,
ORD-02076,2024-05-04,CUST-0104,Gamma Pvt Ltd 104,Central,Raipur,SUP-019,Prime Industries 19,Central,PROD-0021,Controllers Model 1,Electronics,Controllers,7,2849.15,7.0,18547.97,12808.23,5739.74,completed,Credit Card,Partner,7,
ORD-02077,2023-08-02,CUST-0011,Foxtrot Pvt Ltd 11,South,Bengaluru,SUP-021,Apex Trading 21,South,PROD-0065,Freight Model 1,Logistics Services,Freight,1,4610.1,5.71,4346.86,2704.07,1642.79,pending,Net-30,Online,,
ORD-02078,2024-02-14,CUST-0142,Delta Group 142,East,Bhubaneswar,SUP-047,Apex Trading 47,East,PROD-0059,Labels Model 3,Packaging,Labels,1,5051.75,16.92,4196.99,4405.54,-208.55,completed,Wire Transfer,Partner,5,3.5
ORD-02079,2024-05-27,CUST-0179,Echo Ltd 179,Central,Indore,SUP-028,Summit Solutions 28,West,PROD-0080,Cold Chain Model 4,Logistics Services,Cold Chain,4,2047.09,0.0,8188.36,6866.47,1321.89,completed,Net-30,Marketplace,10,4.5
ORD-02080,2024-09-19,CUST-0024,Foxtrot Pvt Ltd 24,Central,Raipur,SUP-039,Summit Industries 39,Central,PROD-0079,Cold Chain Model 3,Logistics Services,Cold Chain,3,597.18,0.0,179.15,1202.03,-61.26,cancelled,UPI,Marketplace,,
ORD-02081,2023-04-10,CUST-0087,Echo Corp 87,East,Guwahati,SUP-032,Prime Industries 32,East,PROD-0069,Warehousing Model 1,Logistics Services,Warehousing,1,359.46,15.38,304.18,286.01,18.17,completed,UPI,Online,12,4.9
ORD-02082,2023-07-26,CUST-0030,Alpha Corp 30,North,Chandigarh,SUP-040,Orbit Supplies 40,North,PROD-0041,Chemicals Model 1,Raw Materials,Chemicals,9,1671.64,21.91,11748.45,11096.89,651.56,completed,Net-30,Online,8,3.9
ORD-02083,2023-11-05,CUST-0293,Foxtrot Ltd 293,West,Pune,SUP-023,Prime Industries 23,West,PROD-0046,Alloys Model 2,Raw Materials,Alloys,5,1541.61,0.0,0.0,5138.19,-1027.64,cancelled,Credit Card,Online,,
ORD-02084,2023-09-20,CUST-0201,Gamma Ltd 201,South,Kochi,SUP-031,Apex Supplies 31,South,PROD-0028,Cables Model 4,Electronics,Cables,10,3391.46,20.31,0.0,24370.57,-4874.11,cancelled,Net-30,Direct Sales,,
ORD-02085,2024-08-04,CUST-0276,Gamma Enterprises 276,South,Chennai,SUP-021,Apex Trading 21,South,PROD-0002,Pump Systems Model 2,Industrial Equipment,Pump Systems,1,796.46,0.0,796.46,564.36,232.1,completed,Wire Transfer,Partner,9,4.3
ORD-02086,2023-01-09,CUST-0271,Foxtrot Group 271,South,Bengaluru,SUP-026,Zenith Industries 26,South,PROD-0007,Conveyors Model 3,Industrial Equipment,Conveyors,5,1530.17,15.05,6499.4,5719.95,779.45,completed,Letter of Credit,Online,5,5.0
ORD-02087,2025-09-28,CUST-0240,Foxtrot Corp 240,North,Jaipur,SUP-055,Summit Solutions 55,North,PROD-0072,Warehousing Model 4,Logistics Services,Warehousing,1,5076.56,0.0,5076.56,3134.93,1941.63,completed,Net-30,Partner,2,4.3
ORD-02088,2023-07-19,CUST-0132,Alpha Corp 132,East,Bhubaneswar,SUP-007,Zenith Industries 7,East,PROD-0057,Labels Model 1,Packaging,Labels,2,714.12,21.85,1116.17,1174.23,-58.06,completed,Net-30,Direct Sales,8,4.7
ORD-02089,2023-07-21,CUST-0298,Alpha Enterprises 298,West,Ahmedabad,SUP-048,Zenith Trading 48,West,PROD-0017,Sensors Model 1,Electronics,Sensors,1,1739.21,0.69,1727.21,1077.3,649.91,pending,Wire Transfer,Partner,,
ORD-02090,2024-11-07,CUST-0114,Alpha Group 114,Central,Raipur,SUP-037,Prime Supplies 37,East,PROD-0007,Conveyors Model 3,Industrial Equipment,Conveyors,1,1755.3,0.0,1755.3,1363.24,392.06,completed,UPI,Direct Sales,1,4.1
ORD-02091,2023-08-13,CUST-0111,Echo Group 111,South,Kochi,SUP-054,Nova Supplies 54,Central,PROD-0073,Last Mile Model 1,Logistics Services,Last Mile,12,2615.2,16.84,26097.6,18518.24,7579.36,completed,Letter of Credit,Partner,8,4.7
ORD-02092,2024-10-28,CUST-0162,Delta Enterprises 162,East,Patna,SUP-007,Zenith Industries 7,East,PROD-0037,Polymers Model 1,Raw Materials,Polymers,1,4140.76,0.0,4140.76,2421.67,1719.09,completed,Net-30,Direct Sales,6,4.0
ORD-02093,2025-05-06,CUST-0202,Beta Pvt Ltd 202,East,Guwahati,SUP-017,Prime Trading 17,East,PROD-0051,Corrugated Model 3,Packaging,Corrugated,2,4567.78,0.0,9135.56,6679.25,2456.31,completed,Credit Card,Online,5,3.8
ORD-02094,2025-11-04,CUST-0238,Echo Corp 238,West,Mumbai,SUP-011,Apex Solutions 11,South,PROD-0057,Labels Model 1,Packaging,Labels,5,701.42,0.0,3507.1,3048.06,459.04,completed,Net-30,Marketplace,12,3.2
ORD-02095,2025-05-16,CUST-0055,Alpha Group 55,North,Delhi,SUP-020,Apex Manufacturing 20,North,PROD-0025,Cables Model 1,Electronics,Cables,5,3644.02,0.0,18220.1,15544.25,2675.85,pending,Wire Transfer,Direct Sales,,
ORD-02096,2025-08-05,CUST-0176,Beta Ltd 176,South,Bengaluru,SUP-031,Apex Supplies 31,South,PROD-0061,Pallets Model 1,Packaging,Pallets,7,3933.83,15.33,23315.42,15501.45,7813.97,completed,UPI,Direct Sales,5,3.7
ORD-02097,2024-11-15,CUST-0113,Gamma Corp 113,West,Pune,SUP-023,Prime Industries 23,West,PROD-0049,Corrugated Model 1,Packaging,Corrugated,20,3870.37,0.0,77407.4,47918.16,29489.24,completed,Credit Card,Marketplace,6,4.8
ORD-02098,2025-03-02,CUST-0161,Delta Ltd 161,South,Chennai,SUP-026,Zenith Industries 26,South,PROD-0009,Compressors Model 1,Industrial Equipment,Compressors,10,249.76,0.0,2497.6,1424.9,1072.7,completed,Letter of Credit,Marketplace,3,5.0
ORD-02099,2025-03-20,CUST-0168,Delta Ltd 168,West,Pune,SUP-001,Summit Industries 1,South,PROD-0006,Conveyors Model 2,Industrial Equipment,Conveyors,7,4108.92,0.0,28762.44,18436.48,10325.96,completed,Credit Card,Online,6,3.3
ORD-02100,2024-02-10,CUST-0289,Echo Group 289,Central,Nagpur,SUP-014,Zenith Solutions 14,Central,PROD-0042,Chemicals Model 2,Raw Materials,Chemicals,5,3185.84,0.0,15929.2,11841.85,4087.35,completed,UPI,Online,5,4.2
ORD-02101,2024-01-02,CUST-0140,Alpha Group 140,North,Lucknow,SUP-015,Prime Industries 15,North,PROD-0055,Films Model 3,Packaging,Films,1,4163.33,0.44,4145.01,2709.28,1435.73,completed,Wire Transfer,Partner,5,
ORD-02102,2024-06-17,CUST-0077,Gamma Corp 77,East,Bhubaneswar,SUP-052,Zenith Manufacturing 52,East,PROD-0025,Cables Model 1,Electronics,Cables,1,4001.96,6.14,3756.24,3413.65,342.59,pending,Credit Card,Marketplace,,
ORD-02103,2024-08-25,CUST-0222,Gamma Corp 222,East,Bhubaneswar,SUP-043,Zenith Trading 43,West,PROD-0076,Last Mile Model 4,Logistics Services,Last Mile,1,4214.32,0.0,4214.32,3666.31,548.01,completed,Credit Card,Online,7,3.4
ORD-02104,2023-01-10,CUST-0225,Foxtrot Enterprises 225,North,Chandigarh,SUP-025,Orbit Industries 25,North,PROD-0039,Polymers Model 3,Raw Materials,Polymers,2,4760.41,0.0,9520.82,5885.58,3635.24,completed,Letter of Credit,Marketplace,5,3.3
ORD-02105,2025-02-17,CUST-0259,Foxtrot Pvt Ltd 259,Central,Indore,SUP-054,Nova Supplies 54,Central,PROD-0046,Alloys Model 2,Raw Materials,Alloys,1,1650.0,12.33,0.0,1123.09,-224.62,cancelled,Letter of Credit,Direct Sales,,
ORD-02106,2025-04-25,CUST-0108,Beta Group 108,West,Ahmedabad,SUP-050,Orbit Trading 50,North,PROD-0019,Sensors Model 3,Electronics,Sensors,2,4060.22,0.0,8120.44,4784.77,3335.67,completed,Wire Transfer,Marketplace,11,3.5
ORD-02107,2025-05-31,CUST-0029,Alpha Corp 29,Central,Indore,SUP-018,Nova Supplies 18,West,PROD-0060,Labels Model 4,Packaging,Labels,1,3872.37,0.0,3872.37,2650.59,1221.78,completed,Net-30,Marketplace,5,4.3
ORD-02108,2023-12-13,CUST-0045,Alpha Group 45,North,Delhi,SUP-035,Zenith Trading 35,North,PROD-0066,Freight Model 2,Logistics Services,Freight,1,1243.63,0.0,1243.63,691.31,552.32,completed,Net-30,Online,6,4.6
ORD-02109,2024-04-11,CUST-0126,Delta Enterprises 126,South,Hyderabad,SUP-051,Nova Manufacturing 51,South,PROD-0080,Cold Chain Model 4,Logistics Services,Cold Chain,4,2277.19,5.55,8603.22,7876.39,726.83,completed,Wire Transfer,Online,6,3.6
ORD-02110,2024-02-21,CUST-0063,Foxtrot Group 63,West,Surat,SUP-058,Zenith Solutions 58,West,PROD-0025,Cables Model 1,Electronics,Cables,2,4440.76,0.0,8881.52,7497.35,1384.17,completed,Wire Transfer,Online,3,4.1
ORD-02111,2023-07-23,CUST-0047,Delta Enterprises 47,East,Bhubaneswar,SUP-057,Summit Solutions 57,East,PROD-0021,Controllers Model 1,Electronics,Controllers,2,3401.57,1.25,6718.1,4123.38,2594.72,completed,Wire Transfer,Marketplace,5,4.5
ORD-02112,2025-09-18,CUST-0112,Delta Group 112,East,Kolkata,SUP-019,Prime Industries 19,Central,PROD-0001,Pump Systems Model 1,Industrial Equipment,Pump Systems,3,2123.59,1.1,6300.69,4952.78,1347.91,pending,Wire Transfer,Online,,
ORD-02113,2023-01-12,CUST-0058,Beta Corp 58,West,Mumbai,SUP-028,Summit Solutions 28,West,PROD-0078,Cold Chain Model 2,Logistics Services,Cold Chain,3,917.58,0.0,2752.74,1766.35,986.39,completed,Credit Card,Marketplace,5,3.1
ORD-02114,2025-02-02,CUST-0193,Foxtrot Enterprises 193,West,Ahmedabad,SUP-054,Nova Supplies 54,Central,PROD-0028,Cables Model 4,Electronics,Cables,10,2852.85,21.82,22303.58,21118.78,1184.8,completed,Net-30,Marketplace,9,3.8
ORD-02115,2024-05-01,CUST-0060,Alpha Group 60,North,Lucknow,SUP-055,Summit Solutions 55,North,PROD-0008,Conveyors Model 4,Industrial Equipment,Conveyors,5,3555.14,1.81,0.0,14924.81,-2984.96,cancelled,Letter of Credit,Online,,
ORD-02116,2024-03-15,CUST-0280,Alpha Ltd 280,North,Lucknow,SUP-013,Zenith Supplies 13,West,PROD-0037,Polymers Model 1,Raw Materials,Polymers,8,3529.43,0.76,0.0,16233.95,-3246.79,cancelled,Wire Transfer,Partner,,
ORD-02117,2023-12-02,CUST-0039,Alpha Enterprises 39,Central,Indore,SUP-014,Zenith Solutions 14,Central,PROD-0045,Alloys Model 1,Raw Materials,Alloys,5,4477.7,0.0,22388.5,15893.61,6494.89,completed,Letter of Credit,Partner,8,4.3
ORD-02118,2025-07-02,CUST-0149,Foxtrot Pvt Ltd 149,Central,Indore,SUP-059,Zenith Trading 59,Central,PROD-0028,Cables Model 4,Electronics,Cables,10,2682.29,0.0,26822.9,19065.35,7757.55,completed,UPI,Marketplace,5,4.1
ORD-02119,2023-02-02,CUST-0070,Echo Pvt Ltd 70,North,Chandigarh,SUP-001,Summit Industries 1,South,PROD-0023,Controllers Model 3,Electronics,Controllers,1,2330.93,0.86,2310.88,1420.77,890.11,completed,Credit Card,Marketplace,7,4.3
ORD-02120,2025-12-16,CUST-0174,Gamma Ltd 174,Central,Indore,SUP-004,Nova Industries 4,Central,PROD-0037,Polymers Model 1,Raw Materials,Polymers,1,4090.39,10.05,0.0,2268.86,-453.77,cancelled,Net-30,Partner,,
ORD-02121,2023-02-18,CUST-0084,Alpha Corp 84,Central,Nagpur,SUP-034,Zenith Trading 34,Central,PROD-0063,Pallets Model 3,Packaging,Pallets,3,3557.95,1.12,10554.3,8204.95,2349.35,completed,Credit Card,Partner,5,3.5
ORD-02122,2024-05-11,CUST-0262,Foxtrot Enterprises 262,East,Guwahati,SUP-027,Orbit Trading 27,East,PROD-0001,Pump Systems Model 1,Industrial Equipment,Pump Systems,3,1958.26,0.0,5874.78,4596.46,1278.32,completed,Credit Card,Online,8,3.9
ORD-02123,2023-03-02,CUST-0281,Delta Corp 281,South,Bengaluru,SUP-009,Nova Supplies 9,Central,PROD-0002,Pump Systems Model 2,Industrial Equipment,Pump Systems,10,747.54,0.0,7475.4,4926.56,2548.84,completed,Credit Card,Marketplace,7,4.3
ORD-02124,2025-04-10,CUST-0140,Alpha Group 140,North,Lucknow,SUP-031,Apex Supplies 31,South,PROD-0010,Compressors Model 2,Industrial Equipment,Compressors,2,3602.11,0.0,720.42,5992.42,-478.06,cancelled,Wire Transfer,Online,,
ORD-02125,2025-12-03,CUST-0084,Alpha Corp 84,Central,Nagpur,SUP-051,Nova Manufacturing 51,South,PROD-0033,Steel Model 1,Raw Materials,Steel,4,2821.32,0.0,11285.28,9988.76,1296.52,completed,Net-30,Partner,7,4.3
ORD-02126,2023-07-17,CUST-0209,Gamma Ltd 209,Central,Indore,SUP-059,Zenith Trading 59,Central,PROD-0052,Corrugated Model 4,Packaging,Corrugated,1,4782.6,6.13,4489.43,3912.86,576.57,completed,UPI,Marketplace,3,4.2
ORD-02127,2024-04-16,CUST-0157,Delta Enterprises 157,East,Bhubaneswar,SUP-037,Prime Supplies 37,East,PROD-0060,Labels Model 4,Packaging,Labels,5,3783.26,0.5,18821.72,13085.18,5736.54,completed,UPI,Direct Sales,5,4.9
ORD-02128,2025-12-09,CUST-0166,Delta Group 166,South,Bengaluru,SUP-047,Apex Trading 47,East,PROD-0020,Sensors Model 4,Electronics,Sensors,4,461.62,0.0,1846.48,1502.77,343.71,completed,Letter of Credit,Marketplace,3,3.8
ORD-02129,2023-12-01,CUST-0090,Delta Ltd 90,North,Chandigarh,SUP-011,Apex Solutions 11,South,PROD-0080,Cold Chain Model 4,Logistics Services,Cold Chain,6,2188.49,16.78,10927.57,11109.67,-182.1,pending,Net-30,Online,,
ORD-02130,2025-07-20,CUST-0125,Delta Group 125,North,Chandigarh,SUP-035,Zenith Trading 35,North,PROD-0055,Films Model 3,Packaging,Films,17,3659.64,20.57,49416.48,39061.06,10355.42,completed,UPI,Partner,7,5.0
ORD-02131,2024-04-07,CUST-0068,Delta Group 68,West,Mumbai,SUP-039,Summit Industries 39,Central,PROD-0010,Compressors Model 2,Industrial Equipment,Compressors,6,3217.08,0.95,19119.11,15683.66,3435.45,pending,Wire Transfer,Partner,,
ORD-02132,2023-09-30,CUST-0002,Beta Ltd 2,East,Kolkata,SUP-041,Orbit Supplies 41,South,PROD-0021,Controllers Model 1,Electronics,Controllers,8,2957.35,0.23,23604.38,15003.08,8601.3,completed,Net-30,Direct Sales,9,4.5
ORD-02133,2024-06-29,CUST-0213,Delta Group 213,West,Ahmedabad,SUP-013,Zenith Supplies 13,West,PROD-0068,Freight Model 4,Logistics Services,Freight,1,4345.72,0.0,4345.72,2620.7,1725.02,pending,Net-30,Partner,,
ORD-02134,2024-06-26,CUST-0061,Echo Group 61,South,Chennai,SUP-057,Summit Solutions 57,East,PROD-0040,Polymers Model 4,Raw Materials,Polymers,2,3751.38,15.68,6326.33,5706.82,619.51,completed,Net-30,Direct Sales,5,5.0
ORD-02135,2024-07-13,CUST-0042,Beta Enterprises 42,East,Guwahati,SUP-035,Zenith Trading 35,North,PROD-0039,Polymers Model 3,Raw Materials,Polymers,2,5090.4,0.25,10155.35,6738.86,3416.49,completed,Net-30,Marketplace,7,3.1
ORD-02136,2023-08-31,CUST-0148,Gamma Enterprises 148,West,Pune,SUP-048,Zenith Trading 48,West,PROD-0065,Freight Model 1,Logistics Services,Freight,1,4474.27,21.76,3500.67,2573.61,927.06,completed,Net-30,Online,3,
ORD-02137,2024-04-25,CUST-0134,Delta Enterprises 134,Central,Indore,SUP-054,Nova Supplies 54,Central,PROD-0010,Compressors Model 2,Industrial Equipment,Compressors,4,3237.82,0.0,12951.28,11148.04,1803.24,completed,Letter of Credit,Direct Sales,14,4.6
ORD-02138,2024-05-03,CUST-0134,Delta Enterprises 134,Central,Indore,SUP-019,Prime Industries 19,Central,PROD-0010,Compressors Model 2,Industrial Equipment,Compressors,4,3056.0,0.0,12224.0,10508.58,1715.42,completed,UPI,Direct Sales,6,3.2
ORD-02139,2023-02-24,CUST-0158,Echo Enterprises 158,West,Mumbai,SUP-003,Nova Supplies 3,West,PROD-0010,Compressors Model 2,Industrial Equipment,Compressors,4,3190.69,0.0,12762.76,10428.81,2333.95,completed,Wire Transfer,Marketplace,2,5.0
ORD-02140,2024-06-29,CUST-0159,Alpha Pvt Ltd 159,Central,Raipur,SUP-057,Summit Solutions 57,East,PROD-0019,Sensors Model 3,Electronics,Sensors,16,4271.0,10.02,61488.73,39334.52,22154.21,completed,Credit Card,Direct Sales,4,
ORD-02141,2025-05-01,CUST-0164,Foxtrot Ltd 164,Central,Raipur,SUP-059,Zenith Trading 59,Central,PROD-0025,Cables Model 1,Electronics,Cables,2,4547.5,0.0,9095.0,7504.42,1590.58,completed,Wire Transfer,Direct Sales,8,2.4
ORD-02142,2023-03-17,CUST-0058,Beta Corp 58,West,Mumbai,SUP-004,Nova Industries 4,Central,PROD-0071,Warehousing Model 3,Logistics Services,Warehousing,7,2227.43,0.0,15592.01,8898.1,6693.91,completed,Letter of Credit,Marketplace,9,3.3
ORD-02143,2024-04-01,CUST-0259,Foxtrot Pvt Ltd 259,Central,Indore,SUP-011,Apex Solutions 11,South,PROD-0005,Conveyors Model 1,Industrial Equipment,Conveyors,4,4136.4,5.78,15589.26,13519.65,2069.61,completed,Letter of Credit,Marketplace,8,3.7
ORD-02144,2024-07-13,CUST-0035,Beta Corp 35,North,Lucknow,SUP-023,Prime Industries 23,West,PROD-0075,Last Mile Model 3,Logistics Services,Last Mile,1,2549.8,0.0,2549.8,1955.24,594.56,completed,UPI,Direct Sales,4,4.3
ORD-02145,2025-12-30,CUST-0251,Beta Pvt Ltd 251,South,Bengaluru,SUP-039,Summit Industries 39,Central,PROD-0065,Freight Model 1,Logistics Services,Freight,3,4603.76,0.0,13811.28,8020.37,5790.91,completed,Credit Card,Marketplace,8,3.7
ORD-02146,2024-07-28,CUST-0160,Delta Enterprises 160,North,Jaipur,SUP-007,Zenith Industries 7,East,PROD-0006,Conveyors Model 2,Industrial Equipment,Conveyors,4,4658.54,0.0,18634.16,12146.04,6488.12,completed,Wire Transfer,Partner,7,
ORD-02147,2023-01-31,CUST-0223,Gamma Corp 223,West,Pune,SUP-056,Orbit Trading 56,South,PROD-0018,Sensors Model 2,Electronics,Sensors,2,2685.84,0.0,5371.68,3821.21,1550.47,pending,Letter of Credit,Marketplace,,
ORD-02148,2023-07-01,CUST-0109,Alpha Corp 109,Central,Nagpur,SUP-054,Nova Supplies 54,Central,PROD-0060,Labels Model 4,Packaging,Labels,1,4481.61,0.0,4481.61,2834.58,1647.03,completed,Wire Transfer,Marketplace,5,4.1
ORD-02149,2024-04-24,CUST-0160,Delta Enterprises 160,North,Jaipur,SUP-019,Prime Industries 19,Central,PROD-0014,CNC Parts Model 2,Industrial Equipment,CNC Parts,7,2186.35,0.0,15304.45,12163.92,3140.53,pending,Net-30,Marketplace,,
ORD-02150,2025-05-04,CUST-0192,Alpha Enterprises 192,East,Guwahati,SUP-012,Nova Solutions 12,East,PROD-0036,Steel Model 4,Raw Materials,Steel,1,3110.67,0.0,311.07,2311.09,-151.15,cancelled,Net-30,Partner,,
ORD-02151,2024-08-17,CUST-0235,Echo Enterprises 235,North,Chandigarh,SUP-032,Prime Industries 32,East,PROD-0033,Steel Model 1,Raw Materials,Steel,1,2717.77,1.89,2666.4,2405.12,261.28,pending,UPI,Marketplace,,
ORD-02152,2024-07-14,CUST-0027,Gamma Corp 27,East,Kolkata,SUP-037,Prime Supplies 37,East,PROD-0042,Chemicals Model 2,Raw Materials,Chemicals,1,3186.11,0.0,3186.11,2498.06,688.05,completed,Net-30,Direct Sales,2,3.6
ORD-02153,2024-04-03,CUST-0108,Beta Group 108,West,Ahmedabad,SUP-026,Zenith Industries 26,South,PROD-0064,Pallets Model 4,Packaging,Pallets,6,3337.69,0.0,20026.14,15384.46,4641.68,completed,Credit Card,Online,5,
ORD-02154,2024-11-28,CUST-0287,Gamma Group 287,East,Guwahati,SUP-007,Zenith Industries 7,East,PROD-0044,Chemicals Model 4,Raw Materials,Chemicals,1,4556.54,0.0,4556.54,3304.38,1252.16,pending,Credit Card,Direct Sales,,
ORD-02155,2023-02-14,CUST-0247,Foxtrot Group 247,East,Patna,SUP-017,Prime Trading 17,East,PROD-0043,Chemicals Model 3,Raw Materials,Chemicals,4,3539.26,0.0,14157.04,10848.35,3308.69,completed,UPI,Direct Sales,6,4.9
ORD-02156,2024-12-16,CUST-0105,Gamma Pvt Ltd 105,North,Delhi,SUP-035,Zenith Trading 35,North,PROD-0010,Compressors Model 2,Industrial Equipment,Compressors,3,3250.45,20.36,7765.98,7962.58,-196.6,completed,Wire Transfer,Online,13,4.1
ORD-02157,2024-05-26,CUST-0147,Echo Enterprises 147,East,Patna,SUP-047,Apex Trading 47,East,PROD-0009,Compressors Model 1,Industrial Equipment,Compressors,6,233.65,5.17,1329.42,811.83,517.59,completed,Wire Transfer,Online,2,4.7
ORD-02158,2025-07-26,CUST-0102,Gamma Ltd 102,East,Patna,SUP-037,Prime Supplies 37,East,PROD-0071,Warehousing Model 3,Logistics Services,Warehousing,1,2239.26,0.0,2239.26,1313.99,925.27,pending,UPI,Marketplace,,
ORD-02159,2025-10-29,CUST-0123,Delta Group 123,West,Ahmedabad,SUP-022,Prime Solutions 22,East,PROD-0059,Labels Model 3,Packaging,Labels,2,4815.96,0.0,9631.92,7856.27,1775.65,completed,Net-30,Direct Sales,9,4.5
ORD-02160,2023-10-05,CUST-0184,Echo Enterprises 184,Central,Nagpur,SUP-047,Apex Trading 47,East,PROD-0015,CNC Parts Model 3,Industrial Equipment,CNC Parts,5,4489.69,1.07,22208.25,12949.48,9258.77,completed,Credit Card,Direct Sales,7,4.6
ORD-02161,2025-06-04,CUST-0187,Foxtrot Pvt Ltd 187,East,Kolkata,SUP-005,Summit Solutions 5,North,PROD-0040,Polymers Model 4,Raw Materials,Polymers,3,4390.25,0.0,0.0,9298.57,-1859.71,cancelled,Wire Transfer,Marketplace,,
ORD-02162,2025-05-10,CUST-0008,Gamma Enterprises 8,West,Mumbai,SUP-023,Prime Industries 23,West,PROD-0014,CNC Parts Model 2,Industrial Equipment,CNC Parts,4,2484.81,20.96,7855.98,7277.59,578.39,completed,Net-30,Direct Sales,10,3.9
ORD-02163,2024-12-07,CUST-0233,Alpha Ltd 233,West,Ahmedabad,SUP-054,Nova Supplies 54,Central,PROD-0075,Last Mile Model 3,Logistics Services,Last Mile,2,2227.75,11.65,3936.43,3486.7,449.73,completed,Net-30,Direct Sales,7,4.3
ORD-02164,2023-06-23,CUST-0233,Alpha Ltd 233,West,Ahmedabad,SUP-008,Apex Industries 8,West,PROD-0021,Controllers Model 1,Electronics,Controllers,3,3219.45,0.0,9658.35,6071.55,3586.8,completed,Net-30,Partner,1,3.3
ORD-02165,2024-09-03,CUST-0043,Gamma Enterprises 43,West,Pune,SUP-058,Zenith Solutions 58,West,PROD-0043,Chemicals Model 3,Raw Materials,Chemicals,5,3890.35,13.31,16862.72,14244.35,2618.37,pending,UPI,Partner,,
ORD-02166,2025-10-25,CUST-0165,Beta Group 165,North,Lucknow,SUP-050,Orbit Trading 50,North,PROD-0001,Pump Systems Model 1,Industrial Equipment,Pump Systems,5,2151.31,16.78,8951.6,8259.86,691.74,completed,Net-30,Online,2,3.5
ORD-02167,2025-10-28,CUST-0064,Gamma Ltd 64,Central,Nagpur,SUP-020,Apex Manufacturing 20,North,PROD-0049,Corrugated Model 1,Packaging,Corrugated,6,3772.08,11.81,19959.58,13971.75,5987.83,completed,Credit Card,Marketplace,6,3.9
ORD-02168,2023-01-26,CUST-0248,Delta Corp 248,West,Pune,SUP-003,Nova Supplies 3,West,PROD-0064,Pallets Model 4,Packaging,Pallets,1,2680.78,12.2,2353.72,2170.79,182.93,completed,Credit Card,Marketplace,6,3.2
ORD-02169,2024-02-17,CUST-0138,Delta Ltd 138,West,Mumbai,SUP-028,Summit Solutions 28,West,PROD-0023,Controllers Model 3,Electronics,Controllers,1,2517.88,0.0,2517.88,1602.95,914.93,completed,UPI,Partner,10,3.2
ORD-02170,2024-10-27,CUST-0047,Delta Enterprises 47,East,Bhubaneswar,SUP-044,Summit Solutions 44,Central,PROD-0007,Conveyors Model 3,Industrial Equipment,Conveyors,9,1834.02,11.49,14609.62,12144.29,2465.33,completed,UPI,Marketplace,4,4.6
ORD-02171,2025-01-28,CUST-0287,Gamma Group 287,East,Guwahati,SUP-058,Zenith Solutions 58,West,PROD-0039,Polymers Model 3,Raw Materials,Polymers,3,4917.34,13.28,12792.95,9231.64,3561.31,completed,Credit Card,Direct Sales,5,5.0
ORD-02172,2023-09-21,CUST-0107,Alpha Corp 107,East,Patna,SUP-032,Prime Industries 32,East,PROD-0025,Cables Model 1,Electronics,Cables,12,4005.9,0.0,48070.8,37729.42,10341.38,completed,Letter of Credit,Marketplace,8,4.3
ORD-02173,2025-04-16,CUST-0160,Delta Enterprises 160,North,Jaipur,SUP-060,Nova Supplies 60,North,PROD-0050,Corrugated Model 2,Packaging,Corrugated,3,718.58,0.0,2155.74,1535.65,620.09,pending,Wire Transfer,Online,,
ORD-02174,2023-06-10,CUST-0293,Foxtrot Ltd 293,West,Pune,SUP-018,Nova Supplies 18,West,PROD-0008,Conveyors Model 4,Industrial Equipment,Conveyors,1,3675.6,0.36,3662.37,2938.05,724.32,completed,Credit Card,Direct Sales,5,
ORD-02175,2025-10-25,CUST-0248,Delta Corp 248,West,Pune,SUP-048,Zenith Trading 48,West,PROD-0002,Pump Systems Model 2,Industrial Equipment,Pump Systems,3,754.64,0.0,2263.92,1575.08,688.84,completed,Credit Card,Partner,8,3.7
ORD-02176,2024-12-23,CUST-0178,Beta Enterprises 178,West,Pune,SUP-033,Nova Industries 33,West,PROD-0001,Pump Systems Model 1,Industrial Equipment,Pump Systems,5,1877.73,12.94,8173.76,7106.95,1066.81,completed,Net-30,Direct Sales,4,4.1
ORD-02177,2025-06-29,CUST-0267,Foxtrot Enterprises 267,East,Patna,SUP-007,Zenith Industries 7,East,PROD-0001,Pump Systems Model 1,Industrial Equipment,Pump Systems,6,1977.1,0.62,11789.05,8875.69,2913.36,completed,Net-30,Direct Sales,5,5.0
ORD-02178,2025-05-29,CUST-0118,Echo Pvt Ltd 118,West,Ahmedabad,SUP-054,Nova Supplies 54,Central,PROD-0053,Films Model 1,Packaging,Films,1,1438.6,6.67,1342.65,1151.74,190.91,completed,Net-30,Marketplace,9,3.3
ORD-02179,2023-06-10,CUST-0072,Gamma Pvt Ltd 72,East,Bhubaneswar,SUP-036,Nova Trading 36,South,PROD-0043,Chemicals Model 3,Raw Materials,Chemicals,24,3341.68,0.0,80200.32,59985.24,20215.08,completed,Wire Transfer,Marketplace,1,
ORD-02180,2024-10-30,CUST-0218,Beta Ltd 218,West,Pune,SUP-018,Nova Supplies 18,West,PROD-0051,Corrugated Model 3,Packaging,Corrugated,8,4956.24,0.0,0.0,28543.89,-5708.78,cancelled,Letter of Credit,Partner,,
ORD-02181,2024-03-23,CUST-0173,Delta Corp 173,West,Mumbai,SUP-018,Nova Supplies 18,West,PROD-0063,Pallets Model 3,Packaging,Pallets,4,3881.81,0.0,15527.24,11660.85,3866.39,pending,Net-30,Direct Sales,,
ORD-02182,2024-12-02,CUST-0056,Echo Group 56,South,Kochi,SUP-010,Orbit Solutions 10,North,PROD-0033,Steel Model 1,Raw Materials,Steel,1,2930.22,0.0,293.02,2463.04,-199.59,cancelled,Credit Card,Direct Sales,,
ORD-02183,2023-05-28,CUST-0028,Echo Ltd 28,West,Pune,SUP-043,Zenith Trading 43,West,PROD-0059,Labels Model 3,Packaging,Labels,2,5451.08,0.0,10902.16,9430.44,1471.72,pending,Letter of Credit,Partner,,
ORD-02184,2023-09-05,CUST-0082,Gamma Corp 82,East,Guwahati,SUP-039,Summit Industries 39,Central,PROD-0065,Freight Model 1,Logistics Services,Freight,3,5303.46,0.0,15910.38,8872.9,7037.48,completed,Net-30,Online,6,4.9
ORD-02185,2023-10-02,CUST-0126,Delta Enterprises 126,South,Hyderabad,SUP-006,Apex Solutions 6,South,PROD-0053,Films Model 1,Packaging,Films,2,1304.28,0.0,2608.56,2183.07,425.49,completed,Letter of Credit,Partner,5,2.9
ORD-02186,2024-06-08,CUST-0138,Delta Ltd 138,West,Mumbai,SUP-037,Prime Supplies 37,East,PROD-0004,Pump Systems Model 4,Industrial Equipment,Pump Systems,16,3619.7,5.38,54799.36,44664.63,10134.73,completed,UPI,Marketplace,6,3.5
ORD-02187,2023-03-11,CUST-0040,Alpha Ltd 40,North,Jaipur,SUP-016,Nova Manufacturing 16,South,PROD-0070,Warehousing Model 2,Logistics Services,Warehousing,7,4483.13,0.0,31381.91,21023.07,10358.84,pending,Letter of Credit,Online,,
ORD-02188,2025-01-16,CUST-0189,Echo Enterprises 189,Central,Nagpur,SUP-059,Zenith Trading 59,Central,PROD-0052,Corrugated Model 4,Packaging,Corrugated,2,5195.91,0.0,1039.18,8430.08,-646.84,cancelled,Letter of Credit,Direct Sales,,
ORD-02189,2024-04-15,CUST-0197,Gamma Ltd 197,East,Patna,SUP-060,Nova Supplies 60,North,PROD-0015,CNC Parts Model 3,Industrial Equipment,CNC Parts,5,4790.01,12.21,21025.75,13874.31,7151.44,pending,UPI,Online,,
ORD-02190,2024-03-26,CUST-0272,Delta Corp 272,East,Guwahati,SUP-002,Apex Trading 2,East,PROD-0057,Labels Model 1,Packaging,Labels,3,848.22,12.79,2219.2,2132.41,86.79,completed,UPI,Direct Sales,1,4.7
ORD-02191,2024-10-29,CUST-0152,Beta Ltd 152,East,Bhubaneswar,SUP-033,Nova Industries 33,West,PROD-0029,Power Supplies Model 1,Electronics,Power Supplies,2,2182.59,0.7,4334.62,2771.84,1562.78,completed,Wire Transfer,Marketplace,4,4.1
ORD-02192,2024-11-30,CUST-0251,Beta Pvt Ltd 251,South,Bengaluru,SUP-026,Zenith Industries 26,South,PROD-0034,Steel Model 2,Raw Materials,Steel,6,1452.44,1.18,8611.81,7528.16,1083.65,completed,Letter of Credit,Marketplace,6,4.8
ORD-02193,2023-07-13,CUST-0124,Gamma Pvt Ltd 124,Central,Indore,SUP-004,Nova Industries 4,Central,PROD-0046,Alloys Model 2,Raw Materials,Alloys,11,1470.46,0.0,16175.06,10848.35,5326.71,pending,Wire Transfer,Direct Sales,,
ORD-02194,2024-09-18,CUST-0217,Alpha Group 217,East,Patna,SUP-027,Orbit Trading 27,East,PROD-0017,Sensors Model 1,Electronics,Sensors,1,1957.09,1.13,1934.97,1163.69,771.28,completed,Credit Card,Partner,8,4.1
ORD-02195,2024-03-05,CUST-0240,Foxtrot Corp 240,North,Jaipur,SUP-001,Summit Industries 1,South,PROD-0006,Conveyors Model 2,Industrial Equipment,Conveyors,1,3933.18,0.0,3933.18,2490.18,1443.0,completed,UPI,Direct Sales,1,3.9
ORD-02196,2024-07-19,CUST-0159,Alpha Pvt Ltd 159,Central,Raipur,SUP-019,Prime Industries 19,Central,PROD-0032,Power Supplies Model 4,Electronics,Power Supplies,2,1352.79,0.0,2705.58,1861.0,844.58,completed,Letter of Credit,Marketplace,8,4.3
ORD-02197,2023-03-27,CUST-0255,Delta Corp 255,North,Lucknow,SUP-020,Apex Manufacturing 20,North,PROD-0019,Sensors Model 3,Electronics,Sensors,3,4363.27,0.21,13062.32,8233.88,4828.44,completed,Credit Card,Partner,7,4.7
ORD-02198,2024-04-12,CUST-0086,Foxtrot Enterprises 86,South,Chennai,SUP-019,Prime Industries 19,Central,PROD-0009,Compressors Model 1,Industrial Equipment,Compressors,1,240.31,0.0,240.31,138.33,101.98,completed,UPI,Marketplace,7,3.7
ORD-02199,2023-05-26,CUST-0240,Foxtrot Corp 240,North,Jaipur,SUP-035,Zenith Trading 35,North,PROD-0005,Conveyors Model 1,Industrial Equipment,Conveyors,2,4615.98,0.0,923.2,7304.46,-537.69,cancelled,Wire Transfer,Partner,,
ORD-02200,2023-07-24,CUST-0009,Delta Corp 9,Central,Bhopal,SUP-037,Prime Supplies 37,East,PROD-0079,Cold Chain Model 3,Logistics Services,Cold Chain,3,576.5,0.0,1729.5,1147.44,582.06,completed,Letter of Credit,Direct Sales,3,4.1
ORD-02201,2024-09-24,CUST-0230,Alpha Enterprises 230,North,Delhi,SUP-012,Nova Solutions 12,East,PROD-0050,Corrugated Model 2,Packaging,Corrugated,2,788.25,0.0,1576.5,1105.16,471.34,completed,Wire Transfer,Online,3,3.8
ORD-02202,2023-10-07,CUST-0040,Alpha Ltd 40,North,Jaipur,SUP-033,Nova Industries 33,West,PROD-0054,Films Model 2,Packaging,Films,1,2438.8,0.0,2438.8,1848.63,590.17,completed,Letter of Credit,Direct Sales,12,4.0
ORD-02203,2024-01-16,CUST-0018,Alpha Enterprises 18,West,Mumbai,SUP-004,Nova Industries 4,Central,PROD-0020,Sensors Model 4,Electronics,Sensors,2,400.49,0.0,800.98,666.2,134.78,pending,Wire Transfer,Online,,
ORD-02204,2024-10-24,CUST-0108,Beta Group 108,West,Ahmedabad,SUP-033,Nova Industries 33,West,PROD-0057,Labels Model 1,Packaging,Labels,3,834.85,16.32,2095.81,2035.32,60.49,completed,UPI,Partner,3,
ORD-02205,2024-08-31,CUST-0296,Delta Ltd 296,South,Kochi,SUP-031,Apex Supplies 31,South,PROD-0034,Steel Model 2,Raw Materials,Steel,1,1477.07,11.53,130.68,1227.73,-114.87,cancelled,Letter of Credit,Direct Sales,,
ORD-02206,2024-10-06,CUST-0166,Delta Group 166,South,Bengaluru,SUP-031,Apex Supplies 31,South,PROD-0078,Cold Chain Model 2,Logistics Services,Cold Chain,7,754.63,0.0,5282.41,3676.43,1605.98,pending,UPI,Marketplace,,
ORD-02207,2025-01-24,CUST-0128,Foxtrot Ltd 128,West,Surat,SUP-035,Zenith Trading 35,North,PROD-0045,Alloys Model 1,Raw Materials,Alloys,2,4901.72,0.0,9803.44,6955.2,2848.24,completed,Letter of Credit,Online,9,4.4
ORD-02208,2025-09-20,CUST-0279,Echo Corp 279,Central,Nagpur,SUP-059,Zenith Trading 59,Central,PROD-0027,Cables Model 3,Electronics,Cables,6,2255.52,0.0,13533.12,8560.88,4972.24,completed,Net-30,Partner,3,
ORD-02209,2024-07-25,CUST-0193,Foxtrot Enterprises 193,West,Ahmedabad,SUP-018,Nova Supplies 18,West,PROD-0027,Cables Model 3,Electronics,Cables,3,2181.01,0.0,6543.03,4216.92,2326.11,completed,Net-30,Partner,7,3.3
ORD-02210,2023-10-25,CUST-0241,Beta Ltd 241,South,Chennai,SUP-041,Orbit Supplies 41,South,PROD-0018,Sensors Model 2,Electronics,Sensors,1,2963.2,1.92,2906.31,2238.5,667.81,completed,UPI,Direct Sales,4,4.3
ORD-02211,2024-03-17,CUST-0262,Foxtrot Enterprises 262,East,Guwahati,SUP-025,Orbit Industries 25,North,PROD-0075,Last Mile Model 3,Logistics Services,Last Mile,8,2305.85,0.0,18446.8,14483.47,3963.33,completed,Net-30,Partner,6,4.0
ORD-02212,2023-11-14,CUST-0241,Beta Ltd 241,South,Chennai,SUP-036,Nova Trading 36,South,PROD-0024,Controllers Model 4,Electronics,Controllers,3,1467.53,0.0,4402.59,2506.01,1896.58,completed,Wire Transfer,Direct Sales,8,4.9
ORD-02213,2024-11-30,CUST-0072,Gamma Pvt Ltd 72,East,Bhubaneswar,SUP-057,Summit Solutions 57,East,PROD-0001,Pump Systems Model 1,Industrial Equipment,Pump Systems,2,2227.65,1.82,4374.21,3279.21,1095.0,completed,Wire Transfer,Partner,6,4.3
ORD-02214,2024-01-26,CUST-0276,Gamma Enterprises 276,South,Chennai,SUP-057,Summit Solutions 57,East,PROD-0031,Power Supplies Model 3,Electronics,Power Supplies,8,1868.57,1.01,14797.58,10317.1,4480.48,completed,Net-30,Marketplace,5,4.6
ORD-02215,2023-10-13,CUST-0297,Alpha Ltd 297,East,Guwahati,SUP-035,Zenith Trading 35,North,PROD-0049,Corrugated Model 1,Packaging,Corrugated,2,4118.66,0.0,8237.32,4933.13,3304.19,completed,Net-30,Online,8,4.3
ORD-02216,2023-12-25,CUST-0269,Gamma Pvt Ltd 269,Central,Nagpur,SUP-044,Summit Solutions 44,Central,PROD-0053,Films Model 1,Packaging,Films,2,1396.4,12.1,2454.87,2267.1,187.77,pending,Wire Transfer,Online,,
ORD-02217,2025-03-15,CUST-0296,Delta Ltd 296,South,Kochi,SUP-026,Zenith Industries 26,South,PROD-0070,Warehousing Model 2,Logistics Services,Warehousing,1,4837.15,16.87,4021.12,3149.89,871.23,completed,Letter of Credit,Partner,7,4.8
ORD-02218,2025-11-21,CUST-0199,Delta Group 199,Central,Bhopal,SUP-039,Summit Industries 39,Central,PROD-0021,Controllers Model 1,Electronics,Controllers,1,3206.54,6.4,0.0,1976.36,-395.27,cancelled,Net-30,Marketplace,,
ORD-02219,2023-03-12,CUST-0145,Foxtrot Enterprises 145,North,Chandigarh,SUP-055,Summit Solutions 55,North,PROD-0012,Compressors Model 4,Industrial Equipment,Compressors,6,2447.23,0.0,14683.38,8814.52,5868.86,completed,Credit Card,Marketplace,7,4.4
ORD-02220,2025-02-13,CUST-0211,Foxtrot Group 211,South,Hyderabad,SUP-031,Apex Supplies 31,South,PROD-0056,Films Model 4,Packaging,Films,3,607.4,1.07,1802.7,1502.8,299.9,completed,Credit Card,Online,10,5.0
ORD-02221,2023-02-06,CUST-0262,Foxtrot Enterprises 262,East,Guwahati,SUP-032,Prime Industries 32,East,PROD-0011,Compressors Model 3,Industrial Equipment,Compressors,2,5311.21,13.78,9158.65,8054.5,1104.15,completed,Net-30,Direct Sales,4,3.5
ORD-02222,2024-08-12,CUST-0262,Foxtrot Enterprises 262,East,Guwahati,SUP-040,Orbit Supplies 40,North,PROD-0014,CNC Parts Model 2,Industrial Equipment,CNC Parts,1,2062.35,13.25,1789.09,1570.82,218.27,completed,Wire Transfer,Online,5,4.8
ORD-02223,2023-06-06,CUST-0221,Beta Pvt Ltd 221,South,Hyderabad,SUP-011,Apex Solutions 11,South,PROD-0036,Steel Model 4,Raw Materials,Steel,3,3095.52,0.0,9286.56,6677.13,2609.43,completed,UPI,Direct Sales,8,
ORD-02224,2024-02-12,CUST-0265,Beta Pvt Ltd 265,North,Delhi,SUP-015,Prime Industries 15,North,PROD-0032,Power Supplies Model 4,Electronics,Power Supplies,7,1358.99,0.51,946.44,6754.36,-404.43,cancelled,Credit Card,Marketplace,,
ORD-02225,2023-12-06,CUST-0042,Beta Enterprises 42,East,Guwahati,SUP-047,Apex Trading 47,East,PROD-0041,Chemicals Model 1,Raw Materials,Chemicals,1,1691.15,0.0,1691.15,1299.03,392.12,completed,Credit Card,Direct Sales,5,5.0
ORD-02226,2024-12-26,CUST-0260,Beta Enterprises 260,North,Delhi,SUP-058,Zenith Solutions 58,West,PROD-0071,Warehousing Model 3,Logistics Services,Warehousing,1,1888.58,0.0,1888.58,1173.74,714.84,completed,Letter of Credit,Online,10,5.0
ORD-02227,2023-10-06,CUST-0062,Echo Corp 62,East,Kolkata,SUP-011,Apex Solutions 11,South,PROD-0054,Films Model 2,Packaging,Films,2,2219.33,0.95,4396.49,3419.56,976.93,pending,Net-30,Online,,
ORD-02228,2024-05-05,CUST-0119,Gamma Enterprises 119,Central,Raipur,SUP-019,Prime Industries 19,Central,PROD-0031,Power Supplies Model 3,Electronics,Power Supplies,6,2121.25,6.2,11938.39,9122.95,2815.44,completed,Credit Card,Direct Sales,3,3.8
ORD-02229,2025-12-10,CUST-0247,Foxtrot Group 247,East,Patna,SUP-023,Prime Industries 23,West,PROD-0033,Steel Model 1,Raw Materials,Steel,4,2717.52,0.0,10870.08,9453.06,1417.02,completed,UPI,Partner,9,
ORD-02230,2023-04-28,CUST-0050,Delta Pvt Ltd 50,North,Delhi,SUP-035,Zenith Trading 35,North,PROD-0032,Power Supplies Model 4,Electronics,Power Supplies,1,1259.47,0.0,1259.47,893.6,365.87,completed,UPI,Online,7,3.5
ORD-02231,2025-08-21,CUST-0172,Delta Pvt Ltd 172,East,Patna,SUP-027,Orbit Trading 27,East,PROD-0016,CNC Parts Model 4,Industrial Equipment,CNC Parts,1,4078.94,0.97,4039.37,2547.48,1491.89,pending,Letter of Credit,Direct Sales,,
ORD-02232,2025-10-29,CUST-0291,Gamma Pvt Ltd 291,South,Kochi,SUP-006,Apex Solutions 6,South,PROD-0061,Pallets Model 1,Packaging,Pallets,3,4275.3,5.71,12093.54,7127.61,4965.93,completed,Net-30,Marketplace,4,2.7
ORD-02233,2025-08-20,CUST-0107,Alpha Corp 107,East,Patna,SUP-022,Prime Solutions 22,East,PROD-0077,Cold Chain Model 1,Logistics Services,Cold Chain,1,2147.25,13.46,1858.23,1703.52,154.71,completed,Letter of Credit,Online,6,4.5
ORD-02234,2024-07-31,CUST-0099,Beta Corp 99,Central,Nagpur,SUP-049,Apex Supplies 49,Central,PROD-0027,Cables Model 3,Electronics,Cables,4,2492.42,0.0,9969.68,6633.13,3336.55,pending,Credit Card,Partner,,
ORD-02235,2025-05-31,CUST-0111,Echo Group 111,South,Kochi,SUP-026,Zenith Industries 26,South,PROD-0015,CNC Parts Model 3,Industrial Equipment,CNC Parts,1,4944.93,15.75,4166.1,2840.89,1325.21,completed,Credit Card,Direct Sales,4,4.4
ORD-02236,2024-11-23,CUST-0051,Gamma Enterprises 51,South,Kochi,SUP-031,Apex Supplies 31,South,PROD-0061,Pallets Model 1,Packaging,Pallets,1,3826.75,0.0,3826.75,2028.88,1797.87,pending,Wire Transfer,Marketplace,,
ORD-02237,2025-01-02,CUST-0198,Gamma Enterprises 198,West,Mumbai,SUP-011,Apex Solutions 11,South,PROD-0079,Cold Chain Model 3,Logistics Services,Cold Chain,11,588.22,6.91,6023.31,4627.13,1396.18,completed,UPI,Online,7,4.8
ORD-02238,2025-09-28,CUST-0268,Delta Corp 268,West,Mumbai,SUP-023,Prime Industries 23,West,PROD-0025,Cables Model 1,Electronics,Cables,4,4101.48,0.19,16374.75,13127.66,3247.09,completed,Net-30,Marketplace,8,3.6
ORD-02239,2025-05-04,CUST-0104,Gamma Pvt Ltd 104,Central,Raipur,SUP-042,Nova Manufacturing 42,East,PROD-0058,Labels Model 2,Packaging,Labels,3,4510.66,0.0,13531.98,10461.44,3070.54,completed,UPI,Partner,5,4.2
ORD-02240,2025-04-02,CUST-0295,Gamma Enterprises 295,North,Delhi,SUP-040,Orbit Supplies 40,North,PROD-0030,Power Supplies Model 2,Electronics,Power Supplies,1,3843.98,5.04,3650.24,2336.93,1313.31,pending,Letter of Credit,Online,,
ORD-02241,2024-07-23,CUST-0027,Gamma Corp 27,East,Kolkata,SUP-057,Summit Solutions 57,East,PROD-0003,Pump Systems Model 3,Industrial Equipment,Pump Systems,16,4965.01,0.0,79440.16,51394.82,28045.34,completed,Wire Transfer,Online,7,4.0
ORD-02242,2024-10-17,CUST-0258,Foxtrot Group 258,West,Pune,SUP-033,Nova Industries 33,West,PROD-0059,Labels Model 3,Packaging,Labels,3,5291.43,0.0,0.0,13438.87,-2687.77,cancelled,Letter of Credit,Marketplace,,
ORD-02243,2023-08-15,CUST-0093,Foxtrot Corp 93,West,Pune,SUP-018,Nova Supplies 18,West,PROD-0040,Polymers Model 4,Raw Materials,Polymers,3,4601.74,0.0,13805.22,10025.79,3779.43,completed,Wire Transfer,Online,9,3.8
ORD-02244,2023-12-04,CUST-0284,Beta Enterprises 284,Central,Raipur,SUP-054,Nova Supplies 54,Central,PROD-0076,Last Mile Model 4,Logistics Services,Last Mile,9,4146.01,0.0,37314.09,32393.39,4920.7,completed,Letter of Credit,Marketplace,6,5.0
ORD-02245,2024-07-23,CUST-0014,Echo Pvt Ltd 14,Central,Indore,SUP-019,Prime Industries 19,Central,PROD-0013,CNC Parts Model 1,Industrial Equipment,CNC Parts,8,3314.74,10.39,0.0,21985.63,-4397.13,cancelled,Wire Transfer,Marketplace,,
ORD-02246,2023-07-15,CUST-0214,Gamma Enterprises 214,Central,Nagpur,SUP-044,Summit Solutions 44,Central,PROD-0042,Chemicals Model 2,Raw Materials,Chemicals,2,3010.54,0.0,6021.08,4727.25,1293.83,completed,Net-30,Online,6,
ORD-02247,2023-11-27,CUST-0228,Gamma Ltd 228,West,Surat,SUP-003,Nova Supplies 3,West,PROD-0020,Sensors Model 4,Electronics,Sensors,1,503.61,15.32,426.46,404.92,21.54,completed,Net-30,Partner,8,4.9
ORD-02248,2025-09-10,CUST-0079,Gamma Pvt Ltd 79,Central,Bhopal,SUP-019,Prime Industries 19,Central,PROD-0035,Steel Model 3,Raw Materials,Steel,5,3100.81,0.0,15504.05,9426.35,6077.7,completed,Net-30,Partner,4,2.9
ORD-02249,2025-09-18,CUST-0229,Gamma Enterprises 229,Central,Indore,SUP-024,Summit Manufacturing 24,Central,PROD-0066,Freight Model 2,Logistics Services,Freight,2,1382.01,0.0,2764.02,1575.95,1188.07,completed,Net-30,Direct Sales,12,3.3
ORD-02250,2023-08-07,CUST-0074,Echo Group 74,Central,Nagpur,SUP-059,Zenith Trading 59,Central,PROD-0076,Last Mile Model 4,Logistics Services,Last Mile,14,3817.62,10.39,47893.57,44123.59,3769.98,completed,Net-30,Online,1,4.3
ORD-02251,2023-08-15,CUST-0081,Foxtrot Pvt Ltd 81,South,Chennai,SUP-001,Summit Industries 1,South,PROD-0006,Conveyors Model 2,Industrial Equipment,Conveyors,2,4405.1,16.55,7352.11,5557.85,1794.26,completed,UPI,Online,13,4.0
ORD-02252,2023-02-18,CUST-0225,Foxtrot Enterprises 225,North,Chandigarh,SUP-060,Nova Supplies 60,North,PROD-0042,Chemicals Model 2,Raw Materials,Chemicals,1,3041.91,0.0,3041.91,2282.05,759.86,completed,Credit Card,Marketplace,6,3.7
ORD-02253,2024-09-24,CUST-0209,Gamma Ltd 209,Central,Indore,SUP-014,Zenith Solutions 14,Central,PROD-0022,Controllers Model 2,Electronics,Controllers,5,5197.53,6.15,24389.41,15129.43,9259.98,completed,Net-30,Marketplace,9,4.1
ORD-02254,2024-10-17,CUST-0028,Echo Ltd 28,West,Pune,SUP-025,Orbit Industries 25,North,PROD-0060,Labels Model 4,Packaging,Labels,1,4317.07,0.78,4283.4,2964.33,1319.07,pending,Net-30,Online,,
ORD-02255,2024-10-23,CUST-0095,Beta Ltd 95,North,Chandigarh,SUP-010,Orbit Solutions 10,North,PROD-0031,Power Supplies Model 3,Electronics,Power Supplies,6,2135.39,12.77,11176.2,8846.6,2329.6,completed,Wire Transfer,Partner,6,4.2
ORD-02256,2023-05-31,CUST-0081,Foxtrot Pvt Ltd 81,South,Chennai,SUP-042,Nova Manufacturing 42,East,PROD-0015,CNC Parts Model 3,Industrial Equipment,CNC Parts,1,4862.54,0.0,0.0,2741.65,-548.33,cancelled,UPI,Online,,
ORD-02257,2025-02-27,CUST-0188,Echo Corp 188,West,Mumbai,SUP-008,Apex Industries 8,West,PROD-0031,Power Supplies Model 3,Electronics,Power Supplies,1,1868.42,13.55,1615.25,1291.16,324.09,pending,Net-30,Partner,,
ORD-02258,2025-10-16,CUST-0171,Gamma Enterprises 171,South,Hyderabad,SUP-009,Nova Supplies 9,Central,PROD-0053,Films Model 1,Packaging,Films,2,1193.48,0.0,2386.96,1934.9,452.06,completed,Net-30,Online,14,4.2
ORD-02259,2025-06-07,CUST-0288,Alpha Pvt Ltd 288,West,Ahmedabad,SUP-038,Summit Trading 38,West,PROD-0035,Steel Model 3,Raw Materials,Steel,1,3459.21,0.0,3459.21,2230.87,1228.34,completed,UPI,Direct Sales,3,2.8
ORD-02260,2025-07-03,CUST-0205,Alpha Ltd 205,North,Chandigarh,SUP-035,Zenith Trading 35,North,PROD-0004,Pump Systems Model 4,Industrial Equipment,Pump Systems,2,3709.81,0.97,7347.65,5671.72,1675.93,completed,Wire Transfer,Marketplace,6,3.5
ORD-02261,2023-02-10,CUST-0267,Foxtrot Enterprises 267,East,Patna,SUP-027,Orbit Trading 27,East,PROD-0028,Cables Model 4,Electronics,Cables,6,3256.26,6.61,18246.13,14250.44,3995.69,completed,Wire Transfer,Online,4,3.2
ORD-02262,2025-06-02,CUST-0102,Gamma Ltd 102,East,Patna,SUP-027,Orbit Trading 27,East,PROD-0012,Compressors Model 4,Industrial Equipment,Compressors,1,2154.11,0.0,2154.11,1286.39,867.72,completed,Wire Transfer,Partner,7,3.6
ORD-02263,2024-07-12,CUST-0231,Alpha Group 231,South,Kochi,SUP-051,Nova Manufacturing 51,South,PROD-0066,Freight Model 2,Logistics Services,Freight,1,1137.34,0.0,1137.34,606.96,530.38,completed,Net-30,Direct Sales,12,4.5
ORD-02264,2024-05-26,CUST-0230,Alpha Enterprises 230,North,Delhi,SUP-020,Apex Manufacturing 20,North,PROD-0071,Warehousing Model 3,Logistics Services,Warehousing,12,1925.77,13.03,2009.81,13662.07,-722.6,cancelled,Credit Card,Online,,
ORD-02265,2025-11-06,CUST-0267,Foxtrot Enterprises 267,East,Patna,SUP-021,Apex Trading 21,South,PROD-0066,Freight Model 2,Logistics Services,Freight,11,1090.28,0.0,11993.08,6959.75,5033.33,pending,Credit Card,Online,,
ORD-02266,2023-04-09,CUST-0138,Delta Ltd 138,West,Mumbai,SUP-018,Nova Supplies 18,West,PROD-0037,Polymers Model 1,Raw Materials,Polymers,7,3393.63,0.0,2375.54,12894.9,-203.44,cancelled,Net-30,Marketplace,,
ORD-02267,2024-04-28,CUST-0114,Alpha Group 114,Central,Raipur,SUP-054,Nova Supplies 54,Central,PROD-0067,Freight Model 3,Logistics Services,Freight,8,4871.88,0.0,3897.5,28377.88,-1778.08,cancelled,Credit Card,Online,,
ORD-02268,2024-06-12,CUST-0211,Foxtrot Group 211,South,Hyderabad,SUP-037,Prime Supplies 37,East,PROD-0039,Polymers Model 3,Raw Materials,Polymers,4,5154.64,13.93,17746.39,13542.42,4203.97,completed,Net-30,Direct Sales,7,4.4
ORD-02269,2024-10-19,CUST-0204,Echo Corp 204,Central,Nagpur,SUP-004,Nova Industries 4,Central,PROD-0059,Labels Model 3,Packaging,Labels,11,5419.68,0.0,59616.48,48903.83,10712.65,completed,Letter of Credit,Direct Sales,2,3.3
ORD-02270,2025-05-09,CUST-0001,Alpha Corp 1,South,Kochi,SUP-006,Apex Solutions 6,South,PROD-0034,Steel Model 2,Raw Materials,Steel,2,1619.77,0.0,0.0,2841.87,-568.37,cancelled,UPI,Partner,,
ORD-02271,2023-07-25,CUST-0252,Delta Corp 252,East,Patna,SUP-059,Zenith Trading 59,Central,PROD-0066,Freight Model 2,Logistics Services,Freight,7,1366.53,0.0,0.0,5468.31,-1093.66,cancelled,UPI,Partner,,
ORD-02272,2024-04-08,CUST-0181,Beta Group 181,South,Hyderabad,SUP-031,Apex Supplies 31,South,PROD-0019,Sensors Model 3,Electronics,Sensors,6,3896.45,0.0,0.0,13530.87,-2706.17,cancelled,Credit Card,Marketplace,,
ORD-02273,2025-01-13,CUST-0076,Foxtrot Corp 76,South,Hyderabad,SUP-058,Zenith Solutions 58,West,PROD-0071,Warehousing Model 3,Logistics Services,Warehousing,2,1960.44,6.34,3672.3,2336.8,1335.5,completed,Letter of Credit,Online,4,4.1
ORD-02274,2025-08-28,CUST-0166,Delta Group 166,South,Bengaluru,SUP-013,Zenith Supplies 13,West,PROD-0074,Last Mile Model 2,Logistics Services,Last Mile,3,4701.22,0.0,14103.66,8614.61,5489.05,completed,Letter of Credit,Online,4,4.0
ORD-02275,2023-10-18,CUST-0089,Gamma Group 89,Central,Indore,SUP-049,Apex Supplies 49,Central,PROD-0050,Corrugated Model 2,Packaging,Corrugated,2,698.99,0.0,1397.98,986.63,411.35,completed,Wire Transfer,Marketplace,10,3.9
ORD-02276,2024-12-06,CUST-0276,Gamma Enterprises 276,South,Chennai,SUP-011,Apex Solutions 11,South,PROD-0061,Pallets Model 1,Packaging,Pallets,1,4095.11,0.0,4095.11,2293.77,1801.34,completed,Letter of Credit,Online,11,3.9
ORD-02277,2023-10-01,CUST-0083,Foxtrot Enterprises 83,West,Mumbai,SUP-051,Nova Manufacturing 51,South,PROD-0018,Sensors Model 2,Electronics,Sensors,3,2429.25,5.73,6870.16,5462.82,1407.34,pending,UPI,Partner,,
ORD-02278,2023-09-11,CUST-0137,Foxtrot Corp 137,East,Bhubaneswar,SUP-027,Orbit Trading 27,East,PROD-0028,Cables Model 4,Electronics,Cables,6,3122.15,5.37,17726.94,13530.29,4196.65,completed,UPI,Marketplace,8,3.4
ORD-02279,2023-07-19,CUST-0294,Beta Enterprises 294,Central,Raipur,SUP-057,Summit Solutions 57,East,PROD-0055,Films Model 3,Packaging,Films,1,3965.28,0.0,3965.28,2638.72,1326.56,completed,Letter of Credit,Direct Sales,12,4.8
ORD-02280,2025-09-01,CUST-0261,Gamma Ltd 261,South,Kochi,SUP-056,Orbit Trading 56,South,PROD-0060,Labels Model 4,Packaging,Labels,3,4428.27,0.0,13284.81,8717.94,4566.87,completed,Wire Transfer,Partner,8,3.0
ORD-02281,2025-07-22,CUST-0073,Delta Group 73,West,Pune,SUP-018,Nova Supplies 18,West,PROD-0076,Last Mile Model 4,Logistics Services,Last Mile,1,4068.0,0.0,4068.0,3483.43,584.57,completed,Credit Card,Direct Sales,4,4.3
ORD-02282,2023-03-13,CUST-0055,Alpha Group 55,North,Delhi,SUP-034,Zenith Trading 34,Central,PROD-0068,Freight Model 4,Logistics Services,Freight,1,5182.37,0.0,5182.37,3172.74,2009.63,completed,Letter of Credit,Marketplace,7,4.8
ORD-02283,2024-05-20,CUST-0274,Foxtrot Enterprises 274,Central,Raipur,SUP-044,Summit Solutions 44,Central,PROD-0039,Polymers Model 3,Raw Materials,Polymers,10,4595.85,0.0,45958.5,29590.88,16367.62,completed,UPI,Marketplace,4,4.7
ORD-02284,2024-10-11,CUST-0029,Alpha Corp 29,Central,Indore,SUP-037,Prime Supplies 37,East,PROD-0032,Power Supplies Model 4,Electronics,Power Supplies,4,1175.62,0.0,470.25,3242.06,-178.16,cancelled,Net-30,Marketplace,,
ORD-02285,2023-05-20,CUST-0042,Beta Enterprises 42,East,Guwahati,SUP-046,Apex Supplies 46,South,PROD-0061,Pallets Model 1,Packaging,Pallets,10,4545.74,0.0,45457.4,25255.21,20202.19,pending,Letter of Credit,Marketplace,,
ORD-02286,2023-05-13,CUST-0111,Echo Group 111,South,Kochi,SUP-048,Zenith Trading 48,West,PROD-0011,Compressors Model 3,Industrial Equipment,Compressors,1,5259.56,11.96,4630.52,4105.98,524.54,completed,Wire Transfer,Direct Sales,9,4.7
ORD-02287,2025-02-15,CUST-0171,Gamma Enterprises 171,South,Hyderabad,SUP-004,Nova Industries 4,Central,PROD-0012,Compressors Model 4,Industrial Equipment,Compressors,2,2246.2,13.35,3892.66,2604.84,1287.82,pending,Net-30,Partner,,
ORD-02288,2023-10-04,CUST-0289,Echo Group 289,Central,Nagpur,SUP-057,Summit Solutions 57,East,PROD-0064,Pallets Model 4,Packaging,Pallets,3,3001.48,0.0,900.44,6925.63,-484.69,cancelled,Credit Card,Online,,
ORD-02289,2023-08-09,CUST-0282,Delta Pvt Ltd 282,East,Bhubaneswar,SUP-008,Apex Industries 8,West,PROD-0003,Pump Systems Model 3,Industrial Equipment,Pump Systems,6,4841.64,10.98,25860.17,19091.07,6769.1,completed,Credit Card,Marketplace,6,5.0
ORD-02290,2024-01-11,CUST-0228,Gamma Ltd 228,West,Surat,SUP-058,Zenith Solutions 58,West,PROD-0002,Pump Systems Model 2,Industrial Equipment,Pump Systems,3,786.65,0.0,0.0,1632.78,-326.56,cancelled,Net-30,Direct Sales,,
ORD-02291,2023-08-24,CUST-0090,Delta Ltd 90,North,Chandigarh,SUP-055,Summit Solutions 55,North,PROD-0038,Polymers Model 2,Raw Materials,Polymers,2,2844.58,20.4,452.86,3795.83,-306.31,cancelled,UPI,Online,,
ORD-02292,2024-04-20,CUST-0238,Echo Corp 238,West,Mumbai,SUP-028,Summit Solutions 28,West,PROD-0009,Compressors Model 1,Industrial Equipment,Compressors,18,219.5,0.0,3951.0,2194.42,1756.58,completed,UPI,Marketplace,10,3.8
ORD-02293,2023-05-23,CUST-0228,Gamma Ltd 228,West,Surat,SUP-058,Zenith Solutions 58,West,PROD-0017,Sensors Model 1,Electronics,Sensors,24,1968.36,0.0,47240.64,26777.99,20462.65,completed,Letter of Credit,Online,11,4.2
ORD-02294,2023-03-14,CUST-0132,Alpha Corp 132,East,Bhubaneswar,SUP-037,Prime Supplies 37,East,PROD-0010,Compressors Model 2,Industrial Equipment,Compressors,17,3545.2,12.17,0.0,50597.08,-10119.42,cancelled,UPI,Partner,,
ORD-02295,2023-09-03,CUST-0202,Beta Pvt Ltd 202,East,Guwahati,SUP-057,Summit Solutions 57,East,PROD-0053,Films Model 1,Packaging,Films,2,1468.97,0.0,2937.94,2246.71,691.23,pending,Wire Transfer,Partner,,
ORD-02296,2025-01-31,CUST-0118,Echo Pvt Ltd 118,West,Ahmedabad,SUP-033,Nova Industries 33,West,PROD-0065,Freight Model 1,Logistics Services,Freight,29,5098.84,11.51,13084.69,85158.19,-3946.95,cancelled,Wire Transfer,Partner,,
ORD-02297,2023-04-24,CUST-0167,Alpha Enterprises 167,East,Kolkata,SUP-057,Summit Solutions 57,East,PROD-0049,Corrugated Model 1,Packaging,Corrugated,1,3819.92,0.0,3819.92,2208.68,1611.24,completed,Letter of Credit,Partner,6,3.7
ORD-02298,2025-04-09,CUST-0237,Gamma Group 237,East,Guwahati,SUP-018,Nova Supplies 18,West,PROD-0054,Films Model 2,Packaging,Films,1,2350.11,0.0,0.0,1914.89,-382.98,cancelled,Wire Transfer,Online,,
ORD-02299,2023-05-11,CUST-0294,Beta Enterprises 294,Central,Raipur,SUP-039,Summit Industries 39,Central,PROD-0043,Chemicals Model 3,Raw Materials,Chemicals,5,3781.52,0.0,18907.6,14255.69,4651.91,completed,UPI,Direct Sales,3,3.1
ORD-02300,2023-04-24,CUST-0009,Delta Corp 9,Central,Bhopal,SUP-034,Zenith Trading 34,Central,PROD-0026,Cables Model 2,Electronics,Cables,5,3111.83,0.0,15559.15,9638.95,5920.2,completed,Credit Card,Direct Sales,10,3.1
ORD-02301,2025-03-14,CUST-0187,Foxtrot Pvt Ltd 187,East,Kolkata,SUP-058,Zenith Solutions 58,West,PROD-0026,Cables Model 2,Electronics,Cables,5,3374.29,1.53,16613.32,10175.33,6437.99,completed,Net-30,Partner,3,
ORD-02302,2023-07-16,CUST-0265,Beta Pvt Ltd 265,North,Delhi,SUP-060,Nova Supplies 60,North,PROD-0005,Conveyors Model 1,Industrial Equipment,Conveyors,1,4466.56,0.0,4466.56,3637.94,828.62,completed,UPI,Online,4,5.0
ORD-02303,2024-05-26,CUST-0026,Beta Ltd 26,South,Bengaluru,SUP-037,Prime Supplies 37,East,PROD-0032,Power Supplies Model 4,Electronics,Power Supplies,1,1257.62,5.84,1184.17,876.31,307.86,completed,Credit Card,Partner,3,4.5
ORD-02304,2024-12-24,CUST-0256,Delta Pvt Ltd 256,South,Bengaluru,SUP-056,Orbit Trading 56,South,PROD-0018,Sensors Model 2,Electronics,Sensors,3,2589.46,0.0,0.0,5673.23,-1134.65,cancelled,UPI,Online,,
ORD-02305,2025-10-01,CUST-0243,Delta Group 243,West,Surat,SUP-028,Summit Solutions 28,West,PROD-0044,Chemicals Model 4,Raw Materials,Chemicals,3,4507.11,1.38,13334.74,9808.58,3526.16,pending,Credit Card,Marketplace,,
ORD-02306,2025-10-16,CUST-0100,Alpha Enterprises 100,North,Lucknow,SUP-055,Summit Solutions 55,North,PROD-0020,Sensors Model 4,Electronics,Sensors,7,421.36,1.09,2917.37,2378.17,539.2,completed,Letter of Credit,Marketplace,10,4.8
ORD-02307,2023-11-06,CUST-0154,Alpha Enterprises 154,Central,Bhopal,SUP-014,Zenith Solutions 14,Central,PROD-0053,Films Model 1,Packaging,Films,18,1354.67,10.64,21789.6,19356.24,2433.36,pending,Letter of Credit,Direct Sales,,
ORD-02308,2024-09-27,CUST-0053,Beta Corp 53,West,Ahmedabad,SUP-060,Nova Supplies 60,North,PROD-0016,CNC Parts Model 4,Industrial Equipment,CNC Parts,1,4524.33,0.0,4524.33,2858.6,1665.73,pending,Net-30,Online,,
ORD-02309,2025-05-11,CUST-0174,Gamma Ltd 174,Central,Indore,SUP-054,Nova Supplies 54,Central,PROD-0002,Pump Systems Model 2,Industrial Equipment,Pump Systems,3,847.06,0.0,2541.18,1823.97,717.21,completed,Net-30,Marketplace,3,4.2
ORD-02310,2024-11-07,CUST-0223,Gamma Corp 223,West,Pune,SUP-018,Nova Supplies 18,West,PROD-0058,Labels Model 2,Packaging,Labels,19,4905.16,13.57,80551.07,70046.53,10504.54,pending,Wire Transfer,Direct Sales,,
ORD-02311,2023-10-30,CUST-0120,Echo Ltd 120,North,Jaipur,SUP-040,Orbit Supplies 40,North,PROD-0057,Labels Model 1,Packaging,Labels,6,714.8,0.0,4288.8,3630.17,658.63,completed,Wire Transfer,Online,10,5.0
ORD-02312,2023-08-25,CUST-0039,Alpha Enterprises 39,Central,Indore,SUP-014,Zenith Solutions 14,Central,PROD-0028,Cables Model 4,Electronics,Cables,1,3135.11,10.1,2818.46,2433.06,385.4,completed,Credit Card,Partner,6,4.0
ORD-02313,2025-09-23,CUST-0243,Delta Group 243,West,Surat,SUP-033,Nova Industries 33,West,PROD-0004,Pump Systems Model 4,Industrial Equipment,Pump Systems,2,3621.24,0.54,7203.37,5637.8,1565.57,pending,UPI,Direct Sales,,
ORD-02314,2024-09-02,CUST-0210,Foxtrot Ltd 210,North,Lucknow,SUP-050,Orbit Trading 50,North,PROD-0069,Warehousing Model 1,Logistics Services,Warehousing,5,337.05,0.0,1685.25,1335.22,350.03,completed,Net-30,Direct Sales,2,4.2
ORD-02315,2025-01-11,CUST-0226,Alpha Group 226,South,Bengaluru,SUP-034,Zenith Trading 34,Central,PROD-0045,Alloys Model 1,Raw Materials,Alloys,2,4914.69,0.0,9829.38,7199.75,2629.63,pending,UPI,Online,,
ORD-02316,2023-05-13,CUST-0126,Delta Enterprises 126,South,Hyderabad,SUP-051,Nova Manufacturing 51,South,PROD-0079,Cold Chain Model 3,Logistics Services,Cold Chain,1,615.53,0.0,615.53,447.46,168.07,pending,UPI,Direct Sales,,
ORD-02317,2024-03-31,CUST-0290,Beta Enterprises 290,North,Lucknow,SUP-030,Nova Industries 30,North,PROD-0062,Pallets Model 2,Packaging,Pallets,3,2595.76,0.0,7787.28,5120.62,2666.66,completed,UPI,Online,3,4.1
ORD-02318,2024-03-28,CUST-0042,Beta Enterprises 42,East,Guwahati,SUP-049,Apex Supplies 49,Central,PROD-0073,Last Mile Model 1,Logistics Services,Last Mile,3,2546.21,0.0,7638.63,4440.72,3197.91,completed,Credit Card,Online,8,4.4
ORD-02319,2024-10-22,CUST-0166,Delta Group 166,South,Bengaluru,SUP-026,Zenith Industries 26,South,PROD-0037,Polymers Model 1,Raw Materials,Polymers,6,3717.23,0.0,22303.38,12323.44,9979.94,completed,Net-30,Direct Sales,6,3.8
ORD-02320,2025-01-24,CUST-0149,Foxtrot Pvt Ltd 149,Central,Indore,SUP-054,Nova Supplies 54,Central,PROD-0061,Pallets Model 1,Packaging,Pallets,6,3767.84,0.0,22607.04,12145.84,10461.2,completed,Letter of Credit,Online,4,3.6
ORD-02321,2024-10-28,CUST-0293,Foxtrot Ltd 293,West,Pune,SUP-013,Zenith Supplies 13,West,PROD-0065,Freight Model 1,Logistics Services,Freight,4,4708.37,16.12,15797.52,11260.1,4537.42,completed,Wire Transfer,Marketplace,4,3.5
ORD-02322,2024-05-21,CUST-0098,Foxtrot Ltd 98,West,Surat,SUP-033,Nova Industries 33,West,PROD-0032,Power Supplies Model 4,Electronics,Power Supplies,4,1168.93,0.0,4675.72,3379.11,1296.61,completed,Letter of Credit,Marketplace,10,3.1
ORD-02323,2025-06-27,CUST-0292,Delta Pvt Ltd 292,East,Guwahati,SUP-033,Nova Industries 33,West,PROD-0042,Chemicals Model 2,Raw Materials,Chemicals,11,3039.34,0.0,33432.74,25593.27,7839.47,completed,Letter of Credit,Online,5,3.2
ORD-02324,2025-03-01,CUST-0042,Beta Enterprises 42,East,Guwahati,SUP-037,Prime Supplies 37,East,PROD-0079,Cold Chain Model 3,Logistics Services,Cold Chain,9,506.07,16.03,3824.52,3124.69,699.83,completed,Credit Card,Partner,7,4.7
ORD-02325,2025-06-24,CUST-0218,Beta Ltd 218,West,Pune,SUP-008,Apex Industries 8,West,PROD-0059,Labels Model 3,Packaging,Labels,1,5439.99,0.0,5439.99,4774.24,665.75,completed,Credit Card,Marketplace,9,5.0
ORD-02326,2025-03-13,CUST-0018,Alpha Enterprises 18,West,Mumbai,SUP-043,Zenith Trading 43,West,PROD-0065,Freight Model 1,Logistics Services,Freight,1,4604.97,21.61,3609.84,2646.08,963.76,completed,Letter of Credit,Direct Sales,4,4.9
ORD-02327,2023-05-13,CUST-0190,Alpha Group 190,North,Jaipur,SUP-040,Orbit Supplies 40,North,PROD-0004,Pump Systems Model 4,Industrial Equipment,Pump Systems,1,3170.52,0.0,3170.52,2349.7,820.82,completed,Letter of Credit,Direct Sales,7,3.2
ORD-02328,2023-12-16,CUST-0284,Beta Enterprises 284,Central,Raipur,SUP-004,Nova Industries 4,Central,PROD-0024,Controllers Model 4,Electronics,Controllers,10,1292.06,21.54,10137.5,6865.36,3272.14,completed,Wire Transfer,Online,6,4.6
ORD-02329,2025-05-20,CUST-0219,Gamma Group 219,Central,Raipur,SUP-037,Prime Supplies 37,East,PROD-0005,Conveyors Model 1,Industrial Equipment,Conveyors,10,4069.73,6.37,38104.88,32796.01,5308.87,completed,UPI,Marketplace,7,2.9
ORD-02330,2024-12-17,CUST-0083,Foxtrot Enterprises 83,West,Mumbai,SUP-033,Nova Industries 33,West,PROD-0055,Films Model 3,Packaging,Films,4,3744.62,0.0,14978.48,10243.99,4734.49,completed,Net-30,Partner,3,3.8
ORD-02331,2025-12-27,CUST-0052,Beta Ltd 52,East,Guwahati,SUP-021,Apex Trading 21,South,PROD-0057,Labels Model 1,Packaging,Labels,9,705.46,0.0,6349.14,5494.59,854.55,completed,Credit Card,Partner,4,3.2
ORD-02332,2025-12-14,CUST-0167,Alpha Enterprises 167,East,Kolkata,SUP-012,Nova Solutions 12,East,PROD-0028,Cables Model 4,Electronics,Cables,3,2928.74,0.0,8786.22,6287.83,2498.39,completed,Net-30,Online,9,4.2
ORD-02333,2023-08-23,CUST-0190,Alpha Group 190,North,Jaipur,SUP-040,Orbit Supplies 40,North,PROD-0039,Polymers Model 3,Raw Materials,Polymers,1,4088.6,0.0,4088.6,2581.08,1507.52,pending,Credit Card,Partner,,
ORD-02334,2023-03-28,CUST-0188,Echo Corp 188,West,Mumbai,SUP-028,Summit Solutions 28,West,PROD-0012,Compressors Model 4,Industrial Equipment,Compressors,4,2129.74,0.0,8518.96,4866.07,3652.89,completed,Net-30,Online,12,4.4
ORD-02335,2024-05-10,CUST-0284,Beta Enterprises 284,Central,Raipur,SUP-014,Zenith Solutions 14,Central,PROD-0062,Pallets Model 2,Packaging,Pallets,1,2856.87,12.62,2496.33,2017.86,478.47,completed,Letter of Credit,Online,4,5.0
ORD-02336,2023-07-19,CUST-0116,Foxtrot Pvt Ltd 116,South,Bengaluru,SUP-026,Zenith Industries 26,South,PROD-0028,Cables Model 4,Electronics,Cables,1,2766.26,10.65,2471.65,2053.73,417.92,pending,UPI,Online,,
ORD-02337,2025-04-13,CUST-0269,Gamma Pvt Ltd 269,Central,Nagpur,SUP-016,Nova Manufacturing 16,South,PROD-0045,Alloys Model 1,Raw Materials,Alloys,22,5054.5,0.0,111199.0,80741.12,30457.88,completed,Credit Card,Online,5,4.4
ORD-02338,2023-12-06,CUST-0134,Delta Enterprises 134,Central,Indore,SUP-049,Apex Supplies 49,Central,PROD-0071,Warehousing Model 3,Logistics Services,Warehousing,13,2257.77,0.0,29351.01,17229.84,12121.17,completed,Letter of Credit,Marketplace,7,
ORD-02339,2025-10-23,CUST-0057,Alpha Group 57,East,Bhubaneswar,SUP-004,Nova Industries 4,Central,PROD-0073,Last Mile Model 1,Logistics Services,Last Mile,3,2285.38,0.0,6856.14,4150.43,2705.71,pending,Credit Card,Marketplace,,
ORD-02340,2023-07-27,CUST-0209,Gamma Ltd 209,Central,Indore,SUP-059,Zenith Trading 59,Central,PROD-0072,Warehousing Model 4,Logistics Services,Warehousing,11,4710.0,1.1,51240.09,32777.13,18462.96,completed,UPI,Direct Sales,5,4.5
ORD-02341,2023-11-28,CUST-0190,Alpha Group 190,North,Jaipur,SUP-010,Orbit Solutions 10,North,PROD-0020,Sensors Model 4,Electronics,Sensors,2,410.82,20.9,649.92,644.71,5.21,completed,UPI,Partner,8,2.5
ORD-02342,2024-04-19,CUST-0251,Beta Pvt Ltd 251,South,Bengaluru,SUP-001,Summit Industries 1,South,PROD-0072,Warehousing Model 4,Logistics Services,Warehousing,5,4990.69,0.0,24953.45,15948.87,9004.58,completed,UPI,Online,6,3.9
ORD-02343,2024-01-15,CUST-0218,Beta Ltd 218,West,Pune,SUP-023,Prime Industries 23,West,PROD-0023,Controllers Model 3,Electronics,Controllers,2,2342.83,5.52,4427.01,2818.17,1608.84,completed,Letter of Credit,Direct Sales,4,4.3
ORD-02344,2023-04-02,CUST-0213,Delta Group 213,West,Ahmedabad,SUP-019,Prime Industries 19,Central,PROD-0048,Alloys Model 4,Raw Materials,Alloys,8,550.15,0.0,4401.2,2899.62,1501.58,completed,Wire Transfer,Online,6,4.9
ORD-02345,2023-01-05,CUST-0097,Foxtrot Pvt Ltd 97,East,Bhubaneswar,SUP-052,Zenith Manufacturing 52,East,PROD-0025,Cables Model 1,Electronics,Cables,1,3957.58,1.63,3893.07,3301.88,591.19,completed,Credit Card,Partner,6,3.3
ORD-02346,2023-06-26,CUST-0224,Echo Pvt Ltd 224,Central,Indore,SUP-024,Summit Manufacturing 24,Central,PROD-0001,Pump Systems Model 1,Industrial Equipment,Pump Systems,1,1970.4,0.65,1957.59,1447.46,510.13,completed,Wire Transfer,Online,5,4.0
ORD-02347,2023-10-17,CUST-0107,Alpha Corp 107,East,Patna,SUP-007,Zenith Industries 7,East,PROD-0047,Alloys Model 3,Raw Materials,Alloys,4,2723.71,0.0,10894.84,8270.14,2624.7,completed,Letter of Credit,Online,8,3.6
ORD-02348,2024-01-13,CUST-0262,Foxtrot Enterprises 262,East,Guwahati,SUP-042,Nova Manufacturing 42,East,PROD-0068,Freight Model 4,Logistics Services,Freight,5,4661.61,5.41,22047.08,13695.82,8351.26,completed,Credit Card,Direct Sales,5,3.7
ORD-02349,2025-11-03,CUST-0078,Foxtrot Group 78,West,Mumbai,SUP-013,Zenith Supplies 13,West,PROD-0058,Labels Model 2,Packaging,Labels,1,4653.39,13.76,4013.08,3511.74,501.34,completed,Net-30,Marketplace,8,2.8
ORD-02350,2025-09-28,CUST-0276,Gamma Enterprises 276,South,Chennai,SUP-041,Orbit Supplies 41,South,PROD-0059,Labels Model 3,Packaging,Labels,1,5605.96,6.57,5237.65,4569.31,668.34,completed,UPI,Marketplace,3,5.0
ORD-02351,2025-03-23,CUST-0259,Foxtrot Pvt Ltd 259,Central,Indore,SUP-049,Apex Supplies 49,Central,PROD-0001,Pump Systems Model 1,Industrial Equipment,Pump Systems,2,2091.19,20.42,0.0,3024.07,-604.81,cancelled,Credit Card,Direct Sales,,
ORD-02352,2023-07-16,CUST-0055,Alpha Group 55,North,Delhi,SUP-050,Orbit Trading 50,North,PROD-0002,Pump Systems Model 2,Industrial Equipment,Pump Systems,1,777.78,11.59,687.64,546.18,141.46,completed,Letter of Credit,Online,5,4.1
ORD-02353,2025-01-18,CUST-0081,Foxtrot Pvt Ltd 81,South,Chennai,SUP-011,Apex Solutions 11,South,PROD-0069,Warehousing Model 1,Logistics Services,Warehousing,1,389.52,0.0,389.52,314.99,74.53,completed,Wire Transfer,Marketplace,8,4.0
ORD-02354,2025-02-12,CUST-0279,Echo Corp 279,Central,Nagpur,SUP-024,Summit Manufacturing 24,Central,PROD-0063,Pallets Model 3,Packaging,Pallets,2,3310.79,0.0,6621.58,4739.28,1882.3,completed,Wire Transfer,Direct Sales,7,4.0
ORD-02355,2023-09-27,CUST-0195,Echo Group 195,North,Jaipur,SUP-025,Orbit Industries 25,North,PROD-0051,Corrugated Model 3,Packaging,Corrugated,10,5574.17,0.62,55396.1,41321.74,14074.36,completed,Letter of Credit,Direct Sales,11,5.0
ORD-02356,2024-10-23,CUST-0219,Gamma Group 219,Central,Raipur,SUP-007,Zenith Industries 7,East,PROD-0032,Power Supplies Model 4,Electronics,Power Supplies,1,1121.66,0.0,1121.66,771.58,350.08,completed,UPI,Online,10,3.1
ORD-02357,2025-12-28,CUST-0203,Gamma Pvt Ltd 203,West,Ahmedabad,SUP-048,Zenith Trading 48,West,PROD-0068,Freight Model 4,Logistics Services,Freight,3,5115.59,12.84,13376.24,9340.87,4035.37,completed,Letter of Credit,Direct Sales,7,5.0
ORD-02358,2024-02-04,CUST-0059,Foxtrot Ltd 59,Central,Indore,SUP-039,Summit Industries 39,Central,PROD-0029,Power Supplies Model 1,Electronics,Power Supplies,5,2431.77,0.0,12158.85,7659.35,4499.5,completed,Credit Card,Online,4,3.5
ORD-02359,2024-10-30,CUST-0175,Foxtrot Corp 175,North,Delhi,SUP-048,Zenith Trading 48,West,PROD-0051,Corrugated Model 3,Packaging,Corrugated,2,4381.82,5.98,8239.57,6224.16,2015.41,completed,Letter of Credit,Direct Sales,9,3.6
ORD-02360,2023-12-21,CUST-0033,Echo Ltd 33,West,Pune,SUP-038,Summit Trading 38,West,PROD-0030,Power Supplies Model 2,Electronics,Power Supplies,1,3995.13,0.0,3995.13,2515.55,1479.58,pending,Wire Transfer,Marketplace,,
ORD-02361,2024-08-20,CUST-0090,Delta Ltd 90,North,Chandigarh,SUP-021,Apex Trading 21,South,PROD-0033,Steel Model 1,Raw Materials,Steel,1,3223.57,5.98,3030.8,2837.73,193.07,completed,Net-30,Partner,7,4.4
ORD-02362,2025-12-07,CUST-0138,Delta Ltd 138,West,Mumbai,SUP-003,Nova Supplies 3,West,PROD-0008,Conveyors Model 4,Industrial Equipment,Conveyors,5,3684.86,12.82,16062.3,15102.82,959.48,completed,Net-30,Online,7,5.0
ORD-02363,2023-03-06,CUST-0144,Echo Enterprises 144,Central,Raipur,SUP-022,Prime Solutions 22,East,PROD-0070,Warehousing Model 2,Logistics Services,Warehousing,3,4111.81,0.0,12335.43,8098.51,4236.92,completed,UPI,Direct Sales,6,3.9
ORD-02364,2025-02-06,CUST-0049,Beta Enterprises 49,Central,Indore,SUP-005,Summit Solutions 5,North,PROD-0030,Power Supplies Model 2,Electronics,Power Supplies,1,4340.45,5.47,4103.03,2727.69,1375.34,completed,Credit Card,Online,5,3.3
ORD-02365,2023-12-23,CUST-0043,Gamma Enterprises 43,West,Pune,SUP-003,Nova Supplies 3,West,PROD-0012,Compressors Model 4,Industrial Equipment,Compressors,8,1982.26,0.0,15858.08,8883.67,6974.41,pending,UPI,Online,,
ORD-02366,2023-11-16,CUST-0291,Gamma Pvt Ltd 291,South,Kochi,SUP-031,Apex Supplies 31,South,PROD-0036,Steel Model 4,Raw Materials,Steel,6,3234.06,12.19,17038.97,14008.38,3030.59,completed,UPI,Online,7,4.2
ORD-02367,2023-05-31,CUST-0299,Echo Enterprises 299,Central,Indore,SUP-039,Summit Industries 39,Central,PROD-0033,Steel Model 1,Raw Materials,Steel,2,3087.77,0.0,6175.54,4988.99,1186.55,completed,Net-30,Marketplace,3,
ORD-02368,2023-02-27,CUST-0226,Alpha Group 226,South,Bengaluru,SUP-015,Prime Industries 15,North,PROD-0046,Alloys Model 2,Raw Materials,Alloys,2,1607.58,10.36,2882.07,2107.86,774.21,completed,Letter of Credit,Marketplace,8,4.5
ORD-02369,2025-01-20,CUST-0246,Alpha Ltd 246,South,Kochi,SUP-004,Nova Industries 4,Central,PROD-0051,Corrugated Model 3,Packaging,Corrugated,2,4577.7,0.0,9155.4,6796.68,2358.72,completed,Net-30,Online,9,3.6
ORD-02370,2025-10-07,CUST-0189,Echo Enterprises 189,Central,Nagpur,SUP-039,Summit Industries 39,Central,PROD-0044,Chemicals Model 4,Raw Materials,Chemicals,1,4686.67,0.0,4686.67,3501.87,1184.8,completed,UPI,Online,5,3.1
ORD-02371,2023-08-05,CUST-0162,Delta Enterprises 162,East,Patna,SUP-042,Nova Manufacturing 42,East,PROD-0080,Cold Chain Model 4,Logistics Services,Cold Chain,5,2070.71,0.0,0.0,8962.95,-1792.59,cancelled,Net-30,Online,,
ORD-02372,2025-05-02,CUST-0048,Beta Enterprises 48,West,Surat,SUP-013,Zenith Supplies 13,West,PROD-0034,Steel Model 2,Raw Materials,Steel,1,1549.46,0.0,1549.46,1357.34,192.12,completed,Wire Transfer,Marketplace,5,4.2
ORD-02373,2023-04-20,CUST-0039,Alpha Enterprises 39,Central,Indore,SUP-031,Apex Supplies 31,South,PROD-0034,Steel Model 2,Raw Materials,Steel,14,1618.09,10.62,20247.48,19953.53,293.95,completed,Wire Transfer,Partner,3,3.9
ORD-02374,2023-08-01,CUST-0004,Delta Group 4,Central,Raipur,SUP-042,Nova Manufacturing 42,East,PROD-0012,Compressors Model 4,Industrial Equipment,Compressors,1,2231.96,6.3,2091.35,1233.58,857.77,completed,Credit Card,Online,5,3.4
ORD-02375,2024-10-11,CUST-0233,Alpha Ltd 233,West,Ahmedabad,SUP-018,Nova Supplies 18,West,PROD-0041,Chemicals Model 1,Raw Materials,Chemicals,4,1990.69,0.13,7952.41,5642.93,2309.48,completed,Credit Card,Marketplace,6,4.5
ORD-02376,2023-05-23,CUST-0284,Beta Enterprises 284,Central,Raipur,SUP-010,Orbit Solutions 10,North,PROD-0038,Polymers Model 2,Raw Materials,Polymers,1,2878.17,0.0,2878.17,2053.61,824.56,completed,Net-30,Partner,8,3.6
ORD-02377,2023-09-16,CUST-0203,Gamma Pvt Ltd 203,West,Ahmedabad,SUP-010,Orbit Solutions 10,North,PROD-0036,Steel Model 4,Raw Materials,Steel,3,3245.07,13.79,8392.72,7638.56,754.16,completed,Letter of Credit,Partner,6,2.9
ORD-02378,2024-10-14,CUST-0205,Alpha Ltd 205,North,Chandigarh,SUP-045,Nova Trading 45,North,PROD-0077,Cold Chain Model 1,Logistics Services,Cold Chain,1,2091.72,6.84,1948.65,1603.72,344.93,completed,UPI,Partner,10,5.0
ORD-02379,2024-08-12,CUST-0167,Alpha Enterprises 167,East,Kolkata,SUP-017,Prime Trading 17,East,PROD-0013,CNC Parts Model 1,Industrial Equipment,CNC Parts,5,3499.79,1.56,17225.97,14411.98,2813.99,completed,Credit Card,Direct Sales,10,4.7
ORD-02380,2025-09-17,CUST-0149,Foxtrot Pvt Ltd 149,Central,Indore,SUP-048,Zenith Trading 48,West,PROD-0031,Power Supplies Model 3,Electronics,Power Supplies,1,2221.22,0.0,0.0,1597.36,-319.47,cancelled,Letter of Credit,Marketplace,,
ORD-02381,2023-01-29,CUST-0296,Delta Ltd 296,South,Kochi,SUP-048,Zenith Trading 48,West,PROD-0042,Chemicals Model 2,Raw Materials,Chemicals,4,3246.34,0.0,12985.36,9515.61,3469.75,completed,Net-30,Partner,6,5.0
ORD-02382,2025-08-18,CUST-0251,Beta Pvt Ltd 251,South,Bengaluru,SUP-036,Nova Trading 36,South,PROD-0031,Power Supplies Model 3,Electronics,Power Supplies,2,2240.39,0.0,4480.78,3225.0,1255.78,completed,Credit Card,Marketplace,7,5.0
ORD-02383,2023-04-10,CUST-0258,Foxtrot Group 258,West,Pune,SUP-010,Orbit Solutions 10,North,PROD-0047,Alloys Model 3,Raw Materials,Alloys,1,3241.23,0.0,3241.23,2585.26,655.97,completed,UPI,Online,6,4.2
ORD-02384,2023-02-13,CUST-0043,Gamma Enterprises 43,West,Pune,SUP-008,Apex Industries 8,West,PROD-0067,Freight Model 3,Logistics Services,Freight,5,4755.14,1.48,23423.82,16839.24,6584.58,completed,Credit Card,Partner,4,5.0
ORD-02385,2023-12-19,CUST-0248,Delta Corp 248,West,Pune,SUP-010,Orbit Solutions 10,North,PROD-0065,Freight Model 1,Logistics Services,Freight,3,4414.32,0.79,13138.34,7486.89,5651.45,completed,Credit Card,Partner,6,4.8
ORD-02386,2025-12-27,CUST-0138,Delta Ltd 138,West,Mumbai,SUP-058,Zenith Solutions 58,West,PROD-0049,Corrugated Model 1,Packaging,Corrugated,7,4211.23,0.0,29478.61,17785.22,11693.39,completed,Letter of Credit,Direct Sales,11,
ORD-02387,2023-11-25,CUST-0046,Alpha Ltd 46,South,Bengaluru,SUP-010,Orbit Solutions 10,North,PROD-0016,CNC Parts Model 4,Industrial Equipment,CNC Parts,9,3731.05,0.0,33579.45,22020.71,11558.74,completed,UPI,Marketplace,8,5.0
ORD-02388,2024-07-25,CUST-0256,Delta Pvt Ltd 256,South,Bengaluru,SUP-001,Summit Industries 1,South,PROD-0028,Cables Model 4,Electronics,Cables,1,2748.52,0.0,2748.52,1955.34,793.18,pending,Wire Transfer,Marketplace,,
ORD-02389,2024-06-01,CUST-0254,Gamma Group 254,Central,Raipur,SUP-019,Prime Industries 19,Central,PROD-0041,Chemicals Model 1,Raw Materials,Chemicals,3,2001.61,1.35,0.0,4364.74,-872.95,cancelled,Wire Transfer,Online,,
ORD-02390,2024-12-02,CUST-0225,Foxtrot Enterprises 225,North,Chandigarh,SUP-040,Orbit Supplies 40,North,PROD-0034,Steel Model 2,Raw Materials,Steel,2,1385.0,0.0,2770.0,2286.53,483.47,completed,Letter of Credit,Direct Sales,12,4.5
ORD-02391,2025-10-09,CUST-0169,Gamma Enterprises 169,Central,Indore,SUP-054,Nova Supplies 54,Central,PROD-0001,Pump Systems Model 1,Industrial Equipment,Pump Systems,6,2229.67,0.0,13378.02,10033.14,3344.88,completed,UPI,Partner,1,3.0
ORD-02392,2024-05-05,CUST-0094,Echo Enterprises 94,Central,Nagpur,SUP-039,Summit Industries 39,Central,PROD-0075,Last Mile Model 3,Logistics Services,Last Mile,3,2480.14,0.26,7421.07,5392.44,2028.63,completed,Credit Card,Direct Sales,6,4.4
ORD-02393,2025-12-11,CUST-0107,Alpha Corp 107,East,Patna,SUP-002,Apex Trading 2,East,PROD-0061,Pallets Model 1,Packaging,Pallets,4,3825.28,0.0,15301.12,8292.04,7009.08,completed,Credit Card,Direct Sales,9,3.0
ORD-02394,2024-10-20,CUST-0109,Alpha Corp 109,Central,Nagpur,SUP-059,Zenith Trading 59,Central,PROD-0017,Sensors Model 1,Electronics,Sensors,2,1730.82,0.0,3461.64,2003.55,1458.09,completed,Letter of Credit,Partner,11,3.2
ORD-02395,2023-08-17,CUST-0107,Alpha Corp 107,East,Patna,SUP-007,Zenith Industries 7,East,PROD-0032,Power Supplies Model 4,Electronics,Power Supplies,1,1395.18,0.25,1391.69,1052.02,339.67,completed,Wire Transfer,Marketplace,1,4.9
ORD-02396,2024-05-19,CUST-0028,Echo Ltd 28,West,Pune,SUP-048,Zenith Trading 48,West,PROD-0077,Cold Chain Model 1,Logistics Services,Cold Chain,2,2243.98,16.68,3739.37,3398.96,340.41,completed,UPI,Direct Sales,5,4.0
ORD-02397,2025-09-26,CUST-0279,Echo Corp 279,Central,Nagpur,SUP-019,Prime Industries 19,Central,PROD-0027,Cables Model 3,Electronics,Cables,1,2161.96,10.63,1932.14,1346.95,585.19,completed,Wire Transfer,Partner,7,4.0
ORD-02398,2024-01-02,CUST-0165,Beta Group 165,North,Lucknow,SUP-033,Nova Industries 33,West,PROD-0067,Freight Model 3,Logistics Services,Freight,3,4121.85,0.0,12365.55,9032.71,3332.84,completed,Net-30,Online,2,3.6
ORD-02399,2024-12-26,CUST-0070,Echo Pvt Ltd 70,North,Chandigarh,SUP-035,Zenith Trading 35,North,PROD-0036,Steel Model 4,Raw Materials,Steel,1,3110.66,0.0,3110.66,2354.48,756.18,completed,Net-30,Online,7,4.4
ORD-02400,2025-04-02,CUST-0165,Beta Group 165,North,Lucknow,SUP-052,Zenith Manufacturing 52,East,PROD-0031,Power Supplies Model 3,Electronics,Power Supplies,6,1766.69,15.12,8997.4,7654.12,1343.28,completed,Letter of Credit,Online,8,5.0
ORD-02401,2024-01-25,CUST-0221,Beta Pvt Ltd 221,South,Hyderabad,SUP-007,Zenith Industries 7,East,PROD-0076,Last Mile Model 4,Logistics Services,Last Mile,2,3910.28,0.0,7820.56,6668.35,1152.21,completed,Letter of Credit,Online,6,4.3
ORD-02402,2023-04-15,CUST-0239,Foxtrot Ltd 239,Central,Bhopal,SUP-019,Prime Industries 19,Central,PROD-0063,Pallets Model 3,Packaging,Pallets,4,3392.47,0.0,13569.88,10282.84,3287.04,pending,Credit Card,Partner,,
ORD-02403,2024-07-06,CUST-0190,Alpha Group 190,North,Jaipur,SUP-005,Summit Solutions 5,North,PROD-0062,Pallets Model 2,Packaging,Pallets,7,2995.66,5.25,19868.71,14295.84,5572.87,completed,Net-30,Online,9,3.9
ORD-02404,2023-02-19,CUST-0218,Beta Ltd 218,West,Pune,SUP-054,Nova Supplies 54,Central,PROD-0018,Sensors Model 2,Electronics,Sensors,4,2891.27,16.25,9685.75,8007.68,1678.07,pending,UPI,Direct Sales,,
ORD-02405,2023-07-22,CUST-0018,Alpha Enterprises 18,West,Mumbai,SUP-031,Apex Supplies 31,South,PROD-0071,Warehousing Model 3,Logistics Services,Warehousing,6,2302.56,10.02,12431.06,8569.08,3861.98,completed,UPI,Partner,2,3.6
ORD-02406,2023-03-10,CUST-0143,Delta Group 143,West,Ahmedabad,SUP-028,Summit Solutions 28,West,PROD-0058,Labels Model 2,Packaging,Labels,6,3962.48,0.0,2377.49,17810.29,-1184.57,cancelled,Net-30,Partner,,
ORD-02407,2023-08-28,CUST-0029,Alpha Corp 29,Central,Indore,SUP-041,Orbit Supplies 41,South,PROD-0047,Alloys Model 3,Raw Materials,Alloys,1,2831.77,0.0,2831.77,2108.64,723.13,completed,Letter of Credit,Direct Sales,6,3.1
ORD-02408,2023-05-28,CUST-0019,Echo Ltd 19,Central,Indore,SUP-002,Apex Trading 2,East,PROD-0010,Compressors Model 2,Industrial Equipment,Compressors,1,2898.22,0.0,2898.22,2279.58,618.64,completed,UPI,Partner,9,3.1
ORD-02409,2025-01-04,CUST-0159,Alpha Pvt Ltd 159,Central,Raipur,SUP-004,Nova Industries 4,Central,PROD-0007,Conveyors Model 3,Industrial Equipment,Conveyors,1,1464.82,0.0,1464.82,1094.0,370.82,completed,Wire Transfer,Partner,6,4.9
ORD-02410,2024-07-31,CUST-0275,Beta Pvt Ltd 275,North,Delhi,SUP-023,Prime Industries 23,West,PROD-0022,Controllers Model 2,Electronics,Controllers,2,5134.06,0.0,10268.12,5870.35,4397.77,completed,Credit Card,Online,5,4.3
ORD-02411,2023-12-29,CUST-0099,Beta Corp 99,Central,Nagpur,SUP-059,Zenith Trading 59,Central,PROD-0061,Pallets Model 1,Packaging,Pallets,2,4546.31,1.59,8948.05,4980.49,3967.56,pending,Net-30,Online,,
ORD-02412,2023-05-25,CUST-0286,Alpha Pvt Ltd 286,South,Chennai,SUP-024,Summit Manufacturing 24,Central,PROD-0073,Last Mile Model 1,Logistics Services,Last Mile,4,2307.36,0.0,9229.44,5312.8,3916.64,completed,Net-30,Marketplace,7,3.6
ORD-02413,2023-11-29,CUST-0248,Delta Corp 248,West,Pune,SUP-047,Apex Trading 47,East,PROD-0050,Corrugated Model 2,Packaging,Corrugated,17,655.19,0.0,11138.23,7906.09,3232.14,completed,Letter of Credit,Partner,1,5.0
ORD-02414,2024-04-11,CUST-0150,Gamma Pvt Ltd 150,North,Chandigarh,SUP-050,Orbit Trading 50,North,PROD-0054,Films Model 2,Packaging,Films,3,2301.22,0.0,6903.66,5239.89,1663.77,completed,Credit Card,Direct Sales,9,
ORD-02415,2023-07-09,CUST-0228,Gamma Ltd 228,West,Surat,SUP-018,Nova Supplies 18,West,PROD-0036,Steel Model 4,Raw Materials,Steel,3,3148.62,16.5,7887.29,7013.41,873.88,completed,Letter of Credit,Partner,6,3.6
ORD-02416,2023-11-13,CUST-0011,Foxtrot Pvt Ltd 11,South,Bengaluru,SUP-037,Prime Supplies 37,East,PROD-0040,Polymers Model 4,Raw Materials,Polymers,1,4148.93,0.0,4148.93,2956.91,1192.02,completed,Letter of Credit,Marketplace,5,3.6
ORD-02417,2024-02-26,CUST-0287,Gamma Group 287,East,Guwahati,SUP-037,Prime Supplies 37,East,PROD-0032,Power Supplies Model 4,Electronics,Power Supplies,2,1348.28,6.71,2515.62,1939.94,575.68,completed,Wire Transfer,Partner,6,4.2
ORD-02418,2025-03-30,CUST-0058,Beta Corp 58,West,Mumbai,SUP-043,Zenith Trading 43,West,PROD-0059,Labels Model 3,Packaging,Labels,1,5111.01,13.61,4415.4,4265.2,150.2,completed,Credit Card,Direct Sales,7,3.0
ORD-02419,2025-12-23,CUST-0187,Foxtrot Pvt Ltd 187,East,Kolkata,SUP-022,Prime Solutions 22,East,PROD-0017,Sensors Model 1,Electronics,Sensors,4,1815.23,16.69,6049.07,4460.1,1588.97,completed,Net-30,Online,7,3.4
ORD-02420,2023-04-06,CUST-0014,Echo Pvt Ltd 14,Central,Indore,SUP-055,Summit Solutions 55,North,PROD-0056,Films Model 4,Packaging,Films,29,671.82,0.0,0.0,16873.4,-3374.68,cancelled,Net-30,Partner,,
ORD-02421,2023-06-25,CUST-0229,Gamma Enterprises 229,Central,Indore,SUP-039,Summit Industries 39,Central,PROD-0015,CNC Parts Model 3,Industrial Equipment,CNC Parts,9,5115.73,11.99,40521.19,26606.72,13914.47,completed,Net-30,Online,2,5.0
ORD-02422,2024-07-05,CUST-0276,Gamma Enterprises 276,South,Chennai,SUP-026,Zenith Industries 26,South,PROD-0017,Sensors Model 1,Electronics,Sensors,2,1948.62,0.0,3897.24,2259.8,1637.44,completed,UPI,Marketplace,3,5.0
ORD-02423,2025-12-17,CUST-0210,Foxtrot Ltd 210,North,Lucknow,SUP-030,Nova Industries 30,North,PROD-0035,Steel Model 3,Raw Materials,Steel,13,3110.2,0.0,40432.6,25491.0,14941.6,completed,UPI,Partner,3,3.3
ORD-02424,2023-03-05,CUST-0260,Beta Enterprises 260,North,Delhi,SUP-032,Prime Industries 32,East,PROD-0008,Conveyors Model 4,Industrial Equipment,Conveyors,9,3834.16,5.82,0.0,27796.4,-5559.28,cancelled,Wire Transfer,Marketplace,,
ORD-02425,2025-03-26,CUST-0223,Gamma Corp 223,West,Pune,SUP-020,Apex Manufacturing 20,North,PROD-0034,Steel Model 2,Raw Materials,Steel,7,1733.63,10.09,10910.95,10706.12,204.83,pending,Credit Card,Marketplace,,
ORD-02426,2024-01-31,CUST-0182,Beta Pvt Ltd 182,East,Kolkata,SUP-037,Prime Supplies 37,East,PROD-0060,Labels Model 4,Packaging,Labels,3,4124.43,6.13,0.0,7807.67,-1561.53,cancelled,UPI,Partner,,
ORD-02427,2025-12-21,CUST-0012,Beta Pvt Ltd 12,East,Bhubaneswar,SUP-044,Summit Solutions 44,Central,PROD-0061,Pallets Model 1,Packaging,Pallets,1,3908.65,0.7,3881.29,2190.57,1690.72,completed,Credit Card,Marketplace,10,4.5
ORD-02428,2025-09-10,CUST-0024,Foxtrot Pvt Ltd 24,Central,Raipur,SUP-009,Nova Supplies 9,Central,PROD-0026,Cables Model 2,Electronics,Cables,15,3765.72,0.0,56485.8,32534.2,23951.6,completed,Letter of Credit,Direct Sales,6,4.5
ORD-02429,2024-09-07,CUST-0143,Delta Group 143,West,Ahmedabad,SUP-007,Zenith Industries 7,East,PROD-0071,Warehousing Model 3,Logistics Services,Warehousing,1,2162.82,0.24,2157.63,1305.12,852.51,completed,Credit Card,Direct Sales,4,4.4
ORD-02430,2023-02-26,CUST-0284,Beta Enterprises 284,Central,Raipur,SUP-049,Apex Supplies 49,Central,PROD-0013,CNC Parts Model 1,Industrial Equipment,CNC Parts,2,3146.32,0.0,6292.64,5186.62,1106.02,completed,Credit Card,Partner,9,2.9
ORD-02431,2024-03-01,CUST-0198,Gamma Enterprises 198,West,Mumbai,SUP-044,Summit Solutions 44,Central,PROD-0056,Films Model 4,Packaging,Films,3,647.06,0.0,0.0,1681.66,-336.33,cancelled,UPI,Partner,,
ORD-02432,2024-05-13,CUST-0147,Echo Enterprises 147,East,Patna,SUP-034,Zenith Trading 34,Central,PROD-0065,Freight Model 1,Logistics Services,Freight,2,4797.75,21.26,7555.5,5491.32,2064.18,completed,UPI,Marketplace,15,4.2
ORD-02433,2025-06-27,CUST-0070,Echo Pvt Ltd 70,North,Chandigarh,SUP-006,Apex Solutions 6,South,PROD-0059,Labels Model 3,Packaging,Labels,2,4604.69,10.71,8223.06,7472.88,750.18,pending,Letter of Credit,Direct Sales,,
ORD-02434,2024-05-07,CUST-0143,Delta Group 143,West,Ahmedabad,SUP-042,Nova Manufacturing 42,East,PROD-0040,Polymers Model 4,Raw Materials,Polymers,7,4295.65,21.44,0.0,22591.94,-4518.39,cancelled,Letter of Credit,Partner,,
ORD-02435,2023-06-20,CUST-0041,Beta Group 41,South,Chennai,SUP-055,Summit Solutions 55,North,PROD-0068,Freight Model 4,Logistics Services,Freight,2,4672.28,0.0,9344.56,5782.19,3562.37,completed,Wire Transfer,Marketplace,7,4.1
ORD-02436,2024-08-08,CUST-0196,Delta Enterprises 196,South,Kochi,SUP-056,Orbit Trading 56,South,PROD-0037,Polymers Model 1,Raw Materials,Polymers,6,3431.91,0.0,20591.46,11210.5,9380.96,completed,UPI,Online,8,4.1
ORD-02437,2025-06-15,CUST-0291,Gamma Pvt Ltd 291,South,Kochi,SUP-046,Apex Supplies 46,South,PROD-0036,Steel Model 4,Raw Materials,Steel,5,2606.3,0.0,13031.5,9771.93,3259.57,completed,Wire Transfer,Partner,5,4.0
ORD-02438,2024-03-24,CUST-0163,Delta Pvt Ltd 163,West,Mumbai,SUP-048,Zenith Trading 48,West,PROD-0027,Cables Model 3,Electronics,Cables,6,2219.44,6.91,12396.46,8349.21,4047.25,completed,Credit Card,Marketplace,2,4.3
ORD-02439,2025-06-30,CUST-0141,Alpha Enterprises 141,South,Chennai,SUP-006,Apex Solutions 6,South,PROD-0058,Labels Model 2,Packaging,Labels,2,4415.04,1.89,8663.19,6914.33,1748.86,completed,UPI,Online,7,4.6
ORD-02440,2023-11-20,CUST-0043,Gamma Enterprises 43,West,Pune,SUP-056,Orbit Trading 56,South,PROD-0001,Pump Systems Model 1,Industrial Equipment,Pump Systems,3,1911.35,0.0,5734.05,4302.18,1431.87,completed,Net-30,Online,8,3.9
ORD-02441,2024-10-03,CUST-0001,Alpha Corp 1,South,Kochi,SUP-016,Nova Manufacturing 16,South,PROD-0068,Freight Model 4,Logistics Services,Freight,1,4802.17,0.0,4802.17,2827.79,1974.38,completed,Net-30,Online,12,2.6
ORD-02442,2024-10-08,CUST-0142,Delta Group 142,East,Bhubaneswar,SUP-006,Apex Solutions 6,South,PROD-0009,Compressors Model 1,Industrial Equipment,Compressors,6,261.51,5.68,1479.94,857.85,622.09,completed,Letter of Credit,Partner,6,2.5
ORD-02443,2025-10-09,CUST-0209,Gamma Ltd 209,Central,Indore,SUP-014,Zenith Solutions 14,Central,PROD-0062,Pallets Model 2,Packaging,Pallets,4,3036.63,0.0,12146.52,8585.18,3561.34,completed,Net-30,Partner,11,4.1
ORD-02444,2023-04-27,CUST-0258,Foxtrot Group 258,West,Pune,SUP-022,Prime Solutions 22,East,PROD-0049,Corrugated Model 1,Packaging,Corrugated,2,4160.09,5.8,7837.61,4894.63,2942.98,completed,Letter of Credit,Marketplace,2,5.0
ORD-02445,2023-07-18,CUST-0057,Alpha Group 57,East,Bhubaneswar,SUP-049,Apex Supplies 49,Central,PROD-0063,Pallets Model 3,Packaging,Pallets,5,3699.26,0.6,18385.32,13984.46,4400.86,completed,Credit Card,Marketplace,4,4.6
ORD-02446,2023-04-06,CUST-0170,Beta Enterprises 170,North,Jaipur,SUP-040,Orbit Supplies 40,North,PROD-0006,Conveyors Model 2,Industrial Equipment,Conveyors,1,4463.41,0.0,4463.41,2912.18,1551.23,pending,Net-30,Partner,,
ORD-02447,2024-12-10,CUST-0149,Foxtrot Pvt Ltd 149,Central,Indore,SUP-024,Summit Manufacturing 24,Central,PROD-0036,Steel Model 4,Raw Materials,Steel,2,2854.49,0.0,0.0,4106.88,-821.38,cancelled,Credit Card,Online,,
ORD-02448,2023-03-30,CUST-0169,Gamma Enterprises 169,Central,Indore,SUP-015,Prime Industries 15,North,PROD-0057,Labels Model 1,Packaging,Labels,3,815.99,20.5,194.61,2080.32,-221.45,cancelled,Net-30,Direct Sales,,
ORD-02449,2023-06-10,CUST-0131,Beta Ltd 131,South,Hyderabad,SUP-056,Orbit Trading 56,South,PROD-0073,Last Mile Model 1,Logistics Services,Last Mile,3,2783.44,0.0,0.0,4809.69,-961.94,cancelled,UPI,Online,,
ORD-02450,2025-08-15,CUST-0023,Foxtrot Pvt Ltd 23,West,Pune,SUP-008,Apex Industries 8,West,PROD-0034,Steel Model 2,Raw Materials,Steel,2,1418.5,0.0,2837.0,2415.64,421.36,completed,Net-30,Partner,3,4.8
ORD-02451,2023-08-16,CUST-0063,Foxtrot Group 63,West,Surat,SUP-051,Nova Manufacturing 51,South,PROD-0011,Compressors Model 3,Industrial Equipment,Compressors,2,5525.53,0.0,11051.06,8774.35,2276.71,completed,UPI,Marketplace,6,
ORD-02452,2025-05-26,CUST-0284,Beta Enterprises 284,Central,Raipur,SUP-044,Summit Solutions 44,Central,PROD-0037,Polymers Model 1,Raw Materials,Polymers,2,3857.04,15.96,6482.91,4158.36,2324.55,completed,Wire Transfer,Direct Sales,2,4.2
ORD-02453,2025-01-12,CUST-0284,Beta Enterprises 284,Central,Raipur,SUP-020,Apex Manufacturing 20,North,PROD-0076,Last Mile Model 4,Logistics Services,Last Mile,1,4241.85,0.0,4241.85,3413.4,828.45,completed,Letter of Credit,Marketplace,11,5.0
ORD-02454,2024-07-02,CUST-0274,Foxtrot Enterprises 274,Central,Raipur,SUP-034,Zenith Trading 34,Central,PROD-0060,Labels Model 4,Packaging,Labels,3,3801.41,0.0,11404.23,7407.34,3996.89,completed,UPI,Online,8,3.1
ORD-02455,2023-11-01,CUST-0047,Delta Enterprises 47,East,Bhubaneswar,SUP-012,Nova Solutions 12,East,PROD-0044,Chemicals Model 4,Raw Materials,Chemicals,2,4338.49,1.72,8527.74,6433.18,2094.56,completed,Credit Card,Marketplace,3,
ORD-02456,2023-08-05,CUST-0087,Echo Corp 87,East,Guwahati,SUP-048,Zenith Trading 48,West,PROD-0051,Corrugated Model 3,Packaging,Corrugated,2,5468.09,0.0,1093.62,7848.89,-476.16,cancelled,Net-30,Online,,
ORD-02457,2025-03-23,CUST-0201,Gamma Ltd 201,South,Kochi,SUP-031,Apex Supplies 31,South,PROD-0010,Compressors Model 2,Industrial Equipment,Compressors,4,3311.17,0.0,13244.68,11456.27,1788.41,completed,Credit Card,Direct Sales,11,3.6
ORD-02458,2023-02-10,CUST-0185,Foxtrot Ltd 185,North,Lucknow,SUP-035,Zenith Trading 35,North,PROD-0066,Freight Model 2,Logistics Services,Freight,1,1104.97,11.75,975.14,607.38,367.76,completed,Letter of Credit,Marketplace,5,4.5
ORD-02459,2023-04-15,CUST-0105,Gamma Pvt Ltd 105,North,Delhi,SUP-058,Zenith Solutions 58,West,PROD-0072,Warehousing Model 4,Logistics Services,Warehousing,3,5312.46,0.0,15937.38,10481.08,5456.3,completed,Net-30,Partner,4,3.5
ORD-02460,2025-10-13,CUST-0124,Gamma Pvt Ltd 124,Central,Indore,SUP-049,Apex Supplies 49,Central,PROD-0073,Last Mile Model 1,Logistics Services,Last Mile,2,2676.1,12.0,4709.94,3110.21,1599.73,completed,Wire Transfer,Marketplace,9,3.7
ORD-02461,2024-05-11,CUST-0191,Alpha Enterprises 191,South,Hyderabad,SUP-001,Summit Industries 1,South,PROD-0037,Polymers Model 1,Raw Materials,Polymers,2,3410.08,0.0,6820.16,3780.14,3040.02,completed,Letter of Credit,Online,10,4.4
ORD-02462,2023-04-13,CUST-0082,Gamma Corp 82,East,Guwahati,SUP-028,Summit Solutions 28,West,PROD-0034,Steel Model 2,Raw Materials,Steel,1,1619.31,0.0,1619.31,1341.2,278.11,completed,Net-30,Marketplace,8,3.9
ORD-02463,2024-10-28,CUST-0169,Gamma Enterprises 169,Central,Indore,SUP-019,Prime Industries 19,Central,PROD-0070,Warehousing Model 2,Logistics Services,Warehousing,8,4301.08,12.32,30169.5,21304.8,8864.7,pending,Credit Card,Marketplace,,
ORD-02464,2024-11-05,CUST-0084,Alpha Corp 84,Central,Nagpur,SUP-019,Prime Industries 19,Central,PROD-0024,Controllers Model 4,Electronics,Controllers,2,1358.62,11.8,2396.61,1444.62,951.99,completed,UPI,Marketplace,8,4.8
ORD-02465,2024-08-15,CUST-0177,Echo Ltd 177,East,Kolkata,SUP-027,Orbit Trading 27,East,PROD-0016,CNC Parts Model 4,Industrial Equipment,CNC Parts,36,4225.48,0.72,151022.04,93098.37,57923.67,completed,Credit Card,Marketplace,7,4.2
ORD-02466,2025-02-22,CUST-0133,Delta Group 133,West,Pune,SUP-003,Nova Supplies 3,West,PROD-0036,Steel Model 4,Raw Materials,Steel,2,3163.47,0.95,0.0,4877.23,-975.45,cancelled,Letter of Credit,Partner,,
ORD-02467,2023-04-03,CUST-0230,Alpha Enterprises 230,North,Delhi,SUP-040,Orbit Supplies 40,North,PROD-0079,Cold Chain Model 3,Logistics Services,Cold Chain,4,513.65,0.73,2039.6,1388.52,651.08,completed,Credit Card,Direct Sales,5,4.2
ORD-02468,2024-08-11,CUST-0245,Gamma Pvt Ltd 245,North,Chandigarh,SUP-025,Orbit Industries 25,North,PROD-0079,Cold Chain Model 3,Logistics Services,Cold Chain,1,619.63,6.79,577.56,426.98,150.58,completed,UPI,Partner,9,3.6
ORD-02469,2024-08-24,CUST-0100,Alpha Enterprises 100,North,Lucknow,SUP-025,Orbit Industries 25,North,PROD-0041,Chemicals Model 1,Raw Materials,Chemicals,3,1628.82,0.0,0.0,3555.48,-711.1,cancelled,UPI,Direct Sales,,
ORD-02470,2023-09-21,CUST-0056,Echo Group 56,South,Kochi,SUP-046,Apex Supplies 46,South,PROD-0071,Warehousing Model 3,Logistics Services,Warehousing,3,1982.14,0.0,5946.42,3611.28,2335.14,pending,Wire Transfer,Online,,
ORD-02471,2023-02-25,CUST-0144,Echo Enterprises 144,Central,Raipur,SUP-019,Prime Industries 19,Central,PROD-0031,Power Supplies Model 3,Electronics,Power Supplies,1,2067.26,12.01,1818.98,1385.69,433.29,completed,Credit Card,Partner,3,3.4
ORD-02472,2023-11-25,CUST-0003,Echo Corp 3,West,Surat,SUP-023,Prime Industries 23,West,PROD-0032,Power Supplies Model 4,Electronics,Power Supplies,10,1194.55,16.3,9998.38,8523.66,1474.72,completed,UPI,Marketplace,3,4.3
ORD-02473,2023-10-29,CUST-0104,Gamma Pvt Ltd 104,Central,Raipur,SUP-004,Nova Industries 4,Central,PROD-0046,Alloys Model 2,Raw Materials,Alloys,13,1630.51,0.0,21196.63,14858.49,6338.14,completed,UPI,Online,8,
ORD-02474,2025-03-22,CUST-0048,Beta Enterprises 48,West,Surat,SUP-038,Summit Trading 38,West,PROD-0070,Warehousing Model 2,Logistics Services,Warehousing,1,4814.21,0.0,4814.21,2960.66,1853.55,completed,UPI,Direct Sales,7,4.1
ORD-02475,2023-01-29,CUST-0207,Foxtrot Enterprises 207,East,Bhubaneswar,SUP-052,Zenith Manufacturing 52,East,PROD-0023,Controllers Model 3,Electronics,Controllers,4,2346.46,0.0,9385.84,5811.06,3574.78,pending,UPI,Marketplace,,
ORD-02476,2024-10-22,CUST-0259,Foxtrot Pvt Ltd 259,Central,Indore,SUP-034,Zenith Trading 34,Central,PROD-0009,Compressors Model 1,Industrial Equipment,Compressors,3,246.31,1.09,730.88,411.72,319.16,completed,Credit Card,Marketplace,6,4.1
ORD-02477,2024-06-25,CUST-0069,Alpha Group 69,Central,Indore,SUP-024,Summit Manufacturing 24,Central,PROD-0013,CNC Parts Model 1,Industrial Equipment,CNC Parts,7,3659.85,5.25,0.0,20916.6,-4183.32,cancelled,Letter of Credit,Online,,
ORD-02478,2025-12-29,CUST-0280,Alpha Ltd 280,North,Lucknow,SUP-023,Prime Industries 23,West,PROD-0034,Steel Model 2,Raw Materials,Steel,3,1670.06,0.0,5010.18,4393.42,616.76,completed,Net-30,Marketplace,7,4.6
ORD-02479,2024-10-17,CUST-0235,Echo Enterprises 235,North,Chandigarh,SUP-041,Orbit Supplies 41,South,PROD-0018,Sensors Model 2,Electronics,Sensors,5,2694.34,0.0,13471.7,9500.42,3971.28,completed,Net-30,Direct Sales,10,3.6
ORD-02480,2024-11-15,CUST-0013,Echo Group 13,West,Pune,SUP-058,Zenith Solutions 58,West,PROD-0072,Warehousing Model 4,Logistics Services,Warehousing,6,4880.79,0.0,29284.74,19048.04,10236.7,completed,Wire Transfer,Marketplace,5,2.8
ORD-02481,2023-06-09,CUST-0270,Delta Group 270,North,Delhi,SUP-005,Summit Solutions 5,North,PROD-0037,Polymers Model 1,Raw Materials,Polymers,2,3454.44,0.0,6908.88,3877.97,3030.91,completed,UPI,Partner,6,4.5
ORD-02482,2024-04-07,CUST-0199,Delta Group 199,Central,Bhopal,SUP-018,Nova Supplies 18,West,PROD-0062,Pallets Model 2,Packaging,Pallets,2,2510.66,0.0,5021.32,3329.29,1692.03,pending,Credit Card,Partner,,
ORD-02483,2025-07-08,CUST-0245,Gamma Pvt Ltd 245,North,Chandigarh,SUP-015,Prime Industries 15,North,PROD-0005,Conveyors Model 1,Industrial Equipment,Conveyors,12,4602.19,1.53,54381.32,43748.65,10632.67,pending,Net-30,Marketplace,,
ORD-02484,2023-11-03,CUST-0198,Gamma Enterprises 198,West,Mumbai,SUP-048,Zenith Trading 48,West,PROD-0079,Cold Chain Model 3,Logistics Services,Cold Chain,3,599.92,0.63,178.84,1234.47,-68.05,cancelled,Net-30,Partner,,
ORD-02485,2025-05-10,CUST-0288,Alpha Pvt Ltd 288,West,Ahmedabad,SUP-026,Zenith Industries 26,South,PROD-0059,Labels Model 3,Packaging,Labels,4,4477.82,0.0,17911.28,14499.85,3411.43,completed,Credit Card,Online,4,4.2
ORD-02486,2024-04-29,CUST-0161,Delta Ltd 161,South,Chennai,SUP-017,Prime Trading 17,East,PROD-0014,CNC Parts Model 2,Industrial Equipment,CNC Parts,3,2540.55,13.34,6604.92,5793.54,811.38,completed,Letter of Credit,Marketplace,2,3.3
ORD-02487,2025-01-08,CUST-0071,Gamma Corp 71,South,Chennai,SUP-051,Nova Manufacturing 51,South,PROD-0033,Steel Model 1,Raw Materials,Steel,8,2740.94,13.97,18864.25,17773.08,1091.17,completed,Credit Card,Partner,4,4.6
ORD-02488,2023-04-18,CUST-0103,Alpha Ltd 103,West,Pune,SUP-008,Apex Industries 8,West,PROD-0040,Polymers Model 4,Raw Materials,Polymers,5,3749.74,10.01,16871.96,13587.36,3284.6,completed,Net-30,Marketplace,6,3.7
ORD-02489,2024-12-29,CUST-0019,Echo Ltd 19,Central,Indore,SUP-034,Zenith Trading 34,Central,PROD-0010,Compressors Model 2,Industrial Equipment,Compressors,3,3576.65,1.19,10602.26,8803.59,1798.67,completed,Net-30,Partner,9,3.3
ORD-02490,2023-01-09,CUST-0128,Foxtrot Ltd 128,West,Surat,SUP-008,Apex Industries 8,West,PROD-0061,Pallets Model 1,Packaging,Pallets,3,4320.15,0.0,12960.45,7400.99,5559.46,pending,Net-30,Direct Sales,,
ORD-02491,2024-02-11,CUST-0067,Gamma Corp 67,East,Guwahati,SUP-052,Zenith Manufacturing 52,East,PROD-0071,Warehousing Model 3,Logistics Services,Warehousing,3,2219.41,0.0,6658.23,3766.43,2891.8,pending,Wire Transfer,Online,,
ORD-02492,2023-07-10,CUST-0211,Foxtrot Group 211,South,Hyderabad,SUP-024,Summit Manufacturing 24,Central,PROD-0052,Corrugated Model 4,Packaging,Corrugated,2,4890.36,1.73,9611.51,8061.43,1550.08,pending,Wire Transfer,Partner,,
ORD-02493,2024-06-10,CUST-0001,Alpha Corp 1,South,Kochi,SUP-023,Prime Industries 23,West,PROD-0005,Conveyors Model 1,Industrial Equipment,Conveyors,2,4883.51,0.0,9767.02,8190.5,1576.52,completed,UPI,Partner,7,5.0
ORD-02494,2024-12-22,CUST-0072,Gamma Pvt Ltd 72,East,Bhubaneswar,SUP-044,Summit Solutions 44,Central,PROD-0046,Alloys Model 2,Raw Materials,Alloys,4,1453.55,1.02,5754.9,4046.5,1708.4,completed,Letter of Credit,Marketplace,9,5.0
ORD-02495,2023-12-02,CUST-0176,Beta Ltd 176,South,Bengaluru,SUP-051,Nova Manufacturing 51,South,PROD-0072,Warehousing Model 4,Logistics Services,Warehousing,14,5134.93,1.35,70918.52,47862.41,23056.11,completed,Wire Transfer,Direct Sales,14,3.7
ORD-02496,2024-07-25,CUST-0026,Beta Ltd 26,South,Bengaluru,SUP-007,Zenith Industries 7,East,PROD-0052,Corrugated Model 4,Packaging,Corrugated,6,5253.27,0.0,31519.62,25176.07,6343.55,completed,Wire Transfer,Partner,5,5.0
ORD-02497,2025-03-16,CUST-0177,Echo Ltd 177,East,Kolkata,SUP-034,Zenith Trading 34,Central,PROD-0055,Films Model 3,Packaging,Films,10,4193.2,16.89,34849.69,26311.11,8538.58,completed,Letter of Credit,Direct Sales,5,2.6
ORD-02498,2023-12-22,CUST-0152,Beta Ltd 152,East,Bhubaneswar,SUP-002,Apex Trading 2,East,PROD-0053,Films Model 1,Packaging,Films,8,1477.43,16.12,9914.15,9228.46,685.69,completed,Credit Card,Marketplace,5,3.8
ORD-02499,2024-01-04,CUST-0133,Delta Group 133,West,Pune,SUP-013,Zenith Supplies 13,West,PROD-0065,Freight Model 1,Logistics Services,Freight,2,5363.54,0.0,10727.08,6420.29,4306.79,completed,Net-30,Marketplace,6,
ORD-02500,2023-08-28,CUST-0289,Echo Group 289,Central,Nagpur,SUP-009,Nova Supplies 9,Central,PROD-0047,Alloys Model 3,Raw Materials,Alloys,10,2817.49,11.78,24855.9,21361.75,3494.15,completed,Wire Transfer,Partner,1,2.3
ORD-02501,2024-08-21,CUST-0141,Alpha Enterprises 141,South,Chennai,SUP-036,Nova Trading 36,South,PROD-0004,Pump Systems Model 4,Industrial Equipment,Pump Systems,6,3698.33,6.18,20818.64,16712.86,4105.78,pending,Wire Transfer,Partner,,
ORD-02502,2024-09-23,CUST-0231,Alpha Group 231,South,Kochi,SUP-051,Nova Manufacturing 51,South,PROD-0035,Steel Model 3,Raw Materials,Steel,4,3410.01,1.59,13423.16,8351.34,5071.82,completed,Credit Card,Partner,6,3.9
ORD-02503,2025-01-27,CUST-0132,Alpha Corp 132,East,Bhubaneswar,SUP-037,Prime Supplies 37,East,PROD-0071,Warehousing Model 3,Logistics Services,Warehousing,5,2193.07,0.0,10965.35,6482.7,4482.65,pending,Credit Card,Marketplace,,
ORD-02504,2024-02-19,CUST-0013,Echo Group 13,West,Pune,SUP-042,Nova Manufacturing 42,East,PROD-0003,Pump Systems Model 3,Industrial Equipment,Pump Systems,2,5173.23,12.36,0.0,6576.51,-1315.3,cancelled,Wire Transfer,Marketplace,,
ORD-02505,2024-05-09,CUST-0172,Delta Pvt Ltd 172,East,Patna,SUP-002,Apex Trading 2,East,PROD-0064,Pallets Model 4,Packaging,Pallets,3,3010.6,0.0,9031.8,7283.3,1748.5,pending,UPI,Marketplace,,
ORD-02506,2024-07-21,CUST-0254,Gamma Group 254,Central,Raipur,SUP-011,Apex Solutions 11,South,PROD-0025,Cables Model 1,Electronics,Cables,4,4470.84,1.62,17593.65,14378.22,3215.43,pending,Net-30,Online,,
ORD-02507,2025-05-08,CUST-0280,Alpha Ltd 280,North,Lucknow,SUP-033,Nova Industries 33,West,PROD-0047,Alloys Model 3,Raw Materials,Alloys,1,3217.04,0.0,3217.04,2356.79,860.25,completed,Letter of Credit,Partner,7,3.5
ORD-02508,2025-07-02,CUST-0085,Beta Pvt Ltd 85,North,Jaipur,SUP-025,Orbit Industries 25,North,PROD-0058,Labels Model 2,Packaging,Labels,2,4118.03,0.0,8236.06,6047.94,2188.12,completed,Wire Transfer,Partner,2,
ORD-02509,2023-02-11,CUST-0254,Gamma Group 254,Central,Raipur,SUP-034,Zenith Trading 34,Central,PROD-0009,Compressors Model 1,Industrial Equipment,Compressors,25,253.85,0.28,6328.48,3730.27,2598.21,pending,Credit Card,Direct Sales,,
ORD-02510,2025-08-08,CUST-0256,Delta Pvt Ltd 256,South,Bengaluru,SUP-021,Apex Trading 21,South,PROD-0079,Cold Chain Model 3,Logistics Services,Cold Chain,7,597.1,0.0,4179.7,2986.8,1192.9,completed,Wire Transfer,Partner,7,4.1
ORD-02511,2024-03-17,CUST-0117,Foxtrot Corp 117,East,Patna,SUP-052,Zenith Manufacturing 52,East,PROD-0007,Conveyors Model 3,Industrial Equipment,Conveyors,4,1494.36,0.0,5977.44,4499.03,1478.41,completed,Letter of Credit,Direct Sales,11,3.2
ORD-02512,2025-02-27,CUST-0088,Alpha Ltd 88,West,Mumbai,SUP-030,Nova Industries 30,North,PROD-0074,Last Mile Model 2,Logistics Services,Last Mile,8,5025.51,0.0,40204.08,24165.36,16038.72,completed,Letter of Credit,Marketplace,7,3.7
ORD-02513,2023-02-23,CUST-0163,Delta Pvt Ltd 163,West,Mumbai,SUP-008,Apex Industries 8,West,PROD-0045,Alloys Model 1,Raw Materials,Alloys,9,4303.0,0.0,38727.0,29844.05,8882.95,completed,Credit Card,Partner,3,4.4
ORD-02514,2025-02-26,CUST-0154,Alpha Enterprises 154,Central,Bhopal,SUP-049,Apex Supplies 49,Central,PROD-0035,Steel Model 3,Raw Materials,Steel,5,3561.72,5.63,16805.98,11462.21,5343.77,completed,Net-30,Online,8,4.6
ORD-02515,2024-11-09,CUST-0295,Gamma Enterprises 295,North,Delhi,SUP-046,Apex Supplies 46,South,PROD-0019,Sensors Model 3,Electronics,Sensors,2,3649.63,6.33,6837.22,4349.11,2488.11,completed,Credit Card,Direct Sales,10,4.1
ORD-02516,2023-08-04,CUST-0179,Echo Ltd 179,Central,Indore,SUP-009,Nova Supplies 9,Central,PROD-0004,Pump Systems Model 4,Industrial Equipment,Pump Systems,1,3524.93,0.0,3524.93,2619.82,905.11,completed,UPI,Online,6,5.0
ORD-02517,2025-01-31,CUST-0209,Gamma Ltd 209,Central,Indore,SUP-047,Apex Trading 47,East,PROD-0059,Labels Model 3,Packaging,Labels,1,5288.33,1.54,0.0,4221.44,-844.29,cancelled,Net-30,Marketplace,,
ORD-02518,2025-09-03,CUST-0194,Delta Ltd 194,Central,Bhopal,SUP-030,Nova Industries 30,North,PROD-0048,Alloys Model 4,Raw Materials,Alloys,7,539.08,0.0,3773.56,2463.79,1309.77,completed,Net-30,Online,4,4.2
ORD-02519,2024-01-16,CUST-0222,Gamma Corp 222,East,Bhubaneswar,SUP-047,Apex Trading 47,East,PROD-0003,Pump Systems Model 3,Industrial Equipment,Pump Systems,13,4655.24,6.78,56414.99,39140.79,17274.2,completed,UPI,Online,10,4.8
ORD-02520,2024-08-29,CUST-0193,Foxtrot Enterprises 193,West,Ahmedabad,SUP-022,Prime Solutions 22,East,PROD-0029,Power Supplies Model 1,Electronics,Power Supplies,8,2384.91,0.0,19079.28,11712.82,7366.46,completed,Letter of Credit,Online,9,4.9
ORD-02521,2025-03-26,CUST-0214,Gamma Enterprises 214,Central,Nagpur,SUP-019,Prime Industries 19,Central,PROD-0008,Conveyors Model 4,Industrial Equipment,Conveyors,7,3762.97,1.72,25887.73,20420.09,5467.64,pending,Credit Card,Marketplace,,
ORD-02522,2025-08-19,CUST-0028,Echo Ltd 28,West,Pune,SUP-038,Summit Trading 38,West,PROD-0008,Conveyors Model 4,Industrial Equipment,Conveyors,3,3542.05,0.0,10626.15,8689.34,1936.81,completed,Letter of Credit,Partner,4,4.4
ORD-02523,2025-11-13,CUST-0212,Delta Group 212,East,Patna,SUP-047,Apex Trading 47,East,PROD-0080,Cold Chain Model 4,Logistics Services,Cold Chain,6,2003.48,1.73,11812.92,9690.99,2121.93,completed,Letter of Credit,Partner,7,4.9
ORD-02524,2025-06-01,CUST-0241,Beta Ltd 241,South,Chennai,SUP-046,Apex Supplies 46,South,PROD-0070,Warehousing Model 2,Logistics Services,Warehousing,7,4803.76,0.0,33626.32,22061.72,11564.6,pending,Wire Transfer,Marketplace,,
ORD-02525,2023-08-25,CUST-0130,Alpha Ltd 130,North,Jaipur,SUP-012,Nova Solutions 12,East,PROD-0030,Power Supplies Model 2,Electronics,Power Supplies,4,4762.88,11.18,16921.56,11448.43,5473.13,completed,Wire Transfer,Marketplace,7,3.7
ORD-02526,2023-02-06,CUST-0232,Beta Ltd 232,East,Kolkata,SUP-047,Apex Trading 47,East,PROD-0012,Compressors Model 4,Industrial Equipment,Compressors,7,2398.59,0.0,16790.13,9308.26,7481.87,completed,Net-30,Marketplace,1,3.8
ORD-02527,2024-03-19,CUST-0158,Echo Enterprises 158,West,Mumbai,SUP-042,Nova Manufacturing 42,East,PROD-0016,CNC Parts Model 4,Industrial Equipment,CNC Parts,2,4382.15,6.34,820.86,5405.88,-260.32,cancelled,Credit Card,Partner,,
ORD-02528,2023-08-06,CUST-0292,Delta Pvt Ltd 292,East,Guwahati,SUP-017,Prime Trading 17,East,PROD-0061,Pallets Model 1,Packaging,Pallets,1,4441.51,0.0,4441.51,2353.75,2087.76,pending,Letter of Credit,Online,,
ORD-02529,2024-12-11,CUST-0124,Gamma Pvt Ltd 124,Central,Indore,SUP-049,Apex Supplies 49,Central,PROD-0003,Pump Systems Model 3,Industrial Equipment,Pump Systems,1,4421.17,5.56,4175.35,2812.05,1363.3,completed,Letter of Credit,Direct Sales,5,3.3
ORD-02530,2023-02-13,CUST-0131,Beta Ltd 131,South,Hyderabad,SUP-032,Prime Industries 32,East,PROD-0072,Warehousing Model 4,Logistics Services,Warehousing,6,4774.25,0.0,28645.5,18547.95,10097.55,pending,Letter of Credit,Marketplace,,
ORD-02531,2025-08-13,CUST-0026,Beta Ltd 26,South,Bengaluru,SUP-053,Nova Trading 53,West,PROD-0067,Freight Model 3,Logistics Services,Freight,2,4976.43,12.19,8739.61,7133.84,1605.77,completed,Credit Card,Marketplace,4,2.9
ORD-02532,2024-10-22,CUST-0241,Beta Ltd 241,South,Chennai,SUP-001,Summit Industries 1,South,PROD-0044,Chemicals Model 4,Raw Materials,Chemicals,13,4361.85,0.51,0.0,42492.28,-8498.46,cancelled,UPI,Direct Sales,,
ORD-02533,2025-07-05,CUST-0146,Gamma Ltd 146,South,Kochi,SUP-003,Nova Supplies 3,West,PROD-0030,Power Supplies Model 2,Electronics,Power Supplies,1,4600.95,0.0,4600.95,2781.27,1819.68,completed,Wire Transfer,Partner,4,4.8
ORD-02534,2025-11-02,CUST-0156,Delta Corp 156,South,Kochi,SUP-030,Nova Industries 30,North,PROD-0054,Films Model 2,Packaging,Films,4,2356.3,0.0,9425.2,7349.48,2075.72,completed,Letter of Credit,Online,8,3.9
ORD-02535,2025-12-24,CUST-0043,Gamma Enterprises 43,West,Pune,SUP-033,Nova Industries 33,West,PROD-0030,Power Supplies Model 2,Electronics,Power Supplies,1,3952.56,16.39,3304.74,2403.74,901.0,completed,UPI,Direct Sales,5,4.6
ORD-02536,2023-01-09,CUST-0121,Delta Enterprises 121,South,Chennai,SUP-048,Zenith Trading 48,West,PROD-0047,Alloys Model 3,Raw Materials,Alloys,2,2830.05,0.0,0.0,4218.01,-843.6,cancelled,Credit Card,Online,,
ORD-02537,2025-01-12,CUST-0161,Delta Ltd 161,South,Chennai,SUP-022,Prime Solutions 22,East,PROD-0062,Pallets Model 2,Packaging,Pallets,6,2890.18,0.42,17268.25,11957.9,5310.35,completed,Wire Transfer,Marketplace,12,4.0
ORD-02538,2024-03-27,CUST-0186,Echo Ltd 186,South,Bengaluru,SUP-016,Nova Manufacturing 16,South,PROD-0079,Cold Chain Model 3,Logistics Services,Cold Chain,1,607.31,0.0,607.31,408.35,198.96,completed,Credit Card,Direct Sales,8,4.5
ORD-02539,2025-02-04,CUST-0292,Delta Pvt Ltd 292,East,Guwahati,SUP-057,Summit Solutions 57,East,PROD-0062,Pallets Model 2,Packaging,Pallets,4,3073.47,0.98,12173.4,8765.11,3408.29,completed,Net-30,Partner,10,4.2
ORD-02540,2025-02-15,CUST-0268,Delta Corp 268,West,Mumbai,SUP-023,Prime Industries 23,West,PROD-0067,Freight Model 3,Logistics Services,Freight,4,4510.91,0.0,18043.64,12521.22,5522.42,completed,Wire Transfer,Direct Sales,8,5.0
ORD-02541,2025-01-22,CUST-0232,Beta Ltd 232,East,Kolkata,SUP-032,Prime Industries 32,East,PROD-0021,Controllers Model 1,Electronics,Controllers,17,3547.6,0.0,0.0,37078.99,-7415.8,cancelled,Net-30,Direct Sales,,
ORD-02542,2025-07-09,CUST-0070,Echo Pvt Ltd 70,North,Chandigarh,SUP-020,Apex Manufacturing 20,North,PROD-0011,Compressors Model 3,Industrial Equipment,Compressors,11,4513.58,6.7,46322.87,38952.41,7370.46,completed,Net-30,Online,6,2.0
ORD-02543,2025-06-19,CUST-0147,Echo Enterprises 147,East,Patna,SUP-029,Prime Solutions 29,Central,PROD-0062,Pallets Model 2,Packaging,Pallets,4,2720.53,0.0,10882.12,7163.42,3718.7,completed,Letter of Credit,Online,10,4.0
ORD-02544,2025-03-10,CUST-0171,Gamma Enterprises 171,South,Hyderabad,SUP-011,Apex Solutions 11,South,PROD-0070,Warehousing Model 2,Logistics Services,Warehousing,15,4841.3,0.0,72619.5,48778.07,23841.43,pending,Net-30,Marketplace,,
ORD-02545,2023-12-13,CUST-0187,Foxtrot Pvt Ltd 187,East,Kolkata,SUP-049,Apex Supplies 49,Central,PROD-0063,Pallets Model 3,Packaging,Pallets,5,3285.97,11.85,14482.91,11923.88,2559.03,completed,Wire Transfer,Partner,9,4.8
ORD-02546,2025-02-09,CUST-0209,Gamma Ltd 209,Central,Indore,SUP-044,Summit Solutions 44,Central,PROD-0035,Steel Model 3,Raw Materials,Steel,5,3150.85,1.12,15577.8,10343.05,5234.75,completed,Wire Transfer,Partner,11,4.4
ORD-02547,2024-09-18,CUST-0175,Foxtrot Corp 175,North,Delhi,SUP-035,Zenith Trading 35,North,PROD-0068,Freight Model 4,Logistics Services,Freight,3,4283.8,22.0,10024.09,7824.86,2199.23,completed,UPI,Online,5,3.3
ORD-02548,2024-10-09,CUST-0030,Alpha Corp 30,North,Chandigarh,SUP-055,Summit Solutions 55,North,PROD-0025,Cables Model 1,Electronics,Cables,1,3965.43,0.0,396.54,3336.24,-270.71,cancelled,Credit Card,Marketplace,,
ORD-02549,2025-11-19,CUST-0154,Alpha Enterprises 154,Central,Bhopal,SUP-019,Prime Industries 19,Central,PROD-0041,Chemicals Model 1,Raw Materials,Chemicals,3,1875.81,0.0,5627.43,3962.05,1665.38,completed,Credit Card,Online,7,3.3
ORD-02550,2025-04-27,CUST-0047,Delta Enterprises 47,East,Bhubaneswar,SUP-001,Summit Industries 1,South,PROD-0059,Labels Model 3,Packaging,Labels,1,5530.56,12.05,4864.13,4776.76,87.37,completed,Letter of Credit,Partner,3,4.0
ORD-02551,2025-10-09,CUST-0134,Delta Enterprises 134,Central,Indore,SUP-018,Nova Supplies 18,West,PROD-0027,Cables Model 3,Electronics,Cables,6,2076.05,13.72,10747.3,8316.52,2430.78,completed,Letter of Credit,Direct Sales,12,4.0
ORD-02552,2025-08-18,CUST-0038,Foxtrot Corp 38,West,Surat,SUP-005,Summit Solutions 5,North,PROD-0065,Freight Model 1,Logistics Services,Freight,6,5282.98,0.0,31697.88,17627.08,14070.8,completed,UPI,Partner,3,3.8
ORD-02553,2024-04-12,CUST-0091,Gamma Pvt Ltd 91,South,Bengaluru,SUP-006,Apex Solutions 6,South,PROD-0072,Warehousing Model 4,Logistics Services,Warehousing,3,4591.11,1.43,13576.37,9003.0,4573.37,completed,Letter of Credit,Marketplace,8,4.4
ORD-02554,2023-02-04,CUST-0159,Alpha Pvt Ltd 159,Central,Raipur,SUP-019,Prime Industries 19,Central,PROD-0008,Conveyors Model 4,Industrial Equipment,Conveyors,4,3496.86,0.0,13987.44,11294.51,2692.93,completed,UPI,Partner,5,5.0
ORD-02555,2025-07-17,CUST-0270,Delta Group 270,North,Delhi,SUP-010,Orbit Solutions 10,North,PROD-0011,Compressors Model 3,Industrial Equipment,Compressors,1,4518.68,5.23,4282.35,3443.06,839.29,pending,Wire Transfer,Marketplace,,
ORD-02556,2024-01-06,CUST-0046,Alpha Ltd 46,South,Bengaluru,SUP-046,Apex Supplies 46,South,PROD-0014,CNC Parts Model 2,Industrial Equipment,CNC Parts,3,2546.18,0.92,7568.27,5883.52,1684.75,completed,Wire Transfer,Direct Sales,7,3.8
ORD-02557,2023-06-03,CUST-0100,Alpha Enterprises 100,North,Lucknow,SUP-005,Summit Solutions 5,North,PROD-0010,Compressors Model 2,Industrial Equipment,Compressors,5,3529.17,0.0,17645.85,14305.89,3339.96,completed,UPI,Online,10,3.2
ORD-02558,2023-01-15,CUST-0121,Delta Enterprises 121,South,Chennai,SUP-003,Nova Supplies 3,West,PROD-0060,Labels Model 4,Packaging,Labels,1,3666.06,0.0,3666.06,2385.84,1280.22,completed,Net-30,Direct Sales,1,4.6
ORD-02559,2024-05-15,CUST-0124,Gamma Pvt Ltd 124,Central,Indore,SUP-024,Summit Manufacturing 24,Central,PROD-0004,Pump Systems Model 4,Industrial Equipment,Pump Systems,2,3190.35,5.76,6013.17,4572.45,1440.72,completed,Net-30,Online,13,4.4
ORD-02560,2023-11-03,CUST-0106,Foxtrot Group 106,South,Kochi,SUP-011,Apex Solutions 11,South,PROD-0004,Pump Systems Model 4,Industrial Equipment,Pump Systems,2,3883.27,0.0,7766.54,5979.46,1787.08,pending,Net-30,Online,,
ORD-02561,2025-11-25,CUST-0245,Gamma Pvt Ltd 245,North,Chandigarh,SUP-055,Summit Solutions 55,North,PROD-0026,Cables Model 2,Electronics,Cables,4,3416.83,0.44,13607.18,8069.96,5537.22,completed,Wire Transfer,Online,9,3.9
ORD-02562,2023-03-31,CUST-0164,Foxtrot Ltd 164,Central,Raipur,SUP-002,Apex Trading 2,East,PROD-0002,Pump Systems Model 2,Industrial Equipment,Pump Systems,6,812.43,0.0,4874.58,3363.6,1510.98,completed,Credit Card,Partner,9,4.4
ORD-02563,2024-08-17,CUST-0201,Gamma Ltd 201,South,Kochi,SUP-001,Summit Industries 1,South,PROD-0029,Power Supplies Model 1,Electronics,Power Supplies,1,2465.03,0.0,2465.03,1519.26,945.77,pending,UPI,Partner,,
ORD-02564,2025-12-05,CUST-0083,Foxtrot Enterprises 83,West,Mumbai,SUP-043,Zenith Trading 43,West,PROD-0014,CNC Parts Model 2,Industrial Equipment,CNC Parts,5,2100.46,0.75,10423.53,7841.86,2581.67,completed,Credit Card,Online,3,3.8
ORD-02565,2023-02-12,CUST-0250,Beta Corp 250,North,Jaipur,SUP-003,Nova Supplies 3,West,PROD-0059,Labels Model 3,Packaging,Labels,3,5408.86,0.0,16226.58,13815.95,2410.63,completed,Wire Transfer,Direct Sales,6,4.4
ORD-02566,2025-10-19,CUST-0264,Gamma Pvt Ltd 264,Central,Raipur,SUP-019,Prime Industries 19,Central,PROD-0026,Cables Model 2,Electronics,Cables,4,3425.43,0.0,0.0,8488.49,-1697.7,cancelled,Wire Transfer,Online,,
ORD-02567,2024-08-19,CUST-0073,Delta Group 73,West,Pune,SUP-017,Prime Trading 17,East,PROD-0072,Warehousing Model 4,Logistics Services,Warehousing,1,4662.22,13.5,4032.82,2866.86,1165.96,completed,UPI,Online,8,3.0
ORD-02568,2023-02-07,CUST-0299,Echo Enterprises 299,Central,Indore,SUP-019,Prime Industries 19,Central,PROD-0044,Chemicals Model 4,Raw Materials,Chemicals,1,4389.25,21.92,3427.13,3095.4,331.73,completed,UPI,Direct Sales,11,4.0
ORD-02569,2023-02-20,CUST-0162,Delta Enterprises 162,East,Patna,SUP-022,Prime Solutions 22,East,PROD-0018,Sensors Model 2,Electronics,Sensors,3,2581.61,0.08,7738.63,5732.5,2006.13,completed,Credit Card,Online,1,3.4
ORD-02570,2023-12-14,CUST-0136,Delta Ltd 136,South,Kochi,SUP-043,Zenith Trading 43,West,PROD-0039,Polymers Model 3,Raw Materials,Polymers,2,4200.12,12.03,7389.69,5166.95,2222.74,completed,Credit Card,Direct Sales,3,5.0
ORD-02571,2023-03-06,CUST-0131,Beta Ltd 131,South,Hyderabad,SUP-029,Prime Solutions 29,Central,PROD-0054,Films Model 2,Packaging,Films,8,2755.44,0.0,22043.52,17048.62,4994.9,completed,Letter of Credit,Online,8,4.4
ORD-02572,2023-02-23,CUST-0180,Foxtrot Pvt Ltd 180,North,Lucknow,SUP-018,Nova Supplies 18,West,PROD-0071,Warehousing Model 3,Logistics Services,Warehousing,3,2181.64,13.24,5678.37,4030.6,1647.77,completed,Letter of Credit,Direct Sales,7,2.3
ORD-02573,2025-02-09,CUST-0300,Foxtrot Ltd 300,North,Delhi,SUP-055,Summit Solutions 55,North,PROD-0046,Alloys Model 2,Raw Materials,Alloys,2,1705.89,0.0,3411.78,2444.05,967.73,completed,Wire Transfer,Partner,6,5.0
ORD-02574,2023-11-14,CUST-0025,Echo Enterprises 25,North,Lucknow,SUP-030,Nova Industries 30,North,PROD-0008,Conveyors Model 4,Industrial Equipment,Conveyors,7,4379.19,0.0,3065.43,24255.07,-1785.58,cancelled,Net-30,Marketplace,,
ORD-02575,2023-08-08,CUST-0008,Gamma Enterprises 8,West,Mumbai,SUP-038,Summit Trading 38,West,PROD-0022,Controllers Model 2,Electronics,Controllers,2,4706.66,0.0,9413.32,5729.24,3684.08,pending,Net-30,Direct Sales,,
ORD-02576,2023-09-08,CUST-0271,Foxtrot Group 271,South,Bengaluru,SUP-010,Orbit Solutions 10,North,PROD-0042,Chemicals Model 2,Raw Materials,Chemicals,11,3130.75,0.0,3443.83,24951.84,-1546.54,cancelled,Letter of Credit,Online,,
ORD-02577,2024-04-05,CUST-0179,Echo Ltd 179,Central,Indore,SUP-019,Prime Industries 19,Central,PROD-0078,Cold Chain Model 2,Logistics Services,Cold Chain,6,931.17,0.0,5587.02,3915.05,1671.97,completed,Net-30,Online,7,3.6
ORD-02578,2023-09-09,CUST-0054,Foxtrot Pvt Ltd 54,Central,Indore,SUP-041,Orbit Supplies 41,South,PROD-0061,Pallets Model 1,Packaging,Pallets,10,4257.26,0.0,42572.6,23785.39,18787.21,completed,Credit Card,Marketplace,6,3.5
ORD-02579,2024-09-25,CUST-0018,Alpha Enterprises 18,West,Mumbai,SUP-032,Prime Industries 32,East,PROD-0038,Polymers Model 2,Raw Materials,Polymers,1,3197.5,0.0,3197.5,2149.36,1048.14,completed,Wire Transfer,Partner,7,4.9
ORD-02580,2025-04-17,CUST-0126,Delta Enterprises 126,South,Hyderabad,SUP-056,Orbit Trading 56,South,PROD-0041,Chemicals Model 1,Raw Materials,Chemicals,7,1805.03,16.25,0.0,9421.67,-1884.33,cancelled,Wire Transfer,Direct Sales,,
ORD-02581,2023-03-24,CUST-0244,Gamma Corp 244,Central,Raipur,SUP-024,Summit Manufacturing 24,Central,PROD-0030,Power Supplies Model 2,Electronics,Power Supplies,5,4723.01,0.0,23615.05,14501.83,9113.22,completed,Credit Card,Partner,5,4.7
ORD-02582,2023-06-25,CUST-0033,Echo Ltd 33,West,Pune,SUP-020,Apex Manufacturing 20,North,PROD-0025,Cables Model 1,Electronics,Cables,9,4286.88,20.89,30522.16,32634.45,-2112.29,completed,Net-30,Online,3,
ORD-02583,2023-05-18,CUST-0299,Echo Enterprises 299,Central,Indore,SUP-004,Nova Industries 4,Central,PROD-0021,Controllers Model 1,Electronics,Controllers,2,3000.94,0.0,0.0,3720.66,-744.13,cancelled,Wire Transfer,Online,,
ORD-02584,2023-05-14,CUST-0270,Delta Group 270,North,Delhi,SUP-013,Zenith Supplies 13,West,PROD-0037,Polymers Model 1,Raw Materials,Polymers,3,3771.08,0.0,11313.24,6333.83,4979.41,completed,Wire Transfer,Online,15,5.0
ORD-02585,2025-05-05,CUST-0228,Gamma Ltd 228,West,Surat,SUP-038,Summit Trading 38,West,PROD-0069,Warehousing Model 1,Logistics Services,Warehousing,5,352.08,0.0,1760.4,1463.9,296.5,completed,Wire Transfer,Online,9,3.5
ORD-02586,2025-12-06,CUST-0051,Gamma Enterprises 51,South,Kochi,SUP-033,Nova Industries 33,West,PROD-0069,Warehousing Model 1,Logistics Services,Warehousing,4,347.62,0.0,1390.48,1055.1,335.38,completed,Credit Card,Online,8,3.7
ORD-02587,2024-06-25,CUST-0153,Foxtrot Ltd 153,West,Surat,SUP-028,Summit Solutions 28,West,PROD-0061,Pallets Model 1,Packaging,Pallets,1,3577.18,0.0,3577.18,1892.63,1684.55,pending,Credit Card,Online,,
ORD-02588,2025-07-25,CUST-0067,Gamma Corp 67,East,Guwahati,SUP-032,Prime Industries 32,East,PROD-0024,Controllers Model 4,Electronics,Controllers,3,1204.03,12.07,3176.11,2084.56,1091.55,pending,Wire Transfer,Marketplace,,
ORD-02589,2024-09-17,CUST-0104,Gamma Pvt Ltd 104,Central,Raipur,SUP-049,Apex Supplies 49,Central,PROD-0025,Cables Model 1,Electronics,Cables,3,3782.59,0.0,1134.78,9328.0,-730.82,cancelled,Net-30,Online,,
ORD-02590,2024-01-14,CUST-0118,Echo Pvt Ltd 118,West,Ahmedabad,SUP-053,Nova Trading 53,West,PROD-0068,Freight Model 4,Logistics Services,Freight,5,4250.66,5.98,19982.35,12779.88,7202.47,completed,UPI,Online,6,3.6
ORD-02591,2023-06-03,CUST-0105,Gamma Pvt Ltd 105,North,Delhi,SUP-060,Nova Supplies 60,North,PROD-0061,Pallets Model 1,Packaging,Pallets,1,4197.4,0.0,0.0,2391.45,-478.29,cancelled,Net-30,Partner,,
ORD-02592,2024-05-15,CUST-0107,Alpha Corp 107,East,Patna,SUP-012,Nova Solutions 12,East,PROD-0047,Alloys Model 3,Raw Materials,Alloys,3,3307.48,12.97,0.0,7567.18,-1513.44,cancelled,Letter of Credit,Partner,,
ORD-02593,2023-11-24,CUST-0038,Foxtrot Corp 38,West,Surat,SUP-031,Apex Supplies 31,South,PROD-0067,Freight Model 3,Logistics Services,Freight,2,4530.02,0.0,9060.04,6192.84,2867.2,completed,Letter of Credit,Online,3,4.7
ORD-02594,2025-06-28,CUST-0002,Beta Ltd 2,East,Kolkata,SUP-002,Apex Trading 2,East,PROD-0032,Power Supplies Model 4,Electronics,Power Supplies,1,1124.56,0.0,1124.56,825.19,299.37,pending,Letter of Credit,Direct Sales,,
ORD-02595,2025-05-13,CUST-0277,Alpha Corp 277,East,Guwahati,SUP-052,Zenith Manufacturing 52,East,PROD-0073,Last Mile Model 1,Logistics Services,Last Mile,11,2561.21,10.5,25215.11,16017.7,9197.41,completed,Wire Transfer,Online,2,3.5
ORD-02596,2024-04-18,CUST-0225,Foxtrot Enterprises 225,North,Chandigarh,SUP-025,Orbit Industries 25,North,PROD-0066,Freight Model 2,Logistics Services,Freight,1,1289.53,0.0,1289.53,737.07,552.46,completed,Letter of Credit,Online,12,4.0
ORD-02597,2024-08-26,CUST-0034,Beta Enterprises 34,Central,Raipur,SUP-018,Nova Supplies 18,West,PROD-0050,Corrugated Model 2,Packaging,Corrugated,4,660.25,0.0,2641.0,1786.09,854.91,completed,Wire Transfer,Online,1,4.9
ORD-02598,2025-05-21,CUST-0288,Alpha Pvt Ltd 288,West,Ahmedabad,SUP-033,Nova Industries 33,West,PROD-0017,Sensors Model 1,Electronics,Sensors,3,1871.98,16.09,4712.34,3492.44,1219.9,completed,Wire Transfer,Marketplace,5,3.3
ORD-02599,2024-08-20,CUST-0236,Delta Pvt Ltd 236,South,Kochi,SUP-002,Apex Trading 2,East,PROD-0054,Films Model 2,Packaging,Films,7,2621.38,0.85,18193.69,14928.1,3265.59,completed,Wire Transfer,Marketplace,9,4.4
ORD-02600,2025-09-13,CUST-0208,Delta Corp 208,West,Surat,SUP-016,Nova Manufacturing 16,South,PROD-0032,Power Supplies Model 4,Electronics,Power Supplies,30,1229.22,20.54,29302.15,25868.04,3434.11,completed,Net-30,Direct Sales,2,4.4
ORD-02601,2023-12-07,CUST-0142,Delta Group 142,East,Bhubaneswar,SUP-033,Nova Industries 33,West,PROD-0030,Power Supplies Model 2,Electronics,Power Supplies,12,4549.55,6.08,51275.25,33508.17,17767.08,completed,Credit Card,Partner,8,5.0
ORD-02602,2023-12-21,CUST-0067,Gamma Corp 67,East,Guwahati,SUP-027,Orbit Trading 27,East,PROD-0001,Pump Systems Model 1,Industrial Equipment,Pump Systems,1,2129.57,1.97,2087.62,1639.18,448.44,completed,Letter of Credit,Online,3,3.3
ORD-02603,2025-11-06,CUST-0204,Echo Corp 204,Central,Nagpur,SUP-047,Apex Trading 47,East,PROD-0001,Pump Systems Model 1,Industrial Equipment,Pump Systems,2,2268.64,0.0,4537.28,3218.31,1318.97,completed,Wire Transfer,Marketplace,11,
ORD-02604,2023-09-04,CUST-0131,Beta Ltd 131,South,Hyderabad,SUP-011,Apex Solutions 11,South,PROD-0056,Films Model 4,Packaging,Films,12,559.57,0.0,6714.84,5530.81,1184.03,pending,Credit Card,Marketplace,,
ORD-02605,2024-09-14,CUST-0053,Beta Corp 53,West,Ahmedabad,SUP-038,Summit Trading 38,West,PROD-0060,Labels Model 4,Packaging,Labels,5,4426.61,0.0,22133.05,14214.81,7918.24,completed,Letter of Credit,Partner,11,4.3
ORD-02606,2023-05-26,CUST-0093,Foxtrot Corp 93,West,Pune,SUP-003,Nova Supplies 3,West,PROD-0009,Compressors Model 1,Industrial Equipment,Compressors,2,223.11,12.42,390.8,245.63,145.17,completed,Credit Card,Partner,11,3.9
ORD-02607,2025-04-08,CUST-0202,Beta Pvt Ltd 202,East,Guwahati,SUP-027,Orbit Trading 27,East,PROD-0041,Chemicals Model 1,Raw Materials,Chemicals,1,1956.85,0.0,1956.85,1394.29,562.56,completed,UPI,Online,7,4.1
ORD-02608,2023-07-07,CUST-0209,Gamma Ltd 209,Central,Indore,SUP-052,Zenith Manufacturing 52,East,PROD-0009,Compressors Model 1,Industrial Equipment,Compressors,2,250.73,6.39,0.0,282.57,-56.51,cancelled,Letter of Credit,Online,,
ORD-02609,2025-03-16,CUST-0151,Echo Corp 151,South,Hyderabad,SUP-056,Orbit Trading 56,South,PROD-0050,Corrugated Model 2,Packaging,Corrugated,4,714.43,0.0,2857.72,2006.1,851.62,completed,Wire Transfer,Marketplace,7,3.4
ORD-02610,2025-03-30,CUST-0011,Foxtrot Pvt Ltd 11,South,Bengaluru,SUP-016,Nova Manufacturing 16,South,PROD-0068,Freight Model 4,Logistics Services,Freight,1,4818.71,0.0,4818.71,2951.06,1867.65,pending,UPI,Online,,
ORD-02611,2024-04-01,CUST-0280,Alpha Ltd 280,North,Lucknow,SUP-055,Summit Solutions 55,North,PROD-0015,CNC Parts Model 3,Industrial Equipment,CNC Parts,3,4698.28,6.28,13209.68,7702.64,5507.04,pending,Net-30,Marketplace,,
ORD-02612,2024-08-19,CUST-0134,Delta Enterprises 134,Central,Indore,SUP-014,Zenith Solutions 14,Central,PROD-0050,Corrugated Model 2,Packaging,Corrugated,14,786.22,6.76,10263.0,7913.95,2349.05,completed,Wire Transfer,Online,5,
ORD-02613,2024-12-02,CUST-0102,Gamma Ltd 102,East,Patna,SUP-057,Summit Solutions 57,East,PROD-0042,Chemicals Model 2,Raw Materials,Chemicals,12,3276.9,0.0,39322.8,29550.33,9772.47,completed,Letter of Credit,Marketplace,2,4.8
ORD-02614,2025-01-28,CUST-0068,Delta Group 68,West,Mumbai,SUP-004,Nova Industries 4,Central,PROD-0049,Corrugated Model 1,Packaging,Corrugated,1,3793.85,0.0,0.0,2217.49,-443.5,cancelled,Credit Card,Online,,
ORD-02615,2023-09-29,CUST-0146,Gamma Ltd 146,South,Kochi,SUP-031,Apex Supplies 31,South,PROD-0063,Pallets Model 3,Packaging,Pallets,3,3453.7,6.49,9688.66,7959.43,1729.23,completed,UPI,Online,6,5.0
ORD-02616,2024-07-22,CUST-0216,Alpha Ltd 216,South,Chennai,SUP-026,Zenith Industries 26,South,PROD-0058,Labels Model 2,Packaging,Labels,1,4870.48,0.0,4870.48,3783.5,1086.98,pending,Net-30,Direct Sales,,
ORD-02617,2025-03-06,CUST-0287,Gamma Group 287,East,Guwahati,SUP-034,Zenith Trading 34,Central,PROD-0018,Sensors Model 2,Electronics,Sensors,8,2794.09,0.0,22352.72,15663.53,6689.19,completed,UPI,Marketplace,5,4.5
ORD-02618,2024-08-07,CUST-0005,Echo Pvt Ltd 5,North,Lucknow,SUP-040,Orbit Supplies 40,North,PROD-0067,Freight Model 3,Logistics Services,Freight,3,4630.69,0.0,13892.07,10378.75,3513.32,completed,Net-30,Marketplace,3,3.4
ORD-02619,2023-05-05,CUST-0143,Delta Group 143,West,Ahmedabad,SUP-003,Nova Supplies 3,West,PROD-0058,Labels Model 2,Packaging,Labels,2,4659.15,0.0,9318.3,7086.66,2231.64,completed,Wire Transfer,Marketplace,5,3.8
ORD-02620,2023-03-05,CUST-0142,Delta Group 142,East,Bhubaneswar,SUP-030,Nova Industries 30,North,PROD-0041,Chemicals Model 1,Raw Materials,Chemicals,7,1670.16,0.48,11635.0,8702.92,2932.08,completed,Letter of Credit,Online,7,4.8
ORD-02621,2024-01-27,CUST-0010,Echo Ltd 10,North,Jaipur,SUP-055,Summit Solutions 55,North,PROD-0048,Alloys Model 4,Raw Materials,Alloys,3,557.02,0.0,1671.06,1016.81,654.25,pending,Letter of Credit,Direct Sales,,
ORD-02622,2025-04-05,CUST-0089,Gamma Group 89,Central,Indore,SUP-026,Zenith Industries 26,South,PROD-0058,Labels Model 2,Packaging,Labels,1,4301.68,16.56,3589.32,3157.63,431.69,completed,Letter of Credit,Marketplace,8,4.7
ORD-02623,2023-09-23,CUST-0036,Foxtrot Enterprises 36,South,Bengaluru,SUP-016,Nova Manufacturing 16,South,PROD-0029,Power Supplies Model 1,Electronics,Power Supplies,3,2222.44,5.28,6315.29,4292.03,2023.26,completed,Net-30,Online,5,5.0
ORD-02624,2024-06-09,CUST-0130,Alpha Ltd 130,North,Jaipur,SUP-030,Nova Industries 30,North,PROD-0036,Steel Model 4,Raw Materials,Steel,3,2789.19,6.93,7787.7,6515.23,1272.47,pending,Letter of Credit,Partner,,
ORD-02625,2024-06-05,CUST-0148,Gamma Enterprises 148,West,Pune,SUP-008,Apex Industries 8,West,PROD-0060,Labels Model 4,Packaging,Labels,15,4335.8,0.0,65037.0,43403.64,21633.36,completed,Credit Card,Direct Sales,8,
ORD-02626,2023-03-20,CUST-0010,Echo Ltd 10,North,Jaipur,SUP-035,Zenith Trading 35,North,PROD-0042,Chemicals Model 2,Raw Materials,Chemicals,2,3220.73,0.0,6441.46,4900.42,1541.04,completed,Wire Transfer,Online,10,3.7
ORD-02627,2023-07-10,CUST-0162,Delta Enterprises 162,East,Patna,SUP-022,Prime Solutions 22,East,PROD-0002,Pump Systems Model 2,Industrial Equipment,Pump Systems,1,837.3,0.92,829.6,579.45,250.15,completed,Letter of Credit,Direct Sales,5,3.7
ORD-02628,2024-10-18,CUST-0124,Gamma Pvt Ltd 124,Central,Indore,SUP-029,Prime Solutions 29,Central,PROD-0056,Films Model 4,Packaging,Films,21,561.17,0.0,11784.57,9644.98,2139.59,completed,Wire Transfer,Partner,1,4.7
ORD-02629,2025-09-24,CUST-0028,Echo Ltd 28,West,Pune,SUP-019,Prime Industries 19,Central,PROD-0009,Compressors Model 1,Industrial Equipment,Compressors,1,208.52,0.0,208.52,123.47,85.05,completed,Net-30,Direct Sales,10,3.4
ORD-02630,2025-04-22,CUST-0109,Alpha Corp 109,Central,Nagpur,SUP-034,Zenith Trading 34,Central,PROD-0048,Alloys Model 4,Raw Materials,Alloys,8,499.82,0.44,0.0,2619.42,-523.88,cancelled,UPI,Direct Sales,,
ORD-02631,2024-09-06,CUST-0224,Echo Pvt Ltd 224,Central,Indore,SUP-054,Nova Supplies 54,Central,PROD-0007,Conveyors Model 3,Industrial Equipment,Conveyors,9,1740.95,0.0,15668.55,12117.98,3550.57,completed,Net-30,Partner,4,2.9
ORD-02632,2025-10-13,CUST-0093,Foxtrot Corp 93,West,Pune,SUP-058,Zenith Solutions 58,West,PROD-0056,Films Model 4,Packaging,Films,9,691.94,0.0,6227.46,5300.56,926.9,completed,Wire Transfer,Partner,5,3.3
ORD-02633,2025-10-27,CUST-0233,Alpha Ltd 233,West,Ahmedabad,SUP-055,Summit Solutions 55,North,PROD-0010,Compressors Model 2,Industrial Equipment,Compressors,5,2891.24,0.0,14456.2,12086.32,2369.88,completed,Letter of Credit,Direct Sales,8,3.7
ORD-02634,2023-08-11,CUST-0134,Delta Enterprises 134,Central,Indore,SUP-029,Prime Solutions 29,Central,PROD-0041,Chemicals Model 1,Raw Materials,Chemicals,1,1649.61,1.32,1627.84,1240.02,387.82,completed,Letter of Credit,Marketplace,12,5.0
ORD-02635,2024-05-27,CUST-0112,Delta Group 112,East,Kolkata,SUP-010,Orbit Solutions 10,North,PROD-0043,Chemicals Model 3,Raw Materials,Chemicals,5,3542.24,5.46,16744.17,13593.03,3151.14,completed,Credit Card,Partner,6,5.0
ORD-02636,2023-04-08,CUST-0131,Beta Ltd 131,South,Hyderabad,SUP-004,Nova Industries 4,Central,PROD-0075,Last Mile Model 3,Logistics Services,Last Mile,16,2186.91,0.0,34990.56,27423.93,7566.63,completed,Net-30,Direct Sales,10,3.9
ORD-02637,2023-11-22,CUST-0298,Alpha Enterprises 298,West,Ahmedabad,SUP-003,Nova Supplies 3,West,PROD-0031,Power Supplies Model 3,Electronics,Power Supplies,1,2067.8,0.0,2067.8,1472.4,595.4,completed,Net-30,Partner,8,3.8
ORD-02638,2024-03-25,CUST-0178,Beta Enterprises 178,West,Pune,SUP-047,Apex Trading 47,East,PROD-0049,Corrugated Model 1,Packaging,Corrugated,1,3944.09,11.47,3491.7,2363.42,1128.28,completed,Letter of Credit,Partner,9,3.0
ORD-02639,2025-12-20,CUST-0107,Alpha Corp 107,East,Patna,SUP-047,Apex Trading 47,East,PROD-0045,Alloys Model 1,Raw Materials,Alloys,14,4469.27,16.06,52521.07,45088.01,7433.06,completed,Net-30,Marketplace,7,4.1
ORD-02640,2025-06-04,CUST-0093,Foxtrot Corp 93,West,Pune,SUP-054,Nova Supplies 54,Central,PROD-0066,Freight Model 2,Logistics Services,Freight,4,1090.34,0.0,4361.36,2446.29,1915.07,completed,Letter of Credit,Partner,8,3.2
ORD-02641,2025-08-15,CUST-0207,Foxtrot Enterprises 207,East,Bhubaneswar,SUP-041,Orbit Supplies 41,South,PROD-0003,Pump Systems Model 3,Industrial Equipment,Pump Systems,2,5416.07,11.36,9601.61,6971.2,2630.41,completed,Credit Card,Marketplace,9,4.1
ORD-02642,2023-09-17,CUST-0183,Echo Corp 183,West,Mumbai,SUP-028,Summit Solutions 28,West,PROD-0007,Conveyors Model 3,Industrial Equipment,Conveyors,8,1724.44,11.77,12171.79,10734.23,1437.56,completed,Credit Card,Marketplace,9,4.3
ORD-02643,2023-03-26,CUST-0148,Gamma Enterprises 148,West,Pune,SUP-003,Nova Supplies 3,West,PROD-0052,Corrugated Model 4,Packaging,Corrugated,1,4663.21,0.0,4663.21,3769.0,894.21,completed,Net-30,Online,9,4.9
ORD-02644,2024-01-06,CUST-0245,Gamma Pvt Ltd 245,North,Chandigarh,SUP-010,Orbit Solutions 10,North,PROD-0074,Last Mile Model 2,Logistics Services,Last Mile,1,4690.84,0.0,4690.84,2665.8,2025.04,completed,Wire Transfer,Online,8,4.3
ORD-02645,2024-03-26,CUST-0203,Gamma Pvt Ltd 203,West,Ahmedabad,SUP-041,Orbit Supplies 41,South,PROD-0033,Steel Model 1,Raw Materials,Steel,2,2955.7,0.0,5911.4,5006.07,905.33,completed,Wire Transfer,Online,5,4.7
ORD-02646,2024-01-01,CUST-0279,Echo Corp 279,Central,Nagpur,SUP-054,Nova Supplies 54,Central,PROD-0025,Cables Model 1,Electronics,Cables,4,4019.07,0.0,16076.28,13221.21,2855.07,completed,Credit Card,Online,8,4.3
ORD-02647,2024-08-30,CUST-0253,Foxtrot Pvt Ltd 253,West,Surat,SUP-058,Zenith Solutions 58,West,PROD-0050,Corrugated Model 2,Packaging,Corrugated,5,800.91,0.0,4004.55,2714.9,1289.65,completed,UPI,Marketplace,10,5.0
ORD-02648,2025-10-03,CUST-0072,Gamma Pvt Ltd 72,East,Bhubaneswar,SUP-022,Prime Solutions 22,East,PROD-0049,Corrugated Model 1,Packaging,Corrugated,3,3420.26,12.91,8936.11,6273.08,2663.03,completed,Wire Transfer,Online,10,3.6
ORD-02649,2025-12-27,CUST-0131,Beta Ltd 131,South,Hyderabad,SUP-006,Apex Solutions 6,South,PROD-0006,Conveyors Model 2,Industrial Equipment,Conveyors,2,3900.72,0.0,7801.44,5165.12,2636.32,completed,UPI,Online,6,3.0
ORD-02650,2023-02-13,CUST-0177,Echo Ltd 177,East,Kolkata,SUP-018,Nova Supplies 18,West,PROD-0060,Labels Model 4,Packaging,Labels,9,3963.19,0.0,0.0,23424.84,-4684.97,cancelled,Wire Transfer,Direct Sales,,
ORD-02651,2023-02-12,CUST-0205,Alpha Ltd 205,North,Chandigarh,SUP-056,Orbit Trading 56,South,PROD-0041,Chemicals Model 1,Raw Materials,Chemicals,5,1739.95,0.0,0.0,6512.92,-1302.58,cancelled,Letter of Credit,Direct Sales,,
ORD-02652,2023-12-23,CUST-0248,Delta Corp 248,West,Pune,SUP-043,Zenith Trading 43,West,PROD-0052,Corrugated Model 4,Packaging,Corrugated,3,5073.98,5.05,14453.23,12300.57,2152.66,completed,Credit Card,Direct Sales,10,
ORD-02653,2024-08-18,CUST-0202,Beta Pvt Ltd 202,East,Guwahati,SUP-030,Nova Industries 30,North,PROD-0045,Alloys Model 1,Raw Materials,Alloys,1,4988.1,0.0,4988.1,3686.23,1301.87,completed,Letter of Credit,Direct Sales,7,3.8
ORD-02654,2023-03-01,CUST-0175,Foxtrot Corp 175,North,Delhi,SUP-040,Orbit Supplies 40,North,PROD-0019,Sensors Model 3,Electronics,Sensors,3,4371.76,13.91,11290.94,8028.16,3262.78,completed,Net-30,Online,1,3.7
ORD-02655,2025-08-09,CUST-0275,Beta Pvt Ltd 275,North,Delhi,SUP-033,Nova Industries 33,West,PROD-0055,Films Model 3,Packaging,Films,2,3656.09,0.0,731.22,4555.11,-179.8,cancelled,UPI,Direct Sales,,
ORD-02656,2025-07-18,CUST-0048,Beta Enterprises 48,West,Surat,SUP-038,Summit Trading 38,West,PROD-0014,CNC Parts Model 2,Industrial Equipment,CNC Parts,2,2338.68,0.0,467.74,3711.12,-274.48,cancelled,UPI,Marketplace,,
ORD-02657,2023-01-26,CUST-0120,Echo Ltd 120,North,Jaipur,SUP-009,Nova Supplies 9,Central,PROD-0011,Compressors Model 3,Industrial Equipment,Compressors,1,4740.36,0.0,4740.36,3527.75,1212.61,completed,UPI,Marketplace,6,4.1
ORD-02658,2025-08-13,CUST-0141,Alpha Enterprises 141,South,Chennai,SUP-056,Orbit Trading 56,South,PROD-0040,Polymers Model 4,Raw Materials,Polymers,1,3915.12,0.0,3915.12,2819.24,1095.88,completed,UPI,Marketplace,6,4.5
ORD-02659,2025-03-01,CUST-0195,Echo Group 195,North,Jaipur,SUP-050,Orbit Trading 50,North,PROD-0063,Pallets Model 3,Packaging,Pallets,2,3617.57,0.0,0.0,5214.84,-1042.97,cancelled,Credit Card,Direct Sales,,
ORD-02660,2023-05-07,CUST-0083,Foxtrot Enterprises 83,West,Mumbai,SUP-042,Nova Manufacturing 42,East,PROD-0032,Power Supplies Model 4,Electronics,Power Supplies,2,1132.31,0.0,0.0,1555.17,-311.03,cancelled,UPI,Online,,
ORD-02661,2023-04-29,CUST-0180,Foxtrot Pvt Ltd 180,North,Lucknow,SUP-050,Orbit Trading 50,North,PROD-0013,CNC Parts Model 1,Industrial Equipment,CNC Parts,4,3400.13,0.0,13600.52,10644.01,2956.51,pending,Net-30,Marketplace,,
ORD-02662,2024-08-19,CUST-0252,Delta Corp 252,East,Patna,SUP-057,Summit Solutions 57,East,PROD-0076,Last Mile Model 4,Logistics Services,Last Mile,6,4266.07,5.46,24198.86,21934.93,2263.93,completed,Letter of Credit,Online,8,4.3
ORD-02663,2025-12-31,CUST-0223,Gamma Corp 223,West,Pune,SUP-058,Zenith Solutions 58,West,PROD-0066,Freight Model 2,Logistics Services,Freight,1,1210.02,5.05,1148.91,703.61,445.3,completed,Wire Transfer,Partner,13,4.7
ORD-02664,2025-06-26,CUST-0103,Alpha Ltd 103,West,Pune,SUP-048,Zenith Trading 48,West,PROD-0027,Cables Model 3,Electronics,Cables,1,2047.14,0.0,2047.14,1341.14,706.0,completed,Wire Transfer,Partner,1,3.1
ORD-02665,2024-08-17,CUST-0250,Beta Corp 250,North,Jaipur,SUP-060,Nova Supplies 60,North,PROD-0034,Steel Model 2,Raw Materials,Steel,5,1414.75,0.0,7073.75,5960.38,1113.37,completed,Net-30,Direct Sales,7,5.0
ORD-02666,2023-08-02,CUST-0103,Alpha Ltd 103,West,Pune,SUP-043,Zenith Trading 43,West,PROD-0031,Power Supplies Model 3,Electronics,Power Supplies,1,2053.91,0.0,205.39,1380.61,-70.73,cancelled,UPI,Direct Sales,,
ORD-02667,2024-01-19,CUST-0287,Gamma Group 287,East,Guwahati,SUP-003,Nova Supplies 3,West,PROD-0072,Warehousing Model 4,Logistics Services,Warehousing,2,4443.28,16.81,7392.73,5541.31,1851.42,completed,Letter of Credit,Marketplace,6,4.4
ORD-02668,2025-08-15,CUST-0202,Beta Pvt Ltd 202,East,Guwahati,SUP-015,Prime Industries 15,North,PROD-0035,Steel Model 3,Raw Materials,Steel,2,3343.24,0.0,6686.48,4123.43,2563.05,completed,Wire Transfer,Partner,2,4.6
ORD-02669,2024-05-21,CUST-0206,Delta Group 206,South,Kochi,SUP-026,Zenith Industries 26,South,PROD-0067,Freight Model 3,Logistics Services,Freight,1,4440.49,15.74,3741.56,3177.82,563.74,completed,Net-30,Partner,3,4.8
ORD-02670,2025-09-19,CUST-0134,Delta Enterprises 134,Central,Indore,SUP-002,Apex Trading 2,East,PROD-0042,Chemicals Model 2,Raw Materials,Chemicals,4,3501.82,11.42,12407.65,11032.21,1375.44,completed,Net-30,Online,4,4.4
ORD-02671,2023-09-19,CUST-0116,Foxtrot Pvt Ltd 116,South,Bengaluru,SUP-016,Nova Manufacturing 16,South,PROD-0016,CNC Parts Model 4,Industrial Equipment,CNC Parts,3,4126.38,11.21,10991.44,7930.13,3061.31,completed,Letter of Credit,Online,9,3.8
ORD-02672,2025-04-14,CUST-0199,Delta Group 199,Central,Bhopal,SUP-043,Zenith Trading 43,West,PROD-0025,Cables Model 1,Electronics,Cables,6,4120.85,0.0,24725.1,19985.07,4740.03,completed,Letter of Credit,Online,8,4.4
ORD-02673,2024-04-26,CUST-0017,Beta Group 17,East,Kolkata,SUP-019,Prime Industries 19,Central,PROD-0060,Labels Model 4,Packaging,Labels,1,4315.52,1.66,4243.88,2848.92,1394.96,completed,Letter of Credit,Online,9,3.9
ORD-02674,2023-07-16,CUST-0051,Gamma Enterprises 51,South,Kochi,SUP-036,Nova Trading 36,South,PROD-0010,Compressors Model 2,Industrial Equipment,Compressors,2,3125.13,0.0,6250.26,5216.91,1033.35,completed,Net-30,Online,5,3.6
ORD-02675,2024-06-19,CUST-0270,Delta Group 270,North,Delhi,SUP-020,Apex Manufacturing 20,North,PROD-0004,Pump Systems Model 4,Industrial Equipment,Pump Systems,4,3275.87,0.0,13103.48,10115.02,2988.46,completed,Net-30,Partner,8,3.3
ORD-02676,2023-09-23,CUST-0017,Beta Group 17,East,Kolkata,SUP-047,Apex Trading 47,East,PROD-0032,Power Supplies Model 4,Electronics,Power Supplies,2,1353.14,0.0,2706.28,1963.55,742.73,completed,UPI,Partner,1,3.9
ORD-02677,2025-12-12,CUST-0215,Gamma Pvt Ltd 215,North,Jaipur,SUP-035,Zenith Trading 35,North,PROD-0006,Conveyors Model 2,Industrial Equipment,Conveyors,3,4458.41,0.0,13375.23,8543.82,4831.41,completed,Wire Transfer,Online,7,
ORD-02678,2024-01-26,CUST-0001,Alpha Corp 1,South,Kochi,SUP-016,Nova Manufacturing 16,South,PROD-0059,Labels Model 3,Packaging,Labels,8,5213.92,0.0,41711.36,33471.97,8239.39,pending,Credit Card,Marketplace,,
ORD-02679,2023-12-09,CUST-0037,Delta Enterprises 37,East,Patna,SUP-042,Nova Manufacturing 42,East,PROD-0009,Compressors Model 1,Industrial Equipment,Compressors,2,258.41,15.76,435.37,299.21,136.16,completed,Credit Card,Online,8,4.5
ORD-02680,2023-11-13,CUST-0229,Gamma Enterprises 229,Central,Indore,SUP-054,Nova Supplies 54,Central,PROD-0017,Sensors Model 1,Electronics,Sensors,8,1794.31,0.0,14354.48,8602.24,5752.24,completed,Wire Transfer,Partner,5,3.5
ORD-02681,2024-10-25,CUST-0299,Echo Enterprises 299,Central,Indore,SUP-034,Zenith Trading 34,Central,PROD-0026,Cables Model 2,Electronics,Cables,11,3761.64,0.0,41378.04,25102.1,16275.94,pending,Net-30,Online,,
ORD-02682,2025-11-21,CUST-0028,Echo Ltd 28,West,Pune,SUP-050,Orbit Trading 50,North,PROD-0030,Power Supplies Model 2,Electronics,Power Supplies,1,4344.5,0.0,4344.5,2772.67,1571.83,completed,Letter of Credit,Online,5,3.7
ORD-02683,2023-04-27,CUST-0223,Gamma Corp 223,West,Pune,SUP-048,Zenith Trading 48,West,PROD-0004,Pump Systems Model 4,Industrial Equipment,Pump Systems,3,3738.24,12.17,9849.89,8537.86,1312.03,completed,Letter of Credit,Partner,13,3.9
ORD-02684,2023-07-16,CUST-0034,Beta Enterprises 34,Central,Raipur,SUP-049,Apex Supplies 49,Central,PROD-0042,Chemicals Model 2,Raw Materials,Chemicals,6,2957.17,0.0,0.0,13922.97,-2784.59,cancelled,Net-30,Partner,,
ORD-02685,2025-09-17,CUST-0135,Foxtrot Enterprises 135,North,Chandigarh,SUP-006,Apex Solutions 6,South,PROD-0010,Compressors Model 2,Industrial Equipment,Compressors,3,3078.68,0.0,9236.04,7479.56,1756.48,pending,Net-30,Partner,,
ORD-02686,2025-10-07,CUST-0022,Beta Group 22,East,Guwahati,SUP-037,Prime Supplies 37,East,PROD-0023,Controllers Model 3,Electronics,Controllers,3,2528.06,0.0,7584.18,4977.15,2607.03,completed,Letter of Credit,Online,2,2.4
ORD-02687,2024-10-21,CUST-0183,Echo Corp 183,West,Mumbai,SUP-003,Nova Supplies 3,West,PROD-0011,Compressors Model 3,Industrial Equipment,Compressors,7,4750.77,0.0,33255.39,26163.81,7091.58,pending,UPI,Partner,,
ORD-02688,2024-07-03,CUST-0076,Foxtrot Corp 76,South,Hyderabad,SUP-040,Orbit Supplies 40,North,PROD-0017,Sensors Model 1,Electronics,Sensors,1,2047.18,13.0,1781.05,1239.93,541.12,completed,Credit Card,Partner,3,
ORD-02689,2025-09-17,CUST-0288,Alpha Pvt Ltd 288,West,Ahmedabad,SUP-018,Nova Supplies 18,West,PROD-0049,Corrugated Model 1,Packaging,Corrugated,1,3650.09,0.0,3650.09,2240.26,1409.83,completed,Net-30,Online,6,4.0
ORD-02690,2025-08-26,CUST-0293,Foxtrot Ltd 293,West,Pune,SUP-026,Zenith Industries 26,South,PROD-0058,Labels Model 2,Packaging,Labels,2,4334.59,0.0,8669.18,6558.13,2111.05,completed,Letter of Credit,Marketplace,4,2.7
ORD-02691,2023-07-13,CUST-0249,Foxtrot Ltd 249,Central,Bhopal,SUP-034,Zenith Trading 34,Central,PROD-0032,Power Supplies Model 4,Electronics,Power Supplies,14,1203.76,21.21,13278.2,12701.28,576.92,completed,UPI,Direct Sales,9,
ORD-02692,2024-12-06,CUST-0137,Foxtrot Corp 137,East,Bhubaneswar,SUP-020,Apex Manufacturing 20,North,PROD-0011,Compressors Model 3,Industrial Equipment,Compressors,1,4882.57,0.0,4882.57,3770.46,1112.11,pending,UPI,Direct Sales,,
ORD-02693,2025-07-09,CUST-0110,Gamma Pvt Ltd 110,North,Lucknow,SUP-053,Nova Trading 53,West,PROD-0056,Films Model 4,Packaging,Films,18,702.37,0.0,12642.66,10476.29,2166.37,pending,Net-30,Partner,,
ORD-02694,2025-10-22,CUST-0178,Beta Enterprises 178,West,Pune,SUP-043,Zenith Trading 43,West,PROD-0053,Films Model 1,Packaging,Films,2,1368.47,13.52,2366.91,2131.69,235.22,pending,UPI,Direct Sales,,
ORD-02695,2025-11-09,CUST-0206,Delta Group 206,South,Kochi,SUP-041,Orbit Supplies 41,South,PROD-0061,Pallets Model 1,Packaging,Pallets,1,3969.04,5.48,3751.54,2187.39,1564.15,completed,Letter of Credit,Partner,4,4.9
ORD-02696,2023-03-24,CUST-0148,Gamma Enterprises 148,West,Pune,SUP-023,Prime Industries 23,West,PROD-0016,CNC Parts Model 4,Industrial Equipment,CNC Parts,5,3920.01,0.0,0.0,12144.9,-2428.98,cancelled,UPI,Partner,,
ORD-02697,2024-07-26,CUST-0055,Alpha Group 55,North,Delhi,SUP-034,Zenith Trading 34,Central,PROD-0014,CNC Parts Model 2,Industrial Equipment,CNC Parts,2,2321.92,11.31,4118.62,3467.53,651.09,pending,Wire Transfer,Direct Sales,,
ORD-02698,2025-08-04,CUST-0295,Gamma Enterprises 295,North,Delhi,SUP-010,Orbit Solutions 10,North,PROD-0025,Cables Model 1,Electronics,Cables,17,3920.83,0.0,66654.11,55306.89,11347.22,completed,Credit Card,Marketplace,6,
ORD-02699,2023-11-14,CUST-0227,Delta Enterprises 227,East,Patna,SUP-030,Nova Industries 30,North,PROD-0038,Polymers Model 2,Raw Materials,Polymers,1,2748.47,0.0,2748.47,1888.92,859.55,completed,UPI,Partner,1,5.0
ORD-02700,2025-05-05,CUST-0241,Beta Ltd 241,South,Chennai,SUP-046,Apex Supplies 46,South,PROD-0027,Cables Model 3,Electronics,Cables,1,2402.76,0.0,240.28,1583.54,-76.43,cancelled,Credit Card,Marketplace,,
ORD-02701,2024-08-22,CUST-0047,Delta Enterprises 47,East,Bhubaneswar,SUP-034,Zenith Trading 34,Central,PROD-0062,Pallets Model 2,Packaging,Pallets,3,2927.37,0.0,8782.11,5760.55,3021.56,completed,Net-30,Direct Sales,8,5.0
ORD-02702,2025-09-30,CUST-0035,Beta Corp 35,North,Lucknow,SUP-029,Prime Solutions 29,Central,PROD-0073,Last Mile Model 1,Logistics Services,Last Mile,6,2279.95,0.0,0.0,7542.28,-1508.46,cancelled,Net-30,Online,,
ORD-02703,2023-07-12,CUST-0072,Gamma Pvt Ltd 72,East,Bhubaneswar,SUP-052,Zenith Manufacturing 52,East,PROD-0069,Warehousing Model 1,Logistics Services,Warehousing,4,414.5,10.75,1479.76,1370.72,109.04,completed,Credit Card,Marketplace,5,3.5
ORD-02704,2024-04-28,CUST-0266,Foxtrot Enterprises 266,South,Kochi,SUP-016,Nova Manufacturing 16,South,PROD-0014,CNC Parts Model 2,Industrial Equipment,CNC Parts,3,2217.32,0.0,6651.96,4846.37,1805.59,completed,Wire Transfer,Direct Sales,7,2.0
ORD-02705,2025-08-10,CUST-0091,Gamma Pvt Ltd 91,South,Bengaluru,SUP-045,Nova Trading 45,North,PROD-0067,Freight Model 3,Logistics Services,Freight,1,4070.1,13.99,3500.69,3014.98,485.71,completed,Net-30,Direct Sales,6,4.6
ORD-02706,2023-04-02,CUST-0264,Gamma Pvt Ltd 264,Central,Raipur,SUP-013,Zenith Supplies 13,West,PROD-0018,Sensors Model 2,Electronics,Sensors,4,2478.08,0.26,9886.55,7308.48,2578.07,completed,UPI,Marketplace,7,4.1
ORD-02707,2025-02-07,CUST-0119,Gamma Enterprises 119,Central,Raipur,SUP-018,Nova Supplies 18,West,PROD-0027,Cables Model 3,Electronics,Cables,1,2114.36,0.0,2114.36,1435.52,678.84,completed,UPI,Partner,9,4.0
ORD-02708,2023-07-13,CUST-0038,Foxtrot Corp 38,West,Surat,SUP-041,Orbit Supplies 41,South,PROD-0023,Controllers Model 3,Electronics,Controllers,13,2388.28,0.0,31047.64,19112.82,11934.82,pending,Net-30,Online,,
ORD-02709,2024-09-30,CUST-0138,Delta Ltd 138,West,Mumbai,SUP-047,Apex Trading 47,East,PROD-0030,Power Supplies Model 2,Electronics,Power Supplies,1,4214.48,0.0,4214.48,2452.54,1761.94,completed,Wire Transfer,Direct Sales,5,
ORD-02710,2025-01-18,CUST-0171,Gamma Enterprises 171,South,Hyderabad,SUP-036,Nova Trading 36,South,PROD-0020,Sensors Model 4,Electronics,Sensors,1,405.27,6.23,380.02,312.48,67.54,completed,Net-30,Direct Sales,3,2.8
ORD-02711,2024-03-24,CUST-0101,Beta Enterprises 101,South,Chennai,SUP-041,Orbit Supplies 41,South,PROD-0063,Pallets Model 3,Packaging,Pallets,6,3714.08,0.0,22284.48,17027.07,5257.41,completed,Letter of Credit,Partner,3,5.0
ORD-02712,2024-12-08,CUST-0285,Delta Ltd 285,North,Chandigarh,SUP-015,Prime Industries 15,North,PROD-0072,Warehousing Model 4,Logistics Services,Warehousing,15,5181.25,13.16,67490.96,47560.72,19930.24,completed,Wire Transfer,Online,6,3.3
ORD-02713,2024-10-23,CUST-0236,Delta Pvt Ltd 236,South,Kochi,SUP-048,Zenith Trading 48,West,PROD-0017,Sensors Model 1,Electronics,Sensors,2,2099.49,13.36,3638.0,2465.81,1172.19,completed,Credit Card,Marketplace,1,4.0
ORD-02714,2024-05-04,CUST-0166,Delta Group 166,South,Bengaluru,SUP-031,Apex Supplies 31,South,PROD-0076,Last Mile Model 4,Logistics Services,Last Mile,4,3513.44,5.48,13283.61,11203.8,2079.81,completed,UPI,Marketplace,5,3.2
ORD-02715,2024-09-08,CUST-0052,Beta Ltd 52,East,Guwahati,SUP-016,Nova Manufacturing 16,South,PROD-0049,Corrugated Model 1,Packaging,Corrugated,1,4089.2,0.0,4089.2,2363.71,1725.49,completed,Wire Transfer,Marketplace,8,
ORD-02716,2023-09-27,CUST-0056,Echo Group 56,South,Kochi,SUP-011,Apex Solutions 11,South,PROD-0028,Cables Model 4,Electronics,Cables,4,3340.26,0.0,13361.04,9681.29,3679.75,completed,Wire Transfer,Partner,2,2.9
ORD-02717,2023-12-17,CUST-0080,Foxtrot Pvt Ltd 80,North,Chandigarh,SUP-020,Apex Manufacturing 20,North,PROD-0003,Pump Systems Model 3,Industrial Equipment,Pump Systems,2,5214.11,0.38,10388.59,6759.09,3629.5,completed,Wire Transfer,Partner,2,3.8
ORD-02718,2025-09-19,CUST-0032,Gamma Enterprises 32,East,Bhubaneswar,SUP-054,Nova Supplies 54,Central,PROD-0063,Pallets Model 3,Packaging,Pallets,1,3553.05,0.0,3553.05,2568.43,984.62,pending,UPI,Direct Sales,,
ORD-02719,2025-07-19,CUST-0144,Echo Enterprises 144,Central,Raipur,SUP-045,Nova Trading 45,North,PROD-0067,Freight Model 3,Logistics Services,Freight,2,4400.23,21.51,6907.48,6574.23,333.25,completed,Credit Card,Partner,1,4.5
ORD-02720,2023-09-07,CUST-0002,Beta Ltd 2,East,Kolkata,SUP-002,Apex Trading 2,East,PROD-0060,Labels Model 4,Packaging,Labels,4,4532.89,0.26,18084.42,12498.37,5586.05,completed,Wire Transfer,Marketplace,6,3.5
ORD-02721,2025-07-11,CUST-0036,Foxtrot Enterprises 36,South,Bengaluru,SUP-016,Nova Manufacturing 16,South,PROD-0055,Films Model 3,Packaging,Films,4,4130.93,0.0,16523.72,10844.82,5678.9,completed,Wire Transfer,Partner,8,3.8
ORD-02722,2024-04-01,CUST-0100,Alpha Enterprises 100,North,Lucknow,SUP-010,Orbit Solutions 10,North,PROD-0009,Compressors Model 1,Industrial Equipment,Compressors,2,214.37,0.0,428.74,255.52,173.22,completed,Letter of Credit,Partner,8,5.0
ORD-02723,2023-03-28,CUST-0091,Gamma Pvt Ltd 91,South,Bengaluru,SUP-014,Zenith Solutions 14,Central,PROD-0044,Chemicals Model 4,Raw Materials,Chemicals,11,4289.38,6.84,43955.85,35952.29,8003.56,pending,Credit Card,Partner,,
ORD-02724,2024-12-14,CUST-0154,Alpha Enterprises 154,Central,Bhopal,SUP-024,Summit Manufacturing 24,Central,PROD-0044,Chemicals Model 4,Raw Materials,Chemicals,1,4244.68,6.15,3983.63,3048.92,934.71,completed,Letter of Credit,Direct Sales,10,4.3
ORD-02725,2024-04-24,CUST-0101,Beta Enterprises 101,South,Chennai,SUP-030,Nova Industries 30,North,PROD-0036,Steel Model 4,Raw Materials,Steel,2,2810.01,0.0,5620.02,4343.86,1276.16,completed,Letter of Credit,Partner,7,4.9
ORD-02726,2025-09-14,CUST-0041,Beta Group 41,South,Chennai,SUP-052,Zenith Manufacturing 52,East,PROD-0079,Cold Chain Model 3,Logistics Services,Cold Chain,1,564.37,0.0,564.37,386.97,177.4,completed,Wire Transfer,Partner,5,4.6
ORD-02727,2024-09-02,CUST-0245,Gamma Pvt Ltd 245,North,Chandigarh,SUP-015,Prime Industries 15,North,PROD-0025,Cables Model 1,Electronics,Cables,1,4191.78,0.0,4191.78,3371.21,820.57,completed,Net-30,Direct Sales,4,4.6
ORD-02728,2023-10-13,CUST-0051,Gamma Enterprises 51,South,Kochi,SUP-016,Nova Manufacturing 16,South,PROD-0047,Alloys Model 3,Raw Materials,Alloys,2,3032.73,0.0,0.0,4701.96,-940.39,cancelled,UPI,Online,,
ORD-02729,2023-05-08,CUST-0089,Gamma Group 89,Central,Indore,SUP-014,Zenith Solutions 14,Central,PROD-0048,Alloys Model 4,Raw Materials,Alloys,13,479.31,0.0,6231.03,4096.48,2134.55,completed,UPI,Direct Sales,11,3.2
ORD-02730,2024-09-10,CUST-0156,Delta Corp 156,South,Kochi,SUP-010,Orbit Solutions 10,North,PROD-0055,Films Model 3,Packaging,Films,2,3974.74,6.9,0.0,5303.78,-1060.76,cancelled,UPI,Online,,
ORD-02731,2025-05-30,CUST-0128,Foxtrot Ltd 128,West,Surat,SUP-023,Prime Industries 23,West,PROD-0022,Controllers Model 2,Electronics,Controllers,1,4979.36,0.0,4979.36,2850.84,2128.52,completed,Wire Transfer,Marketplace,4,5.0
ORD-02732,2024-01-25,CUST-0035,Beta Corp 35,North,Lucknow,SUP-020,Apex Manufacturing 20,North,PROD-0039,Polymers Model 3,Raw Materials,Polymers,8,4463.6,0.0,35708.8,23185.42,12523.38,completed,UPI,Direct Sales,7,
ORD-02733,2025-06-16,CUST-0016,Gamma Ltd 16,South,Hyderabad,SUP-058,Zenith Solutions 58,West,PROD-0047,Alloys Model 3,Raw Materials,Alloys,5,3350.45,12.55,14649.84,12822.41,1827.43,completed,UPI,Partner,5,4.0
ORD-02734,2023-05-22,CUST-0145,Foxtrot Enterprises 145,North,Chandigarh,SUP-035,Zenith Trading 35,North,PROD-0030,Power Supplies Model 2,Electronics,Power Supplies,2,3842.49,0.0,7684.98,4795.94,2889.04,completed,Net-30,Online,6,3.8
ORD-02735,2023-05-07,CUST-0191,Alpha Enterprises 191,South,Hyderabad,SUP-051,Nova Manufacturing 51,South,PROD-0039,Polymers Model 3,Raw Materials,Polymers,3,4811.71,6.17,13544.48,9478.5,4065.98,completed,Net-30,Direct Sales,2,4.5
ORD-02736,2024-07-16,CUST-0016,Gamma Ltd 16,South,Hyderabad,SUP-046,Apex Supplies 46,South,PROD-0027,Cables Model 3,Electronics,Cables,5,2044.55,0.15,10207.42,6654.52,3552.9,completed,Net-30,Partner,6,
ORD-02737,2023-08-26,CUST-0005,Echo Pvt Ltd 5,North,Lucknow,SUP-030,Nova Industries 30,North,PROD-0067,Freight Model 3,Logistics Services,Freight,3,4412.61,12.89,11531.47,9805.04,1726.43,pending,Net-30,Online,,
ORD-02738,2025-08-29,CUST-0136,Delta Ltd 136,South,Kochi,SUP-026,Zenith Industries 26,South,PROD-0010,Compressors Model 2,Industrial Equipment,Compressors,2,2952.4,0.0,5904.8,5089.46,815.34,completed,Wire Transfer,Marketplace,8,4.2
ORD-02739,2023-03-15,CUST-0059,Foxtrot Ltd 59,Central,Indore,SUP-029,Prime Solutions 29,Central,PROD-0016,CNC Parts Model 4,Industrial Equipment,CNC Parts,1,4435.97,11.23,3937.81,2763.19,1174.62,completed,Net-30,Online,3,4.7
ORD-02740,2025-10-19,CUST-0131,Beta Ltd 131,South,Hyderabad,SUP-056,Orbit Trading 56,South,PROD-0064,Pallets Model 4,Packaging,Pallets,9,2738.61,0.0,24647.49,19630.95,5016.54,completed,Wire Transfer,Partner,8,
ORD-02741,2023-03-12,CUST-0017,Beta Group 17,East,Kolkata,SUP-022,Prime Solutions 22,East,PROD-0042,Chemicals Model 2,Raw Materials,Chemicals,5,3534.45,0.0,17672.25,13229.09,4443.16,completed,Net-30,Direct Sales,6,3.4
ORD-02742,2024-07-04,CUST-0121,Delta Enterprises 121,South,Chennai,SUP-006,Apex Solutions 6,South,PROD-0002,Pump Systems Model 2,Industrial Equipment,Pump Systems,8,781.03,1.89,6130.15,4405.15,1725.0,pending,Credit Card,Online,,
ORD-02743,2025-12-02,CUST-0259,Foxtrot Pvt Ltd 259,Central,Indore,SUP-059,Zenith Trading 59,Central,PROD-0080,Cold Chain Model 4,Logistics Services,Cold Chain,5,2225.85,0.0,11129.25,9004.87,2124.38,completed,Net-30,Partner,1,4.6
ORD-02744,2025-06-06,CUST-0077,Gamma Corp 77,East,Bhubaneswar,SUP-017,Prime Trading 17,East,PROD-0025,Cables Model 1,Electronics,Cables,19,3779.51,0.96,71121.31,59102.55,12018.76,completed,Net-30,Online,2,3.1
ORD-02745,2025-10-06,CUST-0043,Gamma Enterprises 43,West,Pune,SUP-008,Apex Industries 8,West,PROD-0022,Controllers Model 2,Electronics,Controllers,4,5114.4,5.38,19356.98,12416.21,6940.77,pending,UPI,Marketplace,,
ORD-02746,2023-04-21,CUST-0265,Beta Pvt Ltd 265,North,Delhi,SUP-035,Zenith Trading 35,North,PROD-0059,Labels Model 3,Packaging,Labels,3,4414.37,0.0,13243.11,10720.21,2522.9,completed,Credit Card,Direct Sales,1,4.1
ORD-02747,2025-03-04,CUST-0098,Foxtrot Ltd 98,West,Surat,SUP-007,Zenith Industries 7,East,PROD-0046,Alloys Model 2,Raw Materials,Alloys,3,1492.48,12.77,3905.67,3155.11,750.56,completed,Wire Transfer,Partner,6,4.0
ORD-02748,2023-08-15,CUST-0060,Alpha Group 60,North,Lucknow,SUP-025,Orbit Industries 25,North,PROD-0052,Corrugated Model 4,Packaging,Corrugated,12,5101.48,0.0,61217.76,48546.29,12671.47,completed,Net-30,Online,12,
ORD-02749,2025-12-18,CUST-0123,Delta Group 123,West,Ahmedabad,SUP-048,Zenith Trading 48,West,PROD-0073,Last Mile Model 1,Logistics Services,Last Mile,6,2861.4,15.43,14519.32,9855.7,4663.62,completed,Letter of Credit,Partner,1,4.8
ORD-02750,2023-04-10,CUST-0023,Foxtrot Pvt Ltd 23,West,Pune,SUP-058,Zenith Solutions 58,West,PROD-0052,Corrugated Model 4,Packaging,Corrugated,12,5019.84,1.05,0.0,45859.44,-9171.89,cancelled,Letter of Credit,Online,,
ORD-02751,2025-01-29,CUST-0281,Delta Corp 281,South,Bengaluru,SUP-031,Apex Supplies 31,South,PROD-0080,Cold Chain Model 4,Logistics Services,Cold Chain,1,2168.78,0.0,2168.78,1727.79,440.99,completed,Credit Card,Partner,12,3.1
ORD-02752,2025-10-30,CUST-0035,Beta Corp 35,North,Lucknow,SUP-017,Prime Trading 17,East,PROD-0028,Cables Model 4,Electronics,Cables,3,2957.69,0.0,8873.07,6753.63,2119.44,completed,Letter of Credit,Direct Sales,11,5.0
ORD-02753,2023-09-01,CUST-0212,Delta Group 212,East,Patna,SUP-022,Prime Solutions 22,East,PROD-0079,Cold Chain Model 3,Logistics Services,Cold Chain,1,562.24,0.0,562.24,375.85,186.39,completed,Credit Card,Online,7,3.4
ORD-02754,2023-05-01,CUST-0143,Delta Group 143,West,Ahmedabad,SUP-038,Summit Trading 38,West,PROD-0044,Chemicals Model 4,Raw Materials,Chemicals,4,4345.06,0.0,1738.02,12698.38,-801.66,cancelled,Wire Transfer,Marketplace,,
ORD-02755,2024-10-27,CUST-0254,Gamma Group 254,Central,Raipur,SUP-034,Zenith Trading 34,Central,PROD-0057,Labels Model 1,Packaging,Labels,2,849.71,0.0,1699.42,1466.26,233.16,completed,UPI,Partner,12,3.6
ORD-02756,2023-01-05,CUST-0104,Gamma Pvt Ltd 104,Central,Raipur,SUP-014,Zenith Solutions 14,Central,PROD-0064,Pallets Model 4,Packaging,Pallets,3,2986.39,0.41,8922.44,7166.39,1756.05,completed,Credit Card,Direct Sales,8,4.5
ORD-02757,2023-08-22,CUST-0123,Delta Group 123,West,Ahmedabad,SUP-008,Apex Industries 8,West,PROD-0052,Corrugated Model 4,Packaging,Corrugated,4,4773.84,21.07,15071.97,15712.86,-640.89,completed,UPI,Marketplace,9,3.6
ORD-02758,2023-06-03,CUST-0134,Delta Enterprises 134,Central,Indore,SUP-049,Apex Supplies 49,Central,PROD-0007,Conveyors Model 3,Industrial Equipment,Conveyors,1,1756.92,0.0,1756.92,1397.17,359.75,completed,Wire Transfer,Marketplace,3,4.5
ORD-02759,2025-12-07,CUST-0228,Gamma Ltd 228,West,Surat,SUP-008,Apex Industries 8,West,PROD-0003,Pump Systems Model 3,Industrial Equipment,Pump Systems,1,5401.64,12.04,4751.28,3642.48,1108.8,completed,Net-30,Direct Sales,3,3.0
ORD-02760,2024-03-20,CUST-0047,Delta Enterprises 47,East,Bhubaneswar,SUP-038,Summit Trading 38,West,PROD-0041,Chemicals Model 1,Raw Materials,Chemicals,4,2019.69,0.0,8078.76,6060.93,2017.83,completed,Net-30,Partner,9,3.3
ORD-02761,2024-04-04,CUST-0098,Foxtrot Ltd 98,West,Surat,SUP-005,Summit Solutions 5,North,PROD-0069,Warehousing Model 1,Logistics Services,Warehousing,1,377.12,5.61,355.96,292.32,63.64,completed,UPI,Online,4,3.1
ORD-02762,2024-06-06,CUST-0032,Gamma Enterprises 32,East,Bhubaneswar,SUP-037,Prime Supplies 37,East,PROD-0044,Chemicals Model 4,Raw Materials,Chemicals,7,4101.03,5.21,27211.56,21656.02,5555.54,completed,Net-30,Direct Sales,8,
ORD-02763,2023-11-23,CUST-0250,Beta Corp 250,North,Jaipur,SUP-030,Nova Industries 30,North,PROD-0021,Controllers Model 1,Electronics,Controllers,1,3546.63,1.58,3490.59,2294.61,1195.98,completed,Credit Card,Marketplace,11,4.9
ORD-02764,2023-09-23,CUST-0023,Foxtrot Pvt Ltd 23,West,Pune,SUP-033,Nova Industries 33,West,PROD-0055,Films Model 3,Packaging,Films,1,3788.34,0.0,3788.34,2519.31,1269.03,completed,Wire Transfer,Direct Sales,6,2.7
ORD-02765,2024-02-11,CUST-0286,Alpha Pvt Ltd 286,South,Chennai,SUP-017,Prime Trading 17,East,PROD-0006,Conveyors Model 2,Industrial Equipment,Conveyors,8,4546.91,6.76,0.0,24275.35,-4855.07,cancelled,Net-30,Marketplace,,
ORD-02766,2024-04-01,CUST-0200,Gamma Corp 200,North,Lucknow,SUP-002,Apex Trading 2,East,PROD-0067,Freight Model 3,Logistics Services,Freight,1,4862.63,0.0,4862.63,3382.79,1479.84,completed,Credit Card,Marketplace,8,3.6
ORD-02767,2023-02-16,CUST-0009,Delta Corp 9,Central,Bhopal,SUP-049,Apex Supplies 49,Central,PROD-0014,CNC Parts Model 2,Industrial Equipment,CNC Parts,1,2317.45,0.0,2317.45,1743.88,573.57,pending,Credit Card,Partner,,
ORD-02768,2024-05-30,CUST-0032,Gamma Enterprises 32,East,Bhubaneswar,SUP-052,Zenith Manufacturing 52,East,PROD-0029,Power Supplies Model 1,Electronics,Power Supplies,8,2106.64,20.3,13431.94,11051.73,2380.21,completed,Wire Transfer,Marketplace,4,5.0
ORD-02769,2023-04-04,CUST-0287,Gamma Group 287,East,Guwahati,SUP-022,Prime Solutions 22,East,PROD-0063,Pallets Model 3,Packaging,Pallets,8,3789.16,5.44,28664.24,23570.78,5093.46,completed,Credit Card,Online,8,3.3
ORD-02770,2025-02-24,CUST-0227,Delta Enterprises 227,East,Patna,SUP-037,Prime Supplies 37,East,PROD-0058,Labels Model 2,Packaging,Labels,5,4684.52,0.0,23422.6,18704.2,4718.4,completed,UPI,Direct Sales,5,3.1
ORD-02771,2023-11-03,CUST-0112,Delta Group 112,East,Kolkata,SUP-005,Summit Solutions 5,North,PROD-0035,Steel Model 3,Raw Materials,Steel,13,3047.33,1.66,38957.68,25638.14,13319.54,completed,Net-30,Direct Sales,4,3.6
ORD-02772,2023-05-04,CUST-0136,Delta Ltd 136,South,Kochi,SUP-027,Orbit Trading 27,East,PROD-0039,Polymers Model 3,Raw Materials,Polymers,2,4256.26,11.49,7534.43,5398.72,2135.71,pending,UPI,Online,,
ORD-02773,2023-11-14,CUST-0134,Delta Enterprises 134,Central,Indore,SUP-026,Zenith Industries 26,South,PROD-0004,Pump Systems Model 4,Industrial Equipment,Pump Systems,3,3205.77,1.8,9444.2,6849.33,2594.87,completed,Net-30,Marketplace,4,5.0
ORD-02774,2023-09-06,CUST-0065,Beta Pvt Ltd 65,North,Jaipur,SUP-020,Apex Manufacturing 20,North,PROD-0072,Warehousing Model 4,Logistics Services,Warehousing,3,4569.14,6.88,12764.35,8765.29,3999.06,completed,Net-30,Online,6,4.4
ORD-02775,2024-04-01,CUST-0066,Beta Pvt Ltd 66,South,Kochi,SUP-011,Apex Solutions 11,South,PROD-0054,Films Model 2,Packaging,Films,1,2661.32,0.0,2661.32,2040.36,620.96,completed,Wire Transfer,Marketplace,9,3.7
ORD-02776,2024-05-20,CUST-0190,Alpha Group 190,North,Jaipur,SUP-022,Prime Solutions 22,East,PROD-0034,Steel Model 2,Raw Materials,Steel,1,1599.77,0.0,1599.77,1414.96,184.81,completed,Wire Transfer,Marketplace,4,3.7
ORD-02777,2024-02-16,CUST-0153,Foxtrot Ltd 153,West,Surat,SUP-011,Apex Solutions 11,South,PROD-0024,Controllers Model 4,Electronics,Controllers,1,1326.36,5.99,0.0,725.74,-145.15,cancelled,Letter of Credit,Online,,
ORD-02778,2025-11-29,CUST-0035,Beta Corp 35,North,Lucknow,SUP-047,Apex Trading 47,East,PROD-0060,Labels Model 4,Packaging,Labels,1,3904.23,20.66,3097.62,2633.11,464.51,completed,Letter of Credit,Direct Sales,1,4.5
ORD-02779,2023-12-28,CUST-0139,Foxtrot Group 139,Central,Bhopal,SUP-042,Nova Manufacturing 42,East,PROD-0035,Steel Model 3,Raw Materials,Steel,5,3720.6,10.62,16627.36,12202.1,4425.26,completed,Net-30,Online,7,3.9
ORD-02780,2023-12-06,CUST-0155,Gamma Group 155,North,Lucknow,SUP-033,Nova Industries 33,West,PROD-0068,Freight Model 4,Logistics Services,Freight,4,4938.0,6.88,18393.06,11778.54,6614.52,completed,Net-30,Marketplace,5,5.0
ORD-02781,2025-08-28,CUST-0282,Delta Pvt Ltd 282,East,Bhubaneswar,SUP-037,Prime Supplies 37,East,PROD-0069,Warehousing Model 1,Logistics Services,Warehousing,2,402.74,1.48,793.56,623.58,169.98,completed,UPI,Direct Sales,8,3.7
ORD-02782,2025-03-24,CUST-0033,Echo Ltd 33,West,Pune,SUP-058,Zenith Solutions 58,West,PROD-0028,Cables Model 4,Electronics,Cables,6,2956.85,0.85,17590.3,12909.18,4681.12,completed,UPI,Marketplace,4,3.5
ORD-02783,2024-06-11,CUST-0202,Beta Pvt Ltd 202,East,Guwahati,SUP-057,Summit Solutions 57,East,PROD-0010,Compressors Model 2,Industrial Equipment,Compressors,1,3308.76,0.0,3308.76,2646.84,661.92,pending,UPI,Marketplace,,
ORD-02784,2025-07-31,CUST-0283,Delta Enterprises 283,West,Ahmedabad,SUP-003,Nova Supplies 3,West,PROD-0059,Labels Model 3,Packaging,Labels,2,5192.14,0.0,10384.28,8786.43,1597.85,completed,Wire Transfer,Direct Sales,4,3.7
ORD-02785,2024-11-29,CUST-0162,Delta Enterprises 162,East,Patna,SUP-039,Summit Industries 39,Central,PROD-0065,Freight Model 1,Logistics Services,Freight,4,4316.54,0.0,17266.16,9795.28,7470.88,completed,Credit Card,Online,5,5.0
ORD-02786,2025-07-23,CUST-0178,Beta Enterprises 178,West,Pune,SUP-034,Zenith Trading 34,Central,PROD-0024,Controllers Model 4,Electronics,Controllers,1,1210.15,0.9,1199.26,637.28,561.98,completed,Wire Transfer,Online,3,4.2
ORD-02787,2024-04-01,CUST-0108,Beta Group 108,West,Ahmedabad,SUP-033,Nova Industries 33,West,PROD-0039,Polymers Model 3,Raw Materials,Polymers,2,4525.85,10.64,8088.6,5472.49,2616.11,completed,Wire Transfer,Online,9,4.0
ORD-02788,2025-08-23,CUST-0017,Beta Group 17,East,Kolkata,SUP-027,Orbit Trading 27,East,PROD-0039,Polymers Model 3,Raw Materials,Polymers,2,5041.28,11.7,890.29,6579.67,-425.64,cancelled,Credit Card,Direct Sales,,
ORD-02789,2023-05-18,CUST-0049,Beta Enterprises 49,Central,Indore,SUP-031,Apex Supplies 31,South,PROD-0001,Pump Systems Model 1,Industrial Equipment,Pump Systems,2,1936.92,0.0,3873.84,2800.95,1072.89,completed,Net-30,Partner,11,3.4
ORD-02790,2024-04-16,CUST-0199,Delta Group 199,Central,Bhopal,SUP-056,Orbit Trading 56,South,PROD-0025,Cables Model 1,Electronics,Cables,2,4144.13,0.0,8288.26,7127.98,1160.28,completed,Net-30,Partner,4,4.4
ORD-02791,2025-02-11,CUST-0159,Alpha Pvt Ltd 159,Central,Raipur,SUP-033,Nova Industries 33,West,PROD-0015,CNC Parts Model 3,Industrial Equipment,CNC Parts,1,4536.09,6.13,4258.03,2591.64,1666.39,completed,Letter of Credit,Partner,9,3.0
ORD-02792,2024-11-29,CUST-0076,Foxtrot Corp 76,South,Hyderabad,SUP-056,Orbit Trading 56,South,PROD-0018,Sensors Model 2,Electronics,Sensors,1,2528.51,6.28,2369.72,1873.04,496.68,completed,Wire Transfer,Online,10,4.4
ORD-02793,2025-01-22,CUST-0295,Gamma Enterprises 295,North,Delhi,SUP-020,Apex Manufacturing 20,North,PROD-0065,Freight Model 1,Logistics Services,Freight,3,4957.53,0.21,14841.36,9000.15,5841.21,completed,UPI,Online,1,2.9
ORD-02794,2023-08-31,CUST-0223,Gamma Corp 223,West,Pune,SUP-003,Nova Supplies 3,West,PROD-0050,Corrugated Model 2,Packaging,Corrugated,1,636.75,0.0,636.75,465.44,171.31,pending,Net-30,Direct Sales,,
ORD-02795,2023-09-24,CUST-0124,Gamma Pvt Ltd 124,Central,Indore,SUP-029,Prime Solutions 29,Central,PROD-0064,Pallets Model 4,Packaging,Pallets,1,3298.54,10.53,2951.2,2583.98,367.22,completed,Credit Card,Marketplace,2,3.5
ORD-02796,2023-02-07,CUST-0025,Echo Enterprises 25,North,Lucknow,SUP-005,Summit Solutions 5,North,PROD-0031,Power Supplies Model 3,Electronics,Power Supplies,1,1962.19,0.0,1962.19,1373.06,589.13,completed,Net-30,Direct Sales,11,3.4
ORD-02797,2025-02-27,CUST-0204,Echo Corp 204,Central,Nagpur,SUP-049,Apex Supplies 49,Central,PROD-0004,Pump Systems Model 4,Industrial Equipment,Pump Systems,2,3224.42,6.98,5998.71,4763.89,1234.82,completed,Wire Transfer,Partner,5,5.0
ORD-02798,2023-03-01,CUST-0253,Foxtrot Pvt Ltd 253,West,Surat,SUP-003,Nova Supplies 3,West,PROD-0001,Pump Systems Model 1,Industrial Equipment,Pump Systems,3,1932.03,6.61,5412.97,4536.0,876.97,completed,UPI,Direct Sales,5,4.4
ORD-02799,2025-10-11,CUST-0158,Echo Enterprises 158,West,Mumbai,SUP-036,Nova Trading 36,South,PROD-0070,Warehousing Model 2,Logistics Services,Warehousing,15,4879.67,0.0,7319.51,44630.06,-1606.5,cancelled,Credit Card,Partner,,
ORD-02800,2024-11-12,CUST-0211,Foxtrot Group 211,South,Hyderabad,SUP-056,Orbit Trading 56,South,PROD-0043,Chemicals Model 3,Raw Materials,Chemicals,6,3447.0,0.0,20682.0,14740.66,5941.34,completed,Net-30,Online,10,3.5
ORD-02801,2023-05-31,CUST-0042,Beta Enterprises 42,East,Guwahati,SUP-037,Prime Supplies 37,East,PROD-0027,Cables Model 3,Electronics,Cables,1,2013.73,0.0,2013.73,1352.66,661.07,completed,UPI,Online,5,2.9
ORD-02802,2024-06-17,CUST-0185,Foxtrot Ltd 185,North,Lucknow,SUP-045,Nova Trading 45,North,PROD-0043,Chemicals Model 3,Raw Materials,Chemicals,4,3736.79,0.0,1494.72,10909.86,-687.25,cancelled,Wire Transfer,Online,,
ORD-02803,2025-09-18,CUST-0017,Beta Group 17,East,Kolkata,SUP-033,Nova Industries 33,West,PROD-0068,Freight Model 4,Logistics Services,Freight,10,5166.42,0.0,51664.2,32274.44,19389.76,pending,Letter of Credit,Direct Sales,,
ORD-02804,2024-09-18,CUST-0279,Echo Corp 279,Central,Nagpur,SUP-039,Summit Industries 39,Central,PROD-0004,Pump Systems Model 4,Industrial Equipment,Pump Systems,3,3202.79,21.58,7534.88,7093.0,441.88,completed,Net-30,Marketplace,4,
ORD-02805,2023-04-28,CUST-0283,Delta Enterprises 283,West,Ahmedabad,SUP-018,Nova Supplies 18,West,PROD-0033,Steel Model 1,Raw Materials,Steel,5,3079.05,0.0,15395.25,12418.21,2977.04,completed,UPI,Online,6,3.2
ORD-02806,2025-11-02,CUST-0254,Gamma Group 254,Central,Raipur,SUP-001,Summit Industries 1,South,PROD-0005,Conveyors Model 1,Industrial Equipment,Conveyors,3,4616.24,1.36,13660.38,11342.55,2317.83,completed,Net-30,Partner,7,4.1
ORD-02807,2023-04-30,CUST-0085,Beta Pvt Ltd 85,North,Jaipur,SUP-020,Apex Manufacturing 20,North,PROD-0074,Last Mile Model 2,Logistics Services,Last Mile,2,4110.04,20.89,6502.91,4643.24,1859.67,completed,Wire Transfer,Partner,3,3.4
ORD-02808,2024-12-03,CUST-0056,Echo Group 56,South,Kochi,SUP-031,Apex Supplies 31,South,PROD-0015,CNC Parts Model 3,Industrial Equipment,CNC Parts,3,4352.94,0.0,13058.82,7435.35,5623.47,completed,Credit Card,Direct Sales,8,3.9
ORD-02809,2024-03-25,CUST-0064,Gamma Ltd 64,Central,Nagpur,SUP-034,Zenith Trading 34,Central,PROD-0073,Last Mile Model 1,Logistics Services,Last Mile,4,2765.53,0.13,11047.74,6541.0,4506.74,completed,Letter of Credit,Marketplace,7,4.1
ORD-02810,2025-03-06,CUST-0173,Delta Corp 173,West,Mumbai,SUP-041,Orbit Supplies 41,South,PROD-0050,Corrugated Model 2,Packaging,Corrugated,3,672.75,0.0,201.83,1479.56,-94.08,cancelled,Letter of Credit,Partner,,
ORD-02811,2023-04-25,CUST-0051,Gamma Enterprises 51,South,Kochi,SUP-021,Apex Trading 21,South,PROD-0037,Polymers Model 1,Raw Materials,Polymers,6,3834.47,0.0,23006.82,12685.43,10321.39,completed,Letter of Credit,Online,6,4.5
ORD-02812,2025-10-24,CUST-0176,Beta Ltd 176,South,Bengaluru,SUP-024,Summit Manufacturing 24,Central,PROD-0001,Pump Systems Model 1,Industrial Equipment,Pump Systems,4,1991.76,15.98,6693.91,5700.54,993.37,pending,UPI,Direct Sales,,
ORD-02813,2025-11-08,CUST-0240,Foxtrot Corp 240,North,Jaipur,SUP-010,Orbit Solutions 10,North,PROD-0007,Conveyors Model 3,Industrial Equipment,Conveyors,16,1826.27,0.0,29220.32,22911.03,6309.29,completed,Net-30,Partner,6,2.9
ORD-02814,2024-09-17,CUST-0047,Delta Enterprises 47,East,Bhubaneswar,SUP-047,Apex Trading 47,East,PROD-0046,Alloys Model 2,Raw Materials,Alloys,10,1667.14,10.28,0.0,10914.53,-2182.91,cancelled,Wire Transfer,Partner,,
ORD-02815,2023-12-19,CUST-0269,Gamma Pvt Ltd 269,Central,Nagpur,SUP-054,Nova Supplies 54,Central,PROD-0022,Controllers Model 2,Electronics,Controllers,3,4137.34,1.29,12251.9,7329.32,4922.58,pending,UPI,Partner,,
ORD-02816,2025-01-13,CUST-0055,Alpha Group 55,North,Delhi,SUP-016,Nova Manufacturing 16,South,PROD-0034,Steel Model 2,Raw Materials,Steel,9,1402.27,0.0,12620.43,10225.23,2395.2,completed,Net-30,Direct Sales,12,3.7
ORD-02817,2025-08-10,CUST-0032,Gamma Enterprises 32,East,Bhubaneswar,SUP-012,Nova Solutions 12,East,PROD-0036,Steel Model 4,Raw Materials,Steel,1,2767.02,5.37,2618.43,2045.56,572.87,completed,Credit Card,Partner,4,3.5
ORD-02818,2024-09-18,CUST-0172,Delta Pvt Ltd 172,East,Patna,SUP-040,Orbit Supplies 40,North,PROD-0018,Sensors Model 2,Electronics,Sensors,1,2729.01,0.0,0.0,1890.99,-378.2,cancelled,Letter of Credit,Marketplace,,
ORD-02819,2024-03-09,CUST-0205,Alpha Ltd 205,North,Chandigarh,SUP-042,Nova Manufacturing 42,East,PROD-0061,Pallets Model 1,Packaging,Pallets,1,3999.59,0.0,3999.59,2122.91,1876.68,pending,Net-30,Online,,
ORD-02820,2025-04-21,CUST-0230,Alpha Enterprises 230,North,Delhi,SUP-051,Nova Manufacturing 51,South,PROD-0038,Polymers Model 2,Raw Materials,Polymers,4,3281.03,0.0,13124.12,8889.6,4234.52,pending,Letter of Credit,Online,,
ORD-02821,2023-09-20,CUST-0021,Gamma Group 21,South,Chennai,SUP-006,Apex Solutions 6,South,PROD-0079,Cold Chain Model 3,Logistics Services,Cold Chain,2,575.02,0.0,1150.04,812.17,337.87,completed,UPI,Online,8,4.2
ORD-02822,2024-03-10,CUST-0145,Foxtrot Enterprises 145,North,Chandigarh,SUP-060,Nova Supplies 60,North,PROD-0048,Alloys Model 4,Raw Materials,Alloys,5,535.57,20.17,2137.73,1676.47,461.26,pending,Credit Card,Marketplace,,
ORD-02823,2025-12-15,CUST-0039,Alpha Enterprises 39,Central,Indore,SUP-034,Zenith Trading 34,Central,PROD-0080,Cold Chain Model 4,Logistics Services,Cold Chain,2,2334.75,15.08,0.0,3750.76,-750.15,cancelled,Letter of Credit,Partner,,
ORD-02824,2025-01-25,CUST-0035,Beta Corp 35,North,Lucknow,SUP-008,Apex Industries 8,West,PROD-0048,Alloys Model 4,Raw Materials,Alloys,3,476.3,5.99,1343.31,896.16,447.15,completed,UPI,Partner,10,
ORD-02825,2024-02-27,CUST-0067,Gamma Corp 67,East,Guwahati,SUP-012,Nova Solutions 12,East,PROD-0039,Polymers Model 3,Raw Materials,Polymers,8,5181.94,0.0,41455.52,26994.49,14461.03,completed,Letter of Credit,Marketplace,1,4.5
ORD-02826,2025-10-16,CUST-0178,Beta Enterprises 178,West,Pune,SUP-034,Zenith Trading 34,Central,PROD-0003,Pump Systems Model 3,Industrial Equipment,Pump Systems,5,4442.16,0.0,22210.8,14933.71,7277.09,completed,Credit Card,Direct Sales,2,3.9
ORD-02827,2023-04-17,CUST-0250,Beta Corp 250,North,Jaipur,SUP-050,Orbit Trading 50,North,PROD-0066,Freight Model 2,Logistics Services,Freight,1,1369.57,5.81,1290.0,758.03,531.97,pending,Net-30,Partner,,
ORD-02828,2025-06-21,CUST-0276,Gamma Enterprises 276,South,Chennai,SUP-051,Nova Manufacturing 51,South,PROD-0059,Labels Model 3,Packaging,Labels,1,4909.43,0.0,4909.43,4223.73,685.7,completed,Net-30,Marketplace,5,3.6
ORD-02829,2023-07-29,CUST-0225,Foxtrot Enterprises 225,North,Chandigarh,SUP-048,Zenith Trading 48,West,PROD-0038,Polymers Model 2,Raw Materials,Polymers,5,2925.87,0.0,14629.35,10371.62,4257.73,completed,Credit Card,Partner,3,3.1
ORD-02830,2025-06-16,CUST-0213,Delta Group 213,West,Ahmedabad,SUP-023,Prime Industries 23,West,PROD-0016,CNC Parts Model 4,Industrial Equipment,CNC Parts,1,4218.26,0.0,4218.26,2651.43,1566.83,completed,UPI,Online,3,
ORD-02831,2024-06-20,CUST-0244,Gamma Corp 244,Central,Raipur,SUP-042,Nova Manufacturing 42,East,PROD-0008,Conveyors Model 4,Industrial Equipment,Conveyors,1,3749.42,0.14,3744.17,2950.89,793.28,completed,Letter of Credit,Direct Sales,9,4.6
ORD-02832,2023-11-29,CUST-0056,Echo Group 56,South,Kochi,SUP-037,Prime Supplies 37,East,PROD-0071,Warehousing Model 3,Logistics Services,Warehousing,1,1997.71,11.58,1766.38,1231.6,534.78,completed,Net-30,Partner,4,5.0
ORD-02833,2023-11-12,CUST-0221,Beta Pvt Ltd 221,South,Hyderabad,SUP-051,Nova Manufacturing 51,South,PROD-0052,Corrugated Model 4,Packaging,Corrugated,5,4466.39,0.0,22331.95,17195.44,5136.51,completed,Credit Card,Marketplace,8,4.2
ORD-02834,2023-08-07,CUST-0150,Gamma Pvt Ltd 150,North,Chandigarh,SUP-026,Zenith Industries 26,South,PROD-0006,Conveyors Model 2,Industrial Equipment,Conveyors,1,4641.66,0.0,4641.66,3198.0,1443.66,completed,Letter of Credit,Marketplace,6,3.3
ORD-02835,2024-01-03,CUST-0232,Beta Ltd 232,East,Kolkata,SUP-029,Prime Solutions 29,Central,PROD-0022,Controllers Model 2,Electronics,Controllers,5,4934.75,0.0,24673.75,14183.91,10489.84,completed,Net-30,Online,11,4.5
ORD-02836,2023-07-31,CUST-0204,Echo Corp 204,Central,Nagpur,SUP-025,Orbit Industries 25,North,PROD-0015,CNC Parts Model 3,Industrial Equipment,CNC Parts,12,4377.85,5.79,0.0,29856.7,-5971.34,cancelled,Credit Card,Online,,
ORD-02837,2024-01-17,CUST-0088,Alpha Ltd 88,West,Mumbai,SUP-048,Zenith Trading 48,West,PROD-0049,Corrugated Model 1,Packaging,Corrugated,2,3429.85,0.0,6859.7,3987.02,2872.68,completed,UPI,Partner,9,4.5
ORD-02838,2023-06-15,CUST-0064,Gamma Ltd 64,Central,Nagpur,SUP-031,Apex Supplies 31,South,PROD-0076,Last Mile Model 4,Logistics Services,Last Mile,1,3381.28,0.0,3381.28,2778.02,603.26,completed,Wire Transfer,Direct Sales,11,3.8
ORD-02839,2024-11-11,CUST-0017,Beta Group 17,East,Kolkata,SUP-002,Apex Trading 2,East,PROD-0037,Polymers Model 1,Raw Materials,Polymers,11,3517.52,0.0,38692.72,21312.33,17380.39,completed,UPI,Partner,10,3.6
ORD-02840,2025-12-21,CUST-0085,Beta Pvt Ltd 85,North,Jaipur,SUP-035,Zenith Trading 35,North,PROD-0005,Conveyors Model 1,Industrial Equipment,Conveyors,3,4785.35,0.0,14356.05,11760.65,2595.4,completed,Letter of Credit,Online,5,4.2
ORD-02841,2023-12-03,CUST-0061,Echo Group 61,South,Chennai,SUP-016,Nova Manufacturing 16,South,PROD-0005,Conveyors Model 1,Industrial Equipment,Conveyors,1,4458.79,0.0,0.0,3603.1,-720.62,cancelled,Wire Transfer,Direct Sales,,
ORD-02842,2024-07-24,CUST-0239,Foxtrot Ltd 239,Central,Bhopal,SUP-004,Nova Industries 4,Central,PROD-0035,Steel Model 3,Raw Materials,Steel,2,3132.17,13.1,5443.71,3925.47,1518.24,completed,UPI,Online,10,2.8
ORD-02843,2023-09-05,CUST-0203,Gamma Pvt Ltd 203,West,Ahmedabad,SUP-024,Summit Manufacturing 24,Central,PROD-0042,Chemicals Model 2,Raw Materials,Chemicals,1,3004.43,0.0,0.0,2279.35,-455.87,cancelled,Net-30,Marketplace,,
ORD-02844,2025-01-21,CUST-0040,Alpha Ltd 40,North,Jaipur,SUP-040,Orbit Supplies 40,North,PROD-0005,Conveyors Model 1,Industrial Equipment,Conveyors,3,3893.43,0.0,11680.29,9747.09,1933.2,completed,Net-30,Direct Sales,6,4.4
ORD-02845,2023-12-11,CUST-0251,Beta Pvt Ltd 251,South,Bengaluru,SUP-001,Summit Industries 1,South,PROD-0022,Controllers Model 2,Electronics,Controllers,5,5115.26,5.64,24133.8,15587.46,8546.34,pending,Wire Transfer,Marketplace,,
ORD-02846,2023-06-26,CUST-0096,Delta Corp 96,South,Chennai,SUP-018,Nova Supplies 18,West,PROD-0051,Corrugated Model 3,Packaging,Corrugated,1,5576.5,6.07,0.0,4112.27,-822.45,cancelled,Credit Card,Online,,
ORD-02847,2024-11-20,CUST-0208,Delta Corp 208,West,Surat,SUP-033,Nova Industries 33,West,PROD-0031,Power Supplies Model 3,Electronics,Power Supplies,18,1995.86,0.15,35871.59,24945.35,10926.24,completed,UPI,Direct Sales,9,4.5
ORD-02848,2025-06-26,CUST-0298,Alpha Enterprises 298,West,Ahmedabad,SUP-048,Zenith Trading 48,West,PROD-0038,Polymers Model 2,Raw Materials,Polymers,5,3393.57,10.49,15187.92,11572.91,3615.01,completed,UPI,Online,4,5.0
ORD-02849,2024-04-27,CUST-0251,Beta Pvt Ltd 251,South,Bengaluru,SUP-051,Nova Manufacturing 51,South,PROD-0063,Pallets Model 3,Packaging,Pallets,1,3814.68,21.8,2983.08,2873.37,109.71,completed,Wire Transfer,Direct Sales,6,4.1
ORD-02850,2025-04-11,CUST-0145,Foxtrot Enterprises 145,North,Chandigarh,SUP-020,Apex Manufacturing 20,North,PROD-0025,Cables Model 1,Electronics,Cables,3,4270.38,1.7,12593.35,10420.08,2173.27,completed,Credit Card,Marketplace,4,4.7
ORD-02851,2023-02-02,CUST-0190,Alpha Group 190,North,Jaipur,SUP-020,Apex Manufacturing 20,North,PROD-0007,Conveyors Model 3,Industrial Equipment,Conveyors,3,1704.78,0.0,5114.34,3977.88,1136.46,completed,Letter of Credit,Online,5,5.0
ORD-02852,2023-12-26,CUST-0121,Delta Enterprises 121,South,Chennai,SUP-029,Prime Solutions 29,Central,PROD-0012,Compressors Model 4,Industrial Equipment,Compressors,6,2431.17,0.0,14587.02,8511.77,6075.25,completed,Letter of Credit,Partner,3,3.3
ORD-02853,2025-03-20,CUST-0293,Foxtrot Ltd 293,West,Pune,SUP-013,Zenith Supplies 13,West,PROD-0064,Pallets Model 4,Packaging,Pallets,1,3098.65,0.0,3098.65,2533.17,565.48,completed,Wire Transfer,Partner,6,2.7
ORD-02854,2025-05-02,CUST-0016,Gamma Ltd 16,South,Hyderabad,SUP-012,Nova Solutions 12,East,PROD-0066,Freight Model 2,Logistics Services,Freight,10,1191.01,0.0,11910.1,6726.7,5183.4,completed,Letter of Credit,Online,10,
ORD-02855,2023-09-18,CUST-0274,Foxtrot Enterprises 274,Central,Raipur,SUP-004,Nova Industries 4,Central,PROD-0034,Steel Model 2,Raw Materials,Steel,4,1633.5,6.56,6105.37,5416.61,688.76,completed,UPI,Marketplace,8,4.7
ORD-02856,2024-10-17,CUST-0120,Echo Ltd 120,North,Jaipur,SUP-045,Nova Trading 45,North,PROD-0062,Pallets Model 2,Packaging,Pallets,1,2976.95,0.0,2976.95,1989.97,986.98,completed,Letter of Credit,Direct Sales,8,4.2
ORD-02857,2025-03-28,CUST-0096,Delta Corp 96,South,Chennai,SUP-036,Nova Trading 36,South,PROD-0033,Steel Model 1,Raw Materials,Steel,1,3321.43,0.0,3321.43,2793.99,527.44,completed,Net-30,Online,10,5.0
ORD-02858,2023-07-11,CUST-0116,Foxtrot Pvt Ltd 116,South,Bengaluru,SUP-031,Apex Supplies 31,South,PROD-0055,Films Model 3,Packaging,Films,2,3909.3,6.81,7286.15,5083.97,2202.18,completed,Credit Card,Marketplace,4,4.1
ORD-02859,2024-03-21,CUST-0080,Foxtrot Pvt Ltd 80,North,Chandigarh,SUP-050,Orbit Trading 50,North,PROD-0016,CNC Parts Model 4,Industrial Equipment,CNC Parts,6,4562.98,11.72,24169.19,17948.21,6220.98,pending,UPI,Partner,,
ORD-02860,2025-02-15,CUST-0033,Echo Ltd 33,West,Pune,SUP-030,Nova Industries 30,North,PROD-0054,Films Model 2,Packaging,Films,8,2568.27,0.0,2054.62,15580.29,-1061.44,cancelled,UPI,Marketplace,,
ORD-02861,2024-04-25,CUST-0208,Delta Corp 208,West,Surat,SUP-013,Zenith Supplies 13,West,PROD-0018,Sensors Model 2,Electronics,Sensors,4,2946.33,0.0,11785.32,8777.64,3007.68,completed,Net-30,Direct Sales,6,4.1
ORD-02862,2024-07-13,CUST-0152,Beta Ltd 152,East,Bhubaneswar,SUP-055,Summit Solutions 55,North,PROD-0054,Films Model 2,Packaging,Films,2,2476.5,0.0,4953.0,4004.18,948.82,completed,Net-30,Direct Sales,8,4.4
ORD-02863,2023-02-27,CUST-0056,Echo Group 56,South,Kochi,SUP-051,Nova Manufacturing 51,South,PROD-0076,Last Mile Model 4,Logistics Services,Last Mile,1,3442.04,0.0,3442.04,2956.68,485.36,completed,UPI,Partner,9,3.8
ORD-02864,2023-12-11,CUST-0052,Beta Ltd 52,East,Guwahati,SUP-012,Nova Solutions 12,East,PROD-0076,Last Mile Model 4,Logistics Services,Last Mile,4,3660.43,0.0,14641.72,11848.98,2792.74,completed,Net-30,Online,6,4.1
ORD-02865,2025-02-18,CUST-0112,Delta Group 112,East,Kolkata,SUP-032,Prime Industries 32,East,PROD-0026,Cables Model 2,Electronics,Cables,1,3130.01,0.0,0.0,1894.67,-378.93,cancelled,Wire Transfer,Direct Sales,,
ORD-02866,2025-09-19,CUST-0179,Echo Ltd 179,Central,Indore,SUP-054,Nova Supplies 54,Central,PROD-0011,Compressors Model 3,Industrial Equipment,Compressors,2,5724.19,21.89,0.0,8565.75,-1713.15,cancelled,UPI,Direct Sales,,
ORD-02867,2025-11-15,CUST-0076,Foxtrot Corp 76,South,Hyderabad,SUP-041,Orbit Supplies 41,South,PROD-0018,Sensors Model 2,Electronics,Sensors,17,2897.52,21.38,38726.51,34297.93,4428.58,pending,Net-30,Partner,,
ORD-02868,2024-02-05,CUST-0236,Delta Pvt Ltd 236,South,Kochi,SUP-041,Orbit Supplies 41,South,PROD-0054,Films Model 2,Packaging,Films,10,2504.69,0.74,24861.55,19425.87,5435.68,pending,Credit Card,Partner,,
ORD-02869,2024-10-14,CUST-0165,Beta Group 165,North,Lucknow,SUP-035,Zenith Trading 35,North,PROD-0044,Chemicals Model 4,Raw Materials,Chemicals,1,4085.1,12.2,3586.72,3115.1,471.62,completed,UPI,Direct Sales,6,4.6
ORD-02870,2024-09-11,CUST-0196,Delta Enterprises 196,South,Kochi,SUP-011,Apex Solutions 11,South,PROD-0064,Pallets Model 4,Packaging,Pallets,22,2925.08,0.35,0.0,51031.9,-10206.38,cancelled,Credit Card,Marketplace,,
ORD-02871,2025-07-15,CUST-0231,Alpha Group 231,South,Kochi,SUP-046,Apex Supplies 46,South,PROD-0055,Films Model 3,Packaging,Films,1,3529.83,1.29,3484.3,2389.53,1094.77,completed,Net-30,Marketplace,5,5.0
ORD-02872,2025-03-11,CUST-0133,Delta Group 133,West,Pune,SUP-008,Apex Industries 8,West,PROD-0078,Cold Chain Model 2,Logistics Services,Cold Chain,1,783.67,10.65,700.21,502.19,198.02,completed,Wire Transfer,Partner,8,3.5
ORD-02873,2023-09-23,CUST-0026,Beta Ltd 26,South,Bengaluru,SUP-036,Nova Trading 36,South,PROD-0017,Sensors Model 1,Electronics,Sensors,2,1879.59,1.16,3715.57,2140.0,1575.57,completed,Net-30,Marketplace,4,
ORD-02874,2023-08-26,CUST-0101,Beta Enterprises 101,South,Chennai,SUP-056,Orbit Trading 56,South,PROD-0008,Conveyors Model 4,Industrial Equipment,Conveyors,3,3580.94,0.0,10742.82,8446.33,2296.49,completed,UPI,Marketplace,8,4.0
ORD-02875,2025-08-06,CUST-0263,Delta Pvt Ltd 263,West,Mumbai,SUP-023,Prime Industries 23,West,PROD-0026,Cables Model 2,Electronics,Cables,3,3374.18,0.0,10122.54,6271.75,3850.79,completed,Net-30,Marketplace,9,3.6
ORD-02876,2023-08-26,CUST-0295,Gamma Enterprises 295,North,Delhi,SUP-030,Nova Industries 30,North,PROD-0035,Steel Model 3,Raw Materials,Steel,3,3325.55,15.19,8461.2,6284.36,2176.84,completed,Net-30,Partner,10,3.9
ORD-02877,2023-09-21,CUST-0178,Beta Enterprises 178,West,Pune,SUP-039,Summit Industries 39,Central,PROD-0035,Steel Model 3,Raw Materials,Steel,7,3447.29,0.0,24131.03,15263.01,8868.02,completed,Credit Card,Marketplace,4,3.6
ORD-02878,2023-06-24,CUST-0078,Foxtrot Group 78,West,Mumbai,SUP-028,Summit Solutions 28,West,PROD-0036,Steel Model 4,Raw Materials,Steel,2,3159.86,0.0,6319.72,4973.02,1346.7,completed,Wire Transfer,Online,5,4.9
ORD-02879,2025-01-08,CUST-0183,Echo Corp 183,West,Mumbai,SUP-058,Zenith Solutions 58,West,PROD-0005,Conveyors Model 1,Industrial Equipment,Conveyors,1,3996.43,0.0,3996.43,3236.11,760.32,pending,UPI,Partner,,
ORD-02880,2024-05-30,CUST-0017,Beta Group 17,East,Kolkata,SUP-027,Orbit Trading 27,East,PROD-0021,Controllers Model 1,Electronics,Controllers,5,3344.16,0.0,0.0,10706.51,-2141.3,cancelled,UPI,Marketplace,,
ORD-02881,2023-01-01,CUST-0195,Echo Group 195,North,Jaipur,SUP-052,Zenith Manufacturing 52,East,PROD-0030,Power Supplies Model 2,Electronics,Power Supplies,5,4670.3,0.0,23351.5,13636.51,9714.99,completed,Credit Card,Partner,4,3.8
ORD-02882,2023-11-07,CUST-0012,Beta Pvt Ltd 12,East,Bhubaneswar,SUP-017,Prime Trading 17,East,PROD-0036,Steel Model 4,Raw Materials,Steel,2,2595.98,1.0,5140.04,3929.02,1211.02,completed,Credit Card,Direct Sales,9,4.8
ORD-02883,2023-04-23,CUST-0015,Alpha Corp 15,North,Lucknow,SUP-050,Orbit Trading 50,North,PROD-0046,Alloys Model 2,Raw Materials,Alloys,2,1687.57,0.0,3375.14,2228.18,1146.96,completed,Wire Transfer,Marketplace,4,1.5
ORD-02884,2025-02-10,CUST-0259,Foxtrot Pvt Ltd 259,Central,Indore,SUP-049,Apex Supplies 49,Central,PROD-0004,Pump Systems Model 4,Industrial Equipment,Pump Systems,26,3431.0,0.0,89206.0,65078.22,24127.78,completed,UPI,Direct Sales,9,3.9
ORD-02885,2023-10-10,CUST-0101,Beta Enterprises 101,South,Chennai,SUP-016,Nova Manufacturing 16,South,PROD-0072,Warehousing Model 4,Logistics Services,Warehousing,7,4936.05,6.12,32437.75,22805.74,9632.01,pending,Net-30,Online,,
ORD-02886,2023-03-26,CUST-0107,Alpha Corp 107,East,Patna,SUP-032,Prime Industries 32,East,PROD-0007,Conveyors Model 3,Industrial Equipment,Conveyors,10,1723.2,0.0,17232.0,13594.87,3637.13,completed,Net-30,Online,8,5.0
ORD-02887,2025-07-18,CUST-0249,Foxtrot Ltd 249,Central,Bhopal,SUP-048,Zenith Trading 48,West,PROD-0025,Cables Model 1,Electronics,Cables,1,3865.28,0.0,3865.28,3212.31,652.97,completed,Credit Card,Direct Sales,10,4.8
ORD-02888,2025-12-03,CUST-0048,Beta Enterprises 48,West,Surat,SUP-043,Zenith Trading 43,West,PROD-0003,Pump Systems Model 3,Industrial Equipment,Pump Systems,5,5528.14,12.92,24069.52,18252.52,5817.0,completed,Credit Card,Online,7,4.3
ORD-02889,2023-10-15,CUST-0079,Gamma Pvt Ltd 79,Central,Bhopal,SUP-016,Nova Manufacturing 16,South,PROD-0070,Warehousing Model 2,Logistics Services,Warehousing,1,4753.09,0.0,4753.09,2894.75,1858.34,pending,Net-30,Marketplace,,
ORD-02890,2024-08-20,CUST-0163,Delta Pvt Ltd 163,West,Mumbai,SUP-028,Summit Solutions 28,West,PROD-0055,Films Model 3,Packaging,Films,2,3436.01,0.0,6872.02,4338.76,2533.26,completed,UPI,Direct Sales,9,3.7
ORD-02891,2023-06-04,CUST-0290,Beta Enterprises 290,North,Lucknow,SUP-011,Apex Solutions 11,South,PROD-0040,Polymers Model 4,Raw Materials,Polymers,3,4227.61,0.95,12562.34,9141.43,3420.91,completed,Credit Card,Direct Sales,6,
ORD-02892,2023-07-03,CUST-0187,Foxtrot Pvt Ltd 187,East,Kolkata,SUP-009,Nova Supplies 9,Central,PROD-0067,Freight Model 3,Logistics Services,Freight,5,4244.96,0.0,21224.8,15678.68,5546.12,completed,Wire Transfer,Direct Sales,12,4.3
ORD-02893,2025-03-12,CUST-0267,Foxtrot Enterprises 267,East,Patna,SUP-032,Prime Industries 32,East,PROD-0041,Chemicals Model 1,Raw Materials,Chemicals,1,1856.89,1.38,1831.26,1386.45,444.81,completed,Letter of Credit,Partner,3,4.0
ORD-02894,2025-01-15,CUST-0281,Delta Corp 281,South,Bengaluru,SUP-026,Zenith Industries 26,South,PROD-0024,Controllers Model 4,Electronics,Controllers,1,1494.79,0.0,1494.79,852.12,642.67,completed,Net-30,Marketplace,5,3.6
ORD-02895,2023-12-15,CUST-0073,Delta Group 73,West,Pune,SUP-023,Prime Industries 23,West,PROD-0008,Conveyors Model 4,Industrial Equipment,Conveyors,25,3872.12,0.0,96803.0,79979.2,16823.8,completed,Letter of Credit,Online,10,4.7
ORD-02896,2023-04-17,CUST-0069,Alpha Group 69,Central,Indore,SUP-024,Summit Manufacturing 24,Central,PROD-0077,Cold Chain Model 1,Logistics Services,Cold Chain,2,2422.75,1.38,4778.63,3596.45,1182.18,pending,Wire Transfer,Marketplace,,
ORD-02897,2025-06-02,CUST-0068,Delta Group 68,West,Mumbai,SUP-008,Apex Industries 8,West,PROD-0008,Conveyors Model 4,Industrial Equipment,Conveyors,2,4206.65,11.77,7423.05,6565.88,857.17,completed,Letter of Credit,Marketplace,7,
ORD-02898,2023-12-23,CUST-0109,Alpha Corp 109,Central,Nagpur,SUP-004,Nova Industries 4,Central,PROD-0024,Controllers Model 4,Electronics,Controllers,2,1323.53,0.0,2647.06,1481.34,1165.72,completed,Wire Transfer,Online,8,4.4
ORD-02899,2023-12-17,CUST-0107,Alpha Corp 107,East,Patna,SUP-027,Orbit Trading 27,East,PROD-0074,Last Mile Model 2,Logistics Services,Last Mile,2,4689.08,13.87,0.0,5483.03,-1096.61,cancelled,Letter of Credit,Partner,,
ORD-02900,2023-12-26,CUST-0017,Beta Group 17,East,Kolkata,SUP-057,Summit Solutions 57,East,PROD-0073,Last Mile Model 1,Logistics Services,Last Mile,2,2369.07,6.51,4429.69,2815.71,1613.98,completed,Letter of Credit,Partner,5,4.7
ORD-02901,2023-01-10,CUST-0279,Echo Corp 279,Central,Nagpur,SUP-024,Summit Manufacturing 24,Central,PROD-0064,Pallets Model 4,Packaging,Pallets,2,3137.87,0.0,6275.74,4993.09,1282.65,completed,Credit Card,Marketplace,5,4.9
ORD-02902,2024-09-27,CUST-0238,Echo Corp 238,West,Mumbai,SUP-048,Zenith Trading 48,West,PROD-0053,Films Model 1,Packaging,Films,1,1293.25,10.83,1153.19,1026.75,126.44,completed,Letter of Credit,Marketplace,9,3.6
ORD-02903,2025-03-09,CUST-0183,Echo Corp 183,West,Mumbai,SUP-058,Zenith Solutions 58,West,PROD-0070,Warehousing Model 2,Logistics Services,Warehousing,6,4548.54,0.0,27291.24,17821.11,9470.13,completed,Wire Transfer,Partner,7,5.0
ORD-02904,2023-11-20,CUST-0017,Beta Group 17,East,Kolkata,SUP-007,Zenith Industries 7,East,PROD-0054,Films Model 2,Packaging,Films,6,2714.54,0.0,16287.24,12463.63,3823.61,completed,Wire Transfer,Online,7,4.5
ORD-02905,2025-02-13,CUST-0090,Delta Ltd 90,North,Chandigarh,SUP-055,Summit Solutions 55,North,PROD-0037,Polymers Model 1,Raw Materials,Polymers,5,4284.58,0.0,21422.9,12579.32,8843.58,completed,Net-30,Marketplace,7,5.0
ORD-02906,2024-05-07,CUST-0135,Foxtrot Enterprises 135,North,Chandigarh,SUP-040,Orbit Supplies 40,North,PROD-0012,Compressors Model 4,Industrial Equipment,Compressors,4,2306.62,11.51,8164.51,5379.29,2785.22,completed,Wire Transfer,Partner,6,3.2
ORD-02907,2024-12-12,CUST-0257,Alpha Corp 257,East,Patna,SUP-019,Prime Industries 19,Central,PROD-0074,Last Mile Model 2,Logistics Services,Last Mile,5,4679.72,0.0,23398.6,13729.29,9669.31,pending,Wire Transfer,Partner,,
ORD-02908,2025-10-13,CUST-0174,Gamma Ltd 174,Central,Indore,SUP-044,Summit Solutions 44,Central,PROD-0061,Pallets Model 1,Packaging,Pallets,4,4549.97,0.0,0.0,9626.17,-1925.23,cancelled,Net-30,Marketplace,,
ORD-02909,2023-07-17,CUST-0128,Foxtrot Ltd 128,West,Surat,SUP-008,Apex Industries 8,West,PROD-0011,Compressors Model 3,Industrial Equipment,Compressors,9,4750.3,0.0,42752.7,33305.41,9447.29,completed,Net-30,Partner,7,4.0
ORD-02910,2024-06-20,CUST-0200,Gamma Corp 200,North,Lucknow,SUP-007,Zenith Industries 7,East,PROD-0080,Cold Chain Model 4,Logistics Services,Cold Chain,2,2002.47,11.23,0.0,3301.46,-660.29,cancelled,Net-30,Partner,,
ORD-02911,2025-04-13,CUST-0140,Alpha Group 140,North,Lucknow,SUP-005,Summit Solutions 5,North,PROD-0039,Polymers Model 3,Raw Materials,Polymers,2,4654.18,0.0,9308.36,6171.07,3137.29,completed,Letter of Credit,Marketplace,5,4.9
ORD-02912,2025-06-25,CUST-0090,Delta Ltd 90,North,Chandigarh,SUP-005,Summit Solutions 5,North,PROD-0048,Alloys Model 4,Raw Materials,Alloys,1,502.08,0.0,502.08,304.64,197.44,completed,Credit Card,Marketplace,8,3.3
ORD-02913,2025-02-16,CUST-0048,Beta Enterprises 48,West,Surat,SUP-028,Summit Solutions 28,West,PROD-0076,Last Mile Model 4,Logistics Services,Last Mile,5,3860.88,0.0,19304.4,16186.97,3117.43,completed,Net-30,Partner,8,3.6
ORD-02914,2025-02-06,CUST-0276,Gamma Enterprises 276,South,Chennai,SUP-032,Prime Industries 32,East,PROD-0060,Labels Model 4,Packaging,Labels,1,4253.89,0.83,0.0,2901.51,-580.3,cancelled,UPI,Partner,,
ORD-02915,2024-06-14,CUST-0015,Alpha Corp 15,North,Lucknow,SUP-005,Summit Solutions 5,North,PROD-0068,Freight Model 4,Logistics Services,Freight,1,4144.73,5.71,0.0,2446.77,-489.35,cancelled,Net-30,Marketplace,,
ORD-02916,2025-11-14,CUST-0299,Echo Enterprises 299,Central,Indore,SUP-039,Summit Industries 39,Central,PROD-0027,Cables Model 3,Electronics,Cables,2,2121.75,12.4,0.0,2767.37,-553.47,cancelled,Net-30,Online,,
ORD-02917,2023-06-29,CUST-0125,Delta Group 125,North,Chandigarh,SUP-048,Zenith Trading 48,West,PROD-0061,Pallets Model 1,Packaging,Pallets,4,3679.47,0.0,0.0,8262.22,-1652.44,cancelled,Credit Card,Direct Sales,,
ORD-02918,2025-08-10,CUST-0120,Echo Ltd 120,North,Jaipur,SUP-040,Orbit Supplies 40,North,PROD-0042,Chemicals Model 2,Raw Materials,Chemicals,7,2884.28,5.16,0.0,15826.04,-3165.21,cancelled,Credit Card,Direct Sales,,
ORD-02919,2025-11-15,CUST-0251,Beta Pvt Ltd 251,South,Bengaluru,SUP-046,Apex Supplies 46,South,PROD-0054,Films Model 2,Packaging,Films,1,2653.99,0.0,2653.99,2005.33,648.66,completed,Wire Transfer,Online,6,3.6
ORD-02920,2023-07-20,CUST-0260,Beta Enterprises 260,North,Delhi,SUP-012,Nova Solutions 12,East,PROD-0007,Conveyors Model 3,Industrial Equipment,Conveyors,2,1784.93,10.22,3205.02,2730.63,474.39,completed,Credit Card,Online,5,4.4
ORD-02921,2023-12-03,CUST-0149,Foxtrot Pvt Ltd 149,Central,Indore,SUP-043,Zenith Trading 43,West,PROD-0044,Chemicals Model 4,Raw Materials,Chemicals,3,4600.58,0.0,13801.74,10203.66,3598.08,pending,Wire Transfer,Partner,,
ORD-02922,2024-07-18,CUST-0050,Delta Pvt Ltd 50,North,Delhi,SUP-060,Nova Supplies 60,North,PROD-0016,CNC Parts Model 4,Industrial Equipment,CNC Parts,12,4535.99,0.48,54170.61,34700.99,19469.62,pending,Wire Transfer,Partner,,
ORD-02923,2024-05-18,CUST-0018,Alpha Enterprises 18,West,Mumbai,SUP-003,Nova Supplies 3,West,PROD-0044,Chemicals Model 4,Raw Materials,Chemicals,6,4128.47,0.0,0.0,17544.23,-3508.85,cancelled,Net-30,Online,,
ORD-02924,2025-01-23,CUST-0120,Echo Ltd 120,North,Jaipur,SUP-015,Prime Industries 15,North,PROD-0021,Controllers Model 1,Electronics,Controllers,13,3528.65,0.0,45872.45,28311.32,17561.13,completed,UPI,Marketplace,10,4.1
ORD-02925,2025-06-05,CUST-0005,Echo Pvt Ltd 5,North,Lucknow,SUP-027,Orbit Trading 27,East,PROD-0022,Controllers Model 2,Electronics,Controllers,4,5052.13,16.68,16837.74,12169.78,4667.96,completed,Wire Transfer,Marketplace,6,5.0
ORD-02926,2024-10-30,CUST-0079,Gamma Pvt Ltd 79,Central,Bhopal,SUP-009,Nova Supplies 9,Central,PROD-0015,CNC Parts Model 3,Industrial Equipment,CNC Parts,1,4183.27,6.85,3896.72,2329.5,1567.22,completed,Letter of Credit,Partner,8,4.2
ORD-02927,2023-10-28,CUST-0261,Gamma Ltd 261,South,Kochi,SUP-060,Nova Supplies 60,North,PROD-0076,Last Mile Model 4,Logistics Services,Last Mile,1,4028.2,15.28,3412.69,3289.74,122.95,completed,Net-30,Partner,4,3.1
ORD-02928,2024-09-08,CUST-0065,Beta Pvt Ltd 65,North,Jaipur,SUP-029,Prime Solutions 29,Central,PROD-0047,Alloys Model 3,Raw Materials,Alloys,1,2628.38,12.65,2295.89,2098.55,197.34,completed,UPI,Partner,6,4.8
ORD-02929,2025-03-17,CUST-0265,Beta Pvt Ltd 265,North,Delhi,SUP-025,Orbit Industries 25,North,PROD-0041,Chemicals Model 1,Raw Materials,Chemicals,1,1844.05,0.0,1844.05,1389.14,454.91,completed,Letter of Credit,Direct Sales,6,
ORD-02930,2025-10-19,CUST-0013,Echo Group 13,West,Pune,SUP-008,Apex Industries 8,West,PROD-0061,Pallets Model 1,Packaging,Pallets,2,4498.14,13.41,7789.88,5044.08,2745.8,pending,Net-30,Partner,,
ORD-02931,2023-01-04,CUST-0270,Delta Group 270,North,Delhi,SUP-020,Apex Manufacturing 20,North,PROD-0063,Pallets Model 3,Packaging,Pallets,2,3259.97,11.94,5741.46,5140.39,601.07,completed,Net-30,Online,5,2.8
ORD-02932,2025-05-29,CUST-0096,Delta Corp 96,South,Chennai,SUP-011,Apex Solutions 11,South,PROD-0024,Controllers Model 4,Electronics,Controllers,2,1341.14,15.1,2277.26,1508.73,768.53,completed,Letter of Credit,Marketplace,7,4.6
ORD-02933,2025-04-30,CUST-0234,Echo Enterprises 234,Central,Indore,SUP-029,Prime Solutions 29,Central,PROD-0021,Controllers Model 1,Electronics,Controllers,7,3304.75,21.79,18092.51,14805.72,3286.79,completed,Letter of Credit,Partner,8,4.0
ORD-02934,2023-07-11,CUST-0190,Alpha Group 190,North,Jaipur,SUP-047,Apex Trading 47,East,PROD-0008,Conveyors Model 4,Industrial Equipment,Conveyors,3,3965.14,0.0,11895.42,9671.04,2224.38,pending,Letter of Credit,Online,,
ORD-02935,2023-10-04,CUST-0052,Beta Ltd 52,East,Guwahati,SUP-039,Summit Industries 39,Central,PROD-0080,Cold Chain Model 4,Logistics Services,Cold Chain,1,2286.45,0.0,2286.45,1859.64,426.81,completed,Wire Transfer,Partner,7,4.1
ORD-02936,2023-01-26,CUST-0174,Gamma Ltd 174,Central,Indore,SUP-024,Summit Manufacturing 24,Central,PROD-0026,Cables Model 2,Electronics,Cables,1,3669.94,0.0,3669.94,2180.3,1489.64,completed,Wire Transfer,Direct Sales,6,5.0
ORD-02937,2025-10-16,CUST-0150,Gamma Pvt Ltd 150,North,Chandigarh,SUP-020,Apex Manufacturing 20,North,PROD-0005,Conveyors Model 1,Industrial Equipment,Conveyors,3,4045.16,5.01,11527.49,9793.01,1734.48,completed,Letter of Credit,Direct Sales,7,3.7
ORD-02938,2023-06-09,CUST-0294,Beta Enterprises 294,Central,Raipur,SUP-060,Nova Supplies 60,North,PROD-0063,Pallets Model 3,Packaging,Pallets,8,3565.94,0.0,28527.52,21633.02,6894.5,completed,Letter of Credit,Direct Sales,9,4.3
ORD-02939,2023-06-24,CUST-0242,Beta Corp 242,East,Kolkata,SUP-018,Nova Supplies 18,West,PROD-0038,Polymers Model 2,Raw Materials,Polymers,4,2775.01,0.71,0.0,8004.41,-1600.88,cancelled,Credit Card,Marketplace,,
ORD-02940,2024-08-30,CUST-0253,Foxtrot Pvt Ltd 253,West,Surat,SUP-028,Summit Solutions 28,West,PROD-0014,CNC Parts Model 2,Industrial Equipment,CNC Parts,1,2053.23,20.1,1640.53,1536.9,103.63,completed,UPI,Online,11,3.9
ORD-02941,2025-04-21,CUST-0060,Alpha Group 60,North,Lucknow,SUP-009,Nova Supplies 9,Central,PROD-0029,Power Supplies Model 1,Electronics,Power Supplies,2,2188.69,0.04,4375.63,2704.78,1670.85,completed,Wire Transfer,Marketplace,7,3.5
ORD-02942,2023-04-08,CUST-0122,Echo Group 122,East,Bhubaneswar,SUP-037,Prime Supplies 37,East,PROD-0012,Compressors Model 4,Industrial Equipment,Compressors,4,2478.3,0.0,0.0,5955.17,-1191.03,cancelled,Wire Transfer,Online,,
ORD-02943,2023-08-20,CUST-0090,Delta Ltd 90,North,Chandigarh,SUP-010,Orbit Solutions 10,North,PROD-0069,Warehousing Model 1,Logistics Services,Warehousing,1,404.05,0.0,404.05,316.62,87.43,completed,Credit Card,Direct Sales,10,4.6
ORD-02944,2023-12-24,CUST-0045,Alpha Group 45,North,Delhi,SUP-035,Zenith Trading 35,North,PROD-0020,Sensors Model 4,Electronics,Sensors,2,439.08,0.0,878.16,697.79,180.37,completed,Letter of Credit,Direct Sales,6,3.7
ORD-02945,2025-01-28,CUST-0167,Alpha Enterprises 167,East,Kolkata,SUP-032,Prime Industries 32,East,PROD-0044,Chemicals Model 4,Raw Materials,Chemicals,11,4298.79,0.86,46880.02,33496.12,13383.9,completed,Wire Transfer,Marketplace,4,4.8
ORD-02946,2025-07-14,CUST-0174,Gamma Ltd 174,Central,Indore,SUP-059,Zenith Trading 59,Central,PROD-0037,Polymers Model 1,Raw Materials,Polymers,6,3511.2,0.0,21067.2,11821.96,9245.24,completed,UPI,Marketplace,10,3.2
ORD-02947,2025-05-24,CUST-0200,Gamma Corp 200,North,Lucknow,SUP-025,Orbit Industries 25,North,PROD-0057,Labels Model 1,Packaging,Labels,10,703.09,1.38,6933.87,5822.94,1110.93,pending,Net-30,Direct Sales,,
ORD-02948,2025-03-26,CUST-0188,Echo Corp 188,West,Mumbai,SUP-038,Summit Trading 38,West,PROD-0069,Warehousing Model 1,Logistics Services,Warehousing,2,334.17,0.0,668.34,557.27,111.07,completed,Letter of Credit,Marketplace,11,4.4
ORD-02949,2024-01-15,CUST-0114,Alpha Group 114,Central,Raipur,SUP-034,Zenith Trading 34,Central,PROD-0006,Conveyors Model 2,Industrial Equipment,Conveyors,1,4125.73,0.0,4125.73,2767.71,1358.02,completed,Net-30,Partner,8,4.0
ORD-02950,2023-05-05,CUST-0094,Echo Enterprises 94,Central,Nagpur,SUP-009,Nova Supplies 9,Central,PROD-0045,Alloys Model 1,Raw Materials,Alloys,4,5019.95,0.0,20079.8,15648.02,4431.78,completed,Letter of Credit,Direct Sales,6,3.4
ORD-02951,2025-07-08,CUST-0174,Gamma Ltd 174,Central,Indore,SUP-059,Zenith Trading 59,Central,PROD-0048,Alloys Model 4,Raw Materials,Alloys,11,486.32,0.0,5349.52,3398.2,1951.32,completed,Net-30,Direct Sales,2,3.6
ORD-02952,2025-11-20,CUST-0179,Echo Ltd 179,Central,Indore,SUP-060,Nova Supplies 60,North,PROD-0021,Controllers Model 1,Electronics,Controllers,34,2971.82,0.0,0.0,64742.19,-12948.44,cancelled,Net-30,Marketplace,,
ORD-02953,2025-12-21,CUST-0271,Foxtrot Group 271,South,Bengaluru,SUP-056,Orbit Trading 56,South,PROD-0058,Labels Model 2,Packaging,Labels,11,4072.19,1.52,44113.22,33018.21,11095.01,pending,Credit Card,Marketplace,,
ORD-02954,2023-11-13,CUST-0225,Foxtrot Enterprises 225,North,Chandigarh,SUP-050,Orbit Trading 50,North,PROD-0034,Steel Model 2,Raw Materials,Steel,22,1663.84,1.29,36132.28,31311.56,4820.72,completed,Credit Card,Online,5,4.2
ORD-02955,2023-04-24,CUST-0005,Echo Pvt Ltd 5,North,Lucknow,SUP-047,Apex Trading 47,East,PROD-0080,Cold Chain Model 4,Logistics Services,Cold Chain,1,2062.74,21.69,1615.33,1697.63,-82.3,completed,Wire Transfer,Marketplace,3,
ORD-02956,2025-09-14,CUST-0040,Alpha Ltd 40,North,Jaipur,SUP-055,Summit Solutions 55,North,PROD-0003,Pump Systems Model 3,Industrial Equipment,Pump Systems,1,4694.37,0.0,4694.37,3095.95,1598.42,completed,Net-30,Online,9,4.9
ORD-02957,2023-05-26,CUST-0030,Alpha Corp 30,North,Chandigarh,SUP-040,Orbit Supplies 40,North,PROD-0042,Chemicals Model 2,Raw Materials,Chemicals,10,3420.64,21.78,26756.25,25166.13,1590.12,pending,Credit Card,Marketplace,,
ORD-02958,2025-04-23,CUST-0040,Alpha Ltd 40,North,Jaipur,SUP-057,Summit Solutions 57,East,PROD-0005,Conveyors Model 1,Industrial Equipment,Conveyors,1,3869.43,0.0,3869.43,3126.66,742.77,completed,UPI,Direct Sales,9,3.3
ORD-02959,2025-03-29,CUST-0244,Gamma Corp 244,Central,Raipur,SUP-054,Nova Supplies 54,Central,PROD-0014,CNC Parts Model 2,Industrial Equipment,CNC Parts,2,2296.94,0.17,4586.07,3314.58,1271.49,completed,UPI,Partner,2,2.9
ORD-02960,2025-02-19,CUST-0027,Gamma Corp 27,East,Kolkata,SUP-057,Summit Solutions 57,East,PROD-0060,Labels Model 4,Packaging,Labels,1,4002.86,0.0,4002.86,2715.42,1287.44,completed,Credit Card,Online,6,
ORD-02961,2023-09-29,CUST-0270,Delta Group 270,North,Delhi,SUP-051,Nova Manufacturing 51,South,PROD-0032,Power Supplies Model 4,Electronics,Power Supplies,3,1120.84,1.84,3300.65,2487.05,813.6,completed,Wire Transfer,Online,6,3.7
ORD-02962,2025-11-27,CUST-0164,Foxtrot Ltd 164,Central,Raipur,SUP-059,Zenith Trading 59,Central,PROD-0005,Conveyors Model 1,Industrial Equipment,Conveyors,5,4614.24,13.83,19880.45,18470.24,1410.21,completed,Credit Card,Partner,11,
ORD-02963,2024-11-05,CUST-0157,Delta Enterprises 157,East,Bhubaneswar,SUP-032,Prime Industries 32,East,PROD-0030,Power Supplies Model 2,Electronics,Power Supplies,1,3971.52,12.51,3474.68,2333.33,1141.35,completed,Wire Transfer,Online,4,4.1
ORD-02964,2024-07-18,CUST-0033,Echo Ltd 33,West,Pune,SUP-032,Prime Industries 32,East,PROD-0003,Pump Systems Model 3,Industrial Equipment,Pump Systems,1,5349.9,10.07,4811.17,3366.28,1444.89,completed,Letter of Credit,Direct Sales,8,3.9
ORD-02965,2023-12-16,CUST-0167,Alpha Enterprises 167,East,Kolkata,SUP-017,Prime Trading 17,East,PROD-0068,Freight Model 4,Logistics Services,Freight,2,4517.87,0.0,9035.74,5474.3,3561.44,completed,Wire Transfer,Marketplace,4,5.0
ORD-02966,2023-09-13,CUST-0111,Echo Group 111,South,Kochi,SUP-026,Zenith Industries 26,South,PROD-0023,Controllers Model 3,Electronics,Controllers,1,2286.24,0.0,2286.24,1431.3,854.94,completed,Wire Transfer,Online,11,2.6
ORD-02967,2025-08-04,CUST-0206,Delta Group 206,South,Kochi,SUP-016,Nova Manufacturing 16,South,PROD-0079,Cold Chain Model 3,Logistics Services,Cold Chain,4,500.44,0.0,2001.76,1387.81,613.95,completed,Letter of Credit,Marketplace,6,4.9
ORD-02968,2025-03-12,CUST-0284,Beta Enterprises 284,Central,Raipur,SUP-019,Prime Industries 19,Central,PROD-0079,Cold Chain Model 3,Logistics Services,Cold Chain,1,490.37,0.0,490.37,337.82,152.55,completed,Letter of Credit,Marketplace,10,3.2
ORD-02969,2023-03-27,CUST-0017,Beta Group 17,East,Kolkata,SUP-051,Nova Manufacturing 51,South,PROD-0078,Cold Chain Model 2,Logistics Services,Cold Chain,2,905.41,0.0,1810.82,1271.03,539.79,completed,UPI,Partner,6,5.0
ORD-02970,2025-07-11,CUST-0168,Delta Ltd 168,West,Pune,SUP-054,Nova Supplies 54,Central,PROD-0042,Chemicals Model 2,Raw Materials,Chemicals,3,3048.98,15.92,0.0,7198.39,-1439.68,cancelled,Credit Card,Partner,,
ORD-02971,2023-12-22,CUST-0102,Gamma Ltd 102,East,Patna,SUP-037,Prime Supplies 37,East,PROD-0065,Freight Model 1,Logistics Services,Freight,4,4439.24,0.0,0.0,10306.53,-2061.31,cancelled,UPI,Marketplace,,
ORD-02972,2024-09-17,CUST-0219,Gamma Group 219,Central,Raipur,SUP-017,Prime Trading 17,East,PROD-0069,Warehousing Model 1,Logistics Services,Warehousing,1,354.31,0.0,35.43,290.89,-22.75,cancelled,Net-30,Partner,,
ORD-02973,2025-01-05,CUST-0031,Alpha Group 31,South,Hyderabad,SUP-056,Orbit Trading 56,South,PROD-0004,Pump Systems Model 4,Industrial Equipment,Pump Systems,6,3492.56,0.0,0.0,16223.41,-3244.68,cancelled,Wire Transfer,Direct Sales,,
ORD-02974,2025-04-30,CUST-0111,Echo Group 111,South,Kochi,SUP-016,Nova Manufacturing 16,South,PROD-0040,Polymers Model 4,Raw Materials,Polymers,1,4119.18,1.55,4055.33,3022.93,1032.4,completed,Net-30,Direct Sales,9,3.0
ORD-02975,2025-01-18,CUST-0003,Echo Corp 3,West,Surat,SUP-015,Prime Industries 15,North,PROD-0079,Cold Chain Model 3,Logistics Services,Cold Chain,8,539.72,0.0,4317.76,2881.67,1436.09,pending,UPI,Marketplace,,
ORD-02976,2024-12-25,CUST-0005,Echo Pvt Ltd 5,North,Lucknow,SUP-025,Orbit Industries 25,North,PROD-0012,Compressors Model 4,Industrial Equipment,Compressors,9,2402.61,13.68,18665.4,12170.45,6494.95,completed,Credit Card,Partner,7,4.7
ORD-02977,2025-06-18,CUST-0280,Alpha Ltd 280,North,Lucknow,SUP-060,Nova Supplies 60,North,PROD-0052,Corrugated Model 4,Packaging,Corrugated,1,4627.18,0.0,4627.18,3521.27,1105.91,completed,Wire Transfer,Online,8,3.2
ORD-02978,2023-01-29,CUST-0190,Alpha Group 190,North,Jaipur,SUP-055,Summit Solutions 55,North,PROD-0078,Cold Chain Model 2,Logistics Services,Cold Chain,15,793.48,0.92,11792.7,7807.09,3985.61,pending,UPI,Partner,,
ORD-02979,2023-12-04,CUST-0204,Echo Corp 204,Central,Nagpur,SUP-014,Zenith Solutions 14,Central,PROD-0058,Labels Model 2,Packaging,Labels,2,3886.11,0.0,777.22,5768.43,-376.47,cancelled,UPI,Marketplace,,
ORD-02980,2025-09-01,CUST-0214,Gamma Enterprises 214,Central,Nagpur,SUP-045,Nova Trading 45,North,PROD-0013,CNC Parts Model 1,Industrial Equipment,CNC Parts,2,2917.27,21.73,4566.69,4916.26,-349.57,completed,Wire Transfer,Marketplace,9,4.1
ORD-02981,2024-02-18,CUST-0150,Gamma Pvt Ltd 150,North,Chandigarh,SUP-020,Apex Manufacturing 20,North,PROD-0004,Pump Systems Model 4,Industrial Equipment,Pump Systems,1,3228.42,0.0,3228.42,2406.51,821.91,completed,Credit Card,Marketplace,9,3.1
ORD-02982,2024-05-19,CUST-0255,Delta Corp 255,North,Lucknow,SUP-060,Nova Supplies 60,North,PROD-0018,Sensors Model 2,Electronics,Sensors,3,2620.98,0.71,0.0,5537.55,-1107.51,cancelled,Letter of Credit,Partner,,
ORD-02983,2024-01-01,CUST-0251,Beta Pvt Ltd 251,South,Bengaluru,SUP-009,Nova Supplies 9,Central,PROD-0066,Freight Model 2,Logistics Services,Freight,2,1283.39,16.82,2135.05,1438.99,696.06,pending,Wire Transfer,Partner,,
ORD-02984,2025-08-27,CUST-0175,Foxtrot Corp 175,North,Delhi,SUP-025,Orbit Industries 25,North,PROD-0004,Pump Systems Model 4,Industrial Equipment,Pump Systems,4,3237.21,6.27,0.0,9753.41,-1950.68,cancelled,UPI,Partner,,
ORD-02985,2024-03-16,CUST-0144,Echo Enterprises 144,Central,Raipur,SUP-049,Apex Supplies 49,Central,PROD-0005,Conveyors Model 1,Industrial Equipment,Conveyors,1,4422.38,1.95,0.0,3538.58,-707.72,cancelled,Wire Transfer,Partner,,
ORD-02986,2024-01-11,CUST-0124,Gamma Pvt Ltd 124,Central,Indore,SUP-047,Apex Trading 47,East,PROD-0002,Pump Systems Model 2,Industrial Equipment,Pump Systems,9,758.7,11.88,6017.1,4762.05,1255.05,completed,UPI,Marketplace,8,3.6
ORD-02987,2023-08-28,CUST-0112,Delta Group 112,East,Kolkata,SUP-027,Orbit Trading 27,East,PROD-0021,Controllers Model 1,Electronics,Controllers,1,3187.32,7.0,2964.21,2030.53,933.68,completed,Wire Transfer,Partner,9,4.3
ORD-02988,2025-09-01,CUST-0286,Alpha Pvt Ltd 286,South,Chennai,SUP-011,Apex Solutions 11,South,PROD-0038,Polymers Model 2,Raw Materials,Polymers,3,3003.57,5.62,8504.31,6332.16,2172.15,completed,Letter of Credit,Direct Sales,13,4.8
ORD-02989,2023-12-23,CUST-0179,Echo Ltd 179,Central,Indore,SUP-043,Zenith Trading 43,West,PROD-0066,Freight Model 2,Logistics Services,Freight,14,1362.57,0.0,1907.6,10399.55,-172.31,cancelled,Net-30,Marketplace,,
ORD-02990,2023-01-01,CUST-0082,Gamma Corp 82,East,Guwahati,SUP-031,Apex Supplies 31,South,PROD-0028,Cables Model 4,Electronics,Cables,2,3160.63,0.86,6266.9,4813.66,1453.24,pending,Letter of Credit,Direct Sales,,
ORD-02991,2023-10-08,CUST-0282,Delta Pvt Ltd 282,East,Bhubaneswar,SUP-042,Nova Manufacturing 42,East,PROD-0061,Pallets Model 1,Packaging,Pallets,1,4035.35,10.44,3614.06,2271.47,1342.59,pending,Credit Card,Marketplace,,
ORD-02992,2025-03-21,CUST-0182,Beta Pvt Ltd 182,East,Kolkata,SUP-032,Prime Industries 32,East,PROD-0049,Corrugated Model 1,Packaging,Corrugated,5,3976.58,0.0,19882.9,12039.01,7843.89,pending,Letter of Credit,Partner,,
ORD-02993,2024-10-17,CUST-0290,Beta Enterprises 290,North,Lucknow,SUP-019,Prime Industries 19,Central,PROD-0011,Compressors Model 3,Industrial Equipment,Compressors,1,4744.71,0.0,4744.71,3519.69,1225.02,completed,Net-30,Online,3,4.8
ORD-02994,2023-07-02,CUST-0088,Alpha Ltd 88,West,Mumbai,SUP-013,Zenith Supplies 13,West,PROD-0013,CNC Parts Model 1,Industrial Equipment,CNC Parts,2,3162.61,11.73,5583.27,4952.17,631.1,pending,UPI,Partner,,
ORD-02995,2024-08-18,CUST-0205,Alpha Ltd 205,North,Chandigarh,SUP-060,Nova Supplies 60,North,PROD-0008,Conveyors Model 4,Industrial Equipment,Conveyors,2,4189.47,0.0,8378.94,6758.99,1619.95,completed,Net-30,Direct Sales,2,4.0
ORD-02996,2024-08-18,CUST-0016,Gamma Ltd 16,South,Hyderabad,SUP-051,Nova Manufacturing 51,South,PROD-0038,Polymers Model 2,Raw Materials,Polymers,1,3431.21,0.0,3431.21,2395.76,1035.45,completed,Net-30,Online,11,5.0
ORD-02997,2024-11-11,CUST-0257,Alpha Corp 257,East,Patna,SUP-032,Prime Industries 32,East,PROD-0032,Power Supplies Model 4,Electronics,Power Supplies,1,1373.79,0.0,1373.79,961.24,412.55,completed,UPI,Marketplace,4,4.3
ORD-02998,2023-04-02,CUST-0029,Alpha Corp 29,Central,Indore,SUP-004,Nova Industries 4,Central,PROD-0024,Controllers Model 4,Electronics,Controllers,8,1332.42,0.0,10659.36,5850.09,4809.27,completed,Credit Card,Partner,10,3.7
ORD-02999,2024-06-05,CUST-0076,Foxtrot Corp 76,South,Hyderabad,SUP-001,Summit Industries 1,South,PROD-0054,Films Model 2,Packaging,Films,4,2714.9,0.0,10859.6,8287.13,2572.47,pending,UPI,Partner,,
ORD-03000,2024-03-06,CUST-0055,Alpha Group 55,North,Delhi,SUP-017,Prime Trading 17,East,PROD-0009,Compressors Model 1,Industrial Equipment,Compressors,5,237.31,0.0,1186.55,677.96,508.59,completed,Credit Card,Online,4,5.0
ORD-03001,2023-10-25,CUST-0035,Beta Corp 35,North,Lucknow,SUP-055,Summit Solutions 55,North,PROD-0020,Sensors Model 4,Electronics,Sensors,11,439.51,20.24,3856.08,3810.51,45.57,completed,Letter of Credit,Direct Sales,3,4.2
ORD-03002,2025-08-11,CUST-0287,Gamma Group 287,East,Guwahati,SUP-007,Zenith Industries 7,East,PROD-0079,Cold Chain Model 3,Logistics Services,Cold Chain,3,499.15,1.7,1471.99,1090.92,381.07,pending,Net-30,Marketplace,,
ORD-03003,2023-09-16,CUST-0216,Alpha Ltd 216,South,Chennai,SUP-007,Zenith Industries 7,East,PROD-0066,Freight Model 2,Logistics Services,Freight,11,1219.35,0.0,13412.85,7664.26,5748.59,completed,Net-30,Direct Sales,4,4.4
ORD-03004,2025-08-01,CUST-0266,Foxtrot Enterprises 266,South,Kochi,SUP-011,Apex Solutions 11,South,PROD-0066,Freight Model 2,Logistics Services,Freight,2,1326.24,15.4,2244.0,1435.33,808.67,completed,Net-30,Direct Sales,10,3.6
ORD-03005,2023-05-09,CUST-0251,Beta Pvt Ltd 251,South,Bengaluru,SUP-028,Summit Solutions 28,West,PROD-0024,Controllers Model 4,Electronics,Controllers,6,1263.63,0.0,7581.78,4258.1,3323.68,completed,UPI,Marketplace,10,4.6
ORD-03006,2024-02-04,CUST-0173,Delta Corp 173,West,Mumbai,SUP-018,Nova Supplies 18,West,PROD-0077,Cold Chain Model 1,Logistics Services,Cold Chain,2,2319.76,5.83,4369.04,3597.42,771.62,completed,Wire Transfer,Direct Sales,6,4.6
ORD-03007,2024-09-09,CUST-0146,Gamma Ltd 146,South,Kochi,SUP-056,Orbit Trading 56,South,PROD-0061,Pallets Model 1,Packaging,Pallets,12,4196.46,0.0,50357.52,27420.67,22936.85,completed,Net-30,Partner,5,3.6
ORD-03008,2024-10-29,CUST-0276,Gamma Enterprises 276,South,Chennai,SUP-041,Orbit Supplies 41,South,PROD-0063,Pallets Model 3,Packaging,Pallets,4,3191.95,0.0,12767.8,9976.0,2791.8,completed,Net-30,Online,1,4.0
ORD-03009,2025-05-28,CUST-0180,Foxtrot Pvt Ltd 180,North,Lucknow,SUP-010,Orbit Solutions 10,North,PROD-0044,Chemicals Model 4,Raw Materials,Chemicals,1,4177.98,12.65,3649.47,3060.07,589.4,completed,Net-30,Partner,6,3.6
ORD-03010,2024-05-24,CUST-0246,Alpha Ltd 246,South,Kochi,SUP-006,Apex Solutions 6,South,PROD-0030,Power Supplies Model 2,Electronics,Power Supplies,1,4063.14,0.0,4063.14,2560.77,1502.37,completed,Net-30,Marketplace,6,
ORD-03011,2023-04-11,CUST-0070,Echo Pvt Ltd 70,North,Chandigarh,SUP-047,Apex Trading 47,East,PROD-0080,Cold Chain Model 4,Logistics Services,Cold Chain,2,2081.46,1.75,4090.07,3588.53,501.54,completed,UPI,Marketplace,11,3.0
ORD-03012,2023-08-18,CUST-0250,Beta Corp 250,North,Jaipur,SUP-025,Orbit Industries 25,North,PROD-0013,CNC Parts Model 1,Industrial Equipment,CNC Parts,4,3334.78,0.0,13339.12,11098.35,2240.77,completed,Credit Card,Direct Sales,1,
ORD-03013,2025-09-21,CUST-0141,Alpha Enterprises 141,South,Chennai,SUP-056,Orbit Trading 56,South,PROD-0032,Power Supplies Model 4,Electronics,Power Supplies,7,1247.84,0.0,8734.88,6567.3,2167.58,completed,Credit Card,Direct Sales,8,5.0
ORD-03014,2024-06-30,CUST-0041,Beta Group 41,South,Chennai,SUP-028,Summit Solutions 28,West,PROD-0051,Corrugated Model 3,Packaging,Corrugated,1,4809.84,0.0,4809.84,3411.94,1397.9,completed,Letter of Credit,Marketplace,1,4.3
ORD-03015,2025-09-04,CUST-0270,Delta Group 270,North,Delhi,SUP-025,Orbit Industries 25,North,PROD-0045,Alloys Model 1,Raw Materials,Alloys,3,4625.4,0.0,13876.2,10173.39,3702.81,completed,UPI,Partner,9,4.4
ORD-03016,2024-02-23,CUST-0214,Gamma Enterprises 214,Central,Nagpur,SUP-049,Apex Supplies 49,Central,PROD-0007,Conveyors Model 3,Industrial Equipment,Conveyors,14,1527.26,10.19,19202.85,16433.8,2769.05,completed,UPI,Marketplace,11,3.7
ORD-03017,2024-04-12,CUST-0267,Foxtrot Enterprises 267,East,Patna,SUP-035,Zenith Trading 35,North,PROD-0078,Cold Chain Model 2,Logistics Services,Cold Chain,3,737.65,13.88,1905.79,1467.33,438.46,pending,Credit Card,Partner,,
ORD-03018,2024-11-21,CUST-0072,Gamma Pvt Ltd 72,East,Bhubaneswar,SUP-007,Zenith Industries 7,East,PROD-0035,Steel Model 3,Raw Materials,Steel,1,3802.57,2.0,3726.52,2337.92,1388.6,completed,UPI,Marketplace,8,4.9
ORD-03019,2025-09-05,CUST-0028,Echo Ltd 28,West,Pune,SUP-053,Nova Trading 53,West,PROD-0073,Last Mile Model 1,Logistics Services,Last Mile,1,2845.96,0.0,2845.96,1659.34,1186.62,completed,UPI,Marketplace,11,4.5
ORD-03020,2024-11-17,CUST-0204,Echo Corp 204,Central,Nagpur,SUP-059,Zenith Trading 59,Central,PROD-0073,Last Mile Model 1,Logistics Services,Last Mile,2,2310.27,0.0,4620.54,2771.66,1848.88,completed,Net-30,Direct Sales,6,4.7
ORD-03021,2023-05-16,CUST-0062,Echo Corp 62,East,Kolkata,SUP-017,Prime Trading 17,East,PROD-0066,Freight Model 2,Logistics Services,Freight,5,1260.66,0.0,0.0,3642.81,-728.56,cancelled,Wire Transfer,Online,,
ORD-03022,2025-10-02,CUST-0017,Beta Group 17,East,Kolkata,SUP-027,Orbit Trading 27,East,PROD-0074,Last Mile Model 2,Logistics Services,Last Mile,1,4033.29,5.37,3816.7,2321.39,1495.31,completed,Wire Transfer,Partner,6,3.6
ORD-03023,2023-06-03,CUST-0033,Echo Ltd 33,West,Pune,SUP-053,Nova Trading 53,West,PROD-0057,Labels Model 1,Packaging,Labels,9,762.12,0.0,6859.08,5566.81,1292.27,completed,Net-30,Direct Sales,7,2.9
ORD-03024,2024-11-21,CUST-0091,Gamma Pvt Ltd 91,South,Bengaluru,SUP-006,Apex Solutions 6,South,PROD-0064,Pallets Model 4,Packaging,Pallets,3,3213.61,11.79,8504.18,7990.58,513.6,completed,Letter of Credit,Marketplace,11,4.0
ORD-03025,2024-10-15,CUST-0121,Delta Enterprises 121,South,Chennai,SUP-011,Apex Solutions 11,South,PROD-0036,Steel Model 4,Raw Materials,Steel,16,3148.23,0.0,0.0,37762.38,-7552.48,cancelled,Credit Card,Marketplace,,
ORD-03026,2025-06-06,CUST-0201,Gamma Ltd 201,South,Kochi,SUP-006,Apex Solutions 6,South,PROD-0036,Steel Model 4,Raw Materials,Steel,1,2791.77,0.0,2791.77,2194.61,597.16,completed,Wire Transfer,Marketplace,7,3.4
ORD-03027,2025-09-29,CUST-0262,Foxtrot Enterprises 262,East,Guwahati,SUP-037,Prime Supplies 37,East,PROD-0060,Labels Model 4,Packaging,Labels,16,4239.44,13.44,58714.55,44653.12,14061.43,completed,UPI,Marketplace,6,4.1
ORD-03028,2023-03-23,CUST-0083,Foxtrot Enterprises 83,West,Mumbai,SUP-020,Apex Manufacturing 20,North,PROD-0044,Chemicals Model 4,Raw Materials,Chemicals,2,4514.12,20.99,7133.21,6758.55,374.66,completed,Net-30,Partner,2,4.7
ORD-03029,2024-07-10,CUST-0045,Alpha Group 45,North,Delhi,SUP-055,Summit Solutions 55,North,PROD-0070,Warehousing Model 2,Logistics Services,Warehousing,4,5043.17,0.0,20172.68,12938.25,7234.43,completed,Wire Transfer,Direct Sales,5,3.8
ORD-03030,2024-08-10,CUST-0086,Foxtrot Enterprises 86,South,Chennai,SUP-031,Apex Supplies 31,South,PROD-0065,Freight Model 1,Logistics Services,Freight,3,5396.34,0.0,16189.02,9459.68,6729.34,completed,Net-30,Direct Sales,4,5.0
ORD-03031,2025-02-03,CUST-0003,Echo Corp 3,West,Surat,SUP-023,Prime Industries 23,West,PROD-0054,Films Model 2,Packaging,Films,2,2275.72,6.5,4255.6,3673.78,581.82,completed,Net-30,Partner,6,4.0
ORD-03032,2025-06-16,CUST-0228,Gamma Ltd 228,West,Surat,SUP-023,Prime Industries 23,West,PROD-0073,Last Mile Model 1,Logistics Services,Last Mile,5,2349.95,0.0,11749.75,6637.04,5112.71,completed,Letter of Credit,Online,5,4.3
ORD-03033,2024-07-12,CUST-0247,Foxtrot Group 247,East,Patna,SUP-004,Nova Industries 4,Central,PROD-0007,Conveyors Model 3,Industrial Equipment,Conveyors,1,1797.6,0.0,1797.6,1411.76,385.84,completed,Letter of Credit,Marketplace,9,4.6
ORD-03034,2025-11-15,CUST-0245,Gamma Pvt Ltd 245,North,Chandigarh,SUP-043,Zenith Trading 43,West,PROD-0029,Power Supplies Model 1,Electronics,Power Supplies,23,2067.42,6.05,44673.85,30668.46,14005.39,completed,Letter of Credit,Direct Sales,8,5.0
ORD-03035,2024-01-05,CUST-0177,Echo Ltd 177,East,Kolkata,SUP-037,Prime Supplies 37,East,PROD-0027,Cables Model 3,Electronics,Cables,9,2314.01,0.0,20826.09,13448.52,7377.57,pending,Wire Transfer,Direct Sales,,
ORD-03036,2025-01-07,CUST-0171,Gamma Enterprises 171,South,Hyderabad,SUP-051,Nova Manufacturing 51,South,PROD-0078,Cold Chain Model 2,Logistics Services,Cold Chain,7,831.17,0.0,5818.19,3819.33,1998.86,completed,UPI,Partner,9,4.8
ORD-03037,2025-06-07,CUST-0207,Foxtrot Enterprises 207,East,Bhubaneswar,SUP-017,Prime Trading 17,East,PROD-0027,Cables Model 3,Electronics,Cables,15,2045.06,2.0,30062.38,19358.63,10703.75,completed,UPI,Marketplace,7,
ORD-03038,2025-12-27,CUST-0234,Echo Enterprises 234,Central,Indore,SUP-029,Prime Solutions 29,Central,PROD-0069,Warehousing Model 1,Logistics Services,Warehousing,2,391.23,0.0,782.46,622.63,159.83,completed,Letter of Credit,Marketplace,15,
ORD-03039,2024-04-27,CUST-0136,Delta Ltd 136,South,Kochi,SUP-033,Nova Industries 33,West,PROD-0074,Last Mile Model 2,Logistics Services,Last Mile,1,4045.38,5.28,3831.78,2298.16,1533.62,pending,Wire Transfer,Direct Sales,,
ORD-03040,2025-03-16,CUST-0144,Echo Enterprises 144,Central,Raipur,SUP-045,Nova Trading 45,North,PROD-0061,Pallets Model 1,Packaging,Pallets,1,4090.87,1.23,4040.55,2340.47,1700.08,completed,UPI,Direct Sales,8,4.3
ORD-03041,2025-03-23,CUST-0187,Foxtrot Pvt Ltd 187,East,Kolkata,SUP-012,Nova Solutions 12,East,PROD-0034,Steel Model 2,Raw Materials,Steel,2,1568.34,0.0,3136.68,2552.15,584.53,completed,UPI,Direct Sales,5,
ORD-03042,2023-01-17,CUST-0284,Beta Enterprises 284,Central,Raipur,SUP-046,Apex Supplies 46,South,PROD-0039,Polymers Model 3,Raw Materials,Polymers,1,4858.83,0.0,4858.83,3204.79,1654.04,completed,Letter of Credit,Marketplace,11,4.3
ORD-03043,2023-02-28,CUST-0223,Gamma Corp 223,West,Pune,SUP-060,Nova Supplies 60,North,PROD-0073,Last Mile Model 1,Logistics Services,Last Mile,20,2434.37,10.13,43755.37,27541.47,16213.9,completed,Net-30,Marketplace,5,5.0
ORD-03044,2025-06-29,CUST-0192,Alpha Enterprises 192,East,Guwahati,SUP-022,Prime Solutions 22,East,PROD-0042,Chemicals Model 2,Raw Materials,Chemicals,4,3370.02,0.0,13480.08,10379.97,3100.11,completed,UPI,Partner,5,4.2
ORD-03045,2025-08-21,CUST-0194,Delta Ltd 194,Central,Bhopal,SUP-006,Apex Solutions 6,South,PROD-0042,Chemicals Model 2,Raw Materials,Chemicals,3,2857.83,0.0,8573.49,6679.79,1893.7,completed,Wire Transfer,Online,7,3.0
ORD-03046,2023-11-14,CUST-0164,Foxtrot Ltd 164,Central,Raipur,SUP-029,Prime Solutions 29,Central,PROD-0031,Power Supplies Model 3,Electronics,Power Supplies,4,2089.8,13.03,7270.0,6025.87,1244.13,completed,Credit Card,Online,7,2.6
ORD-03047,2023-11-18,CUST-0013,Echo Group 13,West,Pune,SUP-048,Zenith Trading 48,West,PROD-0011,Compressors Model 3,Industrial Equipment,Compressors,1,4920.42,0.0,4920.42,3948.18,972.24,completed,Net-30,Marketplace,10,3.0
ORD-03048,2025-04-03,CUST-0174,Gamma Ltd 174,Central,Indore,SUP-014,Zenith Solutions 14,Central,PROD-0017,Sensors Model 1,Electronics,Sensors,9,2080.19,11.31,16604.28,11570.16,5034.12,completed,Wire Transfer,Online,5,3.9
ORD-03049,2023-05-14,CUST-0163,Delta Pvt Ltd 163,West,Mumbai,SUP-028,Summit Solutions 28,West,PROD-0076,Last Mile Model 4,Logistics Services,Last Mile,3,3970.24,0.0,11910.72,10028.13,1882.59,completed,UPI,Online,10,4.2
ORD-03050,2024-04-14,CUST-0033,Echo Ltd 33,West,Pune,SUP-034,Zenith Trading 34,Central,PROD-0063,Pallets Model 3,Packaging,Pallets,4,3741.74,0.0,14966.96,11460.9,3506.06,completed,Wire Transfer,Marketplace,7,3.8
ORD-03051,2023-10-23,CUST-0266,Foxtrot Enterprises 266,South,Kochi,SUP-046,Apex Supplies 46,South,PROD-0073,Last Mile Model 1,Logistics Services,Last Mile,1,2823.92,1.1,2792.86,1562.95,1229.91,completed,Credit Card,Direct Sales,9,4.4
ORD-03052,2024-10-29,CUST-0055,Alpha Group 55,North,Delhi,SUP-015,Prime Industries 15,North,PROD-0053,Films Model 1,Packaging,Films,1,1306.76,0.0,1306.76,1049.03,257.73,completed,Net-30,Partner,6,
ORD-03053,2023-04-16,CUST-0008,Gamma Enterprises 8,West,Mumbai,SUP-018,Nova Supplies 18,West,PROD-0070,Warehousing Model 2,Logistics Services,Warehousing,2,4308.82,0.0,8617.64,5711.12,2906.52,completed,Net-30,Marketplace,5,3.5
ORD-03054,2023-08-10,CUST-0019,Echo Ltd 19,Central,Indore,SUP-034,Zenith Trading 34,Central,PROD-0020,Sensors Model 4,Electronics,Sensors,27,440.06,5.54,11223.38,9534.25,1689.13,completed,Wire Transfer,Partner,3,5.0
ORD-03055,2024-12-15,CUST-0027,Gamma Corp 27,East,Kolkata,SUP-052,Zenith Manufacturing 52,East,PROD-0048,Alloys Model 4,Raw Materials,Alloys,1,551.54,0.0,551.54,335.59,215.95,completed,Net-30,Marketplace,2,3.2
ORD-03056,2024-06-29,CUST-0220,Alpha Ltd 220,North,Jaipur,SUP-045,Nova Trading 45,North,PROD-0074,Last Mile Model 2,Logistics Services,Last Mile,8,4774.57,1.85,37489.92,22130.34,15359.58,completed,Letter of Credit,Online,7,4.5
ORD-03057,2023-09-13,CUST-0098,Foxtrot Ltd 98,West,Surat,SUP-013,Zenith Supplies 13,West,PROD-0011,Compressors Model 3,Industrial Equipment,Compressors,24,5401.11,0.0,0.0,103425.49,-20685.1,cancelled,Credit Card,Direct Sales,,
ORD-03058,2023-04-11,CUST-0234,Echo Enterprises 234,Central,Indore,SUP-024,Summit Manufacturing 24,Central,PROD-0064,Pallets Model 4,Packaging,Pallets,2,3129.25,0.15,6249.11,5052.3,1196.81,completed,Wire Transfer,Direct Sales,9,4.8
ORD-03059,2023-01-27,CUST-0249,Foxtrot Ltd 249,Central,Bhopal,SUP-054,Nova Supplies 54,Central,PROD-0071,Warehousing Model 3,Logistics Services,Warehousing,12,1914.56,0.5,22859.85,13645.75,9214.1,completed,Wire Transfer,Marketplace,7,4.8
ORD-03060,2023-04-12,CUST-0136,Delta Ltd 136,South,Kochi,SUP-052,Zenith Manufacturing 52,East,PROD-0047,Alloys Model 3,Raw Materials,Alloys,9,3181.89,11.84,25246.39,21029.82,4216.57,completed,Net-30,Direct Sales,5,2.6
ORD-03061,2024-11-13,CUST-0279,Echo Corp 279,Central,Nagpur,SUP-039,Summit Industries 39,Central,PROD-0048,Alloys Model 4,Raw Materials,Alloys,7,531.46,0.0,3720.22,2434.0,1286.22,completed,UPI,Marketplace,5,4.2
ORD-03062,2023-08-22,CUST-0141,Alpha Enterprises 141,South,Chennai,SUP-047,Apex Trading 47,East,PROD-0014,CNC Parts Model 2,Industrial Equipment,CNC Parts,1,2313.38,0.0,2313.38,1727.27,586.11,completed,Letter of Credit,Partner,9,3.9
ORD-03063,2025-03-11,CUST-0130,Alpha Ltd 130,North,Jaipur,SUP-010,Orbit Solutions 10,North,PROD-0005,Conveyors Model 1,Industrial Equipment,Conveyors,8,4227.25,0.0,33818.0,28366.29,5451.71,completed,Net-30,Partner,3,4.5
ORD-03064,2024-04-13,CUST-0121,Delta Enterprises 121,South,Chennai,SUP-041,Orbit Supplies 41,South,PROD-0052,Corrugated Model 4,Packaging,Corrugated,3,4600.97,11.24,12251.46,10529.2,1722.26,completed,Wire Transfer,Online,5,5.0
ORD-03065,2024-10-01,CUST-0220,Alpha Ltd 220,North,Jaipur,SUP-035,Zenith Trading 35,North,PROD-0055,Films Model 3,Packaging,Films,3,3976.03,0.0,11928.09,7688.64,4239.45,completed,UPI,Direct Sales,5,4.4
ORD-03066,2024-02-08,CUST-0172,Delta Pvt Ltd 172,East,Patna,SUP-002,Apex Trading 2,East,PROD-0048,Alloys Model 4,Raw Materials,Alloys,2,491.29,0.0,982.58,600.89,381.69,completed,UPI,Online,6,4.4
ORD-03067,2023-12-26,CUST-0084,Alpha Corp 84,Central,Nagpur,SUP-024,Summit Manufacturing 24,Central,PROD-0061,Pallets Model 1,Packaging,Pallets,1,4390.43,0.0,4390.43,2419.84,1970.59,completed,Credit Card,Marketplace,7,5.0
ORD-03068,2024-07-13,CUST-0195,Echo Group 195,North,Jaipur,SUP-060,Nova Supplies 60,North,PROD-0053,Films Model 1,Packaging,Films,1,1362.4,21.98,1062.94,1133.43,-70.49,pending,Wire Transfer,Online,,
ORD-03069,2025-09-03,CUST-0111,Echo Group 111,South,Kochi,SUP-049,Apex Supplies 49,Central,PROD-0041,Chemicals Model 1,Raw Materials,Chemicals,5,1621.37,15.55,0.0,6226.47,-1245.29,cancelled,Wire Transfer,Marketplace,,
ORD-03070,2024-08-15,CUST-0054,Foxtrot Pvt Ltd 54,Central,Indore,SUP-023,Prime Industries 23,West,PROD-0053,Films Model 1,Packaging,Films,2,1457.51,1.01,2885.58,2264.7,620.88,completed,Credit Card,Partner,6,4.7
ORD-03071,2023-06-28,CUST-0134,Delta Enterprises 134,Central,Indore,SUP-009,Nova Supplies 9,Central,PROD-0075,Last Mile Model 3,Logistics Services,Last Mile,12,2313.9,5.01,2637.57,21822.18,-1726.87,cancelled,UPI,Online,,
ORD-03072,2025-06-10,CUST-0195,Echo Group 195,North,Jaipur,SUP-010,Orbit Solutions 10,North,PROD-0039,Polymers Model 3,Raw Materials,Polymers,2,5026.94,10.76,8972.08,6134.33,2837.75,completed,Net-30,Online,8,4.0
ORD-03073,2023-01-12,CUST-0180,Foxtrot Pvt Ltd 180,North,Lucknow,SUP-015,Prime Industries 15,North,PROD-0025,Cables Model 1,Electronics,Cables,1,3719.0,16.01,3123.59,2903.14,220.45,completed,Credit Card,Partner,3,4.2
ORD-03074,2025-02-24,CUST-0177,Echo Ltd 177,East,Kolkata,SUP-047,Apex Trading 47,East,PROD-0046,Alloys Model 2,Raw Materials,Alloys,1,1678.52,6.09,1576.3,1186.1,390.2,completed,Letter of Credit,Marketplace,1,3.6
ORD-03075,2024-09-28,CUST-0219,Gamma Group 219,Central,Raipur,SUP-055,Summit Solutions 55,North,PROD-0067,Freight Model 3,Logistics Services,Freight,3,4560.28,0.0,13680.84,9713.25,3967.59,completed,Wire Transfer,Online,1,3.8
ORD-03076,2023-09-12,CUST-0017,Beta Group 17,East,Kolkata,SUP-002,Apex Trading 2,East,PROD-0040,Polymers Model 4,Raw Materials,Polymers,8,3944.68,0.76,0.0,21954.59,-4390.92,cancelled,Letter of Credit,Online,,
ORD-03077,2025-07-24,CUST-0262,Foxtrot Enterprises 262,East,Guwahati,SUP-042,Nova Manufacturing 42,East,PROD-0062,Pallets Model 2,Packaging,Pallets,3,2597.22,0.0,7791.66,5513.08,2278.58,completed,UPI,Partner,7,4.5
ORD-03078,2025-05-06,CUST-0031,Alpha Group 31,South,Hyderabad,SUP-016,Nova Manufacturing 16,South,PROD-0019,Sensors Model 3,Electronics,Sensors,2,4156.86,5.71,0.0,4910.25,-982.05,cancelled,Net-30,Partner,,
ORD-03079,2025-06-08,CUST-0106,Foxtrot Group 106,South,Kochi,SUP-026,Zenith Industries 26,South,PROD-0027,Cables Model 3,Electronics,Cables,3,2183.57,6.35,6134.74,4216.37,1918.37,pending,Net-30,Direct Sales,,
ORD-03080,2025-03-03,CUST-0216,Alpha Ltd 216,South,Chennai,SUP-031,Apex Supplies 31,South,PROD-0008,Conveyors Model 4,Industrial Equipment,Conveyors,4,3671.21,10.18,0.0,12104.33,-2420.87,cancelled,Net-30,Online,,
ORD-03081,2023-12-21,CUST-0036,Foxtrot Enterprises 36,South,Bengaluru,SUP-055,Summit Solutions 55,North,PROD-0012,Compressors Model 4,Industrial Equipment,Compressors,1,2148.96,1.4,211.89,1298.22,-47.75,cancelled,UPI,Online,,
ORD-03082,2024-10-15,CUST-0022,Beta Group 22,East,Guwahati,SUP-042,Nova Manufacturing 42,East,PROD-0074,Last Mile Model 2,Logistics Services,Last Mile,1,4286.19,16.22,0.0,2561.22,-512.24,cancelled,Letter of Credit,Partner,,
ORD-03083,2025-07-27,CUST-0189,Echo Enterprises 189,Central,Nagpur,SUP-036,Nova Trading 36,South,PROD-0073,Last Mile Model 1,Logistics Services,Last Mile,2,2440.01,0.0,4880.02,2860.97,2019.05,completed,Letter of Credit,Partner,5,4.6
ORD-03084,2023-05-27,CUST-0224,Echo Pvt Ltd 224,Central,Indore,SUP-019,Prime Industries 19,Central,PROD-0055,Films Model 3,Packaging,Films,2,3796.09,0.16,7580.03,4762.95,2817.08,completed,Letter of Credit,Marketplace,7,5.0
ORD-03085,2024-11-10,CUST-0183,Echo Corp 183,West,Mumbai,SUP-042,Nova Manufacturing 42,East,PROD-0034,Steel Model 2,Raw Materials,Steel,1,1553.45,0.0,1553.45,1288.64,264.81,completed,Letter of Credit,Direct Sales,7,3.3
ORD-03086,2024-11-26,CUST-0218,Beta Ltd 218,West,Pune,SUP-013,Zenith Supplies 13,West,PROD-0072,Warehousing Model 4,Logistics Services,Warehousing,1,5287.39,6.88,492.36,3455.02,-198.64,cancelled,Wire Transfer,Online,,
ORD-03087,2025-09-01,CUST-0181,Beta Group 181,South,Hyderabad,SUP-016,Nova Manufacturing 16,South,PROD-0037,Polymers Model 1,Raw Materials,Polymers,10,4048.88,5.94,38083.77,23922.02,14161.75,completed,Letter of Credit,Online,7,3.4
ORD-03088,2023-08-07,CUST-0040,Alpha Ltd 40,North,Jaipur,SUP-020,Apex Manufacturing 20,North,PROD-0003,Pump Systems Model 3,Industrial Equipment,Pump Systems,1,4532.32,0.0,4532.32,3089.31,1443.01,completed,Letter of Credit,Direct Sales,9,5.0
ORD-03089,2024-02-20,CUST-0070,Echo Pvt Ltd 70,North,Chandigarh,SUP-045,Nova Trading 45,North,PROD-0046,Alloys Model 2,Raw Materials,Alloys,10,1512.37,0.23,15088.92,10074.68,5014.24,completed,Net-30,Partner,8,3.9
ORD-03090,2023-07-25,CUST-0064,Gamma Ltd 64,Central,Nagpur,SUP-026,Zenith Industries 26,South,PROD-0063,Pallets Model 3,Packaging,Pallets,10,3465.05,1.36,34179.25,26408.56,7770.69,pending,Wire Transfer,Direct Sales,,
ORD-03091,2023-03-25,CUST-0217,Alpha Group 217,East,Patna,SUP-012,Nova Solutions 12,East,PROD-0026,Cables Model 2,Electronics,Cables,5,3351.14,0.0,16755.7,9924.17,6831.53,completed,Letter of Credit,Direct Sales,8,5.0
ORD-03092,2024-11-28,CUST-0045,Alpha Group 45,North,Delhi,SUP-030,Nova Industries 30,North,PROD-0057,Labels Model 1,Packaging,Labels,3,709.46,0.0,2128.38,1761.63,366.75,completed,Letter of Credit,Marketplace,5,4.8
ORD-03093,2025-12-29,CUST-0224,Echo Pvt Ltd 224,Central,Indore,SUP-011,Apex Solutions 11,South,PROD-0049,Corrugated Model 1,Packaging,Corrugated,2,4300.76,0.0,8601.52,4932.4,3669.12,completed,Net-30,Online,3,
ORD-03094,2024-08-17,CUST-0247,Foxtrot Group 247,East,Patna,SUP-028,Summit Solutions 28,West,PROD-0064,Pallets Model 4,Packaging,Pallets,4,3035.27,1.77,11926.18,9796.59,2129.59,pending,Letter of Credit,Marketplace,,
ORD-03095,2024-03-21,CUST-0140,Alpha Group 140,North,Lucknow,SUP-015,Prime Industries 15,North,PROD-0031,Power Supplies Model 3,Electronics,Power Supplies,1,2000.37,0.0,0.0,1392.92,-278.58,cancelled,UPI,Direct Sales,,
ORD-03096,2025-12-27,CUST-0171,Gamma Enterprises 171,South,Hyderabad,SUP-011,Apex Solutions 11,South,PROD-0061,Pallets Model 1,Packaging,Pallets,4,4521.59,0.0,18086.36,10333.02,7753.34,completed,Wire Transfer,Online,4,4.7
ORD-03097,2025-08-03,CUST-0046,Alpha Ltd 46,South,Bengaluru,SUP-006,Apex Solutions 6,South,PROD-0008,Conveyors Model 4,Industrial Equipment,Conveyors,5,4250.16,0.0,0.0,16912.7,-3382.54,cancelled,Wire Transfer,Marketplace,,
ORD-03098,2023-04-23,CUST-0187,Foxtrot Pvt Ltd 187,East,Kolkata,SUP-019,Prime Industries 19,Central,PROD-0026,Cables Model 2,Electronics,Cables,1,3485.25,0.0,3485.25,2172.06,1313.19,completed,Letter of Credit,Marketplace,12,4.1
ORD-03099,2025-12-03,CUST-0022,Beta Group 22,East,Guwahati,SUP-052,Zenith Manufacturing 52,East,PROD-0070,Warehousing Model 2,Logistics Services,Warehousing,8,4790.22,0.0,38321.76,25750.81,12570.95,pending,Net-30,Direct Sales,,
ORD-03100,2025-06-06,CUST-0131,Beta Ltd 131,South,Hyderabad,SUP-013,Zenith Supplies 13,West,PROD-0013,CNC Parts Model 1,Industrial Equipment,CNC Parts,5,3001.46,11.41,13294.97,12749.34,545.63,completed,Credit Card,Online,8,4.2
ORD-03101,2024-09-10,CUST-0283,Delta Enterprises 283,West,Ahmedabad,SUP-023,Prime Industries 23,West,PROD-0007,Conveyors Model 3,Industrial Equipment,Conveyors,7,1750.45,0.0,0.0,9460.7,-1892.14,cancelled,Credit Card,Partner,,
ORD-03102,2025-04-02,CUST-0002,Beta Ltd 2,East,Kolkata,SUP-002,Apex Trading 2,East,PROD-0072,Warehousing Model 4,Logistics Services,Warehousing,1,5005.3,0.0,5005.3,3360.9,1644.4,completed,Wire Transfer,Direct Sales,11,3.4
ORD-03103,2025-03-25,CUST-0211,Foxtrot Group 211,South,Hyderabad,SUP-011,Apex Solutions 11,South,PROD-0041,Chemicals Model 1,Raw Materials,Chemicals,2,1872.43,0.0,0.0,2715.33,-543.07,cancelled,Credit Card,Partner,,
ORD-03104,2025-03-30,CUST-0065,Beta Pvt Ltd 65,North,Jaipur,SUP-045,Nova Trading 45,North,PROD-0011,Compressors Model 3,Industrial Equipment,Compressors,1,4660.88,0.0,4660.88,3762.46,898.42,completed,UPI,Marketplace,4,4.0
ORD-03105,2023-11-23,CUST-0258,Foxtrot Group 258,West,Pune,SUP-002,Apex Trading 2,East,PROD-0073,Last Mile Model 1,Logistics Services,Last Mile,3,2342.58,12.78,6129.59,4247.52,1882.07,completed,UPI,Online,7,3.2
ORD-03106,2024-10-13,CUST-0083,Foxtrot Enterprises 83,West,Mumbai,SUP-038,Summit Trading 38,West,PROD-0076,Last Mile Model 4,Logistics Services,Last Mile,1,3585.77,0.0,358.58,2870.65,-215.55,cancelled,Letter of Credit,Online,,
ORD-03107,2025-12-24,CUST-0039,Alpha Enterprises 39,Central,Indore,SUP-054,Nova Supplies 54,Central,PROD-0028,Cables Model 4,Electronics,Cables,4,2813.37,0.0,11253.48,8324.76,2928.72,completed,UPI,Marketplace,5,4.5
ORD-03108,2024-02-13,CUST-0177,Echo Ltd 177,East,Kolkata,SUP-012,Nova Solutions 12,East,PROD-0048,Alloys Model 4,Raw Materials,Alloys,3,450.94,5.48,1278.69,822.77,455.92,completed,Letter of Credit,Marketplace,8,3.9
ORD-03109,2024-09-08,CUST-0140,Alpha Group 140,North,Lucknow,SUP-025,Orbit Industries 25,North,PROD-0009,Compressors Model 1,Industrial Equipment,Compressors,7,257.47,13.01,1567.81,1039.58,528.23,completed,Credit Card,Partner,8,4.7
ORD-03110,2024-12-29,CUST-0155,Gamma Group 155,North,Lucknow,SUP-002,Apex Trading 2,East,PROD-0076,Last Mile Model 4,Logistics Services,Last Mile,6,3645.75,0.0,21874.5,17776.92,4097.58,completed,UPI,Marketplace,8,3.2
ORD-03111,2023-10-13,CUST-0255,Delta Corp 255,North,Lucknow,SUP-035,Zenith Trading 35,North,PROD-0040,Polymers Model 4,Raw Materials,Polymers,1,3905.73,21.51,3065.61,2755.28,310.33,completed,Letter of Credit,Partner,10,3.4
ORD-03112,2025-06-16,CUST-0096,Delta Corp 96,South,Chennai,SUP-039,Summit Industries 39,Central,PROD-0058,Labels Model 2,Packaging,Labels,4,4152.26,0.0,16609.04,12559.12,4049.92,completed,Wire Transfer,Partner,3,4.3
ORD-03113,2023-06-06,CUST-0091,Gamma Pvt Ltd 91,South,Bengaluru,SUP-046,Apex Supplies 46,South,PROD-0064,Pallets Model 4,Packaging,Pallets,11,2654.01,0.29,29109.45,24258.99,4850.46,completed,UPI,Direct Sales,6,4.3
ORD-03114,2024-06-01,CUST-0005,Echo Pvt Ltd 5,North,Lucknow,SUP-029,Prime Solutions 29,Central,PROD-0043,Chemicals Model 3,Raw Materials,Chemicals,1,3706.76,6.3,3473.23,2791.46,681.77,completed,UPI,Marketplace,7,4.2
ORD-03115,2024-06-19,CUST-0103,Alpha Ltd 103,West,Pune,SUP-027,Orbit Trading 27,East,PROD-0039,Polymers Model 3,Raw Materials,Polymers,3,4156.89,0.0,12470.67,7855.22,4615.45,completed,UPI,Marketplace,4,2.6
ORD-03116,2024-01-16,CUST-0261,Gamma Ltd 261,South,Kochi,SUP-050,Orbit Trading 50,North,PROD-0062,Pallets Model 2,Packaging,Pallets,12,2642.29,0.0,31707.48,22538.92,9168.56,pending,UPI,Marketplace,,
ORD-03117,2023-10-04,CUST-0100,Alpha Enterprises 100,North,Lucknow,SUP-010,Orbit Solutions 10,North,PROD-0030,Power Supplies Model 2,Electronics,Power Supplies,1,4631.08,0.0,4631.08,2949.25,1681.83,completed,UPI,Marketplace,9,
ORD-03118,2025-07-30,CUST-0062,Echo Corp 62,East,Kolkata,SUP-025,Orbit Industries 25,North,PROD-0010,Compressors Model 2,Industrial Equipment,Compressors,7,2931.44,0.0,20520.08,16310.37,4209.71,completed,Credit Card,Direct Sales,2,5.0
ORD-03119,2025-07-27,CUST-0279,Echo Corp 279,Central,Nagpur,SUP-029,Prime Solutions 29,Central,PROD-0020,Sensors Model 4,Electronics,Sensors,1,493.87,0.0,493.87,419.51,74.36,completed,Credit Card,Online,2,
ORD-03120,2025-10-30,CUST-0290,Beta Enterprises 290,North,Lucknow,SUP-025,Orbit Industries 25,North,PROD-0009,Compressors Model 1,Industrial Equipment,Compressors,19,240.26,11.91,0.0,2591.86,-518.37,cancelled,Net-30,Online,,
ORD-03121,2023-05-26,CUST-0217,Alpha Group 217,East,Patna,SUP-017,Prime Trading 17,East,PROD-0008,Conveyors Model 4,Industrial Equipment,Conveyors,13,3700.1,0.0,48101.3,38976.76,9124.54,completed,Credit Card,Direct Sales,7,4.2
ORD-03122,2025-08-09,CUST-0120,Echo Ltd 120,North,Jaipur,SUP-041,Orbit Supplies 41,South,PROD-0047,Alloys Model 3,Raw Materials,Alloys,3,3263.44,1.19,967.38,7275.0,-487.62,cancelled,Wire Transfer,Direct Sales,,
ORD-03123,2023-05-19,CUST-0101,Beta Enterprises 101,South,Chennai,SUP-016,Nova Manufacturing 16,South,PROD-0032,Power Supplies Model 4,Electronics,Power Supplies,5,1170.4,0.0,5852.0,4296.88,1555.12,completed,Letter of Credit,Marketplace,8,4.3
ORD-03124,2025-06-15,CUST-0241,Beta Ltd 241,South,Chennai,SUP-016,Nova Manufacturing 16,South,PROD-0070,Warehousing Model 2,Logistics Services,Warehousing,6,4595.85,0.0,27575.1,17471.89,10103.21,completed,Credit Card,Partner,12,3.6
ORD-03125,2024-07-08,CUST-0094,Echo Enterprises 94,Central,Nagpur,SUP-034,Zenith Trading 34,Central,PROD-0053,Films Model 1,Packaging,Films,1,1275.8,0.0,1275.8,1000.93,274.87,completed,Credit Card,Marketplace,9,5.0
ORD-03126,2023-12-21,CUST-0271,Foxtrot Group 271,South,Bengaluru,SUP-051,Nova Manufacturing 51,South,PROD-0072,Warehousing Model 4,Logistics Services,Warehousing,1,5001.75,0.0,0.0,3272.79,-654.56,cancelled,Letter of Credit,Online,,
ORD-03127,2023-08-26,CUST-0033,Echo Ltd 33,West,Pune,SUP-003,Nova Supplies 3,West,PROD-0067,Freight Model 3,Logistics Services,Freight,1,4631.72,0.0,4631.72,3460.11,1171.61,completed,UPI,Marketplace,7,3.8
ORD-03128,2023-12-07,CUST-0128,Foxtrot Ltd 128,West,Surat,SUP-002,Apex Trading 2,East,PROD-0044,Chemicals Model 4,Raw Materials,Chemicals,1,4030.78,0.0,4030.78,2959.07,1071.71,completed,Wire Transfer,Partner,1,3.5
ORD-03129,2024-07-13,CUST-0136,Delta Ltd 136,South,Kochi,SUP-008,Apex Industries 8,West,PROD-0053,Films Model 1,Packaging,Films,6,1513.34,0.0,9080.04,7464.15,1615.89,completed,Net-30,Online,8,3.4
ORD-03130,2023-11-22,CUST-0220,Alpha Ltd 220,North,Jaipur,SUP-020,Apex Manufacturing 20,North,PROD-0065,Freight Model 1,Logistics Services,Freight,8,5071.3,0.49,40371.61,23421.9,16949.71,completed,Net-30,Online,9,5.0
ORD-03131,2023-08-31,CUST-0168,Delta Ltd 168,West,Pune,SUP-043,Zenith Trading 43,West,PROD-0027,Cables Model 3,Electronics,Cables,1,2143.89,0.0,2143.89,1341.59,802.3,pending,UPI,Partner,,
ORD-03132,2023-07-25,CUST-0143,Delta Group 143,West,Ahmedabad,SUP-027,Orbit Trading 27,East,PROD-0065,Freight Model 1,Logistics Services,Freight,5,4457.53,0.0,22287.65,13138.14,9149.51,completed,Credit Card,Partner,8,2.7
ORD-03133,2023-09-27,CUST-0267,Foxtrot Enterprises 267,East,Patna,SUP-060,Nova Supplies 60,North,PROD-0044,Chemicals Model 4,Raw Materials,Chemicals,2,3906.56,0.0,0.0,5535.39,-1107.08,cancelled,Wire Transfer,Partner,,
ORD-03134,2023-08-21,CUST-0128,Foxtrot Ltd 128,West,Surat,SUP-041,Orbit Supplies 41,South,PROD-0076,Last Mile Model 4,Logistics Services,Last Mile,3,3369.43,0.0,10108.29,8817.47,1290.82,completed,Wire Transfer,Online,9,3.2
ORD-03135,2025-08-17,CUST-0205,Alpha Ltd 205,North,Chandigarh,SUP-035,Zenith Trading 35,North,PROD-0051,Corrugated Model 3,Packaging,Corrugated,3,5015.18,0.0,15045.54,10730.89,4314.65,completed,Credit Card,Online,2,4.0
ORD-03136,2024-06-07,CUST-0102,Gamma Ltd 102,East,Patna,SUP-035,Zenith Trading 35,North,PROD-0030,Power Supplies Model 2,Electronics,Power Supplies,3,4601.75,0.03,13801.11,8685.7,5115.41,completed,Letter of Credit,Online,1,4.4
ORD-03137,2024-09-08,CUST-0095,Beta Ltd 95,North,Chandigarh,SUP-011,Apex Solutions 11,South,PROD-0013,CNC Parts Model 1,Industrial Equipment,CNC Parts,1,3116.17,0.0,3116.17,2426.51,689.66,completed,Net-30,Marketplace,6,4.0
ORD-03138,2025-07-13,CUST-0291,Gamma Pvt Ltd 291,South,Kochi,SUP-051,Nova Manufacturing 51,South,PROD-0076,Last Mile Model 4,Logistics Services,Last Mile,1,3740.38,1.52,3683.53,3252.74,430.79,completed,Wire Transfer,Partner,2,4.6
ORD-03139,2025-03-10,CUST-0185,Foxtrot Ltd 185,North,Lucknow,SUP-025,Orbit Industries 25,North,PROD-0014,CNC Parts Model 2,Industrial Equipment,CNC Parts,1,2132.84,0.89,2113.86,1599.16,514.7,pending,Credit Card,Marketplace,,
ORD-03140,2023-03-05,CUST-0003,Echo Corp 3,West,Surat,SUP-008,Apex Industries 8,West,PROD-0050,Corrugated Model 2,Packaging,Corrugated,7,680.89,21.35,0.0,3269.04,-653.81,cancelled,Letter of Credit,Marketplace,,
ORD-03141,2024-10-30,CUST-0065,Beta Pvt Ltd 65,North,Jaipur,SUP-045,Nova Trading 45,North,PROD-0010,Compressors Model 2,Industrial Equipment,Compressors,1,3168.85,5.51,2994.25,2554.49,439.76,pending,Net-30,Marketplace,,
ORD-03142,2025-04-06,CUST-0073,Delta Group 73,West,Pune,SUP-020,Apex Manufacturing 20,North,PROD-0064,Pallets Model 4,Packaging,Pallets,3,2812.9,0.0,8438.7,6960.97,1477.73,completed,UPI,Online,9,5.0
ORD-03143,2025-06-17,CUST-0140,Alpha Group 140,North,Lucknow,SUP-025,Orbit Industries 25,North,PROD-0015,CNC Parts Model 3,Industrial Equipment,CNC Parts,5,4288.75,0.0,21443.75,11519.98,9923.77,completed,Letter of Credit,Marketplace,12,4.5
ORD-03144,2023-04-15,CUST-0125,Delta Group 125,North,Chandigarh,SUP-009,Nova Supplies 9,Central,PROD-0013,CNC Parts Model 1,Industrial Equipment,CNC Parts,3,3310.37,11.03,883.57,7860.42,-688.51,cancelled,Net-30,Marketplace,,
ORD-03145,2025-02-25,CUST-0021,Gamma Group 21,South,Chennai,SUP-060,Nova Supplies 60,North,PROD-0047,Alloys Model 3,Raw Materials,Alloys,2,3213.72,0.0,642.74,4857.03,-328.67,cancelled,Net-30,Online,,
ORD-03146,2025-10-09,CUST-0220,Alpha Ltd 220,North,Jaipur,SUP-035,Zenith Trading 35,North,PROD-0054,Films Model 2,Packaging,Films,1,2674.22,1.64,2630.36,2041.67,588.69,completed,Net-30,Direct Sales,10,4.2
ORD-03147,2024-05-01,CUST-0189,Echo Enterprises 189,Central,Nagpur,SUP-039,Summit Industries 39,Central,PROD-0076,Last Mile Model 4,Logistics Services,Last Mile,2,4167.95,15.84,7015.49,6845.76,169.73,completed,Letter of Credit,Partner,9,5.0
ORD-03148,2024-01-27,CUST-0275,Beta Pvt Ltd 275,North,Delhi,SUP-045,Nova Trading 45,North,PROD-0054,Films Model 2,Packaging,Films,3,2599.02,0.0,7797.06,6323.32,1473.74,completed,Wire Transfer,Direct Sales,7,2.8
ORD-03149,2024-03-20,CUST-0254,Gamma Group 254,Central,Raipur,SUP-019,Prime Industries 19,Central,PROD-0017,Sensors Model 1,Electronics,Sensors,20,1716.51,0.0,34330.2,19808.14,14522.06,completed,Wire Transfer,Marketplace,7,
ORD-03150,2023-10-31,CUST-0216,Alpha Ltd 216,South,Chennai,SUP-021,Apex Trading 21,South,PROD-0073,Last Mile Model 1,Logistics Services,Last Mile,5,2428.79,0.0,1214.4,6985.89,-182.78,cancelled,Net-30,Marketplace,,
ORD-03151,2023-01-15,CUST-0281,Delta Corp 281,South,Bengaluru,SUP-051,Nova Manufacturing 51,South,PROD-0077,Cold Chain Model 1,Logistics Services,Cold Chain,5,1988.18,0.0,9940.9,7862.0,2078.9,completed,Credit Card,Online,6,4.6
ORD-03152,2023-06-12,CUST-0265,Beta Pvt Ltd 265,North,Delhi,SUP-050,Orbit Trading 50,North,PROD-0067,Freight Model 3,Logistics Services,Freight,11,4582.77,13.17,43771.41,37841.4,5930.01,completed,UPI,Online,5,4.3
ORD-03153,2024-01-04,CUST-0234,Echo Enterprises 234,Central,Indore,SUP-030,Nova Industries 30,North,PROD-0041,Chemicals Model 1,Raw Materials,Chemicals,5,1920.06,0.0,9600.3,7421.97,2178.33,completed,Net-30,Marketplace,5,3.2
ORD-03154,2025-08-25,CUST-0277,Alpha Corp 277,East,Guwahati,SUP-007,Zenith Industries 7,East,PROD-0034,Steel Model 2,Raw Materials,Steel,4,1674.78,0.0,6699.12,5792.44,906.68,completed,UPI,Partner,7,4.1
ORD-03155,2025-12-27,CUST-0174,Gamma Ltd 174,Central,Indore,SUP-034,Zenith Trading 34,Central,PROD-0021,Controllers Model 1,Electronics,Controllers,1,2868.44,0.0,2868.44,1838.17,1030.27,completed,Letter of Credit,Partner,3,2.8
ORD-03156,2023-07-27,CUST-0013,Echo Group 13,West,Pune,SUP-048,Zenith Trading 48,West,PROD-0015,CNC Parts Model 3,Industrial Equipment,CNC Parts,1,4565.18,0.6,4537.79,2488.45,2049.34,pending,Wire Transfer,Partner,,
ORD-03157,2023-12-29,CUST-0276,Gamma Enterprises 276,South,Chennai,SUP-014,Zenith Solutions 14,Central,PROD-0071,Warehousing Model 3,Logistics Services,Warehousing,1,2344.86,0.0,0.0,1361.72,-272.34,cancelled,Net-30,Marketplace,,
ORD-03158,2023-04-08,CUST-0273,Echo Pvt Ltd 273,West,Pune,SUP-058,Zenith Solutions 58,West,PROD-0026,Cables Model 2,Electronics,Cables,2,3704.23,0.96,7337.34,4305.04,3032.3,completed,Net-30,Partner,3,4.1
ORD-03159,2023-07-28,CUST-0159,Alpha Pvt Ltd 159,Central,Raipur,SUP-044,Summit Solutions 44,Central,PROD-0037,Polymers Model 1,Raw Materials,Polymers,13,3638.89,0.0,47305.57,26880.05,20425.52,completed,Credit Card,Marketplace,1,4.2
ORD-03160,2025-10-22,CUST-0290,Beta Enterprises 290,North,Lucknow,SUP-037,Prime Supplies 37,East,PROD-0080,Cold Chain Model 4,Logistics Services,Cold Chain,9,2179.29,0.0,19613.61,16604.55,3009.06,completed,UPI,Marketplace,10,3.0
ORD-03161,2023-11-30,CUST-0215,Gamma Pvt Ltd 215,North,Jaipur,SUP-005,Summit Solutions 5,North,PROD-0077,Cold Chain Model 1,Logistics Services,Cold Chain,2,1933.26,0.0,3866.52,2943.1,923.42,pending,Net-30,Marketplace,,
ORD-03162,2023-02-19,CUST-0204,Echo Corp 204,Central,Nagpur,SUP-004,Nova Industries 4,Central,PROD-0077,Cold Chain Model 1,Logistics Services,Cold Chain,1,2225.78,0.0,2225.78,1698.08,527.7,completed,Credit Card,Partner,8,3.0
ORD-03163,2023-12-02,CUST-0219,Gamma Group 219,Central,Raipur,SUP-054,Nova Supplies 54,Central,PROD-0049,Corrugated Model 1,Packaging,Corrugated,2,3521.64,1.6,0.0,4416.9,-883.38,cancelled,Credit Card,Marketplace,,
ORD-03164,2023-03-01,CUST-0164,Foxtrot Ltd 164,Central,Raipur,SUP-014,Zenith Solutions 14,Central,PROD-0072,Warehousing Model 4,Logistics Services,Warehousing,3,4490.05,6.28,12624.22,8818.96,3805.26,completed,Wire Transfer,Direct Sales,11,3.9
ORD-03165,2025-05-11,CUST-0143,Delta Group 143,West,Ahmedabad,SUP-048,Zenith Trading 48,West,PROD-0025,Cables Model 1,Electronics,Cables,5,4098.98,0.0,20494.9,17513.65,2981.25,completed,UPI,Marketplace,2,4.2
ORD-03166,2023-03-14,CUST-0280,Alpha Ltd 280,North,Lucknow,SUP-015,Prime Industries 15,North,PROD-0036,Steel Model 4,Raw Materials,Steel,9,2767.89,21.21,19627.38,19715.88,-88.5,completed,Net-30,Marketplace,9,3.6
ORD-03167,2024-07-21,CUST-0177,Echo Ltd 177,East,Kolkata,SUP-052,Zenith Manufacturing 52,East,PROD-0057,Labels Model 1,Packaging,Labels,1,740.53,0.0,740.53,627.09,113.44,pending,Wire Transfer,Marketplace,,
ORD-03168,2024-01-11,CUST-0291,Gamma Pvt Ltd 291,South,Kochi,SUP-031,Apex Supplies 31,South,PROD-0069,Warehousing Model 1,Logistics Services,Warehousing,1,387.27,0.0,0.0,296.09,-59.22,cancelled,Letter of Credit,Marketplace,,
ORD-03169,2025-09-06,CUST-0107,Alpha Corp 107,East,Patna,SUP-007,Zenith Industries 7,East,PROD-0071,Warehousing Model 3,Logistics Services,Warehousing,3,1998.36,0.0,5995.08,3468.39,2526.69,completed,UPI,Direct Sales,5,3.4
ORD-03170,2024-01-02,CUST-0300,Foxtrot Ltd 300,North,Delhi,SUP-060,Nova Supplies 60,North,PROD-0010,Compressors Model 2,Industrial Equipment,Compressors,1,3205.07,0.0,3205.07,2780.57,424.5,completed,Credit Card,Marketplace,1,4.1
ORD-03171,2024-10-26,CUST-0277,Alpha Corp 277,East,Guwahati,SUP-042,Nova Manufacturing 42,East,PROD-0049,Corrugated Model 1,Packaging,Corrugated,10,4059.81,0.66,40330.15,24964.62,15365.53,completed,Wire Transfer,Online,1,4.4
ORD-03172,2023-05-27,CUST-0208,Delta Corp 208,West,Surat,SUP-033,Nova Industries 33,West,PROD-0043,Chemicals Model 3,Raw Materials,Chemicals,3,3544.41,5.17,10083.49,7604.13,2479.36,completed,Letter of Credit,Marketplace,6,3.6
ORD-03173,2023-04-19,CUST-0025,Echo Enterprises 25,North,Lucknow,SUP-060,Nova Supplies 60,North,PROD-0056,Films Model 4,Packaging,Films,3,574.83,0.0,0.0,1437.46,-287.49,cancelled,Credit Card,Marketplace,,
ORD-03174,2024-11-16,CUST-0008,Gamma Enterprises 8,West,Mumbai,SUP-048,Zenith Trading 48,West,PROD-0045,Alloys Model 1,Raw Materials,Alloys,1,4111.49,0.0,4111.49,3154.84,956.65,pending,Net-30,Direct Sales,,
ORD-03175,2025-09-22,CUST-0095,Beta Ltd 95,North,Chandigarh,SUP-010,Orbit Solutions 10,North,PROD-0018,Sensors Model 2,Electronics,Sensors,2,2852.15,0.0,5704.3,4048.88,1655.42,completed,Wire Transfer,Partner,1,3.4
ORD-03176,2023-06-18,CUST-0059,Foxtrot Ltd 59,Central,Indore,SUP-019,Prime Industries 19,Central,PROD-0018,Sensors Model 2,Electronics,Sensors,7,2494.63,1.0,17287.79,12015.86,5271.93,completed,Letter of Credit,Partner,6,
ORD-03177,2024-01-05,CUST-0227,Delta Enterprises 227,East,Patna,SUP-021,Apex Trading 21,South,PROD-0043,Chemicals Model 3,Raw Materials,Chemicals,2,3519.19,0.0,7038.38,5078.61,1959.77,completed,Credit Card,Direct Sales,7,5.0
ORD-03178,2025-10-15,CUST-0213,Delta Group 213,West,Ahmedabad,SUP-058,Zenith Solutions 58,West,PROD-0034,Steel Model 2,Raw Materials,Steel,3,1554.07,5.78,4392.73,3938.3,454.43,pending,Wire Transfer,Direct Sales,,
ORD-03179,2024-06-15,CUST-0296,Delta Ltd 296,South,Kochi,SUP-030,Nova Industries 30,North,PROD-0041,Chemicals Model 1,Raw Materials,Chemicals,1,1678.13,5.93,1578.62,1259.03,319.59,pending,Net-30,Marketplace,,
ORD-03180,2024-08-31,CUST-0269,Gamma Pvt Ltd 269,Central,Nagpur,SUP-049,Apex Supplies 49,Central,PROD-0070,Warehousing Model 2,Logistics Services,Warehousing,7,4528.26,0.0,31697.82,19349.12,12348.7,pending,UPI,Direct Sales,,
ORD-03181,2024-07-02,CUST-0028,Echo Ltd 28,West,Pune,SUP-010,Orbit Solutions 10,North,PROD-0055,Films Model 3,Packaging,Films,3,3901.09,0.0,11703.27,7380.04,4323.23,completed,Wire Transfer,Online,6,4.7
ORD-03182,2023-06-13,CUST-0073,Delta Group 73,West,Pune,SUP-044,Summit Solutions 44,Central,PROD-0036,Steel Model 4,Raw Materials,Steel,3,2784.14,1.18,8253.86,6054.75,2199.11,completed,Credit Card,Partner,7,4.3
ORD-03183,2023-12-05,CUST-0050,Delta Pvt Ltd 50,North,Delhi,SUP-042,Nova Manufacturing 42,East,PROD-0065,Freight Model 1,Logistics Services,Freight,1,4562.0,1.43,4496.76,2702.35,1794.41,completed,Letter of Credit,Marketplace,10,
ORD-03184,2024-05-10,CUST-0256,Delta Pvt Ltd 256,South,Bengaluru,SUP-006,Apex Solutions 6,South,PROD-0079,Cold Chain Model 3,Logistics Services,Cold Chain,5,507.54,0.0,2537.7,1684.57,853.13,completed,Net-30,Direct Sales,5,5.0
ORD-03185,2024-04-20,CUST-0083,Foxtrot Enterprises 83,West,Mumbai,SUP-023,Prime Industries 23,West,PROD-0069,Warehousing Model 1,Logistics Services,Warehousing,1,400.76,0.0,400.76,307.98,92.78,completed,Net-30,Direct Sales,2,3.8
ORD-03186,2024-11-29,CUST-0229,Gamma Enterprises 229,Central,Indore,SUP-057,Summit Solutions 57,East,PROD-0062,Pallets Model 2,Packaging,Pallets,1,2667.37,13.77,2300.07,1790.26,509.81,completed,Wire Transfer,Partner,3,3.5
ORD-03187,2024-02-26,CUST-0106,Foxtrot Group 106,South,Kochi,SUP-011,Apex Solutions 11,South,PROD-0011,Compressors Model 3,Industrial Equipment,Compressors,13,5136.5,0.0,66774.5,49971.58,16802.92,completed,Wire Transfer,Partner,10,4.2
ORD-03188,2024-01-17,CUST-0240,Foxtrot Corp 240,North,Jaipur,SUP-035,Zenith Trading 35,North,PROD-0058,Labels Model 2,Packaging,Labels,2,4634.51,0.0,9269.02,7268.0,2001.02,completed,Net-30,Partner,8,3.6
ORD-03189,2024-03-07,CUST-0241,Beta Ltd 241,South,Chennai,SUP-046,Apex Supplies 46,South,PROD-0057,Labels Model 1,Packaging,Labels,1,857.82,0.0,857.82,744.58,113.24,completed,UPI,Partner,7,4.2
ORD-03190,2023-01-26,CUST-0163,Delta Pvt Ltd 163,West,Mumbai,SUP-052,Zenith Manufacturing 52,East,PROD-0055,Films Model 3,Packaging,Films,3,3771.15,20.43,9002.11,7076.79,1925.32,completed,Letter of Credit,Partner,7,4.0
ORD-03191,2023-11-13,CUST-0258,Foxtrot Group 258,West,Pune,SUP-009,Nova Supplies 9,Central,PROD-0049,Corrugated Model 1,Packaging,Corrugated,8,3818.98,0.98,30252.43,17623.32,12629.11,completed,Wire Transfer,Direct Sales,5,4.4
ORD-03192,2024-09-21,CUST-0282,Delta Pvt Ltd 282,East,Bhubaneswar,SUP-053,Nova Trading 53,West,PROD-0021,Controllers Model 1,Electronics,Controllers,3,2829.98,13.87,7312.39,5489.34,1823.05,completed,Letter of Credit,Partner,3,3.8
ORD-03193,2024-11-13,CUST-0297,Alpha Ltd 297,East,Guwahati,SUP-001,Summit Industries 1,South,PROD-0015,CNC Parts Model 3,Industrial Equipment,CNC Parts,14,4993.76,5.69,65934.61,38011.54,27923.07,pending,Credit Card,Direct Sales,,
ORD-03194,2025-01-05,CUST-0038,Foxtrot Corp 38,West,Surat,SUP-056,Orbit Trading 56,South,PROD-0016,CNC Parts Model 4,Industrial Equipment,CNC Parts,2,4550.17,0.36,9067.58,6089.53,2978.05,pending,Wire Transfer,Direct Sales,,
ORD-03195,2024-08-19,CUST-0086,Foxtrot Enterprises 86,South,Chennai,SUP-046,Apex Supplies 46,South,PROD-0031,Power Supplies Model 3,Electronics,Power Supplies,5,2133.21,0.0,10666.05,7433.51,3232.54,pending,UPI,Marketplace,,
ORD-03196,2023-07-24,CUST-0037,Delta Enterprises 37,East,Patna,SUP-008,Apex Industries 8,West,PROD-0002,Pump Systems Model 2,Industrial Equipment,Pump Systems,1,841.88,16.65,701.71,604.7,97.01,completed,Credit Card,Marketplace,7,2.6
ORD-03197,2024-01-10,CUST-0215,Gamma Pvt Ltd 215,North,Jaipur,SUP-060,Nova Supplies 60,North,PROD-0052,Corrugated Model 4,Packaging,Corrugated,3,4531.83,0.0,13595.49,11167.68,2427.81,pending,UPI,Direct Sales,,
ORD-03198,2023-05-05,CUST-0063,Foxtrot Group 63,West,Surat,SUP-018,Nova Supplies 18,West,PROD-0045,Alloys Model 1,Raw Materials,Alloys,1,5053.64,5.25,4788.32,3745.51,1042.81,completed,Net-30,Online,11,3.7
ORD-03199,2024-06-04,CUST-0219,Gamma Group 219,Central,Raipur,SUP-017,Prime Trading 17,East,PROD-0041,Chemicals Model 1,Raw Materials,Chemicals,8,1801.02,0.0,14408.16,10967.96,3440.2,completed,Wire Transfer,Partner,1,4.8
ORD-03200,2025-08-30,CUST-0005,Echo Pvt Ltd 5,North,Lucknow,SUP-005,Summit Solutions 5,North,PROD-0015,CNC Parts Model 3,Industrial Equipment,CNC Parts,1,4376.37,0.0,4376.37,2348.27,2028.1,completed,Wire Transfer,Direct Sales,7,5.0
ORD-03201,2024-03-04,CUST-0167,Alpha Enterprises 167,East,Kolkata,SUP-043,Zenith Trading 43,West,PROD-0070,Warehousing Model 2,Logistics Services,Warehousing,1,4984.31,0.0,0.0,3238.64,-647.73,cancelled,Wire Transfer,Partner,,
ORD-03202,2025-06-14,CUST-0169,Gamma Enterprises 169,Central,Indore,SUP-029,Prime Solutions 29,Central,PROD-0036,Steel Model 4,Raw Materials,Steel,3,2895.42,0.0,8686.26,6891.92,1794.34,completed,Credit Card,Partner,11,
ORD-03203,2024-02-27,CUST-0045,Alpha Group 45,North,Delhi,SUP-008,Apex Industries 8,West,PROD-0068,Freight Model 4,Logistics Services,Freight,1,4694.55,0.0,4694.55,2929.4,1765.15,completed,Net-30,Online,10,3.9
ORD-03204,2023-04-08,CUST-0066,Beta Pvt Ltd 66,South,Kochi,SUP-046,Apex Supplies 46,South,PROD-0050,Corrugated Model 2,Packaging,Corrugated,1,756.88,0.0,756.88,548.25,208.63,completed,Net-30,Marketplace,4,3.4
ORD-03205,2025-10-02,CUST-0169,Gamma Enterprises 169,Central,Indore,SUP-059,Zenith Trading 59,Central,PROD-0028,Cables Model 4,Electronics,Cables,3,3206.55,0.0,9619.65,7447.02,2172.63,completed,Net-30,Marketplace,11,4.5
ORD-03206,2024-09-02,CUST-0275,Beta Pvt Ltd 275,North,Delhi,SUP-021,Apex Trading 21,South,PROD-0003,Pump Systems Model 3,Industrial Equipment,Pump Systems,6,4469.01,0.0,26814.06,17846.67,8967.39,completed,Letter of Credit,Direct Sales,9,3.4
ORD-03207,2024-05-26,CUST-0083,Foxtrot Enterprises 83,West,Mumbai,SUP-048,Zenith Trading 48,West,PROD-0036,Steel Model 4,Raw Materials,Steel,3,3180.54,0.0,9541.62,7543.68,1997.94,completed,Credit Card,Online,7,5.0
ORD-03208,2023-03-19,CUST-0217,Alpha Group 217,East,Patna,SUP-032,Prime Industries 32,East,PROD-0006,Conveyors Model 2,Industrial Equipment,Conveyors,1,4481.24,16.16,3757.07,2850.29,906.78,completed,UPI,Marketplace,1,3.8
ORD-03209,2025-03-06,CUST-0161,Delta Ltd 161,South,Chennai,SUP-056,Orbit Trading 56,South,PROD-0077,Cold Chain Model 1,Logistics Services,Cold Chain,11,2142.89,1.01,23333.71,18425.18,4908.53,pending,Credit Card,Partner,,
ORD-03210,2024-10-03,CUST-0197,Gamma Ltd 197,East,Patna,SUP-007,Zenith Industries 7,East,PROD-0011,Compressors Model 3,Industrial Equipment,Compressors,7,5175.09,1.41,35714.85,29405.27,6309.58,completed,Wire Transfer,Online,4,4.1
ORD-03211,2025-04-15,CUST-0300,Foxtrot Ltd 300,North,Delhi,SUP-020,Apex Manufacturing 20,North,PROD-0026,Cables Model 2,Electronics,Cables,2,3286.6,0.0,0.0,4101.27,-820.25,cancelled,Letter of Credit,Online,,
ORD-03212,2025-02-21,CUST-0265,Beta Pvt Ltd 265,North,Delhi,SUP-008,Apex Industries 8,West,PROD-0061,Pallets Model 1,Packaging,Pallets,5,3783.47,0.0,18917.35,10650.83,8266.52,completed,Credit Card,Marketplace,11,3.7
ORD-03213,2025-07-31,CUST-0291,Gamma Pvt Ltd 291,South,Kochi,SUP-037,Prime Supplies 37,East,PROD-0020,Sensors Model 4,Electronics,Sensors,8,423.32,11.07,3011.67,2792.37,219.3,completed,Net-30,Partner,4,4.8
ORD-03214,2023-06-24,CUST-0050,Delta Pvt Ltd 50,North,Delhi,SUP-056,Orbit Trading 56,South,PROD-0006,Conveyors Model 2,Industrial Equipment,Conveyors,3,4185.67,0.0,12557.01,8376.52,4180.49,pending,Letter of Credit,Direct Sales,,
ORD-03215,2024-01-20,CUST-0226,Alpha Group 226,South,Bengaluru,SUP-011,Apex Solutions 11,South,PROD-0058,Labels Model 2,Packaging,Labels,3,3927.63,0.0,11782.89,9208.38,2574.51,completed,Letter of Credit,Online,11,
ORD-03216,2024-03-24,CUST-0198,Gamma Enterprises 198,West,Mumbai,SUP-006,Apex Solutions 6,South,PROD-0063,Pallets Model 3,Packaging,Pallets,4,3233.37,1.93,12683.86,9713.8,2970.06,completed,Net-30,Online,3,4.4
ORD-03217,2023-01-17,CUST-0243,Delta Group 243,West,Surat,SUP-005,Summit Solutions 5,North,PROD-0065,Freight Model 1,Logistics Services,Freight,14,5082.49,21.18,56084.26,40433.6,15650.66,completed,Letter of Credit,Direct Sales,11,4.6
ORD-03218,2024-06-29,CUST-0056,Echo Group 56,South,Kochi,SUP-051,Nova Manufacturing 51,South,PROD-0072,Warehousing Model 4,Logistics Services,Warehousing,4,4438.11,0.0,17752.44,11884.64,5867.8,completed,Net-30,Partner,5,5.0
ORD-03219,2024-02-06,CUST-0194,Delta Ltd 194,Central,Bhopal,SUP-059,Zenith Trading 59,Central,PROD-0040,Polymers Model 4,Raw Materials,Polymers,7,3977.63,0.0,27843.41,20477.12,7366.29,completed,UPI,Partner,7,4.8
ORD-03220,2023-01-31,CUST-0250,Beta Corp 250,North,Jaipur,SUP-060,Nova Supplies 60,North,PROD-0076,Last Mile Model 4,Logistics Services,Last Mile,1,4283.6,1.39,4224.06,3610.55,613.51,completed,Letter of Credit,Direct Sales,10,3.2
ORD-03221,2025-02-11,CUST-0193,Foxtrot Enterprises 193,West,Ahmedabad,SUP-008,Apex Industries 8,West,PROD-0073,Last Mile Model 1,Logistics Services,Last Mile,4,2600.88,0.0,10403.52,5766.48,4637.04,completed,UPI,Direct Sales,3,4.7
ORD-03222,2025-05-18,CUST-0235,Echo Enterprises 235,North,Chandigarh,SUP-044,Summit Solutions 44,Central,PROD-0004,Pump Systems Model 4,Industrial Equipment,Pump Systems,1,3439.83,0.0,343.98,2637.14,-183.45,cancelled,Net-30,Marketplace,,
ORD-03223,2023-02-02,CUST-0227,Delta Enterprises 227,East,Patna,SUP-021,Apex Trading 21,South,PROD-0077,Cold Chain Model 1,Logistics Services,Cold Chain,3,2279.71,0.0,6839.13,5351.4,1487.73,completed,UPI,Direct Sales,10,
ORD-03224,2023-07-11,CUST-0099,Beta Corp 99,Central,Nagpur,SUP-016,Nova Manufacturing 16,South,PROD-0061,Pallets Model 1,Packaging,Pallets,6,3804.14,0.0,22824.84,12373.89,10450.95,completed,Letter of Credit,Marketplace,11,3.6
ORD-03225,2025-07-30,CUST-0173,Delta Corp 173,West,Mumbai,SUP-038,Summit Trading 38,West,PROD-0032,Power Supplies Model 4,Electronics,Power Supplies,1,1102.68,0.0,0.0,784.48,-156.9,cancelled,Wire Transfer,Direct Sales,,
ORD-03226,2023-01-31,CUST-0035,Beta Corp 35,North,Lucknow,SUP-005,Summit Solutions 5,North,PROD-0043,Chemicals Model 3,Raw Materials,Chemicals,14,3784.86,0.0,52988.04,39653.41,13334.63,pending,Wire Transfer,Direct Sales,,
ORD-03227,2023-05-21,CUST-0178,Beta Enterprises 178,West,Pune,SUP-038,Summit Trading 38,West,PROD-0051,Corrugated Model 3,Packaging,Corrugated,5,5007.82,0.88,24818.76,18170.99,6647.77,pending,Letter of Credit,Online,,
ORD-03228,2025-10-04,CUST-0214,Gamma Enterprises 214,Central,Nagpur,SUP-054,Nova Supplies 54,Central,PROD-0011,Compressors Model 3,Industrial Equipment,Compressors,5,4870.76,0.0,24353.8,18969.25,5384.55,completed,Letter of Credit,Partner,4,
ORD-03229,2025-02-11,CUST-0278,Foxtrot Ltd 278,West,Pune,SUP-032,Prime Industries 32,East,PROD-0016,CNC Parts Model 4,Industrial Equipment,CNC Parts,11,3749.81,0.0,41247.91,26661.97,14585.94,completed,Credit Card,Partner,7,4.6
ORD-03230,2025-03-26,CUST-0054,Foxtrot Pvt Ltd 54,Central,Indore,SUP-014,Zenith Solutions 14,Central,PROD-0051,Corrugated Model 3,Packaging,Corrugated,4,5180.44,5.29,19625.58,14110.68,5514.9,completed,Letter of Credit,Online,6,4.2
ORD-03231,2023-04-03,CUST-0262,Foxtrot Enterprises 262,East,Guwahati,SUP-037,Prime Supplies 37,East,PROD-0015,CNC Parts Model 3,Industrial Equipment,CNC Parts,1,4759.49,0.0,4759.49,2591.8,2167.69,completed,Letter of Credit,Online,5,4.1
ORD-03232,2023-07-04,CUST-0077,Gamma Corp 77,East,Bhubaneswar,SUP-017,Prime Trading 17,East,PROD-0014,CNC Parts Model 2,Industrial Equipment,CNC Parts,4,2197.46,5.77,8282.67,6909.74,1372.93,pending,UPI,Direct Sales,,
ORD-03233,2024-05-21,CUST-0152,Beta Ltd 152,East,Bhubaneswar,SUP-037,Prime Supplies 37,East,PROD-0033,Steel Model 1,Raw Materials,Steel,1,2855.84,1.61,2809.86,2344.52,465.34,completed,Letter of Credit,Online,11,2.8
ORD-03234,2024-09-22,CUST-0213,Delta Group 213,West,Ahmedabad,SUP-049,Apex Supplies 49,Central,PROD-0039,Polymers Model 3,Raw Materials,Polymers,4,4537.63,5.76,0.0,11232.66,-2246.53,cancelled,Letter of Credit,Marketplace,,
ORD-03235,2023-06-29,CUST-0171,Gamma Enterprises 171,South,Hyderabad,SUP-036,Nova Trading 36,South,PROD-0038,Polymers Model 2,Raw Materials,Polymers,1,3359.56,0.0,3359.56,2231.31,1128.25,completed,Credit Card,Marketplace,5,4.4
ORD-03236,2024-07-18,CUST-0223,Gamma Corp 223,West,Pune,SUP-055,Summit Solutions 55,North,PROD-0062,Pallets Model 2,Packaging,Pallets,3,3007.77,6.59,8428.67,5976.95,2451.72,completed,Credit Card,Partner,3,3.9
ORD-03237,2024-07-21,CUST-0111,Echo Group 111,South,Kochi,SUP-001,Summit Industries 1,South,PROD-0074,Last Mile Model 2,Logistics Services,Last Mile,4,4387.7,0.0,17550.8,10712.96,6837.84,completed,Letter of Credit,Direct Sales,13,4.5
ORD-03238,2023-08-01,CUST-0132,Alpha Corp 132,East,Bhubaneswar,SUP-026,Zenith Industries 26,South,PROD-0047,Alloys Model 3,Raw Materials,Alloys,5,3296.57,0.6,16383.95,12884.25,3499.7,completed,Net-30,Direct Sales,9,3.5
ORD-03239,2023-07-14,CUST-0265,Beta Pvt Ltd 265,North,Delhi,SUP-040,Orbit Supplies 40,North,PROD-0004,Pump Systems Model 4,Industrial Equipment,Pump Systems,4,3827.51,0.0,1531.0,11248.26,-718.65,cancelled,UPI,Direct Sales,,
ORD-03240,2023-08-16,CUST-0123,Delta Group 123,West,Ahmedabad,SUP-058,Zenith Solutions 58,West,PROD-0020,Sensors Model 4,Electronics,Sensors,2,506.66,20.86,80.19,821.2,-84.05,cancelled,Letter of Credit,Direct Sales,,
ORD-03241,2025-12-25,CUST-0151,Echo Corp 151,South,Hyderabad,SUP-048,Zenith Trading 48,West,PROD-0014,CNC Parts Model 2,Industrial Equipment,CNC Parts,3,2455.63,0.86,7303.53,5792.78,1510.75,completed,Letter of Credit,Direct Sales,8,4.4
ORD-03242,2025-10-03,CUST-0138,Delta Ltd 138,West,Mumbai,SUP-033,Nova Industries 33,West,PROD-0064,Pallets Model 4,Packaging,Pallets,1,2739.25,0.0,2739.25,2168.62,570.63,pending,Letter of Credit,Online,,
ORD-03243,2025-06-03,CUST-0049,Beta Enterprises 49,Central,Indore,SUP-049,Apex Supplies 49,Central,PROD-0020,Sensors Model 4,Electronics,Sensors,2,477.45,1.81,937.62,755.08,182.54,completed,Wire Transfer,Partner,9,5.0
ORD-03244,2025-05-28,CUST-0182,Beta Pvt Ltd 182,East,Kolkata,SUP-041,Orbit Supplies 41,South,PROD-0003,Pump Systems Model 3,Industrial Equipment,Pump Systems,1,4903.68,0.0,4903.68,3276.89,1626.79,completed,Wire Transfer,Online,3,3.8
ORD-03245,2025-12-07,CUST-0275,Beta Pvt Ltd 275,North,Delhi,SUP-019,Prime Industries 19,Central,PROD-0037,Polymers Model 1,Raw Materials,Polymers,4,3452.87,1.2,13645.74,7412.6,6233.14,completed,UPI,Direct Sales,3,4.5
ORD-03246,2023-06-10,CUST-0073,Delta Group 73,West,Pune,SUP-011,Apex Solutions 11,South,PROD-0028,Cables Model 4,Electronics,Cables,8,3295.8,21.45,20710.81,19345.73,1365.08,completed,Wire Transfer,Marketplace,8,4.5
ORD-03247,2023-01-08,CUST-0278,Foxtrot Ltd 278,West,Pune,SUP-028,Summit Solutions 28,West,PROD-0079,Cold Chain Model 3,Logistics Services,Cold Chain,1,580.21,5.43,548.7,394.95,153.75,completed,Credit Card,Marketplace,4,4.9
ORD-03248,2024-04-20,CUST-0165,Beta Group 165,North,Lucknow,SUP-030,Nova Industries 30,North,PROD-0028,Cables Model 4,Electronics,Cables,4,2860.91,0.0,11443.64,8625.68,2817.96,completed,Letter of Credit,Partner,6,4.8
ORD-03249,2023-09-05,CUST-0164,Foxtrot Ltd 164,Central,Raipur,SUP-049,Apex Supplies 49,Central,PROD-0071,Warehousing Model 3,Logistics Services,Warehousing,5,2028.67,0.0,1014.34,6000.64,-185.79,cancelled,Net-30,Marketplace,,
ORD-03250,2025-09-01,CUST-0015,Alpha Corp 15,North,Lucknow,SUP-028,Summit Solutions 28,West,PROD-0023,Controllers Model 3,Electronics,Controllers,1,2483.95,0.52,2471.03,1612.34,858.69,completed,Wire Transfer,Marketplace,8,4.8
ORD-03251,2023-02-13,CUST-0060,Alpha Group 60,North,Lucknow,SUP-045,Nova Trading 45,North,PROD-0031,Power Supplies Model 3,Electronics,Power Supplies,2,1824.03,21.71,2856.07,2537.47,318.6,completed,Letter of Credit,Direct Sales,6,3.1
ORD-03252,2023-10-23,CUST-0088,Alpha Ltd 88,West,Mumbai,SUP-038,Summit Trading 38,West,PROD-0017,Sensors Model 1,Electronics,Sensors,1,2023.0,0.0,2023.0,1173.82,849.18,completed,Letter of Credit,Online,7,4.7
ORD-03253,2023-06-27,CUST-0109,Alpha Corp 109,Central,Nagpur,SUP-014,Zenith Solutions 14,Central,PROD-0063,Pallets Model 3,Packaging,Pallets,5,3757.32,0.0,18786.6,13652.41,5134.19,completed,Wire Transfer,Marketplace,12,4.3
ORD-03254,2024-11-12,CUST-0288,Alpha Pvt Ltd 288,West,Ahmedabad,SUP-009,Nova Supplies 9,Central,PROD-0047,Alloys Model 3,Raw Materials,Alloys,1,3043.4,0.0,3043.4,2348.49,694.91,completed,Net-30,Direct Sales,8,3.1
ORD-03255,2023-03-07,CUST-0087,Echo Corp 87,East,Guwahati,SUP-002,Apex Trading 2,East,PROD-0030,Power Supplies Model 2,Electronics,Power Supplies,7,4394.04,0.0,30758.28,18694.9,12063.38,completed,UPI,Online,10,4.2
ORD-03256,2025-01-26,CUST-0178,Beta Enterprises 178,West,Pune,SUP-033,Nova Industries 33,West,PROD-0070,Warehousing Model 2,Logistics Services,Warehousing,1,4672.37,0.0,4672.37,3011.96,1660.41,completed,Letter of Credit,Partner,7,3.7
ORD-03257,2025-07-24,CUST-0060,Alpha Group 60,North,Lucknow,SUP-006,Apex Solutions 6,South,PROD-0024,Controllers Model 4,Electronics,Controllers,5,1483.49,0.0,7417.45,3904.31,3513.14,completed,Credit Card,Online,9,4.0
ORD-03258,2024-12-05,CUST-0227,Delta Enterprises 227,East,Patna,SUP-047,Apex Trading 47,East,PROD-0008,Conveyors Model 4,Industrial Equipment,Conveyors,1,3905.05,0.0,3905.05,3160.67,744.38,completed,Credit Card,Direct Sales,2,3.3
ORD-03259,2025-06-23,CUST-0162,Delta Enterprises 162,East,Patna,SUP-028,Summit Solutions 28,West,PROD-0065,Freight Model 1,Logistics Services,Freight,3,5127.93,0.0,15383.79,9396.46,5987.33,completed,Credit Card,Partner,2,3.8
ORD-03260,2025-10-14,CUST-0160,Delta Enterprises 160,North,Jaipur,SUP-043,Zenith Trading 43,West,PROD-0024,Controllers Model 4,Electronics,Controllers,13,1446.31,5.88,17696.47,10778.23,6918.24,completed,Credit Card,Online,10,4.4
ORD-03261,2024-02-18,CUST-0119,Gamma Enterprises 119,Central,Raipur,SUP-019,Prime Industries 19,Central,PROD-0052,Corrugated Model 4,Packaging,Corrugated,1,4284.36,0.0,4284.36,3413.61,870.75,completed,Credit Card,Partner,6,5.0
ORD-03262,2023-08-14,CUST-0165,Beta Group 165,North,Lucknow,SUP-060,Nova Supplies 60,North,PROD-0070,Warehousing Model 2,Logistics Services,Warehousing,12,5027.13,6.33,0.0,38810.2,-7762.04,cancelled,Credit Card,Partner,,
ORD-03263,2023-08-23,CUST-0156,Delta Corp 156,South,Kochi,SUP-006,Apex Solutions 6,South,PROD-0015,CNC Parts Model 3,Industrial Equipment,CNC Parts,12,4635.25,0.0,55623.0,31710.76,23912.24,completed,Letter of Credit,Partner,3,3.3
ORD-03264,2023-01-02,CUST-0061,Echo Group 61,South,Chennai,SUP-016,Nova Manufacturing 16,South,PROD-0051,Corrugated Model 3,Packaging,Corrugated,2,4518.73,6.58,0.0,6667.08,-1333.42,cancelled,Credit Card,Online,,
ORD-03265,2024-10-05,CUST-0060,Alpha Group 60,North,Lucknow,SUP-001,Summit Industries 1,South,PROD-0053,Films Model 1,Packaging,Films,3,1466.67,12.69,3841.65,3426.32,415.33,completed,Letter of Credit,Online,10,4.5
ORD-03266,2024-03-13,CUST-0297,Alpha Ltd 297,East,Guwahati,SUP-052,Zenith Manufacturing 52,East,PROD-0043,Chemicals Model 3,Raw Materials,Chemicals,4,4046.06,21.81,12654.46,11546.12,1108.34,completed,Letter of Credit,Direct Sales,6,5.0
ORD-03267,2024-01-26,CUST-0015,Alpha Corp 15,North,Lucknow,SUP-019,Prime Industries 19,Central,PROD-0079,Cold Chain Model 3,Logistics Services,Cold Chain,2,567.56,0.0,1135.12,766.29,368.83,completed,Wire Transfer,Marketplace,9,4.5
ORD-03268,2025-05-31,CUST-0198,Gamma Enterprises 198,West,Mumbai,SUP-058,Zenith Solutions 58,West,PROD-0031,Power Supplies Model 3,Electronics,Power Supplies,1,1923.34,0.0,0.0,1345.59,-269.12,cancelled,Net-30,Online,,
ORD-03269,2023-11-29,CUST-0265,Beta Pvt Ltd 265,North,Delhi,SUP-035,Zenith Trading 35,North,PROD-0058,Labels Model 2,Packaging,Labels,4,3895.95,0.0,15583.8,11748.9,3834.9,completed,Wire Transfer,Marketplace,7,4.0
ORD-03270,2024-05-18,CUST-0149,Foxtrot Pvt Ltd 149,Central,Indore,SUP-029,Prime Solutions 29,Central,PROD-0046,Alloys Model 2,Raw Materials,Alloys,3,1454.89,12.77,0.0,3042.35,-608.47,cancelled,Net-30,Marketplace,,
ORD-03271,2025-02-08,CUST-0262,Foxtrot Enterprises 262,East,Guwahati,SUP-012,Nova Solutions 12,East,PROD-0053,Films Model 1,Packaging,Films,4,1192.19,0.0,4768.76,3915.71,853.05,pending,Wire Transfer,Direct Sales,,
ORD-03272,2025-12-23,CUST-0031,Alpha Group 31,South,Hyderabad,SUP-036,Nova Trading 36,South,PROD-0006,Conveyors Model 2,Industrial Equipment,Conveyors,5,4372.85,6.93,0.0,14042.9,-2808.58,cancelled,Letter of Credit,Online,,
ORD-03273,2023-09-17,CUST-0044,Alpha Enterprises 44,Central,Bhopal,SUP-046,Apex Supplies 46,South,PROD-0080,Cold Chain Model 4,Logistics Services,Cold Chain,3,2050.82,0.9,0.0,5141.59,-1028.32,cancelled,Net-30,Marketplace,,
ORD-03274,2025-04-22,CUST-0240,Foxtrot Corp 240,North,Jaipur,SUP-060,Nova Supplies 60,North,PROD-0003,Pump Systems Model 3,Industrial Equipment,Pump Systems,1,4531.19,0.0,4531.19,2984.34,1546.85,completed,Net-30,Partner,6,4.4
ORD-03275,2024-06-25,CUST-0280,Alpha Ltd 280,North,Lucknow,SUP-040,Orbit Supplies 40,North,PROD-0073,Last Mile Model 1,Logistics Services,Last Mile,10,2609.86,1.94,2559.23,14460.29,-332.83,cancelled,Credit Card,Online,,
ORD-03276,2023-08-13,CUST-0172,Delta Pvt Ltd 172,East,Patna,SUP-052,Zenith Manufacturing 52,East,PROD-0039,Polymers Model 3,Raw Materials,Polymers,8,4807.47,0.0,38459.76,23586.01,14873.75,completed,Letter of Credit,Marketplace,5,4.4
ORD-03277,2024-01-08,CUST-0112,Delta Group 112,East,Kolkata,SUP-057,Summit Solutions 57,East,PROD-0007,Conveyors Model 3,Industrial Equipment,Conveyors,9,1618.41,1.69,14319.53,11312.59,3006.94,completed,Net-30,Marketplace,12,4.2
ORD-03278,2024-11-01,CUST-0253,Foxtrot Pvt Ltd 253,West,Surat,SUP-028,Summit Solutions 28,West,PROD-0072,Warehousing Model 4,Logistics Services,Warehousing,2,4820.15,0.0,9640.3,6142.58,3497.72,completed,Letter of Credit,Online,12,4.4
ORD-03279,2024-04-13,CUST-0053,Beta Corp 53,West,Ahmedabad,SUP-013,Zenith Supplies 13,West,PROD-0059,Labels Model 3,Packaging,Labels,6,4620.54,0.0,27723.24,23542.35,4180.89,completed,UPI,Marketplace,2,
ORD-03280,2023-01-12,CUST-0089,Gamma Group 89,Central,Indore,SUP-022,Prime Solutions 22,East,PROD-0043,Chemicals Model 3,Raw Materials,Chemicals,1,3975.2,0.0,3975.2,3069.1,906.1,pending,Credit Card,Direct Sales,,
ORD-03281,2024-09-24,CUST-0110,Gamma Pvt Ltd 110,North,Lucknow,SUP-015,Prime Industries 15,North,PROD-0008,Conveyors Model 4,Industrial Equipment,Conveyors,4,4218.52,0.0,16874.08,13558.68,3315.4,completed,Net-30,Direct Sales,10,4.2
ORD-03282,2023-08-07,CUST-0120,Echo Ltd 120,North,Jaipur,SUP-010,Orbit Solutions 10,North,PROD-0044,Chemicals Model 4,Raw Materials,Chemicals,1,4119.71,21.76,3223.26,2993.47,229.79,completed,Wire Transfer,Direct Sales,7,3.6
ORD-03283,2023-05-10,CUST-0194,Delta Ltd 194,Central,Bhopal,SUP-014,Zenith Solutions 14,Central,PROD-0015,CNC Parts Model 3,Industrial Equipment,CNC Parts,1,5126.27,11.9,4516.24,2880.59,1635.65,completed,Credit Card,Direct Sales,5,4.4
ORD-03284,2025-01-23,CUST-0068,Delta Group 68,West,Mumbai,SUP-033,Nova Industries 33,West,PROD-0071,Warehousing Model 3,Logistics Services,Warehousing,7,2000.05,0.0,1400.04,8430.8,-286.12,cancelled,Credit Card,Direct Sales,,
ORD-03285,2025-06-13,CUST-0054,Foxtrot Pvt Ltd 54,Central,Indore,SUP-019,Prime Industries 19,Central,PROD-0025,Cables Model 1,Electronics,Cables,2,4227.41,11.26,7502.81,7201.52,301.29,completed,UPI,Direct Sales,6,2.5
ORD-03286,2024-07-03,CUST-0177,Echo Ltd 177,East,Kolkata,SUP-037,Prime Supplies 37,East,PROD-0014,CNC Parts Model 2,Industrial Equipment,CNC Parts,3,2045.85,11.38,5439.1,4643.98,795.12,completed,UPI,Partner,13,5.0
ORD-03287,2024-12-29,CUST-0089,Gamma Group 89,Central,Indore,SUP-004,Nova Industries 4,Central,PROD-0007,Conveyors Model 3,Industrial Equipment,Conveyors,2,1611.43,6.32,3019.18,2391.62,627.56,completed,UPI,Direct Sales,11,3.5
ORD-03288,2024-03-10,CUST-0034,Beta Enterprises 34,Central,Raipur,SUP-029,Prime Solutions 29,Central,PROD-0018,Sensors Model 2,Electronics,Sensors,1,2417.18,0.0,2417.18,1759.93,657.25,pending,Credit Card,Marketplace,,
ORD-03289,2024-05-17,CUST-0242,Beta Corp 242,East,Kolkata,SUP-022,Prime Solutions 22,East,PROD-0017,Sensors Model 1,Electronics,Sensors,6,2090.65,0.0,12543.9,7144.18,5399.72,completed,Credit Card,Online,8,4.2
ORD-03290,2025-12-31,CUST-0135,Foxtrot Enterprises 135,North,Chandigarh,SUP-005,Summit Solutions 5,North,PROD-0043,Chemicals Model 3,Raw Materials,Chemicals,4,3786.32,0.0,15145.28,11776.23,3369.05,completed,Wire Transfer,Partner,8,3.1
ORD-03291,2023-01-17,CUST-0108,Beta Group 108,West,Ahmedabad,SUP-053,Nova Trading 53,West,PROD-0024,Controllers Model 4,Electronics,Controllers,2,1356.34,0.0,2712.68,1560.48,1152.2,completed,Net-30,Online,9,5.0
ORD-03292,2024-03-12,CUST-0252,Delta Corp 252,East,Patna,SUP-027,Orbit Trading 27,East,PROD-0077,Cold Chain Model 1,Logistics Services,Cold Chain,6,2157.96,0.0,12947.76,9818.86,3128.9,completed,Letter of Credit,Online,1,3.3
ORD-03293,2023-05-15,CUST-0132,Alpha Corp 132,East,Bhubaneswar,SUP-007,Zenith Industries 7,East,PROD-0022,Controllers Model 2,Electronics,Controllers,4,4892.56,6.16,18364.71,11813.25,6551.46,completed,Net-30,Marketplace,9,3.9
ORD-03294,2024-08-16,CUST-0279,Echo Corp 279,Central,Nagpur,SUP-008,Apex Industries 8,West,PROD-0072,Warehousing Model 4,Logistics Services,Warehousing,1,5105.22,0.0,5105.22,3318.01,1787.21,completed,Net-30,Partner,6,5.0
ORD-03295,2024-06-21,CUST-0269,Gamma Pvt Ltd 269,Central,Nagpur,SUP-054,Nova Supplies 54,Central,PROD-0051,Corrugated Model 3,Packaging,Corrugated,14,4750.02,0.0,66500.28,45186.52,21313.76,completed,Letter of Credit,Online,8,5.0
ORD-03296,2024-07-30,CUST-0132,Alpha Corp 132,East,Bhubaneswar,SUP-057,Summit Solutions 57,East,PROD-0008,Conveyors Model 4,Industrial Equipment,Conveyors,1,3979.82,20.26,3173.51,3199.21,-25.7,completed,Wire Transfer,Partner,6,3.8
ORD-03297,2025-06-22,CUST-0166,Delta Group 166,South,Bengaluru,SUP-056,Orbit Trading 56,South,PROD-0019,Sensors Model 3,Electronics,Sensors,15,4405.99,1.65,64999.37,40887.32,24112.05,completed,Letter of Credit,Marketplace,4,
ORD-03298,2023-08-26,CUST-0288,Alpha Pvt Ltd 288,West,Ahmedabad,SUP-048,Zenith Trading 48,West,PROD-0079,Cold Chain Model 3,Logistics Services,Cold Chain,1,539.5,15.69,0.0,392.74,-78.55,cancelled,Letter of Credit,Online,,
ORD-03299,2024-10-18,CUST-0299,Echo Enterprises 299,Central,Indore,SUP-036,Nova Trading 36,South,PROD-0021,Controllers Model 1,Electronics,Controllers,15,2871.17,0.0,43067.55,26023.63,17043.92,pending,Credit Card,Marketplace,,
ORD-03300,2023-09-30,CUST-0121,Delta Enterprises 121,South,Chennai,SUP-020,Apex Manufacturing 20,North,PROD-0069,Warehousing Model 1,Logistics Services,Warehousing,9,359.59,0.69,0.0,2627.49,-525.5,cancelled,UPI,Partner,,
ORD-03301,2024-09-26,CUST-0203,Gamma Pvt Ltd 203,West,Ahmedabad,SUP-041,Orbit Supplies 41,South,PROD-0053,Films Model 1,Packaging,Films,5,1243.36,0.0,6216.8,5064.14,1152.66,completed,Net-30,Partner,7,4.9
ORD-03302,2024-05-14,CUST-0186,Echo Ltd 186,South,Bengaluru,SUP-026,Zenith Industries 26,South,PROD-0011,Compressors Model 3,Industrial Equipment,Compressors,6,5239.79,0.14,3139.47,23749.5,-1610.43,cancelled,Letter of Credit,Partner,,
ORD-03303,2025-12-03,CUST-0165,Beta Group 165,North,Lucknow,SUP-030,Nova Industries 30,North,PROD-0001,Pump Systems Model 1,Industrial Equipment,Pump Systems,1,1909.61,0.0,1909.61,1452.02,457.59,completed,Wire Transfer,Online,4,3.4
ORD-03304,2023-03-23,CUST-0066,Beta Pvt Ltd 66,South,Kochi,SUP-023,Prime Industries 23,West,PROD-0078,Cold Chain Model 2,Logistics Services,Cold Chain,1,859.23,1.31,847.97,561.29,286.68,completed,Credit Card,Marketplace,10,5.0
ORD-03305,2025-02-13,CUST-0219,Gamma Group 219,Central,Raipur,SUP-049,Apex Supplies 49,Central,PROD-0057,Labels Model 1,Packaging,Labels,28,709.66,0.0,19870.48,16778.16,3092.32,completed,Credit Card,Online,6,
ORD-03306,2023-08-25,CUST-0247,Foxtrot Group 247,East,Patna,SUP-027,Orbit Trading 27,East,PROD-0038,Polymers Model 2,Raw Materials,Polymers,4,3254.44,0.0,13017.76,9182.66,3835.1,pending,Wire Transfer,Online,,
ORD-03307,2025-08-10,CUST-0112,Delta Group 112,East,Kolkata,SUP-017,Prime Trading 17,East,PROD-0007,Conveyors Model 3,Industrial Equipment,Conveyors,1,1732.54,5.78,1632.4,1337.27,295.13,completed,UPI,Partner,10,4.4
ORD-03308,2024-11-07,CUST-0149,Foxtrot Pvt Ltd 149,Central,Indore,SUP-054,Nova Supplies 54,Central,PROD-0012,Compressors Model 4,Industrial Equipment,Compressors,3,2019.03,0.0,6057.09,3654.11,2402.98,completed,Credit Card,Partner,11,3.8
ORD-03309,2024-12-21,CUST-0192,Alpha Enterprises 192,East,Guwahati,SUP-017,Prime Trading 17,East,PROD-0021,Controllers Model 1,Electronics,Controllers,9,3412.77,0.0,30714.93,19761.81,10953.12,completed,Letter of Credit,Partner,6,4.5
ORD-03310,2024-02-13,CUST-0189,Echo Enterprises 189,Central,Nagpur,SUP-044,Summit Solutions 44,Central,PROD-0027,Cables Model 3,Electronics,Cables,2,2096.1,0.0,0.0,2680.56,-536.11,cancelled,Letter of Credit,Direct Sales,,
ORD-03311,2024-01-04,CUST-0273,Echo Pvt Ltd 273,West,Pune,SUP-036,Nova Trading 36,South,PROD-0053,Films Model 1,Packaging,Films,3,1222.17,11.88,3230.93,3037.51,193.42,completed,Wire Transfer,Online,4,4.0
ORD-03312,2023-02-06,CUST-0161,Delta Ltd 161,South,Chennai,SUP-016,Nova Manufacturing 16,South,PROD-0055,Films Model 3,Packaging,Films,6,4108.2,0.0,24649.2,16306.89,8342.31,completed,Wire Transfer,Online,5,4.2
ORD-03313,2025-06-25,CUST-0024,Foxtrot Pvt Ltd 24,Central,Raipur,SUP-043,Zenith Trading 43,West,PROD-0045,Alloys Model 1,Raw Materials,Alloys,1,4978.44,16.14,4174.92,3887.08,287.84,completed,Credit Card,Partner,3,4.2
ORD-03314,2024-08-01,CUST-0261,Gamma Ltd 261,South,Kochi,SUP-006,Apex Solutions 6,South,PROD-0045,Alloys Model 1,Raw Materials,Alloys,5,5046.7,6.11,23691.73,18671.99,5019.74,completed,UPI,Online,5,3.7
ORD-03315,2025-03-31,CUST-0134,Delta Enterprises 134,Central,Indore,SUP-044,Summit Solutions 44,Central,PROD-0067,Freight Model 3,Logistics Services,Freight,3,4370.81,0.0,13112.43,9253.78,3858.65,completed,Credit Card,Direct Sales,2,3.3
ORD-03316,2024-09-26,CUST-0234,Echo Enterprises 234,Central,Indore,SUP-038,Summit Trading 38,West,PROD-0005,Conveyors Model 1,Industrial Equipment,Conveyors,1,4140.33,16.69,0.0,3399.13,-679.83,cancelled,UPI,Online,,
ORD-03317,2024-05-10,CUST-0157,Delta Enterprises 157,East,Bhubaneswar,SUP-027,Orbit Trading 27,East,PROD-0074,Last Mile Model 2,Logistics Services,Last Mile,1,5046.7,15.56,4261.43,2961.24,1300.19,completed,UPI,Marketplace,7,3.5
ORD-03318,2025-01-30,CUST-0285,Delta Ltd 285,North,Chandigarh,SUP-035,Zenith Trading 35,North,PROD-0027,Cables Model 3,Electronics,Cables,2,2145.17,0.19,0.0,2777.77,-555.55,cancelled,Wire Transfer,Partner,,
ORD-03319,2023-12-21,CUST-0037,Delta Enterprises 37,East,Patna,SUP-008,Apex Industries 8,West,PROD-0056,Films Model 4,Packaging,Films,3,583.5,5.55,1653.35,1503.62,149.73,pending,Net-30,Online,,
ORD-03320,2023-05-19,CUST-0006,Foxtrot Corp 6,South,Bengaluru,SUP-006,Apex Solutions 6,South,PROD-0004,Pump Systems Model 4,Industrial Equipment,Pump Systems,11,3615.15,1.57,39142.31,29836.35,9305.96,completed,Wire Transfer,Online,6,4.3
ORD-03321,2023-07-17,CUST-0042,Beta Enterprises 42,East,Guwahati,SUP-052,Zenith Manufacturing 52,East,PROD-0040,Polymers Model 4,Raw Materials,Polymers,1,4600.26,0.0,4600.26,3391.07,1209.19,completed,Wire Transfer,Direct Sales,13,4.0
ORD-03322,2023-02-21,CUST-0257,Alpha Corp 257,East,Patna,SUP-057,Summit Solutions 57,East,PROD-0009,Compressors Model 1,Industrial Equipment,Compressors,1,235.61,16.5,196.73,134.54,62.19,completed,Letter of Credit,Partner,6,3.9
ORD-03323,2023-08-10,CUST-0230,Alpha Enterprises 230,North,Delhi,SUP-020,Apex Manufacturing 20,North,PROD-0053,Films Model 1,Packaging,Films,2,1248.78,15.12,0.0,1926.3,-385.26,cancelled,Net-30,Partner,,
ORD-03324,2023-08-26,CUST-0205,Alpha Ltd 205,North,Chandigarh,SUP-050,Orbit Trading 50,North,PROD-0017,Sensors Model 1,Electronics,Sensors,1,1777.58,0.0,1777.58,1027.38,750.2,completed,Credit Card,Marketplace,6,3.3
ORD-03325,2023-02-11,CUST-0124,Gamma Pvt Ltd 124,Central,Indore,SUP-024,Summit Manufacturing 24,Central,PROD-0036,Steel Model 4,Raw Materials,Steel,1,2822.77,0.0,2822.77,2143.72,679.05,completed,Net-30,Marketplace,4,2.5
ORD-03326,2024-07-19,CUST-0257,Alpha Corp 257,East,Patna,SUP-012,Nova Solutions 12,East,PROD-0072,Warehousing Model 4,Logistics Services,Warehousing,1,4757.54,13.1,4134.3,3175.43,958.87,completed,Net-30,Marketplace,5,3.7
ORD-03327,2023-09-22,CUST-0029,Alpha Corp 29,Central,Indore,SUP-039,Summit Industries 39,Central,PROD-0042,Chemicals Model 2,Raw Materials,Chemicals,1,3305.33,1.67,3250.13,2472.89,777.24,completed,Credit Card,Online,7,
ORD-03328,2024-10-04,CUST-0089,Gamma Group 89,Central,Indore,SUP-044,Summit Solutions 44,Central,PROD-0002,Pump Systems Model 2,Industrial Equipment,Pump Systems,7,845.08,0.0,5915.56,4054.84,1860.72,completed,Wire Transfer,Online,8,5.0
ORD-03329,2023-11-03,CUST-0066,Beta Pvt Ltd 66,South,Kochi,SUP-006,Apex Solutions 6,South,PROD-0052,Corrugated Model 4,Packaging,Corrugated,1,4362.66,0.0,4362.66,3372.91,989.75,pending,Wire Transfer,Direct Sales,,
ORD-03330,2024-07-09,CUST-0254,Gamma Group 254,Central,Raipur,SUP-024,Summit Manufacturing 24,Central,PROD-0034,Steel Model 2,Raw Materials,Steel,3,1713.21,0.0,5139.63,4228.17,911.46,completed,Wire Transfer,Direct Sales,2,3.8
ORD-03331,2023-10-28,CUST-0099,Beta Corp 99,Central,Nagpur,SUP-044,Summit Solutions 44,Central,PROD-0039,Polymers Model 3,Raw Materials,Polymers,1,4576.15,1.53,4506.13,2880.69,1625.44,completed,Wire Transfer,Marketplace,13,3.5
ORD-03332,2023-04-16,CUST-0163,Delta Pvt Ltd 163,West,Mumbai,SUP-044,Summit Solutions 44,Central,PROD-0023,Controllers Model 3,Electronics,Controllers,6,2307.72,15.26,11733.37,8651.46,3081.91,completed,Letter of Credit,Marketplace,13,2.6
ORD-03333,2023-04-17,CUST-0135,Foxtrot Enterprises 135,North,Chandigarh,SUP-011,Apex Solutions 11,South,PROD-0023,Controllers Model 3,Electronics,Controllers,1,2363.27,15.51,0.0,1533.09,-306.62,cancelled,Letter of Credit,Direct Sales,,
ORD-03334,2023-01-10,CUST-0225,Foxtrot Enterprises 225,North,Chandigarh,SUP-055,Summit Solutions 55,North,PROD-0029,Power Supplies Model 1,Electronics,Power Supplies,14,2412.93,0.0,33781.02,20903.32,12877.7,completed,UPI,Marketplace,9,3.0
ORD-03335,2024-10-11,CUST-0125,Delta Group 125,North,Chandigarh,SUP-048,Zenith Trading 48,West,PROD-0049,Corrugated Model 1,Packaging,Corrugated,2,4223.3,0.0,8446.6,5206.36,3240.24,completed,Wire Transfer,Direct Sales,4,4.2
ORD-03336,2023-04-25,CUST-0256,Delta Pvt Ltd 256,South,Bengaluru,SUP-038,Summit Trading 38,West,PROD-0005,Conveyors Model 1,Industrial Equipment,Conveyors,1,4897.72,0.0,4897.72,4127.92,769.8,completed,UPI,Marketplace,5,4.9
ORD-03337,2024-12-24,CUST-0054,Foxtrot Pvt Ltd 54,Central,Indore,SUP-011,Apex Solutions 11,South,PROD-0060,Labels Model 4,Packaging,Labels,2,3785.45,0.0,757.09,5184.22,-279.75,cancelled,Wire Transfer,Direct Sales,,
ORD-03338,2023-04-22,CUST-0135,Foxtrot Enterprises 135,North,Chandigarh,SUP-049,Apex Supplies 49,Central,PROD-0059,Labels Model 3,Packaging,Labels,1,5288.64,0.0,5288.64,4419.69,868.95,completed,Credit Card,Online,12,4.7
ORD-03339,2023-03-30,CUST-0058,Beta Corp 58,West,Mumbai,SUP-053,Nova Trading 53,West,PROD-0043,Chemicals Model 3,Raw Materials,Chemicals,5,4046.05,0.0,20230.25,14928.14,5302.11,completed,Net-30,Partner,9,3.6
ORD-03340,2025-11-21,CUST-0261,Gamma Ltd 261,South,Kochi,SUP-001,Summit Industries 1,South,PROD-0063,Pallets Model 3,Packaging,Pallets,6,3457.97,0.0,20747.82,15968.23,4779.59,completed,Net-30,Direct Sales,7,4.1
ORD-03341,2023-09-04,CUST-0113,Gamma Corp 113,West,Pune,SUP-047,Apex Trading 47,East,PROD-0001,Pump Systems Model 1,Industrial Equipment,Pump Systems,3,1934.18,0.0,5802.54,4463.48,1339.06,completed,Credit Card,Direct Sales,7,3.0
ORD-03342,2025-01-26,CUST-0100,Alpha Enterprises 100,North,Lucknow,SUP-020,Apex Manufacturing 20,North,PROD-0066,Freight Model 2,Logistics Services,Freight,2,1336.28,5.22,2533.05,1554.29,978.76,completed,Letter of Credit,Online,7,3.9
ORD-03343,2023-03-21,CUST-0278,Foxtrot Ltd 278,West,Pune,SUP-028,Summit Solutions 28,West,PROD-0073,Last Mile Model 1,Logistics Services,Last Mile,13,2325.57,1.75,29703.34,17476.02,12227.32,completed,Letter of Credit,Marketplace,5,3.8
ORD-03344,2024-02-07,CUST-0108,Beta Group 108,West,Ahmedabad,SUP-007,Zenith Industries 7,East,PROD-0005,Conveyors Model 1,Industrial Equipment,Conveyors,1,4297.03,0.0,4297.03,3432.61,864.42,completed,UPI,Online,11,3.4
ORD-03345,2024-12-03,CUST-0293,Foxtrot Ltd 293,West,Pune,SUP-035,Zenith Trading 35,North,PROD-0051,Corrugated Model 3,Packaging,Corrugated,6,4705.92,20.7,22390.77,19109.56,3281.21,completed,Wire Transfer,Partner,6,4.5
ORD-03346,2024-04-04,CUST-0172,Delta Pvt Ltd 172,East,Patna,SUP-015,Prime Industries 15,North,PROD-0002,Pump Systems Model 2,Industrial Equipment,Pump Systems,1,742.14,0.0,0.0,504.37,-100.87,cancelled,Credit Card,Direct Sales,,
ORD-03347,2023-12-11,CUST-0083,Foxtrot Enterprises 83,West,Mumbai,SUP-031,Apex Supplies 31,South,PROD-0024,Controllers Model 4,Electronics,Controllers,19,1234.46,0.0,23454.74,13410.45,10044.29,completed,Wire Transfer,Direct Sales,1,4.2
ORD-03348,2025-05-05,CUST-0036,Foxtrot Enterprises 36,South,Bengaluru,SUP-045,Nova Trading 45,North,PROD-0035,Steel Model 3,Raw Materials,Steel,1,3294.77,0.0,3294.77,2092.21,1202.56,completed,UPI,Direct Sales,2,4.4
ORD-03349,2025-03-18,CUST-0239,Foxtrot Ltd 239,Central,Bhopal,SUP-009,Nova Supplies 9,Central,PROD-0074,Last Mile Model 2,Logistics Services,Last Mile,5,4389.22,0.0,21946.1,12705.84,9240.26,pending,Net-30,Marketplace,,
ORD-03350,2025-10-29,CUST-0147,Echo Enterprises 147,East,Patna,SUP-049,Apex Supplies 49,Central,PROD-0008,Conveyors Model 4,Industrial Equipment,Conveyors,2,3675.31,0.0,7350.62,6237.75,1112.87,pending,UPI,Online,,
ORD-03351,2025-03-08,CUST-0219,Gamma Group 219,Central,Raipur,SUP-049,Apex Supplies 49,Central,PROD-0052,Corrugated Model 4,Packaging,Corrugated,1,4221.29,0.0,4221.29,3458.38,762.91,completed,Letter of Credit,Online,7,3.5
ORD-03352,2023-11-17,CUST-0279,Echo Corp 279,Central,Nagpur,SUP-006,Apex Solutions 6,South,PROD-0002,Pump Systems Model 2,Industrial Equipment,Pump Systems,3,911.22,0.0,2733.66,1892.02,841.64,completed,Credit Card,Marketplace,6,3.6
ORD-03353,2024-06-12,CUST-0025,Echo Enterprises 25,North,Lucknow,SUP-015,Prime Industries 15,North,PROD-0024,Controllers Model 4,Electronics,Controllers,1,1387.61,0.32,1383.17,803.37,579.8,completed,Net-30,Partner,3,3.0
ORD-03354,2025-07-30,CUST-0145,Foxtrot Enterprises 145,North,Chandigarh,SUP-011,Apex Solutions 11,South,PROD-0057,Labels Model 1,Packaging,Labels,6,820.88,0.0,4925.28,4231.68,693.6,pending,Credit Card,Marketplace,,
ORD-03355,2024-03-23,CUST-0160,Delta Enterprises 160,North,Jaipur,SUP-035,Zenith Trading 35,North,PROD-0072,Warehousing Model 4,Logistics Services,Warehousing,2,5143.12,1.36,10146.35,6514.81,3631.54,completed,Wire Transfer,Direct Sales,2,4.3
ORD-03356,2023-05-24,CUST-0232,Beta Ltd 232,East,Kolkata,SUP-042,Nova Manufacturing 42,East,PROD-0017,Sensors Model 1,Electronics,Sensors,13,1961.57,0.0,25500.41,15235.32,10265.09,completed,Credit Card,Direct Sales,10,5.0
ORD-03357,2023-12-16,CUST-0208,Delta Corp 208,West,Surat,SUP-058,Zenith Solutions 58,West,PROD-0072,Warehousing Model 4,Logistics Services,Warehousing,2,4300.36,0.0,8600.72,5454.37,3146.35,completed,Letter of Credit,Direct Sales,5,3.0
ORD-03358,2025-10-21,CUST-0099,Beta Corp 99,Central,Nagpur,SUP-014,Zenith Solutions 14,Central,PROD-0065,Freight Model 1,Logistics Services,Freight,2,5024.87,0.0,10049.74,5668.79,4380.95,completed,Wire Transfer,Partner,6,5.0
ORD-03359,2025-05-07,CUST-0068,Delta Group 68,West,Mumbai,SUP-023,Prime Industries 23,West,PROD-0032,Power Supplies Model 4,Electronics,Power Supplies,3,1300.6,16.83,3245.13,2786.54,458.59,completed,Wire Transfer,Online,2,4.6
ORD-03360,2023-06-14,CUST-0099,Beta Corp 99,Central,Nagpur,SUP-032,Prime Industries 32,East,PROD-0022,Controllers Model 2,Electronics,Controllers,4,4807.66,0.0,19230.64,11374.67,7855.97,pending,Wire Transfer,Marketplace,,
ORD-03361,2023-07-24,CUST-0213,Delta Group 213,West,Ahmedabad,SUP-044,Summit Solutions 44,Central,PROD-0069,Warehousing Model 1,Logistics Services,Warehousing,2,393.48,12.99,684.73,634.53,50.2,completed,Wire Transfer,Online,1,
ORD-03362,2024-12-11,CUST-0261,Gamma Ltd 261,South,Kochi,SUP-018,Nova Supplies 18,West,PROD-0080,Cold Chain Model 4,Logistics Services,Cold Chain,2,2128.57,5.08,0.0,3711.77,-742.35,cancelled,Letter of Credit,Direct Sales,,
ORD-03363,2025-08-28,CUST-0130,Alpha Ltd 130,North,Jaipur,SUP-010,Orbit Solutions 10,North,PROD-0007,Conveyors Model 3,Industrial Equipment,Conveyors,2,1677.64,0.0,3355.28,2690.77,664.51,completed,UPI,Partner,10,5.0
ORD-03364,2024-07-05,CUST-0025,Echo Enterprises 25,North,Lucknow,SUP-015,Prime Industries 15,North,PROD-0044,Chemicals Model 4,Raw Materials,Chemicals,1,3903.32,1.92,3828.38,2787.02,1041.36,pending,Net-30,Partner,,
ORD-03365,2025-06-20,CUST-0162,Delta Enterprises 162,East,Patna,SUP-016,Nova Manufacturing 16,South,PROD-0002,Pump Systems Model 2,Industrial Equipment,Pump Systems,4,799.9,0.0,3199.6,2203.67,995.93,completed,UPI,Direct Sales,9,4.9
ORD-03366,2023-03-20,CUST-0289,Echo Group 289,Central,Nagpur,SUP-039,Summit Industries 39,Central,PROD-0041,Chemicals Model 1,Raw Materials,Chemicals,2,1794.29,16.24,3005.79,2605.62,400.17,completed,Letter of Credit,Online,3,4.3
ORD-03367,2023-06-13,CUST-0256,Delta Pvt Ltd 256,South,Bengaluru,SUP-041,Orbit Supplies 41,South,PROD-0002,Pump Systems Model 2,Industrial Equipment,Pump Systems,2,868.6,5.05,1649.47,1226.28,423.19,completed,Credit Card,Partner,10,3.6
ORD-03368,2024-04-24,CUST-0268,Delta Corp 268,West,Mumbai,SUP-023,Prime Industries 23,West,PROD-0010,Compressors Model 2,Industrial Equipment,Compressors,2,2957.43,11.43,0.0,4659.55,-931.91,cancelled,Net-30,Online,,
ORD-03369,2024-12-18,CUST-0042,Beta Enterprises 42,East,Guwahati,SUP-050,Orbit Trading 50,North,PROD-0039,Polymers Model 3,Raw Materials,Polymers,4,4776.34,0.0,19105.36,12434.11,6671.25,pending,Letter of Credit,Partner,,
ORD-03370,2023-05-15,CUST-0201,Gamma Ltd 201,South,Kochi,SUP-031,Apex Supplies 31,South,PROD-0001,Pump Systems Model 1,Industrial Equipment,Pump Systems,1,1925.99,5.16,182.66,1388.82,-95.1,cancelled,Credit Card,Partner,,
ORD-03371,2025-09-23,CUST-0168,Delta Ltd 168,West,Pune,SUP-053,Nova Trading 53,West,PROD-0010,Compressors Model 2,Industrial Equipment,Compressors,9,3326.35,0.84,29685.68,23623.65,6062.03,completed,Wire Transfer,Marketplace,5,4.6
ORD-03372,2025-07-01,CUST-0245,Gamma Pvt Ltd 245,North,Chandigarh,SUP-060,Nova Supplies 60,North,PROD-0066,Freight Model 2,Logistics Services,Freight,3,1208.83,21.92,2831.56,2101.93,729.63,completed,Wire Transfer,Online,6,4.7
ORD-03373,2023-03-23,CUST-0244,Gamma Corp 244,Central,Raipur,SUP-033,Nova Industries 33,West,PROD-0042,Chemicals Model 2,Raw Materials,Chemicals,2,3183.55,0.0,6367.1,4567.9,1799.2,completed,Net-30,Direct Sales,2,4.0
ORD-03374,2024-09-23,CUST-0160,Delta Enterprises 160,North,Jaipur,SUP-030,Nova Industries 30,North,PROD-0054,Films Model 2,Packaging,Films,13,2757.1,0.0,35842.3,28970.0,6872.3,completed,Net-30,Marketplace,13,5.0
ORD-03375,2023-06-16,CUST-0187,Foxtrot Pvt Ltd 187,East,Kolkata,SUP-037,Prime Supplies 37,East,PROD-0007,Conveyors Model 3,Industrial Equipment,Conveyors,9,1837.46,12.8,14420.39,12985.73,1434.66,completed,Letter of Credit,Direct Sales,1,3.8
ORD-03376,2025-04-17,CUST-0014,Echo Pvt Ltd 14,Central,Indore,SUP-029,Prime Solutions 29,Central,PROD-0033,Steel Model 1,Raw Materials,Steel,2,3126.26,0.0,6252.52,5530.09,722.43,completed,Net-30,Direct Sales,14,4.6
ORD-03377,2024-06-23,CUST-0083,Foxtrot Enterprises 83,West,Mumbai,SUP-028,Summit Solutions 28,West,PROD-0043,Chemicals Model 3,Raw Materials,Chemicals,6,3727.8,0.0,0.0,16264.73,-3252.95,cancelled,Letter of Credit,Direct Sales,,
ORD-03378,2025-03-17,CUST-0080,Foxtrot Pvt Ltd 80,North,Chandigarh,SUP-025,Orbit Industries 25,North,PROD-0066,Freight Model 2,Logistics Services,Freight,3,1276.9,0.0,3830.7,2229.79,1600.91,completed,Letter of Credit,Marketplace,4,4.4
ORD-03379,2024-09-23,CUST-0045,Alpha Group 45,North,Delhi,SUP-005,Summit Solutions 5,North,PROD-0003,Pump Systems Model 3,Industrial Equipment,Pump Systems,1,4928.14,21.65,3861.2,3306.12,555.08,completed,Credit Card,Marketplace,4,2.6
ORD-03380,2023-06-24,CUST-0074,Echo Group 74,Central,Nagpur,SUP-045,Nova Trading 45,North,PROD-0063,Pallets Model 3,Packaging,Pallets,13,3291.76,0.0,42792.88,31699.37,11093.51,completed,Net-30,Direct Sales,10,5.0
ORD-03381,2024-08-14,CUST-0189,Echo Enterprises 189,Central,Nagpur,SUP-029,Prime Solutions 29,Central,PROD-0075,Last Mile Model 3,Logistics Services,Last Mile,9,2493.71,0.0,22443.39,16649.16,5794.23,completed,Letter of Credit,Online,10,5.0
ORD-03382,2024-03-28,CUST-0057,Alpha Group 57,East,Bhubaneswar,SUP-004,Nova Industries 4,Central,PROD-0061,Pallets Model 1,Packaging,Pallets,1,4315.18,0.0,0.0,2345.57,-469.11,cancelled,Net-30,Marketplace,,
ORD-03383,2024-10-15,CUST-0136,Delta Ltd 136,South,Kochi,SUP-036,Nova Trading 36,South,PROD-0042,Chemicals Model 2,Raw Materials,Chemicals,2,3528.58,1.92,6921.66,5168.91,1752.75,completed,UPI,Direct Sales,8,3.7
ORD-03384,2025-12-17,CUST-0053,Beta Corp 53,West,Ahmedabad,SUP-019,Prime Industries 19,Central,PROD-0010,Compressors Model 2,Industrial Equipment,Compressors,4,2939.82,6.12,0.0,9946.47,-1989.29,cancelled,Letter of Credit,Direct Sales,,
ORD-03385,2025-04-26,CUST-0098,Foxtrot Ltd 98,West,Surat,SUP-030,Nova Industries 30,North,PROD-0025,Cables Model 1,Electronics,Cables,1,3662.04,0.0,0.0,2941.07,-588.21,cancelled,Wire Transfer,Partner,,
ORD-03386,2024-12-13,CUST-0188,Echo Corp 188,West,Mumbai,SUP-042,Nova Manufacturing 42,East,PROD-0003,Pump Systems Model 3,Industrial Equipment,Pump Systems,1,5175.73,0.0,5175.73,3231.02,1944.71,completed,Letter of Credit,Partner,8,4.4
ORD-03387,2023-07-25,CUST-0122,Echo Group 122,East,Bhubaneswar,SUP-006,Apex Solutions 6,South,PROD-0074,Last Mile Model 2,Logistics Services,Last Mile,2,4539.66,6.94,8449.22,5288.51,3160.71,completed,Credit Card,Direct Sales,6,4.5
ORD-03388,2023-07-23,CUST-0020,Foxtrot Enterprises 20,North,Chandigarh,SUP-014,Zenith Solutions 14,Central,PROD-0065,Freight Model 1,Logistics Services,Freight,3,5111.06,6.88,14278.26,8544.62,5733.64,pending,Credit Card,Online,,
ORD-03389,2024-10-04,CUST-0147,Echo Enterprises 147,East,Patna,SUP-037,Prime Supplies 37,East,PROD-0078,Cold Chain Model 2,Logistics Services,Cold Chain,2,916.32,0.0,1832.64,1242.38,590.26,completed,UPI,Marketplace,6,4.7
ORD-03390,2024-03-15,CUST-0073,Delta Group 73,West,Pune,SUP-048,Zenith Trading 48,West,PROD-0008,Conveyors Model 4,Industrial Equipment,Conveyors,10,3697.83,0.04,0.0,31406.84,-6281.37,cancelled,Letter of Credit,Direct Sales,,
ORD-03391,2025-11-23,CUST-0111,Echo Group 111,South,Kochi,SUP-052,Zenith Manufacturing 52,East,PROD-0053,Films Model 1,Packaging,Films,3,1516.79,0.0,4550.37,3538.21,1012.16,completed,Letter of Credit,Direct Sales,5,3.8
ORD-03392,2024-02-05,CUST-0288,Alpha Pvt Ltd 288,West,Ahmedabad,SUP-037,Prime Supplies 37,East,PROD-0043,Chemicals Model 3,Raw Materials,Chemicals,3,3382.26,15.05,8619.69,7440.23,1179.46,completed,Wire Transfer,Marketplace,5,3.1
ORD-03393,2023-11-27,CUST-0128,Foxtrot Ltd 128,West,Surat,SUP-024,Summit Manufacturing 24,Central,PROD-0044,Chemicals Model 4,Raw Materials,Chemicals,3,4546.02,5.31,12913.88,10392.65,2521.23,completed,Wire Transfer,Partner,8,3.6
ORD-03394,2024-10-31,CUST-0272,Delta Corp 272,East,Guwahati,SUP-017,Prime Trading 17,East,PROD-0018,Sensors Model 2,Electronics,Sensors,9,2695.37,0.5,24137.04,16685.71,7451.33,completed,Net-30,Direct Sales,6,2.6
ORD-03395,2023-04-20,CUST-0032,Gamma Enterprises 32,East,Bhubaneswar,SUP-037,Prime Supplies 37,East,PROD-0014,CNC Parts Model 2,Industrial Equipment,CNC Parts,5,2041.72,0.0,10208.6,7805.11,2403.49,completed,Net-30,Online,8,3.3
ORD-03396,2025-12-03,CUST-0297,Alpha Ltd 297,East,Guwahati,SUP-045,Nova Trading 45,North,PROD-0003,Pump Systems Model 3,Industrial Equipment,Pump Systems,8,4716.35,0.0,37730.8,24273.3,13457.5,completed,UPI,Marketplace,6,3.7
ORD-03397,2024-11-29,CUST-0200,Gamma Corp 200,North,Lucknow,SUP-040,Orbit Supplies 40,North,PROD-0043,Chemicals Model 3,Raw Materials,Chemicals,21,4058.35,1.16,84236.74,63691.06,20545.68,completed,Net-30,Direct Sales,11,4.2
ORD-03398,2024-12-28,CUST-0209,Gamma Ltd 209,Central,Indore,SUP-020,Apex Manufacturing 20,North,PROD-0079,Cold Chain Model 3,Logistics Services,Cold Chain,1,600.6,12.12,527.81,437.79,90.02,completed,Net-30,Marketplace,8,4.8
ORD-03399,2023-12-29,CUST-0039,Alpha Enterprises 39,Central,Indore,SUP-012,Nova Solutions 12,East,PROD-0003,Pump Systems Model 3,Industrial Equipment,Pump Systems,7,4748.33,0.0,0.0,21547.45,-4309.49,cancelled,Net-30,Online,,
ORD-03400,2024-12-20,CUST-0149,Foxtrot Pvt Ltd 149,Central,Indore,SUP-044,Summit Solutions 44,Central,PROD-0050,Corrugated Model 2,Packaging,Corrugated,10,766.58,0.0,0.0,5685.8,-1137.16,cancelled,Wire Transfer,Direct Sales,,
ORD-03401,2024-12-30,CUST-0240,Foxtrot Corp 240,North,Jaipur,SUP-025,Orbit Industries 25,North,PROD-0062,Pallets Model 2,Packaging,Pallets,4,3026.21,0.0,12104.84,8254.71,3850.13,completed,Net-30,Partner,3,4.1
ORD-03402,2023-02-28,CUST-0199,Delta Group 199,Central,Bhopal,SUP-059,Zenith Trading 59,Central,PROD-0080,Cold Chain Model 4,Logistics Services,Cold Chain,10,2192.71,0.0,21927.1,18299.59,3627.51,pending,Wire Transfer,Marketplace,,
ORD-03403,2024-02-13,CUST-0262,Foxtrot Enterprises 262,East,Guwahati,SUP-034,Zenith Trading 34,Central,PROD-0014,CNC Parts Model 2,Industrial Equipment,CNC Parts,7,2513.7,1.89,17263.34,13373.26,3890.08,completed,Credit Card,Marketplace,4,4.5
ORD-03404,2023-09-09,CUST-0161,Delta Ltd 161,South,Chennai,SUP-031,Apex Supplies 31,South,PROD-0011,Compressors Model 3,Industrial Equipment,Compressors,9,5451.38,0.09,49018.26,39611.92,9406.34,completed,UPI,Online,4,3.8
ORD-03405,2024-01-17,CUST-0045,Alpha Group 45,North,Delhi,SUP-045,Nova Trading 45,North,PROD-0078,Cold Chain Model 2,Logistics Services,Cold Chain,3,854.14,0.0,2562.42,1784.2,778.22,completed,Net-30,Marketplace,9,3.5
ORD-03406,2025-09-13,CUST-0087,Echo Corp 87,East,Guwahati,SUP-017,Prime Trading 17,East,PROD-0024,Controllers Model 4,Electronics,Controllers,2,1470.34,0.81,2916.86,1669.27,1247.59,completed,Net-30,Direct Sales,6,4.2
ORD-03407,2024-05-21,CUST-0208,Delta Corp 208,West,Surat,SUP-051,Nova Manufacturing 51,South,PROD-0017,Sensors Model 1,Electronics,Sensors,6,1928.09,0.0,0.0,6525.35,-1305.07,cancelled,Wire Transfer,Marketplace,,
ORD-03408,2024-01-06,CUST-0054,Foxtrot Pvt Ltd 54,Central,Indore,SUP-059,Zenith Trading 59,Central,PROD-0061,Pallets Model 1,Packaging,Pallets,1,4015.08,0.0,4015.08,2144.98,1870.1,completed,Net-30,Online,7,4.3
ORD-03409,2023-05-17,CUST-0167,Alpha Enterprises 167,East,Kolkata,SUP-022,Prime Solutions 22,East,PROD-0027,Cables Model 3,Electronics,Cables,2,2056.86,6.68,3838.92,2660.81,1178.11,completed,UPI,Online,7,3.3
ORD-03410,2025-06-26,CUST-0035,Beta Corp 35,North,Lucknow,SUP-040,Orbit Supplies 40,North,PROD-0069,Warehousing Model 1,Logistics Services,Warehousing,2,376.28,0.3,750.3,587.45,162.85,completed,Wire Transfer,Partner,13,4.1
ORD-03411,2025-02-26,CUST-0053,Beta Corp 53,West,Ahmedabad,SUP-053,Nova Trading 53,West,PROD-0003,Pump Systems Model 3,Industrial Equipment,Pump Systems,9,5273.19,0.0,47458.71,31385.7,16073.01,completed,UPI,Online,5,3.2
ORD-03412,2023-02-16,CUST-0098,Foxtrot Ltd 98,West,Surat,SUP-028,Summit Solutions 28,West,PROD-0030,Power Supplies Model 2,Electronics,Power Supplies,4,3819.65,0.0,15278.6,8975.15,6303.45,completed,Net-30,Partner,8,3.4
ORD-03413,2023-09-23,CUST-0266,Foxtrot Enterprises 266,South,Kochi,SUP-041,Orbit Supplies 41,South,PROD-0039,Polymers Model 3,Raw Materials,Polymers,1,4887.36,0.0,4887.36,3165.45,1721.91,completed,UPI,Marketplace,14,5.0
ORD-03414,2023-09-09,CUST-0065,Beta Pvt Ltd 65,North,Jaipur,SUP-040,Orbit Supplies 40,North,PROD-0076,Last Mile Model 4,Logistics Services,Last Mile,13,3620.16,0.0,47062.08,38654.85,8407.23,completed,UPI,Partner,6,3.2
ORD-03415,2024-12-09,CUST-0074,Echo Group 74,Central,Nagpur,SUP-004,Nova Industries 4,Central,PROD-0072,Warehousing Model 4,Logistics Services,Warehousing,2,5120.08,20.51,8139.9,6456.58,1683.32,completed,Wire Transfer,Partner,8,4.1
ORD-03416,2024-02-01,CUST-0108,Beta Group 108,West,Ahmedabad,SUP-037,Prime Supplies 37,East,PROD-0059,Labels Model 3,Packaging,Labels,2,5035.11,0.0,10070.22,8587.81,1482.41,completed,Wire Transfer,Partner,10,5.0
ORD-03417,2024-03-25,CUST-0014,Echo Pvt Ltd 14,Central,Indore,SUP-014,Zenith Solutions 14,Central,PROD-0058,Labels Model 2,Packaging,Labels,1,4500.59,20.51,3577.52,3582.41,-4.89,completed,UPI,Marketplace,12,3.5
ORD-03418,2024-09-17,CUST-0172,Delta Pvt Ltd 172,East,Patna,SUP-012,Nova Solutions 12,East,PROD-0011,Compressors Model 3,Industrial Equipment,Compressors,7,4688.22,0.0,32817.54,24246.33,8571.21,completed,Net-30,Direct Sales,8,4.1
ORD-03419,2023-03-09,CUST-0025,Echo Enterprises 25,North,Lucknow,SUP-055,Summit Solutions 55,North,PROD-0070,Warehousing Model 2,Logistics Services,Warehousing,5,4520.67,0.0,22603.35,14061.33,8542.02,completed,UPI,Direct Sales,7,3.8
ORD-03420,2023-05-26,CUST-0279,Echo Corp 279,Central,Nagpur,SUP-034,Zenith Trading 34,Central,PROD-0054,Films Model 2,Packaging,Films,1,2439.47,13.46,2111.12,2013.12,98.0,pending,Letter of Credit,Marketplace,,
ORD-03421,2024-05-22,CUST-0278,Foxtrot Ltd 278,West,Pune,SUP-021,Apex Trading 21,South,PROD-0015,CNC Parts Model 3,Industrial Equipment,CNC Parts,1,4419.73,0.0,4419.73,2548.09,1871.64,completed,Wire Transfer,Marketplace,5,3.2
ORD-03422,2024-05-14,CUST-0162,Delta Enterprises 162,East,Patna,SUP-012,Nova Solutions 12,East,PROD-0070,Warehousing Model 2,Logistics Services,Warehousing,1,4694.1,13.9,4041.62,2977.25,1064.37,completed,Credit Card,Online,7,3.7
ORD-03423,2024-06-14,CUST-0050,Delta Pvt Ltd 50,North,Delhi,SUP-060,Nova Supplies 60,North,PROD-0015,CNC Parts Model 3,Industrial Equipment,CNC Parts,3,4966.96,0.0,14900.88,8616.29,6284.59,completed,Net-30,Online,6,3.8
ORD-03424,2023-02-05,CUST-0220,Alpha Ltd 220,North,Jaipur,SUP-025,Orbit Industries 25,North,PROD-0064,Pallets Model 4,Packaging,Pallets,10,3152.77,0.0,31527.7,25668.89,5858.81,completed,Wire Transfer,Direct Sales,1,4.4
ORD-03425,2023-11-11,CUST-0134,Delta Enterprises 134,Central,Indore,SUP-027,Orbit Trading 27,East,PROD-0022,Controllers Model 2,Electronics,Controllers,3,4873.12,10.22,13125.26,8835.1,4290.16,completed,Credit Card,Partner,11,5.0
ORD-03426,2024-09-03,CUST-0250,Beta Corp 250,North,Jaipur,SUP-030,Nova Industries 30,North,PROD-0073,Last Mile Model 1,Logistics Services,Last Mile,14,2508.86,21.37,27618.03,19793.4,7824.63,completed,Letter of Credit,Marketplace,6,4.7
ORD-03427,2024-04-03,CUST-0298,Alpha Enterprises 298,West,Ahmedabad,SUP-050,Orbit Trading 50,North,PROD-0027,Cables Model 3,Electronics,Cables,4,2105.17,0.0,8420.68,5673.57,2747.11,pending,UPI,Direct Sales,,
ORD-03428,2025-07-06,CUST-0174,Gamma Ltd 174,Central,Indore,SUP-043,Zenith Trading 43,West,PROD-0021,Controllers Model 1,Electronics,Controllers,9,3206.95,6.77,26908.56,17535.12,9373.44,pending,Letter of Credit,Marketplace,,
ORD-03429,2023-10-21,CUST-0270,Delta Group 270,North,Delhi,SUP-013,Zenith Supplies 13,West,PROD-0017,Sensors Model 1,Electronics,Sensors,2,2179.69,5.5,4119.61,2488.3,1631.31,completed,Credit Card,Marketplace,3,4.7
ORD-03430,2023-05-13,CUST-0030,Alpha Corp 30,North,Chandigarh,SUP-022,Prime Solutions 22,East,PROD-0030,Power Supplies Model 2,Electronics,Power Supplies,4,4094.66,0.0,0.0,9838.06,-1967.61,cancelled,Letter of Credit,Partner,,
ORD-03431,2023-02-28,CUST-0274,Foxtrot Enterprises 274,Central,Raipur,SUP-043,Zenith Trading 43,West,PROD-0016,CNC Parts Model 4,Industrial Equipment,CNC Parts,1,3760.11,0.28,3749.58,2385.53,1364.05,completed,Wire Transfer,Partner,6,4.4
ORD-03432,2023-06-28,CUST-0257,Alpha Corp 257,East,Patna,SUP-017,Prime Trading 17,East,PROD-0059,Labels Model 3,Packaging,Labels,3,4699.66,0.0,14098.98,11580.45,2518.53,completed,Net-30,Direct Sales,1,
ORD-03433,2025-07-26,CUST-0131,Beta Ltd 131,South,Hyderabad,SUP-006,Apex Solutions 6,South,PROD-0020,Sensors Model 4,Electronics,Sensors,4,468.97,0.0,1875.88,1566.99,308.89,pending,Wire Transfer,Marketplace,,
ORD-03434,2023-09-22,CUST-0117,Foxtrot Corp 117,East,Patna,SUP-027,Orbit Trading 27,East,PROD-0007,Conveyors Model 3,Industrial Equipment,Conveyors,1,1632.61,0.0,1632.61,1221.02,411.59,pending,Letter of Credit,Partner,,
ORD-03435,2025-10-22,CUST-0230,Alpha Enterprises 230,North,Delhi,SUP-020,Apex Manufacturing 20,North,PROD-0042,Chemicals Model 2,Raw Materials,Chemicals,15,3113.54,20.32,37213.03,36422.17,790.86,completed,UPI,Online,6,4.9
ORD-03436,2025-03-13,CUST-0276,Gamma Enterprises 276,South,Chennai,SUP-027,Orbit Trading 27,East,PROD-0037,Polymers Model 1,Raw Materials,Polymers,1,3894.41,6.51,3640.88,2098.58,1542.3,completed,UPI,Partner,8,4.4
ORD-03437,2025-08-19,CUST-0108,Beta Group 108,West,Ahmedabad,SUP-008,Apex Industries 8,West,PROD-0032,Power Supplies Model 4,Electronics,Power Supplies,14,1372.4,0.0,19213.6,14151.66,5061.94,completed,Letter of Credit,Partner,11,4.9
ORD-03438,2023-08-30,CUST-0255,Delta Corp 255,North,Lucknow,SUP-059,Zenith Trading 59,Central,PROD-0039,Polymers Model 3,Raw Materials,Polymers,3,4979.39,0.0,14938.17,9265.82,5672.35,pending,Net-30,Marketplace,,
ORD-03439,2025-04-27,CUST-0294,Beta Enterprises 294,Central,Raipur,SUP-033,Nova Industries 33,West,PROD-0032,Power Supplies Model 4,Electronics,Power Supplies,4,1115.26,13.01,3880.66,3236.33,644.33,completed,Net-30,Direct Sales,1,4.4
ORD-03440,2024-03-03,CUST-0071,Gamma Corp 71,South,Chennai,SUP-036,Nova Trading 36,South,PROD-0044,Chemicals Model 4,Raw Materials,Chemicals,1,4018.08,1.75,3947.76,2988.22,959.54,completed,Letter of Credit,Marketplace,10,4.9
ORD-03441,2025-03-15,CUST-0058,Beta Corp 58,West,Mumbai,SUP-047,Apex Trading 47,East,PROD-0057,Labels Model 1,Packaging,Labels,6,696.81,0.0,0.0,3668.46,-733.69,cancelled,Letter of Credit,Direct Sales,,
ORD-03442,2023-08-27,CUST-0231,Alpha Group 231,South,Kochi,SUP-001,Summit Industries 1,South,PROD-0028,Cables Model 4,Electronics,Cables,2,3065.35,0.0,6130.7,4754.39,1376.31,completed,Net-30,Partner,6,3.9
ORD-03443,2023-10-20,CUST-0168,Delta Ltd 168,West,Pune,SUP-033,Nova Industries 33,West,PROD-0050,Corrugated Model 2,Packaging,Corrugated,10,670.7,21.33,5276.4,4589.6,686.8,completed,Wire Transfer,Online,8,2.9
ORD-03444,2023-03-04,CUST-0146,Gamma Ltd 146,South,Kochi,SUP-012,Nova Solutions 12,East,PROD-0013,CNC Parts Model 1,Industrial Equipment,CNC Parts,1,3642.67,0.0,3642.67,3050.19,592.48,completed,Wire Transfer,Marketplace,5,4.9
ORD-03445,2024-03-21,CUST-0024,Foxtrot Pvt Ltd 24,Central,Raipur,SUP-006,Apex Solutions 6,South,PROD-0023,Controllers Model 3,Electronics,Controllers,1,2585.5,0.0,2585.5,1688.91,896.59,completed,Net-30,Online,6,3.1
ORD-03446,2024-08-08,CUST-0042,Beta Enterprises 42,East,Guwahati,SUP-012,Nova Solutions 12,East,PROD-0076,Last Mile Model 4,Logistics Services,Last Mile,4,3499.95,5.42,13241.01,11106.19,2134.82,completed,Credit Card,Partner,5,4.8
ORD-03447,2025-04-22,CUST-0026,Beta Ltd 26,South,Bengaluru,SUP-060,Nova Supplies 60,North,PROD-0061,Pallets Model 1,Packaging,Pallets,1,4484.34,6.21,0.0,2494.69,-498.94,cancelled,Letter of Credit,Marketplace,,
ORD-03448,2024-05-26,CUST-0160,Delta Enterprises 160,North,Jaipur,SUP-035,Zenith Trading 35,North,PROD-0019,Sensors Model 3,Electronics,Sensors,2,3812.65,1.43,7516.26,4453.58,3062.68,completed,UPI,Direct Sales,1,3.6
ORD-03449,2025-05-11,CUST-0208,Delta Corp 208,West,Surat,SUP-058,Zenith Solutions 58,West,PROD-0008,Conveyors Model 4,Industrial Equipment,Conveyors,3,4005.04,0.0,12015.12,10132.0,1883.12,completed,Credit Card,Online,10,4.6
ORD-03450,2025-10-30,CUST-0039,Alpha Enterprises 39,Central,Indore,SUP-059,Zenith Trading 59,Central,PROD-0079,Cold Chain Model 3,Logistics Services,Cold Chain,3,518.01,0.0,1554.03,1081.82,472.21,pending,Letter of Credit,Partner,,
ORD-03451,2023-10-18,CUST-0268,Delta Corp 268,West,Mumbai,SUP-014,Zenith Solutions 14,Central,PROD-0019,Sensors Model 3,Electronics,Sensors,14,4488.02,0.0,62832.28,36741.09,26091.19,completed,UPI,Partner,3,2.9
ORD-03452,2024-09-20,CUST-0226,Alpha Group 226,South,Bengaluru,SUP-001,Summit Industries 1,South,PROD-0012,Compressors Model 4,Industrial Equipment,Compressors,7,2046.28,0.0,14323.96,8331.08,5992.88,pending,Net-30,Partner,,
ORD-03453,2024-06-22,CUST-0078,Foxtrot Group 78,West,Mumbai,SUP-038,Summit Trading 38,West,PROD-0038,Polymers Model 2,Raw Materials,Polymers,1,2816.81,0.0,2816.81,1935.83,880.98,completed,Letter of Credit,Direct Sales,3,4.2
ORD-03454,2024-08-21,CUST-0260,Beta Enterprises 260,North,Delhi,SUP-013,Zenith Supplies 13,West,PROD-0011,Compressors Model 3,Industrial Equipment,Compressors,4,5626.59,0.0,22506.36,16712.83,5793.53,completed,Letter of Credit,Direct Sales,3,3.2
ORD-03455,2025-03-09,CUST-0123,Delta Group 123,West,Ahmedabad,SUP-058,Zenith Solutions 58,West,PROD-0012,Compressors Model 4,Industrial Equipment,Compressors,23,2518.59,10.09,52082.68,33929.88,18152.8,completed,Wire Transfer,Marketplace,7,4.3
ORD-03456,2025-04-29,CUST-0287,Gamma Group 287,East,Guwahati,SUP-007,Zenith Industries 7,East,PROD-0071,Warehousing Model 3,Logistics Services,Warehousing,7,2087.58,0.0,14613.06,8684.55,5928.51,completed,Letter of Credit,Marketplace,9,4.5
ORD-03457,2023-06-30,CUST-0096,Delta Corp 96,South,Chennai,SUP-031,Apex Supplies 31,South,PROD-0017,Sensors Model 1,Electronics,Sensors,7,2080.95,0.0,0.0,8901.26,-1780.25,cancelled,Credit Card,Online,,
ORD-03458,2025-03-03,CUST-0159,Alpha Pvt Ltd 159,Central,Raipur,SUP-059,Zenith Trading 59,Central,PROD-0004,Pump Systems Model 4,Industrial Equipment,Pump Systems,5,3931.91,0.0,19659.55,14223.03,5436.52,pending,Net-30,Online,,
ORD-03459,2023-03-28,CUST-0060,Alpha Group 60,North,Lucknow,SUP-045,Nova Trading 45,North,PROD-0021,Controllers Model 1,Electronics,Controllers,2,3424.75,0.0,6849.5,4060.13,2789.37,completed,Net-30,Partner,4,5.0
ORD-03460,2023-01-30,CUST-0215,Gamma Pvt Ltd 215,North,Jaipur,SUP-030,Nova Industries 30,North,PROD-0006,Conveyors Model 2,Industrial Equipment,Conveyors,1,4670.15,0.0,4670.15,2972.96,1697.19,pending,Net-30,Direct Sales,,
ORD-03461,2023-09-17,CUST-0026,Beta Ltd 26,South,Bengaluru,SUP-031,Apex Supplies 31,South,PROD-0027,Cables Model 3,Electronics,Cables,1,2258.94,0.0,2258.94,1467.92,791.02,completed,Letter of Credit,Partner,5,4.4
ORD-03462,2025-09-10,CUST-0152,Beta Ltd 152,East,Bhubaneswar,SUP-017,Prime Trading 17,East,PROD-0025,Cables Model 1,Electronics,Cables,3,3806.09,0.0,11418.27,8954.61,2463.66,completed,Wire Transfer,Partner,6,4.0
ORD-03463,2025-08-27,CUST-0278,Foxtrot Ltd 278,West,Pune,SUP-028,Summit Solutions 28,West,PROD-0004,Pump Systems Model 4,Industrial Equipment,Pump Systems,1,3202.91,0.0,3202.91,2453.76,749.15,completed,Letter of Credit,Direct Sales,12,3.2
ORD-03464,2024-12-09,CUST-0086,Foxtrot Enterprises 86,South,Chennai,SUP-031,Apex Supplies 31,South,PROD-0005,Conveyors Model 1,Industrial Equipment,Conveyors,1,4463.45,21.14,3519.88,3718.71,-198.83,completed,UPI,Partner,5,3.4
ORD-03465,2024-11-25,CUST-0120,Echo Ltd 120,North,Jaipur,SUP-020,Apex Manufacturing 20,North,PROD-0008,Conveyors Model 4,Industrial Equipment,Conveyors,6,4266.0,0.0,25596.0,21488.16,4107.84,completed,Letter of Credit,Partner,5,4.0
ORD-03466,2023-05-10,CUST-0121,Delta Enterprises 121,South,Chennai,SUP-031,Apex Supplies 31,South,PROD-0017,Sensors Model 1,Electronics,Sensors,3,2071.78,0.0,6215.34,3607.21,2608.13,pending,Letter of Credit,Partner,,
ORD-03467,2023-05-02,CUST-0123,Delta Group 123,West,Ahmedabad,SUP-018,Nova Supplies 18,West,PROD-0031,Power Supplies Model 3,Electronics,Power Supplies,5,2178.91,13.55,9418.34,7450.93,1967.41,completed,Letter of Credit,Online,10,
ORD-03468,2025-01-26,CUST-0192,Alpha Enterprises 192,East,Guwahati,SUP-057,Summit Solutions 57,East,PROD-0039,Polymers Model 3,Raw Materials,Polymers,3,4837.05,0.0,14511.15,8906.84,5604.31,completed,Net-30,Marketplace,12,4.7
ORD-03469,2025-11-03,CUST-0167,Alpha Enterprises 167,East,Kolkata,SUP-017,Prime Trading 17,East,PROD-0048,Alloys Model 4,Raw Materials,Alloys,1,524.62,5.08,497.97,333.43,164.54,pending,Wire Transfer,Partner,,
ORD-03470,2024-03-27,CUST-0010,Echo Ltd 10,North,Jaipur,SUP-040,Orbit Supplies 40,North,PROD-0010,Compressors Model 2,Industrial Equipment,Compressors,5,2904.37,0.0,14521.85,12073.02,2448.83,completed,Wire Transfer,Partner,7,2.7
ORD-03471,2024-10-18,CUST-0290,Beta Enterprises 290,North,Lucknow,SUP-015,Prime Industries 15,North,PROD-0013,CNC Parts Model 1,Industrial Equipment,CNC Parts,1,3060.42,0.0,3060.42,2475.47,584.95,completed,Letter of Credit,Marketplace,8,4.9
ORD-03472,2024-11-15,CUST-0052,Beta Ltd 52,East,Guwahati,SUP-060,Nova Supplies 60,North,PROD-0021,Controllers Model 1,Electronics,Controllers,4,2910.82,0.0,11643.28,7240.68,4402.6,completed,Credit Card,Online,7,3.9
ORD-03473,2023-10-07,CUST-0095,Beta Ltd 95,North,Chandigarh,SUP-040,Orbit Supplies 40,North,PROD-0035,Steel Model 3,Raw Materials,Steel,1,3381.24,0.0,3381.24,2185.68,1195.56,completed,Credit Card,Direct Sales,9,3.8
ORD-03474,2024-08-07,CUST-0223,Gamma Corp 223,West,Pune,SUP-008,Apex Industries 8,West,PROD-0039,Polymers Model 3,Raw Materials,Polymers,1,4650.62,6.88,4330.66,3019.08,1311.58,pending,UPI,Marketplace,,
ORD-03475,2025-01-21,CUST-0096,Delta Corp 96,South,Chennai,SUP-046,Apex Supplies 46,South,PROD-0054,Films Model 2,Packaging,Films,13,2714.29,10.74,31496.08,26772.22,4723.86,pending,UPI,Online,,
ORD-03476,2025-11-23,CUST-0129,Gamma Group 129,Central,Indore,SUP-056,Orbit Trading 56,South,PROD-0025,Cables Model 1,Electronics,Cables,1,4189.46,21.84,0.0,3550.21,-710.04,cancelled,UPI,Partner,,
ORD-03477,2023-08-06,CUST-0150,Gamma Pvt Ltd 150,North,Chandigarh,SUP-055,Summit Solutions 55,North,PROD-0064,Pallets Model 4,Packaging,Pallets,1,3330.05,0.45,3315.06,2525.81,789.25,completed,Credit Card,Online,8,2.9
ORD-03478,2024-05-31,CUST-0060,Alpha Group 60,North,Lucknow,SUP-001,Summit Industries 1,South,PROD-0063,Pallets Model 3,Packaging,Pallets,2,3496.78,1.7,6874.67,5470.66,1404.01,completed,Wire Transfer,Online,2,4.1
ORD-03479,2023-07-19,CUST-0171,Gamma Enterprises 171,South,Hyderabad,SUP-021,Apex Trading 21,South,PROD-0062,Pallets Model 2,Packaging,Pallets,4,2810.62,0.0,11242.48,7742.93,3499.55,completed,Credit Card,Partner,8,4.0
ORD-03480,2025-11-30,CUST-0264,Gamma Pvt Ltd 264,Central,Raipur,SUP-004,Nova Industries 4,Central,PROD-0063,Pallets Model 3,Packaging,Pallets,2,3291.1,0.0,6582.2,4915.59,1666.61,completed,Letter of Credit,Marketplace,7,3.7
ORD-03481,2025-09-03,CUST-0091,Gamma Pvt Ltd 91,South,Bengaluru,SUP-011,Apex Solutions 11,South,PROD-0026,Cables Model 2,Electronics,Cables,2,3171.68,5.48,5995.74,3934.02,2061.72,pending,Net-30,Online,,
ORD-03482,2023-03-01,CUST-0082,Gamma Corp 82,East,Guwahati,SUP-027,Orbit Trading 27,East,PROD-0071,Warehousing Model 3,Logistics Services,Warehousing,4,2153.75,6.44,8060.19,4970.92,3089.27,completed,Letter of Credit,Online,3,4.1
ORD-03483,2024-06-29,CUST-0167,Alpha Enterprises 167,East,Kolkata,SUP-051,Nova Manufacturing 51,South,PROD-0012,Compressors Model 4,Industrial Equipment,Compressors,1,2368.73,0.0,2368.73,1371.12,997.61,completed,Net-30,Marketplace,7,4.0
ORD-03484,2024-06-17,CUST-0047,Delta Enterprises 47,East,Bhubaneswar,SUP-052,Zenith Manufacturing 52,East,PROD-0009,Compressors Model 1,Industrial Equipment,Compressors,2,213.46,6.94,0.0,233.7,-46.74,cancelled,UPI,Direct Sales,,
ORD-03485,2024-12-24,CUST-0127,Foxtrot Ltd 127,East,Guwahati,SUP-012,Nova Solutions 12,East,PROD-0042,Chemicals Model 2,Raw Materials,Chemicals,1,3349.59,20.24,2671.63,2464.08,207.55,completed,Letter of Credit,Online,3,4.3
ORD-03486,2025-01-18,CUST-0231,Alpha Group 231,South,Kochi,SUP-037,Prime Supplies 37,East,PROD-0018,Sensors Model 2,Electronics,Sensors,9,3072.84,12.83,24107.35,19182.54,4924.81,completed,Credit Card,Direct Sales,5,3.1
ORD-03487,2025-01-30,CUST-0230,Alpha Enterprises 230,North,Delhi,SUP-055,Summit Solutions 55,North,PROD-0058,Labels Model 2,Packaging,Labels,2,4835.18,0.0,9670.36,7496.97,2173.39,completed,Wire Transfer,Marketplace,10,4.2
ORD-03488,2023-04-29,CUST-0119,Gamma Enterprises 119,Central,Raipur,SUP-019,Prime Industries 19,Central,PROD-0048,Alloys Model 4,Raw Materials,Alloys,13,468.97,5.11,5785.07,3721.62,2063.45,completed,Credit Card,Partner,4,3.7
ORD-03489,2025-09-04,CUST-0088,Alpha Ltd 88,West,Mumbai,SUP-057,Summit Solutions 57,East,PROD-0070,Warehousing Model 2,Logistics Services,Warehousing,1,4152.87,11.89,3659.09,2659.81,999.28,completed,UPI,Marketplace,6,4.7
ORD-03490,2024-02-21,CUST-0117,Foxtrot Corp 117,East,Patna,SUP-012,Nova Solutions 12,East,PROD-0013,CNC Parts Model 1,Industrial Equipment,CNC Parts,3,3090.91,6.53,8667.22,7667.41,999.81,completed,UPI,Partner,6,5.0
ORD-03491,2023-08-04,CUST-0244,Gamma Corp 244,Central,Raipur,SUP-039,Summit Industries 39,Central,PROD-0026,Cables Model 2,Electronics,Cables,1,3801.73,0.0,3801.73,2194.78,1606.95,completed,UPI,Direct Sales,6,3.5
ORD-03492,2023-05-14,CUST-0212,Delta Group 212,East,Patna,SUP-007,Zenith Industries 7,East,PROD-0068,Freight Model 4,Logistics Services,Freight,5,4303.39,15.12,18263.59,12876.67,5386.92,pending,Letter of Credit,Online,,
ORD-03493,2024-12-15,CUST-0212,Delta Group 212,East,Patna,SUP-017,Prime Trading 17,East,PROD-0024,Controllers Model 4,Electronics,Controllers,1,1393.65,0.0,1393.65,802.33,591.32,completed,UPI,Marketplace,2,3.4
ORD-03494,2025-06-10,CUST-0092,Gamma Ltd 92,East,Kolkata,SUP-022,Prime Solutions 22,East,PROD-0044,Chemicals Model 4,Raw Materials,Chemicals,2,4397.99,0.0,8795.98,6559.4,2236.58,completed,Net-30,Direct Sales,8,4.6
ORD-03495,2023-06-06,CUST-0295,Gamma Enterprises 295,North,Delhi,SUP-005,Summit Solutions 5,North,PROD-0052,Corrugated Model 4,Packaging,Corrugated,47,4312.2,0.0,202673.4,164224.95,38448.45,completed,Net-30,Marketplace,3,4.2
ORD-03496,2025-12-13,CUST-0114,Alpha Group 114,Central,Raipur,SUP-005,Summit Solutions 5,North,PROD-0014,CNC Parts Model 2,Industrial Equipment,CNC Parts,15,2444.91,0.0,36673.65,26810.44,9863.21,pending,UPI,Marketplace,,
ORD-03497,2024-09-06,CUST-0113,Gamma Corp 113,West,Pune,SUP-053,Nova Trading 53,West,PROD-0015,CNC Parts Model 3,Industrial Equipment,CNC Parts,1,4988.27,0.0,4988.27,2731.43,2256.84,completed,Credit Card,Online,7,3.4
ORD-03498,2025-03-27,CUST-0151,Echo Corp 151,South,Hyderabad,SUP-051,Nova Manufacturing 51,South,PROD-0034,Steel Model 2,Raw Materials,Steel,17,1584.08,0.0,26929.36,23513.39,3415.97,completed,UPI,Marketplace,8,2.5
ORD-03499,2025-02-23,CUST-0079,Gamma Pvt Ltd 79,Central,Bhopal,SUP-045,Nova Trading 45,North,PROD-0079,Cold Chain Model 3,Logistics Services,Cold Chain,3,604.86,0.0,1814.58,1269.42,545.16,completed,UPI,Marketplace,7,5.0
ORD-03500,2023-01-19,CUST-0219,Gamma Group 219,Central,Raipur,SUP-034,Zenith Trading 34,Central,PROD-0050,Corrugated Model 2,Packaging,Corrugated,6,675.79,15.72,3417.33,2745.17,672.16,completed,Letter of Credit,Direct Sales,5,3.6
ORD-03501,2025-09-16,CUST-0257,Alpha Corp 257,East,Patna,SUP-007,Zenith Industries 7,East,PROD-0009,Compressors Model 1,Industrial Equipment,Compressors,2,235.9,16.19,395.42,282.24,113.18,completed,Letter of Credit,Marketplace,11,2.8
ORD-03502,2023-01-08,CUST-0064,Gamma Ltd 64,Central,Nagpur,SUP-012,Nova Solutions 12,East,PROD-0048,Alloys Model 4,Raw Materials,Alloys,5,478.91,0.0,2394.55,1536.99,857.56,completed,Wire Transfer,Direct Sales,11,
ORD-03503,2025-06-05,CUST-0155,Gamma Group 155,North,Lucknow,SUP-035,Zenith Trading 35,North,PROD-0056,Films Model 4,Packaging,Films,11,572.42,0.0,6296.62,5207.77,1088.85,completed,Net-30,Marketplace,1,5.0
ORD-03504,2023-08-31,CUST-0027,Gamma Corp 27,East,Kolkata,SUP-017,Prime Trading 17,East,PROD-0070,Warehousing Model 2,Logistics Services,Warehousing,3,4745.92,20.53,11314.75,9233.38,2081.37,completed,UPI,Marketplace,8,4.7
ORD-03505,2024-06-20,CUST-0131,Beta Ltd 131,South,Hyderabad,SUP-026,Zenith Industries 26,South,PROD-0058,Labels Model 2,Packaging,Labels,9,4355.34,0.0,39198.06,30279.44,8918.62,completed,UPI,Online,11,3.8
ORD-03506,2025-04-25,CUST-0165,Beta Group 165,North,Lucknow,SUP-015,Prime Industries 15,North,PROD-0007,Conveyors Model 3,Industrial Equipment,Conveyors,4,1798.66,11.61,6359.34,5556.35,802.99,completed,UPI,Online,3,4.3
ORD-03507,2023-02-28,CUST-0257,Alpha Corp 257,East,Patna,SUP-060,Nova Supplies 60,North,PROD-0010,Compressors Model 2,Industrial Equipment,Compressors,2,3245.76,0.0,649.15,5157.03,-382.26,cancelled,Credit Card,Marketplace,,
ORD-03508,2023-10-16,CUST-0292,Delta Pvt Ltd 292,East,Guwahati,SUP-032,Prime Industries 32,East,PROD-0050,Corrugated Model 2,Packaging,Corrugated,1,687.99,20.33,0.0,477.4,-95.48,cancelled,Credit Card,Partner,,
ORD-03509,2023-02-23,CUST-0052,Beta Ltd 52,East,Guwahati,SUP-022,Prime Solutions 22,East,PROD-0044,Chemicals Model 4,Raw Materials,Chemicals,4,4436.75,0.34,1768.67,12788.32,-788.99,cancelled,Letter of Credit,Partner,,
ORD-03510,2025-03-08,CUST-0055,Alpha Group 55,North,Delhi,SUP-020,Apex Manufacturing 20,North,PROD-0073,Last Mile Model 1,Logistics Services,Last Mile,2,2338.73,0.0,4677.46,2599.96,2077.5,completed,UPI,Partner,4,5.0
ORD-03511,2024-02-07,CUST-0166,Delta Group 166,South,Bengaluru,SUP-046,Apex Supplies 46,South,PROD-0023,Controllers Model 3,Electronics,Controllers,7,2666.69,6.42,17468.42,11220.7,6247.72,completed,Wire Transfer,Partner,8,3.5
ORD-03512,2024-04-01,CUST-0271,Foxtrot Group 271,South,Bengaluru,SUP-021,Apex Trading 21,South,PROD-0058,Labels Model 2,Packaging,Labels,4,4951.8,20.23,15800.2,15297.9,502.3,completed,Net-30,Online,7,
ORD-03513,2024-10-05,CUST-0254,Gamma Group 254,Central,Raipur,SUP-009,Nova Supplies 9,Central,PROD-0029,Power Supplies Model 1,Electronics,Power Supplies,2,2449.41,13.42,0.0,3184.19,-636.84,cancelled,Letter of Credit,Online,,
ORD-03514,2025-11-04,CUST-0097,Foxtrot Pvt Ltd 97,East,Bhubaneswar,SUP-012,Nova Solutions 12,East,PROD-0059,Labels Model 3,Packaging,Labels,13,4456.19,21.49,45481.21,47858.67,-2377.46,completed,Net-30,Direct Sales,5,3.2
ORD-03515,2025-11-18,CUST-0296,Delta Ltd 296,South,Kochi,SUP-001,Summit Industries 1,South,PROD-0030,Power Supplies Model 2,Electronics,Power Supplies,6,4617.06,0.0,27702.36,16439.26,11263.1,pending,Credit Card,Online,,
ORD-03516,2024-10-01,CUST-0130,Alpha Ltd 130,North,Jaipur,SUP-017,Prime Trading 17,East,PROD-0025,Cables Model 1,Electronics,Cables,35,4328.87,0.0,151510.45,126096.16,25414.29,completed,Net-30,Direct Sales,5,
ORD-03517,2024-06-15,CUST-0106,Foxtrot Group 106,South,Kochi,SUP-060,Nova Supplies 60,North,PROD-0002,Pump Systems Model 2,Industrial Equipment,Pump Systems,2,874.4,0.0,1748.8,1261.16,487.64,completed,Net-30,Direct Sales,3,3.8
ORD-03518,2024-05-27,CUST-0048,Beta Enterprises 48,West,Surat,SUP-023,Prime Industries 23,West,PROD-0057,Labels Model 1,Packaging,Labels,1,832.28,0.0,0.0,675.93,-135.19,cancelled,Credit Card,Partner,,
ORD-03519,2024-06-01,CUST-0215,Gamma Pvt Ltd 215,North,Jaipur,SUP-020,Apex Manufacturing 20,North,PROD-0012,Compressors Model 4,Industrial Equipment,Compressors,2,2379.12,0.0,4758.24,2883.16,1875.08,completed,Credit Card,Marketplace,12,3.9
ORD-03520,2023-04-25,CUST-0141,Alpha Enterprises 141,South,Chennai,SUP-026,Zenith Industries 26,South,PROD-0027,Cables Model 3,Electronics,Cables,12,2164.37,0.0,0.0,16393.46,-3278.69,cancelled,UPI,Marketplace,,
ORD-03521,2024-10-17,CUST-0169,Gamma Enterprises 169,Central,Indore,SUP-019,Prime Industries 19,Central,PROD-0024,Controllers Model 4,Electronics,Controllers,1,1482.28,0.0,1482.28,855.05,627.23,completed,Letter of Credit,Direct Sales,12,3.4
ORD-03522,2024-02-02,CUST-0068,Delta Group 68,West,Mumbai,SUP-013,Zenith Supplies 13,West,PROD-0006,Conveyors Model 2,Industrial Equipment,Conveyors,5,4918.88,0.0,24594.4,16525.77,8068.63,pending,Credit Card,Marketplace,,
ORD-03523,2023-10-26,CUST-0072,Gamma Pvt Ltd 72,East,Bhubaneswar,SUP-017,Prime Trading 17,East,PROD-0036,Steel Model 4,Raw Materials,Steel,1,3155.21,0.0,3155.21,2425.99,729.22,completed,UPI,Direct Sales,4,4.0
ORD-03524,2025-01-10,CUST-0062,Echo Corp 62,East,Kolkata,SUP-002,Apex Trading 2,East,PROD-0020,Sensors Model 4,Electronics,Sensors,3,477.24,16.63,1193.62,1193.79,-0.17,completed,Wire Transfer,Online,5,2.2
ORD-03525,2023-08-14,CUST-0210,Foxtrot Ltd 210,North,Lucknow,SUP-058,Zenith Solutions 58,West,PROD-0045,Alloys Model 1,Raw Materials,Alloys,5,4210.94,10.42,18860.8,15502.43,3358.37,completed,Letter of Credit,Partner,4,5.0
ORD-03526,2024-07-07,CUST-0228,Gamma Ltd 228,West,Surat,SUP-014,Zenith Solutions 14,Central,PROD-0035,Steel Model 3,Raw Materials,Steel,1,3421.05,0.0,3421.05,2069.63,1351.42,completed,Net-30,Direct Sales,8,4.5
ORD-03527,2025-11-26,CUST-0130,Alpha Ltd 130,North,Jaipur,SUP-035,Zenith Trading 35,North,PROD-0041,Chemicals Model 1,Raw Materials,Chemicals,6,1774.01,0.0,0.0,7747.91,-1549.58,cancelled,Net-30,Online,,
ORD-03528,2024-08-14,CUST-0199,Delta Group 199,Central,Bhopal,SUP-024,Summit Manufacturing 24,Central,PROD-0031,Power Supplies Model 3,Electronics,Power Supplies,7,2016.81,0.0,14117.67,9888.28,4229.39,pending,Letter of Credit,Partner,,
ORD-03529,2024-09-21,CUST-0144,Echo Enterprises 144,Central,Raipur,SUP-026,Zenith Industries 26,South,PROD-0005,Conveyors Model 1,Industrial Equipment,Conveyors,9,4832.66,0.0,43493.94,34572.85,8921.09,completed,Letter of Credit,Online,11,4.4
ORD-03530,2024-04-15,CUST-0096,Delta Corp 96,South,Chennai,SUP-051,Nova Manufacturing 51,South,PROD-0064,Pallets Model 4,Packaging,Pallets,3,3352.43,0.0,10057.29,7684.7,2372.59,completed,Wire Transfer,Marketplace,14,4.3
ORD-03531,2023-08-01,CUST-0239,Foxtrot Ltd 239,Central,Bhopal,SUP-029,Prime Solutions 29,Central,PROD-0019,Sensors Model 3,Electronics,Sensors,3,3808.16,1.87,11210.84,7000.74,4210.1,pending,Wire Transfer,Direct Sales,,
ORD-03532,2024-07-17,CUST-0192,Alpha Enterprises 192,East,Guwahati,SUP-017,Prime Trading 17,East,PROD-0018,Sensors Model 2,Electronics,Sensors,1,2752.46,0.61,0.0,1897.75,-379.55,cancelled,Wire Transfer,Direct Sales,,
ORD-03533,2024-09-03,CUST-0050,Delta Pvt Ltd 50,North,Delhi,SUP-010,Orbit Solutions 10,North,PROD-0012,Compressors Model 4,Industrial Equipment,Compressors,1,2148.72,0.0,0.0,1276.71,-255.34,cancelled,UPI,Online,,
ORD-03534,2025-09-29,CUST-0010,Echo Ltd 10,North,Jaipur,SUP-005,Summit Solutions 5,North,PROD-0050,Corrugated Model 2,Packaging,Corrugated,5,720.87,15.97,3028.74,2586.33,442.41,completed,Net-30,Online,7,5.0
ORD-03535,2024-09-03,CUST-0156,Delta Corp 156,South,Kochi,SUP-051,Nova Manufacturing 51,South,PROD-0051,Corrugated Model 3,Packaging,Corrugated,1,4581.84,6.27,4294.56,3392.93,901.63,completed,Wire Transfer,Online,9,
ORD-03536,2023-06-19,CUST-0228,Gamma Ltd 228,West,Surat,SUP-033,Nova Industries 33,West,PROD-0027,Cables Model 3,Electronics,Cables,5,2051.68,0.17,0.0,6772.72,-1354.54,cancelled,Wire Transfer,Marketplace,,
ORD-03537,2024-02-17,CUST-0275,Beta Pvt Ltd 275,North,Delhi,SUP-028,Summit Solutions 28,West,PROD-0059,Labels Model 3,Packaging,Labels,2,5507.56,0.0,11015.12,9547.2,1467.92,completed,Credit Card,Partner,5,4.4
ORD-03538,2025-12-11,CUST-0268,Delta Corp 268,West,Mumbai,SUP-027,Orbit Trading 27,East,PROD-0065,Freight Model 1,Logistics Services,Freight,2,4918.89,0.0,9837.78,5785.85,4051.93,completed,Net-30,Marketplace,1,
ORD-03539,2024-04-18,CUST-0058,Beta Corp 58,West,Mumbai,SUP-031,Apex Supplies 31,South,PROD-0008,Conveyors Model 4,Industrial Equipment,Conveyors,4,4092.29,0.53,16282.4,13140.84,3141.56,completed,Net-30,Direct Sales,13,5.0
ORD-03540,2024-09-16,CUST-0171,Gamma Enterprises 171,South,Hyderabad,SUP-033,Nova Industries 33,West,PROD-0067,Freight Model 3,Logistics Services,Freight,1,4277.34,13.67,0.0,3052.0,-610.4,cancelled,UPI,Marketplace,,
ORD-03541,2025-03-16,CUST-0110,Gamma Pvt Ltd 110,North,Lucknow,SUP-016,Nova Manufacturing 16,South,PROD-0063,Pallets Model 3,Packaging,Pallets,4,3182.48,5.28,12057.78,9997.98,2059.8,completed,Net-30,Marketplace,9,4.4
ORD-03542,2025-01-04,CUST-0011,Foxtrot Pvt Ltd 11,South,Bengaluru,SUP-046,Apex Supplies 46,South,PROD-0020,Sensors Model 4,Electronics,Sensors,1,498.64,0.0,498.64,400.75,97.89,completed,UPI,Online,6,3.7
ORD-03543,2023-12-13,CUST-0103,Alpha Ltd 103,West,Pune,SUP-018,Nova Supplies 18,West,PROD-0067,Freight Model 3,Logistics Services,Freight,5,4359.41,0.0,2179.7,15166.84,-853.67,cancelled,Credit Card,Marketplace,,
ORD-03544,2025-03-20,CUST-0139,Foxtrot Group 139,Central,Bhopal,SUP-004,Nova Industries 4,Central,PROD-0039,Polymers Model 3,Raw Materials,Polymers,2,4374.36,12.63,0.0,5371.01,-1074.2,cancelled,Credit Card,Partner,,
ORD-03545,2024-03-22,CUST-0207,Foxtrot Enterprises 207,East,Bhubaneswar,SUP-002,Apex Trading 2,East,PROD-0004,Pump Systems Model 4,Industrial Equipment,Pump Systems,1,3473.15,1.92,3406.47,2550.31,856.16,completed,Letter of Credit,Direct Sales,8,4.3
ORD-03546,2024-01-15,CUST-0237,Gamma Group 237,East,Guwahati,SUP-032,Prime Industries 32,East,PROD-0049,Corrugated Model 1,Packaging,Corrugated,15,3837.19,0.0,57557.85,36115.38,21442.47,completed,Wire Transfer,Marketplace,5,5.0
ORD-03547,2023-08-06,CUST-0262,Foxtrot Enterprises 262,East,Guwahati,SUP-057,Summit Solutions 57,East,PROD-0010,Compressors Model 2,Industrial Equipment,Compressors,16,3365.05,0.0,53840.8,46569.82,7270.98,completed,Credit Card,Direct Sales,10,5.0
ORD-03548,2025-10-31,CUST-0144,Echo Enterprises 144,Central,Raipur,SUP-038,Summit Trading 38,West,PROD-0079,Cold Chain Model 3,Logistics Services,Cold Chain,8,568.42,0.0,4547.36,3100.99,1446.37,completed,UPI,Online,9,4.4
ORD-03549,2025-03-15,CUST-0091,Gamma Pvt Ltd 91,South,Bengaluru,SUP-023,Prime Industries 23,West,PROD-0052,Corrugated Model 4,Packaging,Corrugated,5,4156.66,5.29,19683.86,17092.42,2591.44,completed,UPI,Direct Sales,4,
ORD-03550,2025-05-08,CUST-0142,Delta Group 142,East,Bhubaneswar,SUP-032,Prime Industries 32,East,PROD-0045,Alloys Model 1,Raw Materials,Alloys,5,4925.0,0.0,24625.0,18383.56,6241.44,completed,Net-30,Partner,7,3.9
ORD-03551,2025-02-07,CUST-0057,Alpha Group 57,East,Bhubaneswar,SUP-012,Nova Solutions 12,East,PROD-0065,Freight Model 1,Logistics Services,Freight,6,5269.49,15.02,26868.08,18270.26,8597.82,completed,Wire Transfer,Direct Sales,13,4.1
ORD-03552,2025-03-03,CUST-0099,Beta Corp 99,Central,Nagpur,SUP-039,Summit Industries 39,Central,PROD-0004,Pump Systems Model 4,Industrial Equipment,Pump Systems,2,3617.88,16.08,6072.25,5299.22,773.03,completed,Wire Transfer,Partner,4,2.6
ORD-03553,2025-01-15,CUST-0035,Beta Corp 35,North,Lucknow,SUP-005,Summit Solutions 5,North,PROD-0040,Polymers Model 4,Raw Materials,Polymers,3,4019.97,0.0,12059.91,8700.4,3359.51,completed,Credit Card,Online,10,
ORD-03554,2024-06-18,CUST-0143,Delta Group 143,West,Ahmedabad,SUP-051,Nova Manufacturing 51,South,PROD-0012,Compressors Model 4,Industrial Equipment,Compressors,2,2202.24,20.09,0.0,2505.5,-501.1,cancelled,Wire Transfer,Online,,
ORD-03555,2024-01-08,CUST-0173,Delta Corp 173,West,Mumbai,SUP-041,Orbit Supplies 41,South,PROD-0066,Freight Model 2,Logistics Services,Freight,1,1312.76,0.32,1308.56,734.72,573.84,completed,Letter of Credit,Marketplace,1,3.9
ORD-03556,2024-01-21,CUST-0180,Foxtrot Pvt Ltd 180,North,Lucknow,SUP-056,Orbit Trading 56,South,PROD-0076,Last Mile Model 4,Logistics Services,Last Mile,3,4069.15,0.0,0.0,10041.92,-2008.38,cancelled,UPI,Online,,
ORD-03557,2024-02-07,CUST-0036,Foxtrot Enterprises 36,South,Bengaluru,SUP-041,Orbit Supplies 41,South,PROD-0029,Power Supplies Model 1,Electronics,Power Supplies,10,2278.99,0.0,22789.9,13937.97,8851.93,completed,Wire Transfer,Partner,6,5.0
ORD-03558,2023-06-07,CUST-0073,Delta Group 73,West,Pune,SUP-038,Summit Trading 38,West,PROD-0071,Warehousing Model 3,Logistics Services,Warehousing,32,2278.85,0.22,0.0,42427.91,-8485.58,cancelled,UPI,Online,,
ORD-03559,2023-06-05,CUST-0197,Gamma Ltd 197,East,Patna,SUP-002,Apex Trading 2,East,PROD-0048,Alloys Model 4,Raw Materials,Alloys,3,498.33,0.0,1494.99,976.75,518.24,completed,Letter of Credit,Marketplace,3,4.3
ORD-03560,2023-10-02,CUST-0050,Delta Pvt Ltd 50,North,Delhi,SUP-019,Prime Industries 19,Central,PROD-0061,Pallets Model 1,Packaging,Pallets,1,4103.83,16.2,3439.01,2326.71,1112.3,completed,Credit Card,Marketplace,13,3.6
ORD-03561,2025-05-17,CUST-0300,Foxtrot Ltd 300,North,Delhi,SUP-030,Nova Industries 30,North,PROD-0020,Sensors Model 4,Electronics,Sensors,2,468.71,21.07,739.91,737.31,2.6,completed,Letter of Credit,Online,1,3.6
ORD-03562,2025-07-19,CUST-0201,Gamma Ltd 201,South,Kochi,SUP-018,Nova Supplies 18,West,PROD-0014,CNC Parts Model 2,Industrial Equipment,CNC Parts,1,2344.77,0.0,2344.77,1857.33,487.44,completed,UPI,Marketplace,8,5.0
ORD-03563,2023-11-27,CUST-0296,Delta Ltd 296,South,Kochi,SUP-031,Apex Supplies 31,South,PROD-0017,Sensors Model 1,Electronics,Sensors,1,1774.52,0.0,1774.52,1024.69,749.83,pending,UPI,Marketplace,,
ORD-03564,2025-07-12,CUST-0111,Echo Group 111,South,Kochi,SUP-006,Apex Solutions 6,South,PROD-0051,Corrugated Model 3,Packaging,Corrugated,5,5318.76,0.0,2659.38,19752.07,-1291.03,cancelled,UPI,Marketplace,,
ORD-03565,2024-04-09,CUST-0197,Gamma Ltd 197,East,Patna,SUP-032,Prime Industries 32,East,PROD-0038,Polymers Model 2,Raw Materials,Polymers,3,3388.28,0.0,10164.84,7092.87,3071.97,completed,Letter of Credit,Marketplace,6,5.0
ORD-03566,2024-01-09,CUST-0177,Echo Ltd 177,East,Kolkata,SUP-037,Prime Supplies 37,East,PROD-0041,Chemicals Model 1,Raw Materials,Chemicals,2,1799.58,1.18,3556.69,2769.97,786.72,completed,UPI,Direct Sales,4,4.4
ORD-03567,2024-02-01,CUST-0233,Alpha Ltd 233,West,Ahmedabad,SUP-033,Nova Industries 33,West,PROD-0031,Power Supplies Model 3,Electronics,Power Supplies,2,1999.24,13.59,3455.09,2688.29,766.8,completed,Wire Transfer,Online,3,
ORD-03568,2024-09-09,CUST-0023,Foxtrot Pvt Ltd 23,West,Pune,SUP-043,Zenith Trading 43,West,PROD-0079,Cold Chain Model 3,Logistics Services,Cold Chain,1,619.99,0.0,619.99,435.68,184.31,completed,Credit Card,Direct Sales,6,3.3
ORD-03569,2025-09-25,CUST-0279,Echo Corp 279,Central,Nagpur,SUP-054,Nova Supplies 54,Central,PROD-0076,Last Mile Model 4,Logistics Services,Last Mile,12,3628.5,0.0,0.0,35876.07,-7175.21,cancelled,Credit Card,Partner,,
ORD-03570,2025-11-08,CUST-0022,Beta Group 22,East,Guwahati,SUP-052,Zenith Manufacturing 52,East,PROD-0051,Corrugated Model 3,Packaging,Corrugated,13,5471.9,5.66,67108.48,50298.5,16809.98,completed,Letter of Credit,Direct Sales,9,3.5
ORD-03571,2023-08-25,CUST-0077,Gamma Corp 77,East,Bhubaneswar,SUP-012,Nova Solutions 12,East,PROD-0007,Conveyors Model 3,Industrial Equipment,Conveyors,1,1820.6,0.0,1820.6,1366.81,453.79,completed,Letter of Credit,Online,6,
ORD-03572,2023-02-26,CUST-0108,Beta Group 108,West,Ahmedabad,SUP-010,Orbit Solutions 10,North,PROD-0001,Pump Systems Model 1,Industrial Equipment,Pump Systems,1,2157.08,0.0,215.71,1557.46,-95.78,cancelled,Net-30,Marketplace,,
ORD-03573,2023-03-25,CUST-0214,Gamma Enterprises 214,Central,Nagpur,SUP-039,Summit Industries 39,Central,PROD-0004,Pump Systems Model 4,Industrial Equipment,Pump Systems,5,3662.05,1.91,0.0,13617.61,-2723.52,cancelled,Net-30,Marketplace,,
ORD-03574,2023-07-28,CUST-0176,Beta Ltd 176,South,Bengaluru,SUP-031,Apex Supplies 31,South,PROD-0047,Alloys Model 3,Raw Materials,Alloys,9,2697.09,0.0,24273.81,18418.37,5855.44,pending,Wire Transfer,Marketplace,,
ORD-03575,2024-05-01,CUST-0209,Gamma Ltd 209,Central,Indore,SUP-011,Apex Solutions 11,South,PROD-0020,Sensors Model 4,Electronics,Sensors,10,491.99,0.0,4919.9,3847.34,1072.56,completed,Letter of Credit,Marketplace,9,3.2
ORD-03576,2023-10-25,CUST-0121,Delta Enterprises 121,South,Chennai,SUP-017,Prime Trading 17,East,PROD-0063,Pallets Model 3,Packaging,Pallets,1,3504.8,0.0,3504.8,2607.31,897.49,pending,Net-30,Marketplace,,
ORD-03577,2025-01-25,CUST-0155,Gamma Group 155,North,Lucknow,SUP-060,Nova Supplies 60,North,PROD-0060,Labels Model 4,Packaging,Labels,5,3838.77,1.34,18936.65,12621.14,6315.51,pending,UPI,Marketplace,,
ORD-03578,2025-02-03,CUST-0198,Gamma Enterprises 198,West,Mumbai,SUP-048,Zenith Trading 48,West,PROD-0051,Corrugated Model 3,Packaging,Corrugated,1,5560.31,0.0,5560.31,3817.71,1742.6,completed,Letter of Credit,Marketplace,13,4.2
ORD-03579,2025-07-30,CUST-0197,Gamma Ltd 197,East,Patna,SUP-017,Prime Trading 17,East,PROD-0018,Sensors Model 2,Electronics,Sensors,1,2950.58,0.0,2950.58,2224.34,726.24,completed,Net-30,Online,9,4.9
ORD-03580,2025-08-20,CUST-0059,Foxtrot Ltd 59,Central,Indore,SUP-055,Summit Solutions 55,North,PROD-0068,Freight Model 4,Logistics Services,Freight,1,4812.64,20.18,3841.45,3015.63,825.82,pending,Wire Transfer,Online,,
ORD-03581,2025-06-17,CUST-0125,Delta Group 125,North,Chandigarh,SUP-015,Prime Industries 15,North,PROD-0005,Conveyors Model 1,Industrial Equipment,Conveyors,10,3905.12,15.45,33017.79,30136.53,2881.26,completed,Wire Transfer,Direct Sales,9,3.6
ORD-03582,2023-07-16,CUST-0141,Alpha Enterprises 141,South,Chennai,SUP-041,Orbit Supplies 41,South,PROD-0050,Corrugated Model 2,Packaging,Corrugated,10,802.9,0.0,8029.0,5500.82,2528.18,completed,Letter of Credit,Direct Sales,10,3.8
ORD-03583,2024-12-08,CUST-0082,Gamma Corp 82,East,Guwahati,SUP-047,Apex Trading 47,East,PROD-0023,Controllers Model 3,Electronics,Controllers,7,2599.18,12.86,0.0,11853.87,-2370.77,cancelled,Letter of Credit,Direct Sales,,
ORD-03584,2023-12-11,CUST-0066,Beta Pvt Ltd 66,South,Kochi,SUP-046,Apex Supplies 46,South,PROD-0063,Pallets Model 3,Packaging,Pallets,1,3734.76,20.38,2973.62,2930.39,43.23,completed,Credit Card,Partner,3,5.0
ORD-03585,2023-03-20,CUST-0113,Gamma Corp 113,West,Pune,SUP-008,Apex Industries 8,West,PROD-0015,CNC Parts Model 3,Industrial Equipment,CNC Parts,3,4496.45,10.15,0.0,7358.0,-1471.6,cancelled,Letter of Credit,Marketplace,,
ORD-03586,2024-02-06,CUST-0059,Foxtrot Ltd 59,Central,Indore,SUP-029,Prime Solutions 29,Central,PROD-0066,Freight Model 2,Logistics Services,Freight,5,1146.97,21.44,4505.3,3178.79,1326.51,completed,Net-30,Marketplace,8,4.5
ORD-03587,2023-11-18,CUST-0031,Alpha Group 31,South,Hyderabad,SUP-028,Summit Solutions 28,West,PROD-0047,Alloys Model 3,Raw Materials,Alloys,8,2857.54,1.58,22499.13,17559.66,4939.47,pending,Letter of Credit,Online,,
ORD-03588,2024-04-11,CUST-0135,Foxtrot Enterprises 135,North,Chandigarh,SUP-048,Zenith Trading 48,West,PROD-0074,Last Mile Model 2,Logistics Services,Last Mile,6,4896.18,1.46,0.0,16734.2,-3346.84,cancelled,UPI,Online,,
ORD-03589,2024-08-21,CUST-0093,Foxtrot Corp 93,West,Pune,SUP-047,Apex Trading 47,East,PROD-0010,Compressors Model 2,Industrial Equipment,Compressors,3,3404.65,15.11,8670.62,8139.92,530.7,completed,Credit Card,Online,11,4.7
ORD-03590,2024-04-08,CUST-0274,Foxtrot Enterprises 274,Central,Raipur,SUP-044,Summit Solutions 44,Central,PROD-0027,Cables Model 3,Electronics,Cables,1,2552.05,0.0,2552.05,1635.47,916.58,completed,Net-30,Online,3,3.1
ORD-03591,2025-08-24,CUST-0169,Gamma Enterprises 169,Central,Indore,SUP-016,Nova Manufacturing 16,South,PROD-0012,Compressors Model 4,Industrial Equipment,Compressors,4,2243.09,6.18,0.0,5013.97,-1002.79,cancelled,Wire Transfer,Marketplace,,
ORD-03592,2025-09-18,CUST-0237,Gamma Group 237,East,Guwahati,SUP-057,Summit Solutions 57,East,PROD-0006,Conveyors Model 2,Industrial Equipment,Conveyors,1,4378.01,1.48,4313.22,2763.66,1549.56,completed,Net-30,Direct Sales,8,3.0
ORD-03593,2024-09-23,CUST-0236,Delta Pvt Ltd 236,South,Kochi,SUP-048,Zenith Trading 48,West,PROD-0005,Conveyors Model 1,Industrial Equipment,Conveyors,11,4232.38,0.38,46379.27,37598.46,8780.81,pending,Credit Card,Direct Sales,,
ORD-03594,2024-04-01,CUST-0063,Foxtrot Group 63,West,Surat,SUP-030,Nova Industries 30,North,PROD-0034,Steel Model 2,Raw Materials,Steel,3,1665.8,10.51,4472.17,4402.47,69.7,completed,Letter of Credit,Partner,7,4.6
ORD-03595,2024-07-14,CUST-0170,Beta Enterprises 170,North,Jaipur,SUP-001,Summit Industries 1,South,PROD-0068,Freight Model 4,Logistics Services,Freight,5,4240.91,1.78,20827.11,13285.59,7541.52,pending,Letter of Credit,Partner,,
ORD-03596,2023-10-03,CUST-0125,Delta Group 125,North,Chandigarh,SUP-050,Orbit Trading 50,North,PROD-0077,Cold Chain Model 1,Logistics Services,Cold Chain,1,2282.98,0.0,2282.98,1754.94,528.04,completed,UPI,Marketplace,8,3.5
ORD-03597,2023-08-18,CUST-0170,Beta Enterprises 170,North,Jaipur,SUP-045,Nova Trading 45,North,PROD-0071,Warehousing Model 3,Logistics Services,Warehousing,20,2141.95,0.55,42603.39,25418.8,17184.59,completed,UPI,Direct Sales,13,4.2
ORD-03598,2023-07-01,CUST-0059,Foxtrot Ltd 59,Central,Indore,SUP-034,Zenith Trading 34,Central,PROD-0073,Last Mile Model 1,Logistics Services,Last Mile,6,2860.68,5.18,16274.98,10000.15,6274.83,completed,Net-30,Online,9,2.8
ORD-03599,2024-01-06,CUST-0199,Delta Group 199,Central,Bhopal,SUP-009,Nova Supplies 9,Central,PROD-0079,Cold Chain Model 3,Logistics Services,Cold Chain,3,608.2,12.58,1595.07,1281.04,314.03,completed,UPI,Online,7,4.3
ORD-03600,2025-08-08,CUST-0008,Gamma Enterprises 8,West,Mumbai,SUP-053,Nova Trading 53,West,PROD-0035,Steel Model 3,Raw Materials,Steel,8,3803.7,10.32,27289.27,19931.49,7357.78,completed,Net-30,Marketplace,8,4.4
ORD-03601,2024-07-13,CUST-0102,Gamma Ltd 102,East,Patna,SUP-002,Apex Trading 2,East,PROD-0068,Freight Model 4,Logistics Services,Freight,2,4871.3,0.0,9742.6,5802.39,3940.21,completed,Net-30,Online,9,4.0
ORD-03602,2025-05-06,CUST-0121,Delta Enterprises 121,South,Chennai,SUP-006,Apex Solutions 6,South,PROD-0053,Films Model 1,Packaging,Films,16,1254.7,5.83,0.0,15558.9,-3111.78,cancelled,Letter of Credit,Marketplace,,
ORD-03603,2023-09-05,CUST-0283,Delta Enterprises 283,West,Ahmedabad,SUP-018,Nova Supplies 18,West,PROD-0064,Pallets Model 4,Packaging,Pallets,8,2765.39,6.85,20607.69,18502.32,2105.37,completed,UPI,Online,3,4.1
ORD-03604,2023-11-29,CUST-0193,Foxtrot Enterprises 193,West,Ahmedabad,SUP-028,Summit Solutions 28,West,PROD-0041,Chemicals Model 1,Raw Materials,Chemicals,1,1943.7,0.0,1943.7,1491.94,451.76,completed,Net-30,Marketplace,6,4.1
ORD-03605,2023-11-03,CUST-0222,Gamma Corp 222,East,Bhubaneswar,SUP-026,Zenith Industries 26,South,PROD-0039,Polymers Model 3,Raw Materials,Polymers,2,5027.08,13.04,874.31,6453.14,-416.32,cancelled,Net-30,Direct Sales,,
ORD-03606,2023-08-21,CUST-0083,Foxtrot Enterprises 83,West,Mumbai,SUP-033,Nova Industries 33,West,PROD-0075,Last Mile Model 3,Logistics Services,Last Mile,3,2437.66,0.0,7312.98,5487.27,1825.71,completed,Credit Card,Direct Sales,4,3.4
ORD-03607,2025-04-15,CUST-0019,Echo Ltd 19,Central,Indore,SUP-052,Zenith Manufacturing 52,East,PROD-0046,Alloys Model 2,Raw Materials,Alloys,4,1771.17,6.07,6654.64,4914.23,1740.41,completed,Credit Card,Online,6,3.8
ORD-03608,2023-06-04,CUST-0125,Delta Group 125,North,Chandigarh,SUP-050,Orbit Trading 50,North,PROD-0056,Films Model 4,Packaging,Films,2,622.12,20.06,99.47,1092.34,-119.0,cancelled,Letter of Credit,Partner,,
ORD-03609,2025-07-31,CUST-0024,Foxtrot Pvt Ltd 24,Central,Raipur,SUP-039,Summit Industries 39,Central,PROD-0063,Pallets Model 3,Packaging,Pallets,2,3144.66,0.0,6289.32,4634.08,1655.24,completed,Wire Transfer,Partner,7,3.9
ORD-03610,2024-04-01,CUST-0182,Beta Pvt Ltd 182,East,Kolkata,SUP-017,Prime Trading 17,East,PROD-0030,Power Supplies Model 2,Electronics,Power Supplies,1,4513.28,0.0,4513.28,2855.7,1657.58,completed,Credit Card,Marketplace,3,5.0
ORD-03611,2023-02-11,CUST-0294,Beta Enterprises 294,Central,Raipur,SUP-057,Summit Solutions 57,East,PROD-0014,CNC Parts Model 2,Industrial Equipment,CNC Parts,6,2321.78,1.63,13703.61,10374.8,3328.81,completed,Letter of Credit,Online,7,
ORD-03612,2025-07-11,CUST-0136,Delta Ltd 136,South,Kochi,SUP-051,Nova Manufacturing 51,South,PROD-0074,Last Mile Model 2,Logistics Services,Last Mile,8,4416.37,5.07,33539.68,20359.88,13179.8,completed,Net-30,Direct Sales,4,4.6
ORD-03613,2025-09-03,CUST-0134,Delta Enterprises 134,Central,Indore,SUP-025,Orbit Industries 25,North,PROD-0036,Steel Model 4,Raw Materials,Steel,3,2750.62,0.0,8251.86,6526.94,1724.92,completed,Wire Transfer,Online,7,
ORD-03614,2023-09-05,CUST-0140,Alpha Group 140,North,Lucknow,SUP-035,Zenith Trading 35,North,PROD-0052,Corrugated Model 4,Packaging,Corrugated,7,5254.71,6.49,34395.76,30368.33,4027.43,completed,Credit Card,Partner,10,3.6
ORD-03615,2025-10-10,CUST-0007,Foxtrot Pvt Ltd 7,East,Patna,SUP-007,Zenith Industries 7,East,PROD-0012,Compressors Model 4,Industrial Equipment,Compressors,3,2246.58,0.0,6739.74,3750.49,2989.25,completed,Net-30,Marketplace,6,3.5
ORD-03616,2025-07-22,CUST-0214,Gamma Enterprises 214,Central,Nagpur,SUP-029,Prime Solutions 29,Central,PROD-0006,Conveyors Model 2,Industrial Equipment,Conveyors,1,4616.05,0.0,4616.05,3057.36,1558.69,completed,Wire Transfer,Partner,6,3.8
ORD-03617,2025-03-03,CUST-0180,Foxtrot Pvt Ltd 180,North,Lucknow,SUP-028,Summit Solutions 28,West,PROD-0022,Controllers Model 2,Electronics,Controllers,1,4921.42,0.0,4921.42,3041.85,1879.57,completed,Letter of Credit,Online,11,4.3
ORD-03618,2025-01-29,CUST-0295,Gamma Enterprises 295,North,Delhi,SUP-059,Zenith Trading 59,Central,PROD-0012,Compressors Model 4,Industrial Equipment,Compressors,1,2102.78,0.0,0.0,1202.64,-240.53,cancelled,Letter of Credit,Partner,,
ORD-03619,2024-10-04,CUST-0030,Alpha Corp 30,North,Chandigarh,SUP-045,Nova Trading 45,North,PROD-0078,Cold Chain Model 2,Logistics Services,Cold Chain,2,845.87,10.54,1513.43,1115.02,398.41,completed,UPI,Marketplace,11,3.5
ORD-03620,2023-02-23,CUST-0185,Foxtrot Ltd 185,North,Lucknow,SUP-010,Orbit Solutions 10,North,PROD-0021,Controllers Model 1,Electronics,Controllers,2,2869.65,0.0,5739.3,3440.39,2298.91,completed,Credit Card,Marketplace,7,4.0
ORD-03621,2023-06-23,CUST-0221,Beta Pvt Ltd 221,South,Hyderabad,SUP-056,Orbit Trading 56,South,PROD-0035,Steel Model 3,Raw Materials,Steel,1,3161.41,1.04,3128.53,1926.62,1201.91,completed,UPI,Marketplace,5,3.3
ORD-03622,2023-05-21,CUST-0109,Alpha Corp 109,Central,Nagpur,SUP-054,Nova Supplies 54,Central,PROD-0031,Power Supplies Model 3,Electronics,Power Supplies,4,1999.68,0.0,7998.72,5497.77,2500.95,completed,Letter of Credit,Partner,3,4.1
ORD-03623,2024-08-20,CUST-0107,Alpha Corp 107,East,Patna,SUP-056,Orbit Trading 56,South,PROD-0047,Alloys Model 3,Raw Materials,Alloys,2,2807.13,10.24,5039.36,4222.06,817.3,completed,Letter of Credit,Marketplace,7,5.0
ORD-03624,2024-09-03,CUST-0066,Beta Pvt Ltd 66,South,Kochi,SUP-016,Nova Manufacturing 16,South,PROD-0001,Pump Systems Model 1,Industrial Equipment,Pump Systems,3,2081.67,6.3,5851.57,4861.22,990.35,pending,Net-30,Direct Sales,,
ORD-03625,2025-09-21,CUST-0186,Echo Ltd 186,South,Bengaluru,SUP-057,Summit Solutions 57,East,PROD-0007,Conveyors Model 3,Industrial Equipment,Conveyors,8,1533.4,0.0,12267.2,9234.13,3033.07,pending,Letter of Credit,Online,,
ORD-03626,2024-10-18,CUST-0052,Beta Ltd 52,East,Guwahati,SUP-027,Orbit Trading 27,East,PROD-0003,Pump Systems Model 3,Industrial Equipment,Pump Systems,5,4607.7,5.66,21734.52,14781.8,6952.72,pending,Wire Transfer,Marketplace,,
ORD-03627,2025-03-22,CUST-0177,Echo Ltd 177,East,Kolkata,SUP-002,Apex Trading 2,East,PROD-0033,Steel Model 1,Raw Materials,Steel,2,2650.33,0.0,5300.66,4694.9,605.76,completed,Credit Card,Direct Sales,1,
ORD-03628,2024-11-26,CUST-0142,Delta Group 142,East,Bhubaneswar,SUP-002,Apex Trading 2,East,PROD-0024,Controllers Model 4,Electronics,Controllers,2,1343.56,5.35,2543.36,1547.71,995.65,completed,Wire Transfer,Marketplace,11,4.2
ORD-03629,2024-08-12,CUST-0279,Echo Corp 279,Central,Nagpur,SUP-004,Nova Industries 4,Central,PROD-0020,Sensors Model 4,Electronics,Sensors,1,429.66,0.0,429.66,332.57,97.09,completed,Net-30,Direct Sales,4,4.6
ORD-03630,2023-03-23,CUST-0011,Foxtrot Pvt Ltd 11,South,Bengaluru,SUP-027,Orbit Trading 27,East,PROD-0056,Films Model 4,Packaging,Films,2,616.36,10.99,1097.24,1082.0,15.24,completed,UPI,Direct Sales,6,4.7
ORD-03631,2023-03-25,CUST-0114,Alpha Group 114,Central,Raipur,SUP-049,Apex Supplies 49,Central,PROD-0028,Cables Model 4,Electronics,Cables,8,3194.0,0.0,25552.0,18226.64,7325.36,completed,Letter of Credit,Online,7,4.9
ORD-03632,2025-05-02,CUST-0018,Alpha Enterprises 18,West,Mumbai,SUP-048,Zenith Trading 48,West,PROD-0064,Pallets Model 4,Packaging,Pallets,5,3069.68,16.83,12765.26,12465.18,300.08,completed,Letter of Credit,Partner,11,2.8
ORD-03633,2025-10-01,CUST-0103,Alpha Ltd 103,West,Pune,SUP-006,Apex Solutions 6,South,PROD-0056,Films Model 4,Packaging,Films,1,592.99,0.0,592.99,505.59,87.4,completed,Credit Card,Partner,8,4.6
ORD-03634,2024-03-15,CUST-0028,Echo Ltd 28,West,Pune,SUP-018,Nova Supplies 18,West,PROD-0077,Cold Chain Model 1,Logistics Services,Cold Chain,3,2166.35,5.5,6141.6,4929.57,1212.03,completed,Letter of Credit,Online,8,3.8
ORD-03635,2023-11-29,CUST-0047,Delta Enterprises 47,East,Bhubaneswar,SUP-022,Prime Solutions 22,East,PROD-0030,Power Supplies Model 2,Electronics,Power Supplies,13,4415.33,0.07,0.0,33888.8,-6777.76,cancelled,Credit Card,Online,,
ORD-03636,2023-07-14,CUST-0070,Echo Pvt Ltd 70,North,Chandigarh,SUP-045,Nova Trading 45,North,PROD-0052,Corrugated Model 4,Packaging,Corrugated,9,4694.62,10.73,37717.99,32243.28,5474.71,completed,UPI,Marketplace,6,3.9
ORD-03637,2024-06-10,CUST-0047,Delta Enterprises 47,East,Bhubaneswar,SUP-032,Prime Industries 32,East,PROD-0054,Films Model 2,Packaging,Films,2,2492.67,0.0,4985.34,3751.94,1233.4,completed,Letter of Credit,Online,3,3.3
ORD-03638,2025-12-13,CUST-0028,Echo Ltd 28,West,Pune,SUP-012,Nova Solutions 12,East,PROD-0051,Corrugated Model 3,Packaging,Corrugated,4,4763.66,0.0,19054.64,13188.44,5866.2,completed,Net-30,Direct Sales,1,3.2
ORD-03639,2025-04-19,CUST-0252,Delta Corp 252,East,Patna,SUP-017,Prime Trading 17,East,PROD-0012,Compressors Model 4,Industrial Equipment,Compressors,3,2016.91,5.88,5694.95,3678.93,2016.02,completed,Wire Transfer,Partner,5,4.5
ORD-03640,2023-05-28,CUST-0099,Beta Corp 99,Central,Nagpur,SUP-035,Zenith Trading 35,North,PROD-0071,Warehousing Model 3,Logistics Services,Warehousing,29,1879.99,5.35,51602.91,33607.19,17995.72,pending,Wire Transfer,Marketplace,,
ORD-03641,2023-08-16,CUST-0237,Gamma Group 237,East,Guwahati,SUP-002,Apex Trading 2,East,PROD-0050,Corrugated Model 2,Packaging,Corrugated,5,767.37,0.0,3836.85,2675.4,1161.45,completed,Net-30,Direct Sales,10,4.8
ORD-03642,2024-08-11,CUST-0048,Beta Enterprises 48,West,Surat,SUP-058,Zenith Solutions 58,West,PROD-0023,Controllers Model 3,Electronics,Controllers,3,2681.4,5.11,7633.14,5158.92,2474.22,completed,Credit Card,Direct Sales,10,4.0
ORD-03643,2023-11-09,CUST-0222,Gamma Corp 222,East,Bhubaneswar,SUP-032,Prime Industries 32,East,PROD-0009,Compressors Model 1,Industrial Equipment,Compressors,11,233.6,0.0,0.0,1475.8,-295.16,cancelled,UPI,Direct Sales,,
ORD-03644,2025-08-11,CUST-0272,Delta Corp 272,East,Guwahati,SUP-009,Nova Supplies 9,Central,PROD-0058,Labels Model 2,Packaging,Labels,2,4571.9,0.0,9143.8,6667.17,2476.63,pending,Wire Transfer,Direct Sales,,
ORD-03645,2023-11-16,CUST-0101,Beta Enterprises 101,South,Chennai,SUP-039,Summit Industries 39,Central,PROD-0067,Freight Model 3,Logistics Services,Freight,3,4915.21,0.0,14745.63,10642.99,4102.64,completed,Wire Transfer,Partner,4,4.1
ORD-03646,2024-05-25,CUST-0157,Delta Enterprises 157,East,Bhubaneswar,SUP-053,Nova Trading 53,West,PROD-0050,Corrugated Model 2,Packaging,Corrugated,6,679.7,13.7,3519.49,2922.59,596.9,completed,Net-30,Direct Sales,7,4.2
ORD-03647,2024-02-05,CUST-0085,Beta Pvt Ltd 85,North,Jaipur,SUP-056,Orbit Trading 56,South,PROD-0068,Freight Model 4,Logistics Services,Freight,1,4529.45,0.0,4529.45,2672.58,1856.87,completed,UPI,Marketplace,1,5.0
ORD-03648,2024-06-25,CUST-0017,Beta Group 17,East,Kolkata,SUP-042,Nova Manufacturing 42,East,PROD-0023,Controllers Model 3,Electronics,Controllers,1,2440.96,0.0,2440.96,1478.48,962.48,completed,Credit Card,Direct Sales,2,3.5
ORD-03649,2023-07-22,CUST-0041,Beta Group 41,South,Chennai,SUP-041,Orbit Supplies 41,South,PROD-0014,CNC Parts Model 2,Industrial Equipment,CNC Parts,6,2051.83,0.0,12310.98,8920.36,3390.62,completed,UPI,Partner,6,4.6
ORD-03650,2024-04-19,CUST-0225,Foxtrot Enterprises 225,North,Chandigarh,SUP-046,Apex Supplies 46,South,PROD-0044,Chemicals Model 4,Raw Materials,Chemicals,1,4172.58,0.0,0.0,3235.04,-647.01,cancelled,Wire Transfer,Online,,
ORD-03651,2025-03-11,CUST-0035,Beta Corp 35,North,Lucknow,SUP-060,Nova Supplies 60,North,PROD-0034,Steel Model 2,Raw Materials,Steel,3,1529.8,11.47,4063.0,3705.56,357.44,completed,Net-30,Online,14,3.3
ORD-03652,2023-12-22,CUST-0225,Foxtrot Enterprises 225,North,Chandigarh,SUP-045,Nova Trading 45,North,PROD-0050,Corrugated Model 2,Packaging,Corrugated,1,718.3,16.82,597.48,493.93,103.55,completed,Net-30,Partner,7,3.8
ORD-03653,2023-01-22,CUST-0103,Alpha Ltd 103,West,Pune,SUP-037,Prime Supplies 37,East,PROD-0052,Corrugated Model 4,Packaging,Corrugated,5,4436.95,1.09,0.0,16869.97,-3373.99,cancelled,Credit Card,Partner,,
ORD-03654,2023-03-18,CUST-0116,Foxtrot Pvt Ltd 116,South,Bengaluru,SUP-001,Summit Industries 1,South,PROD-0078,Cold Chain Model 2,Logistics Services,Cold Chain,13,858.87,0.0,11165.31,7678.26,3487.05,completed,Letter of Credit,Marketplace,9,3.4
ORD-03655,2025-12-07,CUST-0169,Gamma Enterprises 169,Central,Indore,SUP-045,Nova Trading 45,North,PROD-0011,Compressors Model 3,Industrial Equipment,Compressors,1,5111.41,0.0,5111.41,4021.09,1090.32,completed,Net-30,Online,2,4.4
ORD-03656,2025-12-31,CUST-0217,Alpha Group 217,East,Patna,SUP-005,Summit Solutions 5,North,PROD-0055,Films Model 3,Packaging,Films,2,3909.61,0.0,7819.22,5059.66,2759.56,completed,Credit Card,Direct Sales,4,5.0
ORD-03657,2024-11-21,CUST-0286,Alpha Pvt Ltd 286,South,Chennai,SUP-054,Nova Supplies 54,Central,PROD-0048,Alloys Model 4,Raw Materials,Alloys,4,522.45,0.0,2089.8,1276.49,813.31,completed,Net-30,Online,9,3.9
ORD-03658,2024-02-13,CUST-0205,Alpha Ltd 205,North,Chandigarh,SUP-050,Orbit Trading 50,North,PROD-0072,Warehousing Model 4,Logistics Services,Warehousing,1,5019.24,16.97,4167.47,3230.18,937.29,completed,Net-30,Online,5,5.0
ORD-03659,2023-07-12,CUST-0130,Alpha Ltd 130,North,Jaipur,SUP-026,Zenith Industries 26,South,PROD-0053,Films Model 1,Packaging,Films,1,1419.77,10.58,1269.56,1091.44,178.12,completed,Net-30,Direct Sales,15,4.0
ORD-03660,2024-12-24,CUST-0198,Gamma Enterprises 198,West,Mumbai,SUP-048,Zenith Trading 48,West,PROD-0049,Corrugated Model 1,Packaging,Corrugated,4,4280.32,0.0,17121.28,10458.24,6663.04,pending,UPI,Online,,
ORD-03661,2023-04-01,CUST-0024,Foxtrot Pvt Ltd 24,Central,Raipur,SUP-044,Summit Solutions 44,Central,PROD-0038,Polymers Model 2,Raw Materials,Polymers,3,3459.26,0.0,10377.78,7584.98,2792.8,completed,UPI,Marketplace,7,4.4
ORD-03662,2025-01-01,CUST-0027,Gamma Corp 27,East,Kolkata,SUP-047,Apex Trading 47,East,PROD-0051,Corrugated Model 3,Packaging,Corrugated,4,5482.73,0.3,21865.13,15991.2,5873.93,completed,Credit Card,Partner,7,4.8
ORD-03663,2024-03-14,CUST-0103,Alpha Ltd 103,West,Pune,SUP-038,Summit Trading 38,West,PROD-0017,Sensors Model 1,Electronics,Sensors,1,1890.5,0.73,1876.7,1131.02,745.68,completed,Wire Transfer,Marketplace,9,4.0
ORD-03664,2025-06-24,CUST-0131,Beta Ltd 131,South,Hyderabad,SUP-056,Orbit Trading 56,South,PROD-0008,Conveyors Model 4,Industrial Equipment,Conveyors,7,3431.93,1.13,23752.04,19532.05,4219.99,pending,Credit Card,Partner,,
ORD-03665,2024-03-10,CUST-0297,Alpha Ltd 297,East,Guwahati,SUP-032,Prime Industries 32,East,PROD-0020,Sensors Model 4,Electronics,Sensors,1,465.15,0.86,461.15,394.24,66.91,pending,UPI,Online,,
ORD-03666,2024-03-13,CUST-0019,Echo Ltd 19,Central,Indore,SUP-039,Summit Industries 39,Central,PROD-0019,Sensors Model 3,Electronics,Sensors,1,4506.57,0.0,4506.57,2618.71,1887.86,completed,UPI,Online,3,3.7
ORD-03667,2024-07-01,CUST-0288,Alpha Pvt Ltd 288,West,Ahmedabad,SUP-029,Prime Solutions 29,Central,PROD-0061,Pallets Model 1,Packaging,Pallets,7,3734.17,0.0,26139.19,14755.31,11383.88,completed,Wire Transfer,Direct Sales,6,4.4
ORD-03668,2024-11-28,CUST-0074,Echo Group 74,Central,Nagpur,SUP-019,Prime Industries 19,Central,PROD-0052,Corrugated Model 4,Packaging,Corrugated,4,4154.84,0.0,16619.36,13943.95,2675.41,completed,UPI,Online,8,3.2
ORD-03669,2024-03-20,CUST-0264,Gamma Pvt Ltd 264,Central,Raipur,SUP-059,Zenith Trading 59,Central,PROD-0066,Freight Model 2,Logistics Services,Freight,1,1158.27,1.83,1137.07,620.21,516.86,completed,Net-30,Partner,12,3.0
ORD-03670,2025-03-23,CUST-0013,Echo Group 13,West,Pune,SUP-051,Nova Manufacturing 51,South,PROD-0071,Warehousing Model 3,Logistics Services,Warehousing,20,2218.91,0.0,44378.2,27081.39,17296.81,completed,UPI,Partner,1,3.8
ORD-03671,2024-06-04,CUST-0260,Beta Enterprises 260,North,Delhi,SUP-060,Nova Supplies 60,North,PROD-0039,Polymers Model 3,Raw Materials,Polymers,4,5068.71,1.58,19954.5,12761.19,7193.31,completed,Net-30,Marketplace,8,4.6
ORD-03672,2023-04-20,CUST-0048,Beta Enterprises 48,West,Surat,SUP-054,Nova Supplies 54,Central,PROD-0063,Pallets Model 3,Packaging,Pallets,1,3733.94,0.0,3733.94,2891.32,842.62,completed,Wire Transfer,Partner,10,4.0
ORD-03673,2025-03-24,CUST-0177,Echo Ltd 177,East,Kolkata,SUP-007,Zenith Industries 7,East,PROD-0056,Films Model 4,Packaging,Films,6,689.84,20.21,0.0,3538.31,-707.66,cancelled,Wire Transfer,Online,,
ORD-03674,2025-02-16,CUST-0012,Beta Pvt Ltd 12,East,Bhubaneswar,SUP-032,Prime Industries 32,East,PROD-0079,Cold Chain Model 3,Logistics Services,Cold Chain,4,561.9,0.0,0.0,1602.34,-320.47,cancelled,Wire Transfer,Online,,
ORD-03675,2023-01-09,CUST-0160,Delta Enterprises 160,North,Jaipur,SUP-005,Summit Solutions 5,North,PROD-0076,Last Mile Model 4,Logistics Services,Last Mile,2,3901.09,0.0,7802.18,6826.23,975.95,completed,UPI,Partner,4,3.0
ORD-03676,2024-03-03,CUST-0076,Foxtrot Corp 76,South,Hyderabad,SUP-052,Zenith Manufacturing 52,East,PROD-0051,Corrugated Model 3,Packaging,Corrugated,1,5586.66,0.0,558.67,4073.85,-256.1,cancelled,Credit Card,Marketplace,,
ORD-03677,2025-08-31,CUST-0019,Echo Ltd 19,Central,Indore,SUP-004,Nova Industries 4,Central,PROD-0040,Polymers Model 4,Raw Materials,Polymers,2,4047.32,0.0,8094.64,6063.43,2031.21,completed,UPI,Direct Sales,10,4.5
ORD-03678,2024-10-01,CUST-0145,Foxtrot Enterprises 145,North,Chandigarh,SUP-055,Summit Solutions 55,North,PROD-0010,Compressors Model 2,Industrial Equipment,Compressors,1,3299.87,6.93,3071.19,2771.21,299.98,completed,Credit Card,Direct Sales,2,
ORD-03679,2025-09-29,CUST-0266,Foxtrot Enterprises 266,South,Kochi,SUP-055,Summit Solutions 55,North,PROD-0073,Last Mile Model 1,Logistics Services,Last Mile,1,2704.18,0.0,2704.18,1510.23,1193.95,completed,Letter of Credit,Direct Sales,11,4.5
ORD-03680,2025-01-07,CUST-0066,Beta Pvt Ltd 66,South,Kochi,SUP-021,Apex Trading 21,South,PROD-0057,Labels Model 1,Packaging,Labels,5,807.29,0.56,4013.85,3390.75,623.1,completed,Net-30,Partner,8,3.6
ORD-03681,2025-10-08,CUST-0220,Alpha Ltd 220,North,Jaipur,SUP-035,Zenith Trading 35,North,PROD-0028,Cables Model 4,Electronics,Cables,2,2693.72,0.77,5345.96,3892.28,1453.68,pending,Net-30,Marketplace,,
ORD-03682,2025-06-22,CUST-0140,Alpha Group 140,North,Lucknow,SUP-030,Nova Industries 30,North,PROD-0052,Corrugated Model 4,Packaging,Corrugated,2,4868.83,0.0,9737.66,7701.43,2036.23,completed,Wire Transfer,Partner,9,2.4
ORD-03683,2023-10-06,CUST-0262,Foxtrot Enterprises 262,East,Guwahati,SUP-047,Apex Trading 47,East,PROD-0036,Steel Model 4,Raw Materials,Steel,1,2667.31,6.49,2494.2,1955.24,538.96,completed,Wire Transfer,Online,8,3.7
ORD-03684,2024-01-29,CUST-0157,Delta Enterprises 157,East,Bhubaneswar,SUP-002,Apex Trading 2,East,PROD-0003,Pump Systems Model 3,Industrial Equipment,Pump Systems,3,5507.24,0.67,16411.02,10767.41,5643.61,completed,Letter of Credit,Online,5,4.2
ORD-03685,2024-10-19,CUST-0166,Delta Group 166,South,Bengaluru,SUP-006,Apex Solutions 6,South,PROD-0069,Warehousing Model 1,Logistics Services,Warehousing,3,382.83,0.0,1148.49,872.79,275.7,completed,Credit Card,Online,3,4.3
ORD-03686,2025-02-01,CUST-0278,Foxtrot Ltd 278,West,Pune,SUP-028,Summit Solutions 28,West,PROD-0005,Conveyors Model 1,Industrial Equipment,Conveyors,1,4861.29,0.0,4861.29,3827.6,1033.69,pending,Credit Card,Direct Sales,,
ORD-03687,2023-07-24,CUST-0221,Beta Pvt Ltd 221,South,Hyderabad,SUP-003,Nova Supplies 3,West,PROD-0017,Sensors Model 1,Electronics,Sensors,1,2042.86,20.67,162.06,1191.12,-76.16,cancelled,Wire Transfer,Online,,
ORD-03688,2023-05-24,CUST-0185,Foxtrot Ltd 185,North,Lucknow,SUP-050,Orbit Trading 50,North,PROD-0046,Alloys Model 2,Raw Materials,Alloys,25,1566.73,0.0,39168.25,27826.08,11342.17,pending,Letter of Credit,Marketplace,,
ORD-03689,2023-04-01,CUST-0057,Alpha Group 57,East,Bhubaneswar,SUP-027,Orbit Trading 27,East,PROD-0042,Chemicals Model 2,Raw Materials,Chemicals,1,2903.27,16.53,2423.36,2122.52,300.84,completed,Letter of Credit,Direct Sales,6,3.7
ORD-03690,2024-09-30,CUST-0204,Echo Corp 204,Central,Nagpur,SUP-024,Summit Manufacturing 24,Central,PROD-0035,Steel Model 3,Raw Materials,Steel,7,3365.92,1.31,23252.79,14657.47,8595.32,completed,Credit Card,Online,11,2.3
ORD-03691,2024-06-11,CUST-0151,Echo Corp 151,South,Hyderabad,SUP-027,Orbit Trading 27,East,PROD-0071,Warehousing Model 3,Logistics Services,Warehousing,10,1925.16,0.35,19184.22,11253.09,7931.13,completed,Letter of Credit,Marketplace,3,5.0
ORD-03692,2023-08-16,CUST-0237,Gamma Group 237,East,Guwahati,SUP-017,Prime Trading 17,East,PROD-0014,CNC Parts Model 2,Industrial Equipment,CNC Parts,37,2195.84,12.76,70879.08,60912.26,9966.82,completed,Wire Transfer,Online,13,3.7
ORD-03693,2024-07-17,CUST-0172,Delta Pvt Ltd 172,East,Patna,SUP-022,Prime Solutions 22,East,PROD-0034,Steel Model 2,Raw Materials,Steel,6,1635.26,0.0,9811.56,7868.9,1942.66,completed,Net-30,Direct Sales,4,3.8
ORD-03694,2024-03-08,CUST-0103,Alpha Ltd 103,West,Pune,SUP-003,Nova Supplies 3,West,PROD-0004,Pump Systems Model 4,Industrial Equipment,Pump Systems,2,3306.75,0.0,6613.5,4862.43,1751.07,completed,Letter of Credit,Partner,9,4.0
ORD-03695,2025-11-02,CUST-0033,Echo Ltd 33,West,Pune,SUP-023,Prime Industries 23,West,PROD-0015,CNC Parts Model 3,Industrial Equipment,CNC Parts,5,4674.9,10.52,20915.5,13492.06,7423.44,pending,UPI,Marketplace,,
ORD-03696,2023-05-07,CUST-0046,Alpha Ltd 46,South,Bengaluru,SUP-051,Nova Manufacturing 51,South,PROD-0044,Chemicals Model 4,Raw Materials,Chemicals,3,4748.37,5.08,13521.46,10769.64,2751.82,completed,Letter of Credit,Partner,5,4.1
ORD-03697,2025-03-23,CUST-0198,Gamma Enterprises 198,West,Mumbai,SUP-016,Nova Manufacturing 16,South,PROD-0050,Corrugated Model 2,Packaging,Corrugated,2,794.46,13.5,1374.42,1152.5,221.92,completed,Net-30,Marketplace,7,5.0
ORD-03698,2024-04-10,CUST-0012,Beta Pvt Ltd 12,East,Bhubaneswar,SUP-007,Zenith Industries 7,East,PROD-0024,Controllers Model 4,Electronics,Controllers,1,1300.27,0.0,1300.27,736.24,564.03,completed,Wire Transfer,Direct Sales,5,3.9
ORD-03699,2024-07-30,CUST-0273,Echo Pvt Ltd 273,West,Pune,SUP-008,Apex Industries 8,West,PROD-0045,Alloys Model 1,Raw Materials,Alloys,1,4982.94,0.35,4965.5,3765.28,1200.22,completed,Net-30,Online,5,
ORD-03700,2023-09-25,CUST-0106,Foxtrot Group 106,South,Kochi,SUP-036,Nova Trading 36,South,PROD-0067,Freight Model 3,Logistics Services,Freight,5,4156.1,0.0,20780.5,14606.66,6173.84,completed,Letter of Credit,Partner,7,
ORD-03701,2025-08-21,CUST-0111,Echo Group 111,South,Kochi,SUP-016,Nova Manufacturing 16,South,PROD-0076,Last Mile Model 4,Logistics Services,Last Mile,6,4011.41,1.2,23779.64,20239.22,3540.42,completed,UPI,Partner,11,3.6
ORD-03702,2025-04-22,CUST-0182,Beta Pvt Ltd 182,East,Kolkata,SUP-052,Zenith Manufacturing 52,East,PROD-0047,Alloys Model 3,Raw Materials,Alloys,10,2637.84,1.3,26035.48,20991.71,5043.77,completed,Wire Transfer,Marketplace,1,4.1
ORD-03703,2024-12-12,CUST-0160,Delta Enterprises 160,North,Jaipur,SUP-008,Apex Industries 8,West,PROD-0023,Controllers Model 3,Electronics,Controllers,4,2665.71,0.92,10564.74,6426.57,4138.17,pending,Letter of Credit,Online,,
ORD-03704,2023-07-17,CUST-0063,Foxtrot Group 63,West,Surat,SUP-038,Summit Trading 38,West,PROD-0034,Steel Model 2,Raw Materials,Steel,6,1472.66,0.0,8835.96,7430.29,1405.67,completed,Net-30,Online,9,4.7
ORD-03705,2023-10-21,CUST-0060,Alpha Group 60,North,Lucknow,SUP-029,Prime Solutions 29,Central,PROD-0001,Pump Systems Model 1,Industrial Equipment,Pump Systems,1,2226.95,0.0,2226.95,1597.49,629.46,pending,Net-30,Direct Sales,,
ORD-03706,2023-12-26,CUST-0265,Beta Pvt Ltd 265,North,Delhi,SUP-025,Orbit Industries 25,North,PROD-0022,Controllers Model 2,Electronics,Controllers,3,4524.06,0.0,13572.18,7718.7,5853.48,completed,Net-30,Online,12,3.5
ORD-03707,2024-04-14,CUST-0083,Foxtrot Enterprises 83,West,Mumbai,SUP-053,Nova Trading 53,West,PROD-0062,Pallets Model 2,Packaging,Pallets,9,2644.0,11.92,20959.52,16743.57,4215.95,completed,UPI,Online,5,4.3
ORD-03708,2023-10-09,CUST-0156,Delta Corp 156,South,Kochi,SUP-056,Orbit Trading 56,South,PROD-0021,Controllers Model 1,Electronics,Controllers,4,2823.44,0.0,11293.76,6806.31,4487.45,completed,Net-30,Online,13,4.2
ORD-03709,2024-01-08,CUST-0124,Gamma Pvt Ltd 124,Central,Indore,SUP-060,Nova Supplies 60,North,PROD-0079,Cold Chain Model 3,Logistics Services,Cold Chain,4,570.2,0.0,228.08,1652.88,-102.5,cancelled,Net-30,Partner,,
ORD-03710,2025-11-16,CUST-0077,Gamma Corp 77,East,Bhubaneswar,SUP-027,Orbit Trading 27,East,PROD-0047,Alloys Model 3,Raw Materials,Alloys,3,3225.79,1.58,9524.47,7499.63,2024.84,pending,Letter of Credit,Partner,,
ORD-03711,2024-10-16,CUST-0184,Echo Enterprises 184,Central,Nagpur,SUP-014,Zenith Solutions 14,Central,PROD-0077,Cold Chain Model 1,Logistics Services,Cold Chain,4,1929.89,20.57,6131.65,6000.72,130.93,completed,Credit Card,Partner,11,3.4
ORD-03712,2025-04-03,CUST-0151,Echo Corp 151,South,Hyderabad,SUP-033,Nova Industries 33,West,PROD-0058,Labels Model 2,Packaging,Labels,3,4419.67,0.0,13259.01,10359.07,2899.94,completed,Wire Transfer,Marketplace,4,4.3
ORD-03713,2025-02-05,CUST-0015,Alpha Corp 15,North,Lucknow,SUP-028,Summit Solutions 28,West,PROD-0028,Cables Model 4,Electronics,Cables,10,3276.12,0.0,32761.2,23542.51,9218.69,completed,Wire Transfer,Online,6,3.8
ORD-03714,2024-03-11,CUST-0179,Echo Ltd 179,Central,Indore,SUP-041,Orbit Supplies 41,South,PROD-0061,Pallets Model 1,Packaging,Pallets,19,3770.78,15.1,60826.45,40271.37,20555.08,completed,UPI,Online,5,4.4
ORD-03715,2023-05-17,CUST-0066,Beta Pvt Ltd 66,South,Kochi,SUP-041,Orbit Supplies 41,South,PROD-0059,Labels Model 3,Packaging,Labels,1,5556.12,0.67,5518.89,4886.28,632.61,completed,Net-30,Direct Sales,3,3.9
ORD-03716,2024-05-18,CUST-0096,Delta Corp 96,South,Chennai,SUP-051,Nova Manufacturing 51,South,PROD-0061,Pallets Model 1,Packaging,Pallets,6,4025.46,0.0,24152.76,12793.19,11359.57,completed,Letter of Credit,Direct Sales,7,3.9
ORD-03717,2024-06-12,CUST-0271,Foxtrot Group 271,South,Bengaluru,SUP-016,Nova Manufacturing 16,South,PROD-0048,Alloys Model 4,Raw Materials,Alloys,3,479.94,0.0,1439.82,925.42,514.4,completed,Letter of Credit,Marketplace,3,5.0
ORD-03718,2024-08-12,CUST-0026,Beta Ltd 26,South,Bengaluru,SUP-051,Nova Manufacturing 51,South,PROD-0034,Steel Model 2,Raw Materials,Steel,15,1609.63,1.36,23816.09,19810.67,4005.42,completed,Net-30,Partner,8,4.0
ORD-03719,2025-01-11,CUST-0094,Echo Enterprises 94,Central,Nagpur,SUP-017,Prime Trading 17,East,PROD-0004,Pump Systems Model 4,Industrial Equipment,Pump Systems,1,3833.52,0.0,3833.52,2728.37,1105.15,completed,Letter of Credit,Direct Sales,5,4.0
ORD-03720,2024-06-22,CUST-0180,Foxtrot Pvt Ltd 180,North,Lucknow,SUP-010,Orbit Solutions 10,North,PROD-0056,Films Model 4,Packaging,Films,5,688.16,0.29,343.08,2960.16,-248.95,cancelled,Net-30,Online,,
ORD-03721,2023-05-07,CUST-0282,Delta Pvt Ltd 282,East,Bhubaneswar,SUP-002,Apex Trading 2,East,PROD-0062,Pallets Model 2,Packaging,Pallets,6,2751.72,0.0,16510.32,11402.04,5108.28,completed,Net-30,Online,6,
ORD-03722,2023-03-25,CUST-0215,Gamma Pvt Ltd 215,North,Jaipur,SUP-030,Nova Industries 30,North,PROD-0013,CNC Parts Model 1,Industrial Equipment,CNC Parts,3,3450.0,1.32,10213.38,8591.02,1622.36,completed,Letter of Credit,Direct Sales,6,4.1
ORD-03723,2023-06-14,CUST-0165,Beta Group 165,North,Lucknow,SUP-040,Orbit Supplies 40,North,PROD-0025,Cables Model 1,Electronics,Cables,1,3739.67,0.0,0.0,3024.42,-604.88,cancelled,Credit Card,Direct Sales,,
ORD-03724,2024-03-24,CUST-0134,Delta Enterprises 134,Central,Indore,SUP-044,Summit Solutions 44,Central,PROD-0014,CNC Parts Model 2,Industrial Equipment,CNC Parts,2,2096.41,0.0,4192.82,3137.64,1055.18,completed,Letter of Credit,Direct Sales,4,5.0
ORD-03725,2024-03-16,CUST-0210,Foxtrot Ltd 210,North,Lucknow,SUP-035,Zenith Trading 35,North,PROD-0042,Chemicals Model 2,Raw Materials,Chemicals,1,3209.87,0.0,3209.87,2403.36,806.51,completed,Letter of Credit,Marketplace,10,3.4
ORD-03726,2025-10-25,CUST-0170,Beta Enterprises 170,North,Jaipur,SUP-015,Prime Industries 15,North,PROD-0032,Power Supplies Model 4,Electronics,Power Supplies,9,1290.52,20.62,9219.73,8342.81,876.92,pending,Net-30,Partner,,
ORD-03727,2025-03-01,CUST-0032,Gamma Enterprises 32,East,Bhubaneswar,SUP-011,Apex Solutions 11,South,PROD-0030,Power Supplies Model 2,Electronics,Power Supplies,2,3932.05,0.0,7864.1,4703.94,3160.16,completed,Wire Transfer,Marketplace,10,
ORD-03728,2023-07-19,CUST-0007,Foxtrot Pvt Ltd 7,East,Patna,SUP-005,Summit Solutions 5,North,PROD-0065,Freight Model 1,Logistics Services,Freight,1,5409.77,1.57,5324.84,3275.74,2049.1,completed,Credit Card,Online,5,3.0
ORD-03729,2023-10-02,CUST-0057,Alpha Group 57,East,Bhubaneswar,SUP-037,Prime Supplies 37,East,PROD-0001,Pump Systems Model 1,Industrial Equipment,Pump Systems,4,2234.29,11.71,7890.62,6491.09,1399.53,pending,Net-30,Marketplace,,
ORD-03730,2023-09-28,CUST-0241,Beta Ltd 241,South,Chennai,SUP-056,Orbit Trading 56,South,PROD-0009,Compressors Model 1,Industrial Equipment,Compressors,5,259.47,5.72,1223.14,753.96,469.18,pending,UPI,Partner,,
ORD-03731,2025-11-15,CUST-0269,Gamma Pvt Ltd 269,Central,Nagpur,SUP-009,Nova Supplies 9,Central,PROD-0010,Compressors Model 2,Industrial Equipment,Compressors,2,3496.06,1.7,6873.25,5492.54,1380.71,completed,UPI,Marketplace,3,3.9
ORD-03732,2025-05-29,CUST-0153,Foxtrot Ltd 153,West,Surat,SUP-007,Zenith Industries 7,East,PROD-0040,Polymers Model 4,Raw Materials,Polymers,2,3764.2,0.0,7528.4,5415.75,2112.65,completed,Credit Card,Partner,8,2.3
ORD-03733,2023-05-28,CUST-0289,Echo Group 289,Central,Nagpur,SUP-024,Summit Manufacturing 24,Central,PROD-0069,Warehousing Model 1,Logistics Services,Warehousing,7,368.68,0.0,2580.76,2148.2,432.56,pending,Letter of Credit,Online,,
ORD-03734,2024-03-25,CUST-0122,Echo Group 122,East,Bhubaneswar,SUP-037,Prime Supplies 37,East,PROD-0058,Labels Model 2,Packaging,Labels,4,4366.5,0.0,17466.0,13880.87,3585.13,completed,Net-30,Online,8,5.0
ORD-03735,2025-07-27,CUST-0152,Beta Ltd 152,East,Bhubaneswar,SUP-002,Apex Trading 2,East,PROD-0003,Pump Systems Model 3,Industrial Equipment,Pump Systems,1,5418.32,0.0,5418.32,3434.14,1984.18,completed,Letter of Credit,Online,7,2.8
ORD-03736,2025-01-14,CUST-0054,Foxtrot Pvt Ltd 54,Central,Indore,SUP-044,Summit Solutions 44,Central,PROD-0019,Sensors Model 3,Electronics,Sensors,16,3622.33,0.65,57580.56,36502.32,21078.24,completed,UPI,Online,9,3.6
ORD-03737,2025-02-03,CUST-0129,Gamma Group 129,Central,Indore,SUP-019,Prime Industries 19,Central,PROD-0057,Labels Model 1,Packaging,Labels,1,747.96,0.0,747.96,605.07,142.89,completed,UPI,Online,10,3.5
ORD-03738,2025-06-11,CUST-0091,Gamma Pvt Ltd 91,South,Bengaluru,SUP-036,Nova Trading 36,South,PROD-0028,Cables Model 4,Electronics,Cables,1,2748.33,0.0,2748.33,2087.34,660.99,completed,Letter of Credit,Direct Sales,8,4.7
ORD-03739,2025-03-18,CUST-0245,Gamma Pvt Ltd 245,North,Chandigarh,SUP-015,Prime Industries 15,North,PROD-0068,Freight Model 4,Logistics Services,Freight,17,4426.55,11.48,66612.5,45417.32,21195.18,pending,Credit Card,Marketplace,,
ORD-03740,2024-04-14,CUST-0260,Beta Enterprises 260,North,Delhi,SUP-030,Nova Industries 30,North,PROD-0065,Freight Model 1,Logistics Services,Freight,12,5391.3,1.34,63828.68,38863.89,24964.79,pending,Wire Transfer,Online,,
ORD-03741,2024-05-30,CUST-0143,Delta Group 143,West,Ahmedabad,SUP-008,Apex Industries 8,West,PROD-0062,Pallets Model 2,Packaging,Pallets,2,3083.21,0.0,6166.42,4167.8,1998.62,pending,Net-30,Online,,
ORD-03742,2023-07-17,CUST-0146,Gamma Ltd 146,South,Kochi,SUP-011,Apex Solutions 11,South,PROD-0034,Steel Model 2,Raw Materials,Steel,7,1649.64,0.0,11547.48,9535.59,2011.89,completed,UPI,Partner,5,4.4
ORD-03743,2023-09-14,CUST-0049,Beta Enterprises 49,Central,Indore,SUP-004,Nova Industries 4,Central,PROD-0008,Conveyors Model 4,Industrial Equipment,Conveyors,1,3673.11,0.0,3673.11,2963.83,709.28,completed,UPI,Online,10,
ORD-03744,2023-09-27,CUST-0192,Alpha Enterprises 192,East,Guwahati,SUP-049,Apex Supplies 49,Central,PROD-0065,Freight Model 1,Logistics Services,Freight,6,4617.37,0.0,27704.22,15341.31,12362.91,completed,UPI,Online,6,3.1
ORD-03745,2025-06-29,CUST-0257,Alpha Corp 257,East,Patna,SUP-033,Nova Industries 33,West,PROD-0002,Pump Systems Model 2,Industrial Equipment,Pump Systems,6,926.22,0.0,5557.32,3737.51,1819.81,completed,Letter of Credit,Marketplace,8,3.8
ORD-03746,2023-07-02,CUST-0201,Gamma Ltd 201,South,Kochi,SUP-015,Prime Industries 15,North,PROD-0036,Steel Model 4,Raw Materials,Steel,1,3062.65,0.0,3062.65,2424.23,638.42,pending,Net-30,Online,,
ORD-03747,2023-12-12,CUST-0023,Foxtrot Pvt Ltd 23,West,Pune,SUP-043,Zenith Trading 43,West,PROD-0042,Chemicals Model 2,Raw Materials,Chemicals,2,3038.46,0.87,6024.05,4576.25,1447.8,completed,Letter of Credit,Partner,8,
ORD-03748,2025-08-29,CUST-0073,Delta Group 73,West,Pune,SUP-038,Summit Trading 38,West,PROD-0016,CNC Parts Model 4,Industrial Equipment,CNC Parts,2,4175.53,0.0,8351.06,5518.85,2832.21,pending,Wire Transfer,Online,,
ORD-03749,2023-07-04,CUST-0035,Beta Corp 35,North,Lucknow,SUP-017,Prime Trading 17,East,PROD-0070,Warehousing Model 2,Logistics Services,Warehousing,3,4248.88,1.4,0.0,8333.33,-1666.67,cancelled,Wire Transfer,Online,,
ORD-03750,2024-05-05,CUST-0019,Echo Ltd 19,Central,Indore,SUP-019,Prime Industries 19,Central,PROD-0050,Corrugated Model 2,Packaging,Corrugated,2,692.41,0.0,1384.82,999.89,384.93,completed,Letter of Credit,Marketplace,10,4.1
ORD-03751,2023-05-14,CUST-0195,Echo Group 195,North,Jaipur,SUP-025,Orbit Industries 25,North,PROD-0001,Pump Systems Model 1,Industrial Equipment,Pump Systems,9,1885.86,13.94,14606.74,13190.23,1416.51,completed,UPI,Online,2,3.6
ORD-03752,2023-02-05,CUST-0271,Foxtrot Group 271,South,Bengaluru,SUP-046,Apex Supplies 46,South,PROD-0020,Sensors Model 4,Electronics,Sensors,5,418.07,13.55,1807.11,1661.7,145.41,pending,Credit Card,Online,,
ORD-03753,2023-12-07,CUST-0288,Alpha Pvt Ltd 288,West,Ahmedabad,SUP-028,Summit Solutions 28,West,PROD-0008,Conveyors Model 4,Industrial Equipment,Conveyors,6,4107.33,0.35,24557.73,19134.92,5422.81,completed,Credit Card,Online,7,3.1
ORD-03754,2025-03-02,CUST-0067,Gamma Corp 67,East,Guwahati,SUP-027,Orbit Trading 27,East,PROD-0021,Controllers Model 1,Electronics,Controllers,10,3421.85,15.41,28945.43,20323.86,8621.57,completed,Letter of Credit,Marketplace,9,4.2
ORD-03755,2023-07-30,CUST-0184,Echo Enterprises 184,Central,Nagpur,SUP-015,Prime Industries 15,North,PROD-0060,Labels Model 4,Packaging,Labels,10,4587.19,0.0,4587.19,31570.78,-1726.97,cancelled,Credit Card,Partner,,
ORD-03756,2024-01-31,CUST-0190,Alpha Group 190,North,Jaipur,SUP-040,Orbit Supplies 40,North,PROD-0017,Sensors Model 1,Electronics,Sensors,5,1898.44,0.0,9492.2,5744.65,3747.55,completed,Letter of Credit,Partner,14,3.9
ORD-03757,2023-12-13,CUST-0164,Foxtrot Ltd 164,Central,Raipur,SUP-059,Zenith Trading 59,Central,PROD-0018,Sensors Model 2,Electronics,Sensors,2,2991.37,0.0,5982.74,4439.41,1543.33,completed,Net-30,Online,1,4.0
ORD-03758,2024-01-24,CUST-0121,Delta Enterprises 121,South,Chennai,SUP-048,Zenith Trading 48,West,PROD-0026,Cables Model 2,Electronics,Cables,2,3722.63,0.0,7445.26,4329.97,3115.29,completed,Credit Card,Direct Sales,8,3.9
ORD-03759,2023-04-21,CUST-0056,Echo Group 56,South,Kochi,SUP-051,Nova Manufacturing 51,South,PROD-0032,Power Supplies Model 4,Electronics,Power Supplies,1,1403.29,0.0,1403.29,1009.48,393.81,completed,Wire Transfer,Partner,2,4.0
ORD-03760,2025-09-14,CUST-0091,Gamma Pvt Ltd 91,South,Bengaluru,SUP-010,Orbit Solutions 10,North,PROD-0010,Compressors Model 2,Industrial Equipment,Compressors,36,3292.71,0.0,118537.56,93526.08,25011.48,completed,Credit Card,Online,5,3.9
ORD-03761,2023-02-13,CUST-0097,Foxtrot Pvt Ltd 97,East,Bhubaneswar,SUP-052,Zenith Manufacturing 52,East,PROD-0078,Cold Chain Model 2,Logistics Services,Cold Chain,5,925.2,0.0,4626.0,3220.52,1405.48,completed,Letter of Credit,Direct Sales,10,5.0
ORD-03762,2024-01-03,CUST-0288,Alpha Pvt Ltd 288,West,Ahmedabad,SUP-053,Nova Trading 53,West,PROD-0065,Freight Model 1,Logistics Services,Freight,1,5319.37,0.0,0.0,3252.04,-650.41,cancelled,Letter of Credit,Direct Sales,,
ORD-03763,2025-07-25,CUST-0190,Alpha Group 190,North,Jaipur,SUP-045,Nova Trading 45,North,PROD-0002,Pump Systems Model 2,Industrial Equipment,Pump Systems,7,926.27,0.0,6483.89,4479.49,2004.4,completed,Net-30,Partner,4,
ORD-03764,2023-02-27,CUST-0215,Gamma Pvt Ltd 215,North,Jaipur,SUP-015,Prime Industries 15,North,PROD-0026,Cables Model 2,Electronics,Cables,1,3678.48,0.0,0.0,2171.48,-434.3,cancelled,Letter of Credit,Direct Sales,,
ORD-03765,2023-07-05,CUST-0242,Beta Corp 242,East,Kolkata,SUP-012,Nova Solutions 12,East,PROD-0074,Last Mile Model 2,Logistics Services,Last Mile,2,4917.6,6.11,9234.27,5840.12,3394.15,completed,Wire Transfer,Marketplace,6,4.8
ORD-03766,2023-04-21,CUST-0098,Foxtrot Ltd 98,West,Surat,SUP-039,Summit Industries 39,Central,PROD-0014,CNC Parts Model 2,Industrial Equipment,CNC Parts,9,2450.97,21.44,17329.34,16067.11,1262.23,completed,Net-30,Partner,8,2.8
ORD-03767,2023-05-25,CUST-0142,Delta Group 142,East,Bhubaneswar,SUP-032,Prime Industries 32,East,PROD-0059,Labels Model 3,Packaging,Labels,4,4921.04,11.36,17448.04,15807.61,1640.43,pending,Credit Card,Marketplace,,
ORD-03768,2024-07-03,CUST-0184,Echo Enterprises 184,Central,Nagpur,SUP-057,Summit Solutions 57,East,PROD-0076,Last Mile Model 4,Logistics Services,Last Mile,2,4011.66,12.78,6997.94,6702.78,295.16,completed,Net-30,Marketplace,7,4.0
ORD-03769,2025-02-11,CUST-0063,Foxtrot Group 63,West,Surat,SUP-003,Nova Supplies 3,West,PROD-0050,Corrugated Model 2,Packaging,Corrugated,1,791.22,0.0,791.22,558.58,232.64,completed,Wire Transfer,Direct Sales,10,3.7
ORD-03770,2023-08-12,CUST-0186,Echo Ltd 186,South,Bengaluru,SUP-051,Nova Manufacturing 51,South,PROD-0039,Polymers Model 3,Raw Materials,Polymers,7,4991.45,13.44,30244.19,21253.48,8990.71,completed,UPI,Marketplace,4,4.1
ORD-03771,2024-04-24,CUST-0268,Delta Corp 268,West,Mumbai,SUP-028,Summit Solutions 28,West,PROD-0028,Cables Model 4,Electronics,Cables,2,2671.42,21.16,4212.3,3953.35,258.95,completed,Letter of Credit,Online,6,3.9
ORD-03772,2023-03-02,CUST-0239,Foxtrot Ltd 239,Central,Bhopal,SUP-034,Zenith Trading 34,Central,PROD-0057,Labels Model 1,Packaging,Labels,8,727.6,15.11,4941.28,4809.96,131.32,completed,Wire Transfer,Direct Sales,13,5.0
ORD-03773,2025-05-15,CUST-0149,Foxtrot Pvt Ltd 149,Central,Indore,SUP-015,Prime Industries 15,North,PROD-0012,Compressors Model 4,Industrial Equipment,Compressors,3,2354.39,0.0,7063.17,4143.44,2919.73,completed,Net-30,Direct Sales,6,3.8
ORD-03774,2023-12-13,CUST-0132,Alpha Corp 132,East,Bhubaneswar,SUP-012,Nova Solutions 12,East,PROD-0051,Corrugated Model 3,Packaging,Corrugated,1,4761.53,0.0,4761.53,3336.99,1424.54,completed,Letter of Credit,Partner,7,4.4
ORD-03775,2025-05-09,CUST-0241,Beta Ltd 241,South,Chennai,SUP-056,Orbit Trading 56,South,PROD-0071,Warehousing Model 3,Logistics Services,Warehousing,2,1873.54,0.0,3747.08,2127.15,1619.93,completed,UPI,Direct Sales,4,4.6
ORD-03776,2023-06-02,CUST-0156,Delta Corp 156,South,Kochi,SUP-041,Orbit Supplies 41,South,PROD-0070,Warehousing Model 2,Logistics Services,Warehousing,1,4911.81,0.0,4911.81,3023.45,1888.36,completed,Credit Card,Partner,8,3.1
ORD-03777,2024-03-24,CUST-0053,Beta Corp 53,West,Ahmedabad,SUP-049,Apex Supplies 49,Central,PROD-0015,CNC Parts Model 3,Industrial Equipment,CNC Parts,2,4678.34,0.0,9356.68,5257.8,4098.88,pending,Net-30,Direct Sales,,
ORD-03778,2024-11-12,CUST-0135,Foxtrot Enterprises 135,North,Chandigarh,SUP-030,Nova Industries 30,North,PROD-0058,Labels Model 2,Packaging,Labels,7,4455.64,5.95,0.0,23286.6,-4657.32,cancelled,UPI,Online,,
ORD-03779,2023-02-22,CUST-0160,Delta Enterprises 160,North,Jaipur,SUP-051,Nova Manufacturing 51,South,PROD-0058,Labels Model 2,Packaging,Labels,1,4678.24,0.0,4678.24,3482.52,1195.72,completed,UPI,Online,5,4.2
ORD-03780,2023-02-11,CUST-0075,Foxtrot Group 75,North,Delhi,SUP-022,Prime Solutions 22,East,PROD-0046,Alloys Model 2,Raw Materials,Alloys,8,1653.88,0.0,13231.04,8983.58,4247.46,completed,Net-30,Marketplace,6,4.4
ORD-03781,2023-09-19,CUST-0043,Gamma Enterprises 43,West,Pune,SUP-023,Prime Industries 23,West,PROD-0025,Cables Model 1,Electronics,Cables,1,4518.86,0.0,4518.86,3669.47,849.39,completed,Net-30,Partner,9,3.6
ORD-03782,2025-04-11,CUST-0257,Alpha Corp 257,East,Patna,SUP-002,Apex Trading 2,East,PROD-0037,Polymers Model 1,Raw Materials,Polymers,4,3848.02,13.42,13326.46,8317.55,5008.91,completed,UPI,Direct Sales,5,2.6
ORD-03783,2025-09-24,CUST-0298,Alpha Enterprises 298,West,Ahmedabad,SUP-013,Zenith Supplies 13,West,PROD-0064,Pallets Model 4,Packaging,Pallets,4,3118.91,16.16,10459.58,10036.37,423.21,pending,Letter of Credit,Direct Sales,,
ORD-03784,2023-01-12,CUST-0009,Delta Corp 9,Central,Bhopal,SUP-059,Zenith Trading 59,Central,PROD-0074,Last Mile Model 2,Logistics Services,Last Mile,6,4974.67,5.81,28113.85,16979.39,11134.46,pending,Letter of Credit,Direct Sales,,
ORD-03785,2025-04-22,CUST-0042,Beta Enterprises 42,East,Guwahati,SUP-051,Nova Manufacturing 51,South,PROD-0020,Sensors Model 4,Electronics,Sensors,10,482.26,0.0,482.26,4058.99,-329.54,cancelled,Wire Transfer,Direct Sales,,
ORD-03786,2024-08-12,CUST-0075,Foxtrot Group 75,North,Delhi,SUP-059,Zenith Trading 59,Central,PROD-0043,Chemicals Model 3,Raw Materials,Chemicals,1,3678.36,0.0,3678.36,2756.18,922.18,completed,Credit Card,Partner,3,4.1
ORD-03787,2024-08-29,CUST-0296,Delta Ltd 296,South,Kochi,SUP-036,Nova Trading 36,South,PROD-0037,Polymers Model 1,Raw Materials,Polymers,1,3568.81,0.0,3568.81,2111.13,1457.68,completed,Letter of Credit,Online,10,3.1
ORD-03788,2025-04-05,CUST-0063,Foxtrot Group 63,West,Surat,SUP-058,Zenith Solutions 58,West,PROD-0060,Labels Model 4,Packaging,Labels,4,4503.05,0.0,18012.2,12218.88,5793.32,completed,Letter of Credit,Partner,4,3.6
ORD-03789,2023-01-12,CUST-0120,Echo Ltd 120,North,Jaipur,SUP-021,Apex Trading 21,South,PROD-0014,CNC Parts Model 2,Industrial Equipment,CNC Parts,1,2326.78,0.0,2326.78,1734.17,592.61,completed,Credit Card,Direct Sales,7,4.5
ORD-03790,2023-05-02,CUST-0087,Echo Corp 87,East,Guwahati,SUP-045,Nova Trading 45,North,PROD-0011,Compressors Model 3,Industrial Equipment,Compressors,16,4726.37,0.0,75621.92,60804.28,14817.64,completed,UPI,Partner,5,4.5
ORD-03791,2023-01-16,CUST-0076,Foxtrot Corp 76,South,Hyderabad,SUP-016,Nova Manufacturing 16,South,PROD-0072,Warehousing Model 4,Logistics Services,Warehousing,2,4779.93,0.0,9559.86,5931.74,3628.12,completed,Wire Transfer,Partner,11,4.4
ORD-03792,2023-04-23,CUST-0137,Foxtrot Corp 137,East,Bhubaneswar,SUP-046,Apex Supplies 46,South,PROD-0076,Last Mile Model 4,Logistics Services,Last Mile,1,4141.94,10.64,3701.24,3560.35,140.89,completed,Credit Card,Marketplace,6,5.0
ORD-03793,2023-05-07,CUST-0141,Alpha Enterprises 141,South,Chennai,SUP-024,Summit Manufacturing 24,Central,PROD-0014,CNC Parts Model 2,Industrial Equipment,CNC Parts,3,2183.02,1.49,6451.48,5003.79,1447.69,completed,Wire Transfer,Online,8,4.3
ORD-03794,2024-04-23,CUST-0112,Delta Group 112,East,Kolkata,SUP-052,Zenith Manufacturing 52,East,PROD-0018,Sensors Model 2,Electronics,Sensors,7,2972.22,0.0,0.0,14650.6,-2930.12,cancelled,Net-30,Online,,
ORD-03795,2024-11-26,CUST-0089,Gamma Group 89,Central,Indore,SUP-059,Zenith Trading 59,Central,PROD-0035,Steel Model 3,Raw Materials,Steel,19,3302.09,1.2,61986.83,41050.25,20936.58,completed,Net-30,Marketplace,7,4.5
ORD-03796,2023-09-04,CUST-0258,Foxtrot Group 258,West,Pune,SUP-043,Zenith Trading 43,West,PROD-0023,Controllers Model 3,Electronics,Controllers,4,2643.07,0.0,10572.28,6710.28,3862.0,completed,Credit Card,Marketplace,6,3.2
ORD-03797,2023-08-22,CUST-0276,Gamma Enterprises 276,South,Chennai,SUP-032,Prime Industries 32,East,PROD-0053,Films Model 1,Packaging,Films,22,1466.89,10.55,28866.93,26818.23,2048.7,completed,Credit Card,Partner,8,3.1
ORD-03798,2023-03-02,CUST-0057,Alpha Group 57,East,Bhubaneswar,SUP-001,Summit Industries 1,South,PROD-0039,Polymers Model 3,Raw Materials,Polymers,3,4532.85,0.0,0.0,8543.37,-1708.67,cancelled,Credit Card,Direct Sales,,
ORD-03799,2023-09-25,CUST-0091,Gamma Pvt Ltd 91,South,Bengaluru,SUP-013,Zenith Supplies 13,West,PROD-0056,Films Model 4,Packaging,Films,1,661.69,0.0,661.69,561.17,100.52,completed,Credit Card,Partner,4,4.8
ORD-03800,2024-09-28,CUST-0194,Delta Ltd 194,Central,Bhopal,SUP-059,Zenith Trading 59,Central,PROD-0060,Labels Model 4,Packaging,Labels,1,3701.76,0.0,3701.76,2433.36,1268.4,pending,Net-30,Online,,
ORD-03801,2023-03-31,CUST-0050,Delta Pvt Ltd 50,North,Delhi,SUP-030,Nova Industries 30,North,PROD-0074,Last Mile Model 2,Logistics Services,Last Mile,1,4341.43,0.0,4341.43,2552.84,1788.59,completed,UPI,Marketplace,5,4.2
ORD-03802,2025-03-10,CUST-0283,Delta Enterprises 283,West,Ahmedabad,SUP-053,Nova Trading 53,West,PROD-0015,CNC Parts Model 3,Industrial Equipment,CNC Parts,1,4396.37,0.81,4360.76,2377.61,1983.15,pending,Letter of Credit,Partner,,
ORD-03803,2023-08-24,CUST-0164,Foxtrot Ltd 164,Central,Raipur,SUP-007,Zenith Industries 7,East,PROD-0041,Chemicals Model 1,Raw Materials,Chemicals,2,1689.03,0.0,3378.06,2443.49,934.57,completed,Net-30,Direct Sales,6,
ORD-03804,2025-09-17,CUST-0225,Foxtrot Enterprises 225,North,Chandigarh,SUP-025,Orbit Industries 25,North,PROD-0061,Pallets Model 1,Packaging,Pallets,1,3865.89,0.0,3865.89,2180.35,1685.54,completed,Letter of Credit,Online,7,4.4
ORD-03805,2025-11-10,CUST-0161,Delta Ltd 161,South,Chennai,SUP-015,Prime Industries 15,North,PROD-0035,Steel Model 3,Raw Materials,Steel,1,3654.08,0.83,3623.75,2299.94,1323.81,completed,Wire Transfer,Online,5,
ORD-03806,2025-01-03,CUST-0258,Foxtrot Group 258,West,Pune,SUP-013,Zenith Supplies 13,West,PROD-0006,Conveyors Model 2,Industrial Equipment,Conveyors,2,4534.38,5.52,0.0,5751.79,-1150.36,cancelled,UPI,Partner,,
ORD-03807,2024-09-08,CUST-0187,Foxtrot Pvt Ltd 187,East,Kolkata,SUP-037,Prime Supplies 37,East,PROD-0033,Steel Model 1,Raw Materials,Steel,1,2856.0,6.5,0.0,2541.58,-508.32,cancelled,Letter of Credit,Direct Sales,,
ORD-03808,2023-07-20,CUST-0009,Delta Corp 9,Central,Bhopal,SUP-024,Summit Manufacturing 24,Central,PROD-0041,Chemicals Model 1,Raw Materials,Chemicals,1,1696.48,0.0,1696.48,1203.31,493.17,completed,Net-30,Partner,9,2.7
ORD-03809,2024-08-29,CUST-0139,Foxtrot Group 139,Central,Bhopal,SUP-012,Nova Solutions 12,East,PROD-0066,Freight Model 2,Logistics Services,Freight,1,1187.82,0.0,1187.82,659.51,528.31,completed,Letter of Credit,Marketplace,11,5.0
ORD-03810,2025-06-23,CUST-0113,Gamma Corp 113,West,Pune,SUP-023,Prime Industries 23,West,PROD-0079,Cold Chain Model 3,Logistics Services,Cold Chain,1,489.28,0.0,489.28,353.55,135.73,completed,Credit Card,Marketplace,2,3.9
ORD-03811,2023-09-04,CUST-0101,Beta Enterprises 101,South,Chennai,SUP-011,Apex Solutions 11,South,PROD-0065,Freight Model 1,Logistics Services,Freight,5,5217.87,0.0,0.0,14965.75,-2993.15,cancelled,Letter of Credit,Partner,,
ORD-03812,2025-05-22,CUST-0196,Delta Enterprises 196,South,Kochi,SUP-006,Apex Solutions 6,South,PROD-0011,Compressors Model 3,Industrial Equipment,Compressors,10,5521.89,0.0,55218.9,42271.76,12947.14,completed,Net-30,Direct Sales,7,4.1
ORD-03813,2024-11-05,CUST-0104,Gamma Pvt Ltd 104,Central,Raipur,SUP-004,Nova Industries 4,Central,PROD-0011,Compressors Model 3,Industrial Equipment,Compressors,2,5060.14,0.0,10120.28,7727.77,2392.51,completed,Net-30,Marketplace,6,3.2
ORD-03814,2025-01-24,CUST-0227,Delta Enterprises 227,East,Patna,SUP-022,Prime Solutions 22,East,PROD-0080,Cold Chain Model 4,Logistics Services,Cold Chain,4,2214.8,0.0,8859.2,7632.39,1226.81,completed,Credit Card,Marketplace,7,2.7
ORD-03815,2023-01-28,CUST-0063,Foxtrot Group 63,West,Surat,SUP-057,Summit Solutions 57,East,PROD-0055,Films Model 3,Packaging,Films,1,4074.37,0.0,4074.37,2628.9,1445.47,completed,Letter of Credit,Marketplace,5,4.4
ORD-03816,2024-01-12,CUST-0059,Foxtrot Ltd 59,Central,Indore,SUP-009,Nova Supplies 9,Central,PROD-0008,Conveyors Model 4,Industrial Equipment,Conveyors,3,3971.68,0.0,11915.04,9783.61,2131.43,completed,Wire Transfer,Direct Sales,6,5.0
ORD-03817,2024-08-05,CUST-0160,Delta Enterprises 160,North,Jaipur,SUP-035,Zenith Trading 35,North,PROD-0077,Cold Chain Model 1,Logistics Services,Cold Chain,3,2095.29,20.41,5002.92,4855.34,147.58,completed,Wire Transfer,Direct Sales,3,
ORD-03818,2023-03-16,CUST-0127,Foxtrot Ltd 127,East,Guwahati,SUP-002,Apex Trading 2,East,PROD-0015,CNC Parts Model 3,Industrial Equipment,CNC Parts,12,4943.06,5.57,56012.78,35108.42,20904.36,completed,Credit Card,Marketplace,8,5.0
ORD-03819,2025-12-07,CUST-0186,Echo Ltd 186,South,Bengaluru,SUP-040,Orbit Supplies 40,North,PROD-0070,Warehousing Model 2,Logistics Services,Warehousing,4,5059.02,21.58,0.0,12956.62,-2591.32,cancelled,Net-30,Marketplace,,
ORD-03820,2025-06-01,CUST-0201,Gamma Ltd 201,South,Kochi,SUP-001,Summit Industries 1,South,PROD-0027,Cables Model 3,Electronics,Cables,1,2382.62,0.0,2382.62,1499.86,882.76,completed,Letter of Credit,Direct Sales,5,4.3
ORD-03821,2025-10-10,CUST-0045,Alpha Group 45,North,Delhi,SUP-035,Zenith Trading 35,North,PROD-0050,Corrugated Model 2,Packaging,Corrugated,2,740.7,1.86,0.0,1097.01,-219.4,cancelled,Wire Transfer,Direct Sales,,
ORD-03822,2023-02-27,CUST-0212,Delta Group 212,East,Patna,SUP-037,Prime Supplies 37,East,PROD-0053,Films Model 1,Packaging,Films,11,1332.74,16.26,12276.4,11592.69,683.71,completed,Wire Transfer,Direct Sales,8,3.9
ORD-03823,2024-01-12,CUST-0131,Beta Ltd 131,South,Hyderabad,SUP-038,Summit Trading 38,West,PROD-0033,Steel Model 1,Raw Materials,Steel,1,3036.22,12.54,2655.48,2630.19,25.29,completed,Credit Card,Online,4,4.4
ORD-03824,2024-05-04,CUST-0297,Alpha Ltd 297,East,Guwahati,SUP-027,Orbit Trading 27,East,PROD-0062,Pallets Model 2,Packaging,Pallets,1,2950.3,0.0,2950.3,1926.47,1023.83,pending,Credit Card,Partner,,
ORD-03825,2024-11-03,CUST-0202,Beta Pvt Ltd 202,East,Guwahati,SUP-031,Apex Supplies 31,South,PROD-0002,Pump Systems Model 2,Industrial Equipment,Pump Systems,1,932.49,0.0,932.49,646.32,286.17,completed,UPI,Online,10,4.5
ORD-03826,2025-06-21,CUST-0204,Echo Corp 204,Central,Nagpur,SUP-059,Zenith Trading 59,Central,PROD-0024,Controllers Model 4,Electronics,Controllers,4,1370.37,5.03,5205.76,3043.16,2162.6,completed,Credit Card,Partner,9,3.5
ORD-03827,2025-12-13,CUST-0029,Alpha Corp 29,Central,Indore,SUP-050,Orbit Trading 50,North,PROD-0035,Steel Model 3,Raw Materials,Steel,2,3535.91,0.79,7015.95,4394.85,2621.1,completed,Credit Card,Partner,4,4.8
ORD-03828,2025-12-06,CUST-0264,Gamma Pvt Ltd 264,Central,Raipur,SUP-033,Nova Industries 33,West,PROD-0072,Warehousing Model 4,Logistics Services,Warehousing,1,5319.56,0.0,5319.56,3472.87,1846.69,completed,Net-30,Online,6,3.3
ORD-03829,2024-04-15,CUST-0087,Echo Corp 87,East,Guwahati,SUP-047,Apex Trading 47,East,PROD-0032,Power Supplies Model 4,Electronics,Power Supplies,2,1266.55,0.0,2533.1,1762.44,770.66,pending,Net-30,Partner,,
ORD-03830,2023-05-08,CUST-0135,Foxtrot Enterprises 135,North,Chandigarh,SUP-022,Prime Solutions 22,East,PROD-0070,Warehousing Model 2,Logistics Services,Warehousing,15,4485.39,0.0,0.0,44857.51,-8971.5,cancelled,Credit Card,Partner,,
ORD-03831,2023-04-07,CUST-0068,Delta Group 68,West,Mumbai,SUP-023,Prime Industries 23,West,PROD-0046,Alloys Model 2,Raw Materials,Alloys,7,1488.59,12.85,9081.14,7062.58,2018.56,completed,UPI,Direct Sales,5,4.4
ORD-03832,2024-05-26,CUST-0225,Foxtrot Enterprises 225,North,Chandigarh,SUP-028,Summit Solutions 28,West,PROD-0030,Power Supplies Model 2,Electronics,Power Supplies,5,4734.08,0.0,23670.4,14283.27,9387.13,completed,Credit Card,Online,2,4.8
ORD-03833,2024-02-03,CUST-0059,Foxtrot Ltd 59,Central,Indore,SUP-004,Nova Industries 4,Central,PROD-0032,Power Supplies Model 4,Electronics,Power Supplies,2,1163.32,0.25,2320.82,1634.97,685.85,completed,Wire Transfer,Online,7,5.0
ORD-03834,2025-11-12,CUST-0166,Delta Group 166,South,Bengaluru,SUP-046,Apex Supplies 46,South,PROD-0017,Sensors Model 1,Electronics,Sensors,2,1803.97,0.0,3607.94,2199.02,1408.92,completed,UPI,Partner,5,4.2
ORD-03835,2025-02-28,CUST-0168,Delta Ltd 168,West,Pune,SUP-015,Prime Industries 15,North,PROD-0016,CNC Parts Model 4,Industrial Equipment,CNC Parts,9,4229.59,0.0,0.0,24232.36,-4846.47,cancelled,Credit Card,Marketplace,,
ORD-03836,2023-05-26,CUST-0239,Foxtrot Ltd 239,Central,Bhopal,SUP-019,Prime Industries 19,Central,PROD-0042,Chemicals Model 2,Raw Materials,Chemicals,3,3095.28,0.0,9285.84,6990.26,2295.58,completed,Net-30,Marketplace,3,4.7
ORD-03837,2025-10-14,CUST-0106,Foxtrot Group 106,South,Kochi,SUP-001,Summit Industries 1,South,PROD-0053,Films Model 1,Packaging,Films,4,1269.97,0.36,506.16,3856.92,-265.22,cancelled,Wire Transfer,Marketplace,,
ORD-03838,2023-09-20,CUST-0258,Foxtrot Group 258,West,Pune,SUP-018,Nova Supplies 18,West,PROD-0006,Conveyors Model 2,Industrial Equipment,Conveyors,1,3918.82,6.45,3666.06,2542.73,1123.33,pending,Credit Card,Marketplace,,
ORD-03839,2023-07-24,CUST-0075,Foxtrot Group 75,North,Delhi,SUP-050,Orbit Trading 50,North,PROD-0044,Chemicals Model 4,Raw Materials,Chemicals,3,3923.25,0.0,1176.98,8739.01,-570.82,cancelled,Credit Card,Marketplace,,
ORD-03840,2024-06-25,CUST-0270,Delta Group 270,North,Delhi,SUP-048,Zenith Trading 48,West,PROD-0029,Power Supplies Model 1,Electronics,Power Supplies,4,2121.39,0.0,8485.56,5141.47,3344.09,pending,UPI,Marketplace,,
ORD-03841,2023-01-30,CUST-0248,Delta Corp 248,West,Pune,SUP-058,Zenith Solutions 58,West,PROD-0052,Corrugated Model 4,Packaging,Corrugated,1,5249.12,0.0,5249.12,4072.63,1176.49,pending,Wire Transfer,Marketplace,,
ORD-03842,2025-07-12,CUST-0253,Foxtrot Pvt Ltd 253,West,Surat,SUP-033,Nova Industries 33,West,PROD-0035,Steel Model 3,Raw Materials,Steel,3,3411.47,0.0,10234.41,6388.84,3845.57,completed,Net-30,Partner,9,4.2
ORD-03843,2024-12-14,CUST-0130,Alpha Ltd 130,North,Jaipur,SUP-020,Apex Manufacturing 20,North,PROD-0048,Alloys Model 4,Raw Materials,Alloys,4,524.53,1.16,0.0,1304.0,-260.8,cancelled,Net-30,Marketplace,,
ORD-03844,2025-08-17,CUST-0136,Delta Ltd 136,South,Kochi,SUP-038,Summit Trading 38,West,PROD-0066,Freight Model 2,Logistics Services,Freight,6,1101.63,0.0,6609.78,3785.06,2824.72,completed,Letter of Credit,Direct Sales,3,4.9
ORD-03845,2024-11-18,CUST-0283,Delta Enterprises 283,West,Ahmedabad,SUP-050,Orbit Trading 50,North,PROD-0049,Corrugated Model 1,Packaging,Corrugated,21,3545.07,20.48,59199.83,47023.52,12176.31,completed,Letter of Credit,Partner,5,5.0
ORD-03846,2023-03-25,CUST-0101,Beta Enterprises 101,South,Chennai,SUP-014,Zenith Solutions 14,Central,PROD-0066,Freight Model 2,Logistics Services,Freight,1,1210.74,1.87,0.0,687.74,-137.55,cancelled,Net-30,Marketplace,,
ORD-03847,2023-08-09,CUST-0284,Beta Enterprises 284,Central,Raipur,SUP-054,Nova Supplies 54,Central,PROD-0040,Polymers Model 4,Raw Materials,Polymers,2,3775.63,0.0,7551.26,5774.08,1777.18,completed,Net-30,Direct Sales,6,4.2
ORD-03848,2024-07-26,CUST-0050,Delta Pvt Ltd 50,North,Delhi,SUP-037,Prime Supplies 37,East,PROD-0026,Cables Model 2,Electronics,Cables,3,3715.77,6.61,10410.47,6369.99,4040.48,completed,Credit Card,Partner,8,3.5
ORD-03849,2025-04-22,CUST-0054,Foxtrot Pvt Ltd 54,Central,Indore,SUP-058,Zenith Solutions 58,West,PROD-0071,Warehousing Model 3,Logistics Services,Warehousing,2,2351.0,0.0,0.0,2677.05,-535.41,cancelled,Wire Transfer,Direct Sales,,
ORD-03850,2025-10-06,CUST-0211,Foxtrot Group 211,South,Hyderabad,SUP-055,Summit Solutions 55,North,PROD-0036,Steel Model 4,Raw Materials,Steel,1,3213.07,0.0,3213.07,2461.78,751.29,completed,Net-30,Marketplace,4,3.9
ORD-03851,2023-12-07,CUST-0283,Delta Enterprises 283,West,Ahmedabad,SUP-033,Nova Industries 33,West,PROD-0059,Labels Model 3,Packaging,Labels,1,4678.85,0.22,4668.56,4000.4,668.16,completed,Net-30,Marketplace,6,5.0
ORD-03852,2025-09-11,CUST-0296,Delta Ltd 296,South,Kochi,SUP-055,Summit Solutions 55,North,PROD-0039,Polymers Model 3,Raw Materials,Polymers,4,4840.53,13.03,16839.24,12546.13,4293.11,completed,Letter of Credit,Online,6,2.4
ORD-03853,2024-01-11,CUST-0262,Foxtrot Enterprises 262,East,Guwahati,SUP-017,Prime Trading 17,East,PROD-0063,Pallets Model 3,Packaging,Pallets,1,3059.62,5.3,2897.46,2297.79,599.67,completed,UPI,Partner,8,4.4
ORD-03854,2025-07-02,CUST-0277,Alpha Corp 277,East,Guwahati,SUP-046,Apex Supplies 46,South,PROD-0013,CNC Parts Model 1,Industrial Equipment,CNC Parts,2,3179.52,0.0,6359.04,5337.33,1021.71,completed,Net-30,Marketplace,10,
ORD-03855,2025-04-02,CUST-0227,Delta Enterprises 227,East,Patna,SUP-007,Zenith Industries 7,East,PROD-0050,Corrugated Model 2,Packaging,Corrugated,1,804.75,0.0,804.75,578.22,226.53,completed,UPI,Online,10,5.0
ORD-03856,2024-07-03,CUST-0048,Beta Enterprises 48,West,Surat,SUP-048,Zenith Trading 48,West,PROD-0009,Compressors Model 1,Industrial Equipment,Compressors,1,245.63,0.0,245.63,146.32,99.31,pending,Credit Card,Direct Sales,,
ORD-03857,2025-08-09,CUST-0223,Gamma Corp 223,West,Pune,SUP-053,Nova Trading 53,West,PROD-0006,Conveyors Model 2,Industrial Equipment,Conveyors,4,4231.52,0.0,1692.61,11500.6,-607.51,cancelled,Net-30,Direct Sales,,
ORD-03858,2024-01-02,CUST-0192,Alpha Enterprises 192,East,Guwahati,SUP-004,Nova Industries 4,Central,PROD-0066,Freight Model 2,Logistics Services,Freight,1,1177.1,0.0,1177.1,664.68,512.42,completed,Net-30,Marketplace,4,4.1
ORD-03859,2023-09-24,CUST-0232,Beta Ltd 232,East,Kolkata,SUP-042,Nova Manufacturing 42,East,PROD-0053,Films Model 1,Packaging,Films,3,1510.2,0.0,4530.6,3508.88,1021.72,completed,Wire Transfer,Direct Sales,4,3.0
ORD-03860,2023-05-04,CUST-0251,Beta Pvt Ltd 251,South,Bengaluru,SUP-011,Apex Solutions 11,South,PROD-0051,Corrugated Model 3,Packaging,Corrugated,2,4490.41,0.0,0.0,6248.76,-1249.75,cancelled,Wire Transfer,Online,,
ORD-03861,2024-06-10,CUST-0267,Foxtrot Enterprises 267,East,Patna,SUP-037,Prime Supplies 37,East,PROD-0030,Power Supplies Model 2,Electronics,Power Supplies,4,4821.26,16.98,16010.44,11767.39,4243.05,completed,Wire Transfer,Marketplace,5,3.0
ORD-03862,2025-05-23,CUST-0041,Beta Group 41,South,Chennai,SUP-001,Summit Industries 1,South,PROD-0041,Chemicals Model 1,Raw Materials,Chemicals,5,1626.86,0.75,8073.29,6322.38,1750.91,completed,Credit Card,Direct Sales,9,4.1
ORD-03863,2023-03-19,CUST-0078,Foxtrot Group 78,West,Mumbai,SUP-013,Zenith Supplies 13,West,PROD-0033,Steel Model 1,Raw Materials,Steel,1,2716.75,0.0,2716.75,2224.1,492.65,completed,UPI,Marketplace,1,4.8
ORD-03864,2025-02-06,CUST-0254,Gamma Group 254,Central,Raipur,SUP-019,Prime Industries 19,Central,PROD-0057,Labels Model 1,Packaging,Labels,3,681.61,0.0,2044.83,1799.18,245.65,completed,Net-30,Direct Sales,13,3.8
ORD-03865,2023-05-27,CUST-0260,Beta Enterprises 260,North,Delhi,SUP-047,Apex Trading 47,East,PROD-0017,Sensors Model 1,Electronics,Sensors,7,1836.34,1.95,12603.72,7612.63,4991.09,completed,Net-30,Marketplace,9,3.2
ORD-03866,2023-09-02,CUST-0055,Alpha Group 55,North,Delhi,SUP-046,Apex Supplies 46,South,PROD-0061,Pallets Model 1,Packaging,Pallets,5,4475.26,0.0,22376.3,11890.02,10486.28,completed,Letter of Credit,Direct Sales,1,3.8
ORD-03867,2023-01-20,CUST-0239,Foxtrot Ltd 239,Central,Bhopal,SUP-004,Nova Industries 4,Central,PROD-0065,Freight Model 1,Logistics Services,Freight,2,4794.79,13.97,824.99,5796.99,-334.41,cancelled,Credit Card,Online,,
ORD-03868,2023-03-20,CUST-0133,Delta Group 133,West,Pune,SUP-046,Apex Supplies 46,South,PROD-0009,Compressors Model 1,Industrial Equipment,Compressors,3,229.65,13.03,599.18,404.99,194.19,completed,Credit Card,Marketplace,7,3.7
ORD-03869,2023-12-22,CUST-0033,Echo Ltd 33,West,Pune,SUP-020,Apex Manufacturing 20,North,PROD-0055,Films Model 3,Packaging,Films,2,3503.63,0.0,7007.26,4626.94,2380.32,completed,UPI,Marketplace,8,5.0
ORD-03870,2023-11-18,CUST-0071,Gamma Corp 71,South,Chennai,SUP-008,Apex Industries 8,West,PROD-0036,Steel Model 4,Raw Materials,Steel,1,3099.12,0.0,3099.12,2436.73,662.39,completed,Wire Transfer,Direct Sales,8,4.1
ORD-03871,2025-10-25,CUST-0199,Delta Group 199,Central,Bhopal,SUP-009,Nova Supplies 9,Central,PROD-0030,Power Supplies Model 2,Electronics,Power Supplies,20,4273.57,20.79,67701.9,50194.37,17507.53,completed,Letter of Credit,Marketplace,9,4.7
ORD-03872,2024-07-31,CUST-0267,Foxtrot Enterprises 267,East,Patna,SUP-017,Prime Trading 17,East,PROD-0047,Alloys Model 3,Raw Materials,Alloys,7,2939.52,0.0,20576.64,16450.41,4126.23,pending,UPI,Direct Sales,,
ORD-03873,2023-09-24,CUST-0153,Foxtrot Ltd 153,West,Surat,SUP-048,Zenith Trading 48,West,PROD-0016,CNC Parts Model 4,Industrial Equipment,CNC Parts,3,4313.95,1.58,12737.37,7966.87,4770.5,pending,Letter of Credit,Direct Sales,,
ORD-03874,2024-10-15,CUST-0116,Foxtrot Pvt Ltd 116,South,Bengaluru,SUP-046,Apex Supplies 46,South,PROD-0059,Labels Model 3,Packaging,Labels,1,5490.97,0.0,5490.97,4554.57,936.4,completed,Net-30,Partner,6,4.7
ORD-03875,2023-11-20,CUST-0249,Foxtrot Ltd 249,Central,Bhopal,SUP-019,Prime Industries 19,Central,PROD-0024,Controllers Model 4,Electronics,Controllers,1,1195.81,0.0,1195.81,680.67,515.14,completed,Credit Card,Partner,6,3.5
ORD-03876,2024-02-22,CUST-0054,Foxtrot Pvt Ltd 54,Central,Indore,SUP-039,Summit Industries 39,Central,PROD-0013,CNC Parts Model 1,Industrial Equipment,CNC Parts,8,3318.49,0.0,26547.92,21241.15,5306.77,completed,Net-30,Partner,4,
ORD-03877,2024-12-08,CUST-0176,Beta Ltd 176,South,Bengaluru,SUP-021,Apex Trading 21,South,PROD-0018,Sensors Model 2,Electronics,Sensors,6,2555.1,13.7,13230.31,11242.32,1987.99,completed,Letter of Credit,Marketplace,7,4.5
ORD-03878,2023-11-29,CUST-0062,Echo Corp 62,East,Kolkata,SUP-012,Nova Solutions 12,East,PROD-0049,Corrugated Model 1,Packaging,Corrugated,2,3983.67,0.0,7967.34,4678.03,3289.31,pending,Credit Card,Online,,
ORD-03879,2023-02-04,CUST-0297,Alpha Ltd 297,East,Guwahati,SUP-012,Nova Solutions 12,East,PROD-0045,Alloys Model 1,Raw Materials,Alloys,7,5045.97,0.0,0.0,25096.45,-5019.29,cancelled,Letter of Credit,Partner,,
ORD-03880,2025-10-20,CUST-0121,Delta Enterprises 121,South,Chennai,SUP-056,Orbit Trading 56,South,PROD-0078,Cold Chain Model 2,Logistics Services,Cold Chain,1,786.36,15.54,664.16,534.34,129.82,completed,UPI,Marketplace,5,4.0
ORD-03881,2024-09-06,CUST-0065,Beta Pvt Ltd 65,North,Jaipur,SUP-010,Orbit Solutions 10,North,PROD-0001,Pump Systems Model 1,Industrial Equipment,Pump Systems,7,2183.23,21.82,11947.94,11173.07,774.87,completed,Net-30,Online,7,3.2
ORD-03882,2023-11-27,CUST-0168,Delta Ltd 168,West,Pune,SUP-022,Prime Solutions 22,East,PROD-0075,Last Mile Model 3,Logistics Services,Last Mile,4,2100.82,0.0,8403.28,6261.48,2141.8,completed,Credit Card,Partner,6,4.1
ORD-03883,2025-09-16,CUST-0021,Gamma Group 21,South,Chennai,SUP-046,Apex Supplies 46,South,PROD-0013,CNC Parts Model 1,Industrial Equipment,CNC Parts,4,3219.59,0.0,12878.36,10032.05,2846.31,completed,Letter of Credit,Partner,9,4.1
ORD-03884,2023-05-12,CUST-0243,Delta Group 243,West,Surat,SUP-028,Summit Solutions 28,West,PROD-0028,Cables Model 4,Electronics,Cables,15,2930.77,0.0,43961.55,32026.3,11935.25,completed,Letter of Credit,Direct Sales,5,4.3
ORD-03885,2025-04-30,CUST-0267,Foxtrot Enterprises 267,East,Patna,SUP-032,Prime Industries 32,East,PROD-0060,Labels Model 4,Packaging,Labels,1,4484.83,0.0,4484.83,2974.22,1510.61,completed,UPI,Partner,5,4.0
ORD-03886,2025-08-27,CUST-0251,Beta Pvt Ltd 251,South,Bengaluru,SUP-038,Summit Trading 38,West,PROD-0070,Warehousing Model 2,Logistics Services,Warehousing,3,4977.02,15.68,12589.87,9971.91,2617.96,pending,Letter of Credit,Marketplace,,
ORD-03887,2023-11-26,CUST-0049,Beta Enterprises 49,Central,Indore,SUP-044,Summit Solutions 44,Central,PROD-0033,Steel Model 1,Raw Materials,Steel,5,2610.56,0.0,13052.8,11199.06,1853.74,completed,Credit Card,Marketplace,8,4.7
ORD-03888,2023-03-01,CUST-0220,Alpha Ltd 220,North,Jaipur,SUP-050,Orbit Trading 50,North,PROD-0065,Freight Model 1,Logistics Services,Freight,2,4971.4,0.0,9942.8,5921.2,4021.6,completed,Wire Transfer,Marketplace,8,4.9
ORD-03889,2023-04-22,CUST-0104,Gamma Pvt Ltd 104,Central,Raipur,SUP-033,Nova Industries 33,West,PROD-0001,Pump Systems Model 1,Industrial Equipment,Pump Systems,2,2324.81,0.0,4649.62,3586.31,1063.31,completed,Wire Transfer,Direct Sales,7,4.7
ORD-03890,2024-02-08,CUST-0221,Beta Pvt Ltd 221,South,Hyderabad,SUP-041,Orbit Supplies 41,South,PROD-0011,Compressors Model 3,Industrial Equipment,Compressors,7,5213.64,0.0,0.0,27357.43,-5471.49,cancelled,UPI,Direct Sales,,
ORD-03891,2023-08-08,CUST-0213,Delta Group 213,West,Ahmedabad,SUP-013,Zenith Supplies 13,West,PROD-0029,Power Supplies Model 1,Electronics,Power Supplies,2,2387.92,0.08,4772.02,3025.37,1746.65,completed,Credit Card,Marketplace,12,3.1
ORD-03892,2025-04-30,CUST-0109,Alpha Corp 109,Central,Nagpur,SUP-044,Summit Solutions 44,Central,PROD-0008,Conveyors Model 4,Industrial Equipment,Conveyors,1,3617.46,0.0,3617.46,2989.86,627.6,completed,Credit Card,Online,6,4.4
ORD-03893,2025-08-03,CUST-0017,Beta Group 17,East,Kolkata,SUP-052,Zenith Manufacturing 52,East,PROD-0035,Steel Model 3,Raw Materials,Steel,10,3005.89,0.0,30058.9,18209.21,11849.69,completed,Net-30,Online,9,4.7
ORD-03894,2023-12-08,CUST-0043,Gamma Enterprises 43,West,Pune,SUP-005,Summit Solutions 5,North,PROD-0042,Chemicals Model 2,Raw Materials,Chemicals,4,2940.33,10.12,10571.07,8484.31,2086.76,completed,Net-30,Online,9,3.7
ORD-03895,2025-10-06,CUST-0267,Foxtrot Enterprises 267,East,Patna,SUP-037,Prime Supplies 37,East,PROD-0006,Conveyors Model 2,Industrial Equipment,Conveyors,4,4138.35,0.57,16459.05,11490.98,4968.07,completed,Credit Card,Partner,13,3.1
ORD-03896,2025-04-18,CUST-0190,Alpha Group 190,North,Jaipur,SUP-010,Orbit Solutions 10,North,PROD-0033,Steel Model 1,Raw Materials,Steel,6,3329.3,0.0,19975.8,16627.51,3348.29,completed,Net-30,Direct Sales,10,4.5
ORD-03897,2023-04-25,CUST-0174,Gamma Ltd 174,Central,Indore,SUP-005,Summit Solutions 5,North,PROD-0021,Controllers Model 1,Electronics,Controllers,2,3130.84,16.23,5245.41,3942.17,1303.24,completed,Net-30,Marketplace,3,5.0
ORD-03898,2024-07-07,CUST-0173,Delta Corp 173,West,Mumbai,SUP-048,Zenith Trading 48,West,PROD-0009,Compressors Model 1,Industrial Equipment,Compressors,3,228.94,0.0,686.82,387.03,299.79,completed,Net-30,Partner,11,2.4
ORD-03899,2025-06-06,CUST-0260,Beta Enterprises 260,North,Delhi,SUP-010,Orbit Solutions 10,North,PROD-0070,Warehousing Model 2,Logistics Services,Warehousing,2,4632.14,15.72,7807.94,5891.44,1916.5,completed,Credit Card,Marketplace,14,3.0
ORD-03900,2024-04-24,CUST-0053,Beta Corp 53,West,Ahmedabad,SUP-019,Prime Industries 19,Central,PROD-0023,Controllers Model 3,Electronics,Controllers,5,2375.13,0.0,11875.65,7610.36,4265.29,completed,Credit Card,Partner,3,3.8
ORD-03901,2023-01-02,CUST-0240,Foxtrot Corp 240,North,Jaipur,SUP-005,Summit Solutions 5,North,PROD-0060,Labels Model 4,Packaging,Labels,5,4526.67,0.0,22633.35,14825.75,7807.6,completed,UPI,Partner,10,4.4
ORD-03902,2025-04-21,CUST-0162,Delta Enterprises 162,East,Patna,SUP-037,Prime Supplies 37,East,PROD-0039,Polymers Model 3,Raw Materials,Polymers,1,4418.84,0.0,4418.84,2742.93,1675.91,pending,Letter of Credit,Direct Sales,,
ORD-03903,2024-09-15,CUST-0205,Alpha Ltd 205,North,Chandigarh,SUP-035,Zenith Trading 35,North,PROD-0028,Cables Model 4,Electronics,Cables,14,3191.15,5.38,42272.53,34507.66,7764.87,pending,Credit Card,Partner,,
ORD-03904,2025-04-22,CUST-0173,Delta Corp 173,West,Mumbai,SUP-037,Prime Supplies 37,East,PROD-0080,Cold Chain Model 4,Logistics Services,Cold Chain,2,2214.06,11.07,3937.93,3738.26,199.67,completed,Credit Card,Direct Sales,11,
ORD-03905,2025-12-10,CUST-0054,Foxtrot Pvt Ltd 54,Central,Indore,SUP-054,Nova Supplies 54,Central,PROD-0064,Pallets Model 4,Packaging,Pallets,2,3047.3,0.0,6094.6,4994.3,1100.3,pending,Letter of Credit,Direct Sales,,
ORD-03906,2023-04-10,CUST-0293,Foxtrot Ltd 293,West,Pune,SUP-004,Nova Industries 4,Central,PROD-0074,Last Mile Model 2,Logistics Services,Last Mile,10,4521.83,0.0,45218.3,26855.23,18363.07,completed,UPI,Direct Sales,7,3.9
ORD-03907,2023-02-23,CUST-0170,Beta Enterprises 170,North,Jaipur,SUP-025,Orbit Industries 25,North,PROD-0053,Films Model 1,Packaging,Films,2,1300.28,0.0,0.0,1970.41,-394.08,cancelled,Wire Transfer,Partner,,
ORD-03908,2025-06-24,CUST-0190,Alpha Group 190,North,Jaipur,SUP-056,Orbit Trading 56,South,PROD-0065,Freight Model 1,Logistics Services,Freight,9,4466.41,0.0,40197.69,22861.13,17336.56,pending,Credit Card,Partner,,
ORD-03909,2024-04-14,CUST-0059,Foxtrot Ltd 59,Central,Indore,SUP-014,Zenith Solutions 14,Central,PROD-0035,Steel Model 3,Raw Materials,Steel,5,3347.76,16.14,14037.16,10521.62,3515.54,completed,Wire Transfer,Direct Sales,12,4.4
ORD-03910,2024-08-24,CUST-0029,Alpha Corp 29,Central,Indore,SUP-049,Apex Supplies 49,Central,PROD-0021,Controllers Model 1,Electronics,Controllers,5,2938.76,16.94,12204.67,9375.75,2828.92,completed,Net-30,Marketplace,5,2.8
ORD-03911,2023-04-24,CUST-0184,Echo Enterprises 184,Central,Nagpur,SUP-039,Summit Industries 39,Central,PROD-0013,CNC Parts Model 1,Industrial Equipment,CNC Parts,1,3310.34,20.3,2638.34,2697.44,-59.1,completed,Credit Card,Partner,7,4.2
ORD-03912,2025-10-05,CUST-0074,Echo Group 74,Central,Nagpur,SUP-014,Zenith Solutions 14,Central,PROD-0007,Conveyors Model 3,Industrial Equipment,Conveyors,7,1627.8,0.0,11394.6,8606.06,2788.54,completed,Letter of Credit,Marketplace,5,4.8
ORD-03913,2024-06-18,CUST-0230,Alpha Enterprises 230,North,Delhi,SUP-005,Summit Solutions 5,North,PROD-0004,Pump Systems Model 4,Industrial Equipment,Pump Systems,9,3499.6,0.0,31496.4,23497.77,7998.63,completed,Wire Transfer,Online,5,3.9
ORD-03914,2024-02-08,CUST-0178,Beta Enterprises 178,West,Pune,SUP-003,Nova Supplies 3,West,PROD-0072,Warehousing Model 4,Logistics Services,Warehousing,8,4353.29,15.14,29553.62,22599.74,6953.88,completed,UPI,Marketplace,5,3.4
ORD-03915,2025-07-12,CUST-0185,Foxtrot Ltd 185,North,Lucknow,SUP-045,Nova Trading 45,North,PROD-0011,Compressors Model 3,Industrial Equipment,Compressors,2,5050.44,10.68,9022.11,7470.72,1551.39,pending,Net-30,Partner,,
ORD-03916,2024-07-13,CUST-0294,Beta Enterprises 294,Central,Raipur,SUP-009,Nova Supplies 9,Central,PROD-0062,Pallets Model 2,Packaging,Pallets,1,2965.89,0.0,2965.89,1989.01,976.88,pending,Net-30,Direct Sales,,
ORD-03917,2025-07-24,CUST-0141,Alpha Enterprises 141,South,Chennai,SUP-041,Orbit Supplies 41,South,PROD-0067,Freight Model 3,Logistics Services,Freight,23,4641.21,0.0,106747.83,73288.55,33459.28,completed,UPI,Direct Sales,3,4.3
ORD-03918,2023-01-20,CUST-0161,Delta Ltd 161,South,Chennai,SUP-001,Summit Industries 1,South,PROD-0025,Cables Model 1,Electronics,Cables,4,4057.23,0.0,16228.92,12862.96,3365.96,completed,UPI,Partner,2,4.3
ORD-03919,2025-06-30,CUST-0149,Foxtrot Pvt Ltd 149,Central,Indore,SUP-004,Nova Industries 4,Central,PROD-0014,CNC Parts Model 2,Industrial Equipment,CNC Parts,1,2355.67,16.3,1971.7,1720.6,251.1,completed,Wire Transfer,Partner,1,5.0
ORD-03920,2024-10-05,CUST-0274,Foxtrot Enterprises 274,Central,Raipur,SUP-054,Nova Supplies 54,Central,PROD-0049,Corrugated Model 1,Packaging,Corrugated,6,3776.03,5.16,21487.12,13140.32,8346.8,completed,UPI,Partner,7,3.8
ORD-03921,2023-06-21,CUST-0069,Alpha Group 69,Central,Indore,SUP-039,Summit Industries 39,Central,PROD-0015,CNC Parts Model 3,Industrial Equipment,CNC Parts,1,5069.54,12.73,0.0,2786.79,-557.36,cancelled,Credit Card,Direct Sales,,
ORD-03922,2025-07-01,CUST-0227,Delta Enterprises 227,East,Patna,SUP-037,Prime Supplies 37,East,PROD-0025,Cables Model 1,Electronics,Cables,1,4613.72,1.41,4548.67,3709.0,839.67,completed,Net-30,Marketplace,1,
ORD-03923,2023-12-12,CUST-0070,Echo Pvt Ltd 70,North,Chandigarh,SUP-020,Apex Manufacturing 20,North,PROD-0009,Compressors Model 1,Industrial Equipment,Compressors,4,257.16,0.0,102.86,608.65,-18.87,cancelled,Letter of Credit,Direct Sales,,
ORD-03924,2024-03-17,CUST-0296,Delta Ltd 296,South,Kochi,SUP-036,Nova Trading 36,South,PROD-0023,Controllers Model 3,Electronics,Controllers,7,2655.32,0.0,18587.24,11805.78,6781.46,completed,Wire Transfer,Direct Sales,7,4.0
ORD-03925,2024-01-20,CUST-0209,Gamma Ltd 209,Central,Indore,SUP-049,Apex Supplies 49,Central,PROD-0037,Polymers Model 1,Raw Materials,Polymers,5,3824.45,15.96,16070.34,10578.7,5491.64,completed,Letter of Credit,Partner,8,4.6
ORD-03926,2023-07-09,CUST-0188,Echo Corp 188,West,Mumbai,SUP-033,Nova Industries 33,West,PROD-0070,Warehousing Model 2,Logistics Services,Warehousing,4,4174.87,0.0,16699.48,11126.26,5573.22,completed,Letter of Credit,Partner,5,4.1
ORD-03927,2025-01-30,CUST-0140,Alpha Group 140,North,Lucknow,SUP-055,Summit Solutions 55,North,PROD-0072,Warehousing Model 4,Logistics Services,Warehousing,3,5244.52,1.81,15448.78,9898.65,5550.13,completed,Net-30,Marketplace,13,3.8
ORD-03928,2024-05-17,CUST-0060,Alpha Group 60,North,Lucknow,SUP-005,Summit Solutions 5,North,PROD-0057,Labels Model 1,Packaging,Labels,3,743.14,0.0,2229.42,1829.52,399.9,completed,UPI,Marketplace,4,3.5
ORD-03929,2023-04-15,CUST-0164,Foxtrot Ltd 164,Central,Raipur,SUP-049,Apex Supplies 49,Central,PROD-0073,Last Mile Model 1,Logistics Services,Last Mile,3,2582.42,0.0,7747.26,4415.34,3331.92,pending,Net-30,Partner,,
ORD-03930,2023-05-17,CUST-0060,Alpha Group 60,North,Lucknow,SUP-055,Summit Solutions 55,North,PROD-0040,Polymers Model 4,Raw Materials,Polymers,1,3899.79,0.0,3899.79,2932.38,967.41,pending,Letter of Credit,Online,,
ORD-03931,2024-06-27,CUST-0119,Gamma Enterprises 119,Central,Raipur,SUP-026,Zenith Industries 26,South,PROD-0058,Labels Model 2,Packaging,Labels,5,4685.85,0.0,23429.25,18048.15,5381.1,completed,UPI,Direct Sales,3,
ORD-03932,2024-12-04,CUST-0256,Delta Pvt Ltd 256,South,Bengaluru,SUP-060,Nova Supplies 60,North,PROD-0057,Labels Model 1,Packaging,Labels,1,776.81,0.8,770.6,639.87,130.73,completed,Net-30,Online,6,4.7
ORD-03933,2023-08-24,CUST-0058,Beta Corp 58,West,Mumbai,SUP-013,Zenith Supplies 13,West,PROD-0040,Polymers Model 4,Raw Materials,Polymers,2,3897.14,0.0,7794.28,5606.81,2187.47,completed,UPI,Online,6,4.5
ORD-03934,2024-05-08,CUST-0039,Alpha Enterprises 39,Central,Indore,SUP-047,Apex Trading 47,East,PROD-0047,Alloys Model 3,Raw Materials,Alloys,2,3109.99,1.19,6145.96,4983.07,1162.89,completed,Letter of Credit,Marketplace,5,4.1
ORD-03935,2024-03-10,CUST-0143,Delta Group 143,West,Ahmedabad,SUP-051,Nova Manufacturing 51,South,PROD-0006,Conveyors Model 2,Industrial Equipment,Conveyors,5,4684.36,21.8,18315.85,15754.63,2561.22,completed,Credit Card,Direct Sales,8,4.5
ORD-03936,2025-09-07,CUST-0164,Foxtrot Ltd 164,Central,Raipur,SUP-014,Zenith Solutions 14,Central,PROD-0076,Last Mile Model 4,Logistics Services,Last Mile,2,4119.07,0.31,8212.6,6816.56,1396.04,completed,Wire Transfer,Partner,10,5.0
ORD-03937,2024-12-25,CUST-0121,Delta Enterprises 121,South,Chennai,SUP-031,Apex Supplies 31,South,PROD-0006,Conveyors Model 2,Industrial Equipment,Conveyors,22,4106.68,15.66,76198.63,57592.82,18605.81,completed,Credit Card,Marketplace,4,4.0
ORD-03938,2023-10-19,CUST-0113,Gamma Corp 113,West,Pune,SUP-043,Zenith Trading 43,West,PROD-0011,Compressors Model 3,Industrial Equipment,Compressors,20,5384.16,0.0,0.0,87490.22,-17498.04,cancelled,Net-30,Online,,
ORD-03939,2023-03-05,CUST-0088,Alpha Ltd 88,West,Mumbai,SUP-018,Nova Supplies 18,West,PROD-0046,Alloys Model 2,Raw Materials,Alloys,4,1475.53,0.0,5902.12,3917.12,1985.0,completed,Net-30,Online,7,3.6
ORD-03940,2024-12-16,CUST-0014,Echo Pvt Ltd 14,Central,Indore,SUP-039,Summit Industries 39,Central,PROD-0023,Controllers Model 3,Electronics,Controllers,1,2410.6,0.0,2410.6,1475.63,934.97,pending,Net-30,Partner,,
ORD-03941,2025-05-27,CUST-0160,Delta Enterprises 160,North,Jaipur,SUP-060,Nova Supplies 60,North,PROD-0040,Polymers Model 4,Raw Materials,Polymers,9,4250.61,0.0,38255.49,27977.5,10277.99,completed,Net-30,Direct Sales,5,3.9
ORD-03942,2023-06-06,CUST-0104,Gamma Pvt Ltd 104,Central,Raipur,SUP-029,Prime Solutions 29,Central,PROD-0048,Alloys Model 4,Raw Materials,Alloys,2,548.49,20.68,0.0,681.68,-136.34,cancelled,Credit Card,Marketplace,,
ORD-03943,2025-09-05,CUST-0169,Gamma Enterprises 169,Central,Indore,SUP-014,Zenith Solutions 14,Central,PROD-0054,Films Model 2,Packaging,Films,2,2643.62,11.68,4669.69,3992.47,677.22,completed,Letter of Credit,Online,11,5.0
ORD-03944,2023-09-08,CUST-0277,Alpha Corp 277,East,Guwahati,SUP-017,Prime Trading 17,East,PROD-0029,Power Supplies Model 1,Electronics,Power Supplies,2,2275.21,0.0,4550.42,2797.72,1752.7,completed,Credit Card,Direct Sales,8,5.0
ORD-03945,2023-03-07,CUST-0134,Delta Enterprises 134,Central,Indore,SUP-019,Prime Industries 19,Central,PROD-0057,Labels Model 1,Packaging,Labels,5,846.59,0.0,4232.95,3423.23,809.72,completed,Letter of Credit,Direct Sales,13,4.9
ORD-03946,2025-04-27,CUST-0065,Beta Pvt Ltd 65,North,Jaipur,SUP-050,Orbit Trading 50,North,PROD-0006,Conveyors Model 2,Industrial Equipment,Conveyors,2,4926.79,0.0,9853.58,6670.86,3182.72,completed,Letter of Credit,Marketplace,6,4.1
ORD-03947,2025-05-29,CUST-0146,Gamma Ltd 146,South,Kochi,SUP-041,Orbit Supplies 41,South,PROD-0053,Films Model 1,Packaging,Films,1,1391.6,0.0,1391.6,1088.89,302.71,completed,Letter of Credit,Partner,5,4.0
ORD-03948,2025-06-26,CUST-0294,Beta Enterprises 294,Central,Raipur,SUP-006,Apex Solutions 6,South,PROD-0012,Compressors Model 4,Industrial Equipment,Compressors,1,2267.41,1.63,2230.45,1280.51,949.94,completed,Letter of Credit,Partner,5,4.4
ORD-03949,2025-03-22,CUST-0257,Alpha Corp 257,East,Patna,SUP-013,Zenith Supplies 13,West,PROD-0017,Sensors Model 1,Electronics,Sensors,4,1830.44,0.0,7321.76,4135.06,3186.7,completed,Wire Transfer,Marketplace,9,3.1
ORD-03950,2025-02-28,CUST-0037,Delta Enterprises 37,East,Patna,SUP-043,Zenith Trading 43,West,PROD-0072,Warehousing Model 4,Logistics Services,Warehousing,1,5165.38,0.0,5165.38,3259.26,1906.12,completed,Net-30,Marketplace,5,5.0
ORD-03951,2023-02-08,CUST-0171,Gamma Enterprises 171,South,Hyderabad,SUP-010,Orbit Solutions 10,North,PROD-0025,Cables Model 1,Electronics,Cables,2,4572.08,0.0,9144.16,7239.98,1904.18,pending,Credit Card,Online,,
ORD-03952,2023-06-15,CUST-0002,Beta Ltd 2,East,Kolkata,SUP-002,Apex Trading 2,East,PROD-0026,Cables Model 2,Electronics,Cables,8,3794.65,0.0,30357.2,18883.56,11473.64,completed,Wire Transfer,Online,9,5.0
ORD-03953,2023-01-17,CUST-0011,Foxtrot Pvt Ltd 11,South,Bengaluru,SUP-014,Zenith Solutions 14,Central,PROD-0072,Warehousing Model 4,Logistics Services,Warehousing,3,4522.92,0.0,13568.76,8808.94,4759.82,pending,Net-30,Partner,,
ORD-03954,2024-02-28,CUST-0083,Foxtrot Enterprises 83,West,Mumbai,SUP-013,Zenith Supplies 13,West,PROD-0031,Power Supplies Model 3,Electronics,Power Supplies,2,2132.1,15.3,0.0,3108.12,-621.62,cancelled,Letter of Credit,Direct Sales,,
ORD-03955,2025-09-30,CUST-0036,Foxtrot Enterprises 36,South,Bengaluru,SUP-056,Orbit Trading 56,South,PROD-0013,CNC Parts Model 1,Industrial Equipment,CNC Parts,1,2947.67,0.0,2947.67,2505.92,441.75,completed,Credit Card,Partner,7,3.5
ORD-03956,2023-07-30,CUST-0080,Foxtrot Pvt Ltd 80,North,Chandigarh,SUP-038,Summit Trading 38,West,PROD-0057,Labels Model 1,Packaging,Labels,9,797.71,0.0,717.94,5986.15,-479.29,cancelled,Credit Card,Online,,
ORD-03957,2025-09-13,CUST-0159,Alpha Pvt Ltd 159,Central,Raipur,SUP-009,Nova Supplies 9,Central,PROD-0077,Cold Chain Model 1,Logistics Services,Cold Chain,4,2398.13,5.33,908.12,7100.27,-511.93,cancelled,Wire Transfer,Partner,,
ORD-03958,2024-07-13,CUST-0007,Foxtrot Pvt Ltd 7,East,Patna,SUP-032,Prime Industries 32,East,PROD-0020,Sensors Model 4,Electronics,Sensors,2,482.49,0.0,964.98,772.86,192.12,completed,Letter of Credit,Direct Sales,11,3.4
ORD-03959,2025-02-24,CUST-0043,Gamma Enterprises 43,West,Pune,SUP-053,Nova Trading 53,West,PROD-0037,Polymers Model 1,Raw Materials,Polymers,7,4289.45,0.8,0.0,16848.09,-3369.62,cancelled,Wire Transfer,Online,,
ORD-03960,2025-06-28,CUST-0249,Foxtrot Ltd 249,Central,Bhopal,SUP-014,Zenith Solutions 14,Central,PROD-0020,Sensors Model 4,Electronics,Sensors,7,437.82,5.81,2886.68,2511.07,375.61,completed,Letter of Credit,Online,7,3.8
ORD-03961,2024-11-20,CUST-0004,Delta Group 4,Central,Raipur,SUP-029,Prime Solutions 29,Central,PROD-0057,Labels Model 1,Packaging,Labels,3,797.61,0.0,2392.83,1956.01,436.82,pending,Letter of Credit,Marketplace,,
ORD-03962,2023-01-12,CUST-0070,Echo Pvt Ltd 70,North,Chandigarh,SUP-015,Prime Industries 15,North,PROD-0017,Sensors Model 1,Electronics,Sensors,1,1751.18,6.91,1630.17,1002.31,627.86,completed,UPI,Marketplace,3,5.0
ORD-03963,2025-11-14,CUST-0216,Alpha Ltd 216,South,Chennai,SUP-031,Apex Supplies 31,South,PROD-0014,CNC Parts Model 2,Industrial Equipment,CNC Parts,4,2091.37,5.34,0.0,6043.36,-1208.67,cancelled,Letter of Credit,Direct Sales,,
ORD-03964,2023-11-04,CUST-0291,Gamma Pvt Ltd 291,South,Kochi,SUP-056,Orbit Trading 56,South,PROD-0013,CNC Parts Model 1,Industrial Equipment,CNC Parts,4,3212.5,0.0,12850.0,10708.39,2141.61,completed,Letter of Credit,Marketplace,8,3.5
ORD-03965,2023-08-23,CUST-0150,Gamma Pvt Ltd 150,North,Chandigarh,SUP-023,Prime Industries 23,West,PROD-0015,CNC Parts Model 3,Industrial Equipment,CNC Parts,4,5068.27,0.0,2027.31,11993.85,-371.46,cancelled,Wire Transfer,Partner,,
ORD-03966,2023-11-19,CUST-0252,Delta Corp 252,East,Patna,SUP-052,Zenith Manufacturing 52,East,PROD-0049,Corrugated Model 1,Packaging,Corrugated,10,4022.63,0.0,4022.63,24064.1,-790.19,cancelled,UPI,Partner,,
ORD-03967,2025-08-16,CUST-0021,Gamma Group 21,South,Chennai,SUP-011,Apex Solutions 11,South,PROD-0061,Pallets Model 1,Packaging,Pallets,1,3749.11,0.0,3749.11,2140.7,1608.41,completed,Letter of Credit,Direct Sales,5,4.5
ORD-03968,2025-12-05,CUST-0021,Gamma Group 21,South,Chennai,SUP-016,Nova Manufacturing 16,South,PROD-0063,Pallets Model 3,Packaging,Pallets,2,3824.9,0.0,764.98,6020.99,-439.22,cancelled,Credit Card,Direct Sales,,
ORD-03969,2023-05-07,CUST-0249,Foxtrot Ltd 249,Central,Bhopal,SUP-024,Summit Manufacturing 24,Central,PROD-0023,Controllers Model 3,Electronics,Controllers,1,2535.49,10.32,2273.83,1612.38,661.45,completed,Wire Transfer,Marketplace,12,3.9
ORD-03970,2023-02-06,CUST-0254,Gamma Group 254,Central,Raipur,SUP-044,Summit Solutions 44,Central,PROD-0025,Cables Model 1,Electronics,Cables,4,3668.46,1.84,14403.84,12020.8,2383.04,completed,Credit Card,Partner,6,3.1
ORD-03971,2023-09-10,CUST-0100,Alpha Enterprises 100,North,Lucknow,SUP-045,Nova Trading 45,North,PROD-0070,Warehousing Model 2,Logistics Services,Warehousing,1,4481.87,13.67,3869.2,2867.19,1002.01,completed,Net-30,Partner,8,4.2
ORD-03972,2023-03-09,CUST-0142,Delta Group 142,East,Bhubaneswar,SUP-004,Nova Industries 4,Central,PROD-0056,Films Model 4,Packaging,Films,2,600.08,0.0,1200.16,970.55,229.61,completed,Net-30,Online,2,2.5
ORD-03973,2023-05-13,CUST-0205,Alpha Ltd 205,North,Chandigarh,SUP-015,Prime Industries 15,North,PROD-0052,Corrugated Model 4,Packaging,Corrugated,7,4659.13,0.55,32434.53,26805.48,5629.05,completed,Letter of Credit,Marketplace,7,3.8
ORD-03974,2024-12-09,CUST-0225,Foxtrot Enterprises 225,North,Chandigarh,SUP-049,Apex Supplies 49,Central,PROD-0068,Freight Model 4,Logistics Services,Freight,23,4129.61,0.0,94981.03,57207.06,37773.97,completed,Net-30,Marketplace,11,4.4
ORD-03975,2024-02-01,CUST-0205,Alpha Ltd 205,North,Chandigarh,SUP-020,Apex Manufacturing 20,North,PROD-0066,Freight Model 2,Logistics Services,Freight,4,1354.56,0.0,5418.24,3155.39,2262.85,completed,UPI,Direct Sales,11,3.9
ORD-03976,2023-03-30,CUST-0003,Echo Corp 3,West,Surat,SUP-033,Nova Industries 33,West,PROD-0008,Conveyors Model 4,Industrial Equipment,Conveyors,4,3902.46,15.47,13195.0,12538.46,656.54,completed,UPI,Marketplace,7,4.8
ORD-03977,2024-07-24,CUST-0009,Delta Corp 9,Central,Bhopal,SUP-049,Apex Supplies 49,Central,PROD-0002,Pump Systems Model 2,Industrial Equipment,Pump Systems,18,737.12,6.48,12408.38,9243.19,3165.19,completed,Letter of Credit,Online,5,3.9
ORD-03978,2023-12-21,CUST-0200,Gamma Corp 200,North,Lucknow,SUP-050,Orbit Trading 50,North,PROD-0006,Conveyors Model 2,Industrial Equipment,Conveyors,7,4625.19,0.0,32376.33,21318.48,11057.85,completed,UPI,Partner,8,4.6
ORD-03979,2025-02-18,CUST-0055,Alpha Group 55,North,Delhi,SUP-017,Prime Trading 17,East,PROD-0045,Alloys Model 1,Raw Materials,Alloys,5,4560.13,12.47,0.0,16135.78,-3227.16,cancelled,Credit Card,Marketplace,,
ORD-03980,2023-12-31,CUST-0290,Beta Enterprises 290,North,Lucknow,SUP-020,Apex Manufacturing 20,North,PROD-0026,Cables Model 2,Electronics,Cables,2,3739.34,0.54,7438.3,4342.42,3095.88,completed,Net-30,Online,6,3.4
ORD-03981,2025-01-10,CUST-0208,Delta Corp 208,West,Surat,SUP-023,Prime Industries 23,West,PROD-0054,Films Model 2,Packaging,Films,4,2260.67,0.0,9042.68,7241.67,1801.01,completed,UPI,Partner,4,4.4
ORD-03982,2025-12-23,CUST-0293,Foxtrot Ltd 293,West,Pune,SUP-053,Nova Trading 53,West,PROD-0079,Cold Chain Model 3,Logistics Services,Cold Chain,7,618.52,16.71,0.0,2984.6,-596.92,cancelled,Wire Transfer,Direct Sales,,
ORD-03983,2023-02-07,CUST-0136,Delta Ltd 136,South,Kochi,SUP-038,Summit Trading 38,West,PROD-0057,Labels Model 1,Packaging,Labels,2,748.57,13.63,1293.08,1198.79,94.29,completed,Credit Card,Marketplace,7,3.1
ORD-03984,2023-02-28,CUST-0229,Gamma Enterprises 229,Central,Indore,SUP-049,Apex Supplies 49,Central,PROD-0054,Films Model 2,Packaging,Films,7,2588.21,0.0,18117.47,14218.42,3899.05,completed,Net-30,Marketplace,9,
ORD-03985,2024-07-16,CUST-0211,Foxtrot Group 211,South,Hyderabad,SUP-031,Apex Supplies 31,South,PROD-0075,Last Mile Model 3,Logistics Services,Last Mile,10,2427.34,1.57,23892.31,18807.91,5084.4,completed,Net-30,Marketplace,7,4.5
ORD-03986,2024-07-17,CUST-0147,Echo Enterprises 147,East,Patna,SUP-037,Prime Supplies 37,East,PROD-0067,Freight Model 3,Logistics Services,Freight,7,5047.29,6.8,32928.52,25483.17,7445.35,completed,Letter of Credit,Online,6,4.8
ORD-03987,2024-01-05,CUST-0022,Beta Group 22,East,Guwahati,SUP-042,Nova Manufacturing 42,East,PROD-0018,Sensors Model 2,Electronics,Sensors,2,2820.22,5.25,5344.32,3911.25,1433.07,completed,Letter of Credit,Partner,1,2.9
ORD-03988,2024-03-29,CUST-0035,Beta Corp 35,North,Lucknow,SUP-020,Apex Manufacturing 20,North,PROD-0051,Corrugated Model 3,Packaging,Corrugated,53,4828.59,0.0,0.0,185072.62,-37014.52,cancelled,Net-30,Partner,,
ORD-03989,2024-04-28,CUST-0218,Beta Ltd 218,West,Pune,SUP-043,Zenith Trading 43,West,PROD-0009,Compressors Model 1,Industrial Equipment,Compressors,3,258.67,0.0,0.0,425.4,-85.08,cancelled,Letter of Credit,Partner,,
ORD-03990,2025-09-16,CUST-0084,Alpha Corp 84,Central,Nagpur,SUP-049,Apex Supplies 49,Central,PROD-0028,Cables Model 4,Electronics,Cables,9,2799.62,0.72,25015.16,19590.03,5425.13,completed,Credit Card,Partner,8,3.3
ORD-03991,2025-11-19,CUST-0293,Foxtrot Ltd 293,West,Pune,SUP-043,Zenith Trading 43,West,PROD-0066,Freight Model 2,Logistics Services,Freight,2,1189.93,0.0,237.99,1292.89,-20.59,cancelled,Net-30,Partner,,
ORD-03992,2023-01-07,CUST-0040,Alpha Ltd 40,North,Jaipur,SUP-054,Nova Supplies 54,Central,PROD-0077,Cold Chain Model 1,Logistics Services,Cold Chain,5,2155.54,0.0,0.0,8336.41,-1667.28,cancelled,UPI,Partner,,
ORD-03993,2023-07-27,CUST-0293,Foxtrot Ltd 293,West,Pune,SUP-017,Prime Trading 17,East,PROD-0068,Freight Model 4,Logistics Services,Freight,2,4628.43,1.17,9148.55,5450.48,3698.07,completed,UPI,Direct Sales,1,
ORD-03994,2025-04-30,CUST-0076,Foxtrot Corp 76,South,Hyderabad,SUP-010,Orbit Solutions 10,North,PROD-0035,Steel Model 3,Raw Materials,Steel,1,3674.43,0.0,3674.43,2227.73,1446.7,completed,Wire Transfer,Direct Sales,6,4.1
ORD-03995,2023-02-07,CUST-0266,Foxtrot Enterprises 266,South,Kochi,SUP-046,Apex Supplies 46,South,PROD-0060,Labels Model 4,Packaging,Labels,5,3661.7,0.0,18308.5,11564.37,6744.13,completed,Credit Card,Partner,1,4.7
ORD-03996,2025-06-30,CUST-0218,Beta Ltd 218,West,Pune,SUP-028,Summit Solutions 28,West,PROD-0030,Power Supplies Model 2,Electronics,Power Supplies,5,4247.0,0.0,21235.0,13337.86,7897.14,completed,Net-30,Partner,5,5.0
ORD-03997,2023-08-25,CUST-0108,Beta Group 108,West,Ahmedabad,SUP-045,Nova Trading 45,North,PROD-0055,Films Model 3,Packaging,Films,10,3923.85,6.55,36668.38,26592.61,10075.77,completed,Wire Transfer,Online,3,4.1
ORD-03998,2025-04-14,CUST-0013,Echo Group 13,West,Pune,SUP-044,Summit Solutions 44,Central,PROD-0036,Steel Model 4,Raw Materials,Steel,1,2959.35,0.0,2959.35,2265.39,693.96,pending,UPI,Online,,
ORD-03999,2025-06-13,CUST-0060,Alpha Group 60,North,Lucknow,SUP-040,Orbit Supplies 40,North,PROD-0005,Conveyors Model 1,Industrial Equipment,Conveyors,6,4832.03,0.0,0.0,22730.51,-4546.1,cancelled,UPI,Partner,,
ORD-04000,2023-05-28,CUST-0184,Echo Enterprises 184,Central,Nagpur,SUP-052,Zenith Manufacturing 52,East,PROD-0061,Pallets Model 1,Packaging,Pallets,2,3609.93,6.09,6780.17,4125.91,2654.26,completed,Wire Transfer,Marketplace,1,4.5
